localidad,provincia,region,temporada,lat,lon,dist_zona_endemica_km,oni_invierno,heladas_count,heladas_severas_count,temp_min_abs,temp_media_invierno,temp_min_media_invierno,dias_tmin_gt_10,dias_tmin_gt_15,dias_tmin_gt_18,gdd_base10,gdd_base0_negativo,rh_mean_invierno,precip_total_invierno,dias_con_lluvia,wind_mean_invierno,wind_max_invierno,wind_norte_ratio,temp_media_primavera,temp_min_media_primavera,dias_tmin_gt_15_primavera,dias_tmin_gt_18_primavera,gdd_base10_primavera,rh_mean_primavera,precip_total_primavera,wind_mean_primavera,dist_nearest_outbreak_km,dist_nearest_high_outbreak_km,n_outbreaks_within_100km,n_outbreaks_within_200km,prev_max_capturas,prev_mean_capturas,prev_target,prev_n_detecciones,max_capturas,mean_capturas,n_lecturas,n_detecciones,target
12 de octubre,Buenos Aires,CENTRO SUR,2024-2025,-38.7388808,-62.21265,1356.3726236556404,0.08,10,0,-2.3,8.985869565217392,4.806521739130434,8,1,0,97.7,-11.6,67.46739130434783,112.4,10,14.96521739130435,40.0,0.41304347826086957,16.321311475409836,11.029508196721311,11,3,385.8,54.0,58.7,16.460655737704915,9999.0,9999.0,0,0,0.0,0.0,0,0,4.0,0.1666666666666666,60,4,0
12 de octubre,Buenos Aires,CENTRO SUR,2025-2026,-38.7388808,-62.21265,1356.3726236556404,-0.14,2,0,-2.0,9.317391304347824,5.806521739130435,7,0,0,88.4,-3.4,72.19565217391305,88.39999999999999,11,12.854347826086956,36.2,0.40217391304347827,14.522950819672133,9.850819672131147,7,0,288.09999999999997,65.78688524590164,192.70000000000002,14.414754098360655,127.4102177495474,555.448218966538,0,1,4.0,0.1666666666666666,0,4,4.0,0.1818181818181818,44,2,0
17 de agosto,Buenos Aires,CENTRO SUR,2024-2025,-37.3331543,-59.1455469,1301.993030842204,0.08,17,0,-4.0,7.7239130434782615,3.953260869565218,9,1,0,60.99999999999999,-25.8,75.93478260869566,96.60000000000001,18,14.828260869565215,45.7,0.20652173913043478,13.968852459016393,8.434426229508198,5,1,249.8,67.78688524590164,121.5,13.555737704918034,9999.0,9999.0,0,0,0.0,0.0,0,0,0.0,0.0,43,0,0
17 de agosto,Buenos Aires,CENTRO SUR,2025-2026,-37.3331543,-59.1455469,1301.993030842204,-0.14,7,0,-3.0,7.918478260869565,4.129347826086955,2,0,0,35.5,-12.1,77.30434782608695,160.7,18,13.446739130434787,43.7,0.30434782608695654,12.724590163934424,7.670491803278689,0,0,197.60000000000002,73.63934426229508,194.1,14.075409836065573,219.77667065011053,454.06563272658866,0,0,0.0,0.0,0,0,0.0,0.0,24,0,0
acequiones,Tucumán,NOA,2024-2025,-26.3007093,-65.2674583,55.922602190744875,0.08,2,0,-0.9,12.631521739130434,7.316304347826086,19,1,0,301.40000000000003,-1.6,63.47826086956522,14.600000000000001,2,9.966304347826087,38.2,0.13043478260869565,21.5655737704918,15.398360655737704,38,16,705.4999999999998,51.21311475409836,71.2,12.136065573770493,9999.0,9999.0,0,0,0.0,0.0,0,0,5120.0,339.2105263157895,57,39,1
acequiones,Tucumán,NOA,2025-2026,-26.3007093,-65.2674583,55.922602190744875,-0.14,2,0,-0.9,11.98695652173913,6.568478260869565,10,0,0,220.39999999999998,-1.1,70.68478260869566,42.50000000000001,7,8.625000000000002,37.3,0.22826086956521738,19.660655737704914,13.019672131147543,21,4,589.3,52.21311475409836,16.9,11.322950819672128,0.0,0.0,28,60,5120.0,339.2105263157895,1,39,610.0,104.75,12,12,1
adelia maría,Córdoba,CENTRO SUR,2024-2025,-33.6336195,-64.0240394,768.1991910293248,0.08,8,0,-1.5,10.116304347826086,5.906521739130436,11,2,0,133.70000000000002,-6.699999999999999,68.23913043478261,31.799999999999997,10,10.804347826086953,28.9,0.45652173913043476,18.237704918032787,12.639344262295081,17,7,502.49999999999994,54.90163934426229,175.5,13.121311475409835,9999.0,9999.0,0,0,0.0,0.0,0,0,41.0,3.9814814814814814,54,18,1
adelia maría,Córdoba,CENTRO SUR,2025-2026,-33.6336195,-64.0240394,768.1991910293248,-0.14,4,0,-2.8,10.332608695652175,5.967391304347826,7,0,0,120.8,-5.8,68.48913043478261,174.1,13,13.384782608695653,37.3,0.5,16.837704918032788,11.216393442622952,10,2,422.9000000000001,59.52459016393443,162.1,16.450819672131146,0.0,12.470559701449037,14,38,41.0,3.9814814814814814,1,18,41.0,2.2857142857142856,42,14,1
alberdi,Buenos Aires,CENTRO SUR,2024-2025,-36.8836862,-60.3348534,1211.2803671705303,0.08,16,0,-3.6,8.093478260869565,3.9499999999999997,8,1,0,71.89999999999999,-31.299999999999997,74.34782608695652,73.4,13,13.153260869565216,41.8,0.2717391304347826,15.083606557377049,9.1672131147541,5,1,313.2999999999999,63.19672131147541,101.8,12.977049180327871,9999.0,9999.0,0,0,0.0,0.0,0,0,2.0,0.04,50,1,0
alberdi,Buenos Aires,CENTRO SUR,2025-2026,-36.8836862,-60.3348534,1211.2803671705303,-0.14,10,0,-3.9,8.34891304347826,4.210869565217391,5,0,0,53.9,-14.600000000000001,75.66304347826087,153.7,16,11.951086956521737,42.8,0.34782608695652173,13.62786885245902,8.111475409836066,0,0,241.49999999999997,70.65573770491804,182.1,13.004918032786886,175.42303163748466,377.87312559658204,0,2,2.0,0.04,0,1,2.0,0.1632653061224489,49,6,0
aldao,Santa Fe,CENTRO NORTE,2024-2025,-32.7046372,-60.8159601,780.9353739875155,0.08,3,0,-1.5,12.161956521739132,8.056521739130435,28,9,3,277.29999999999995,-2.8,73.1195652173913,76.8,12,11.816304347826087,36.9,0.2391304347826087,19.25573770491803,13.972131147540981,28,6,564.6,63.09836065573771,81.4,12.970491803278687,9999.0,9999.0,0,0,0.0,0.0,0,0,4.0,0.3333333333333333,57,9,0
aldao,Santa Fe,CENTRO NORTE,2025-2026,-32.7046372,-60.8159601,780.9353739875155,-0.14,3,0,-2.2,11.354347826086958,7.41195652173913,17,3,0,191.09999999999997,-3.4000000000000004,77.8586956521739,247.20000000000002,17,10.756521739130434,38.4,0.30434782608695654,17.27377049180328,12.277049180327868,14,3,446.7,69.24590163934427,142.5,12.60327868852459,4.546858022137611,23.11505951869409,37,87,4.0,0.16666666666666666,0,9,5.0,2.838709677419355,31,28,1
aldao,Santa Fe,LITORAL,2024-2025,-32.7046372,-60.8159601,780.9353739875155,0.08,3,0,-1.5,12.161956521739132,8.056521739130435,28,9,3,277.29999999999995,-2.8,73.1195652173913,76.8,12,11.816304347826087,36.9,0.2391304347826087,19.25573770491803,13.972131147540981,28,6,564.6,63.09836065573771,81.4,12.970491803278687,9999.0,9999.0,0,0,0.0,0.0,0,0,0.0,0.0,1,0,0
alejandra,Santa Fe,NEA,2024-2025,-29.9091987,-59.82723,629.099539583835,0.08,0,0,0.8,15.022826086956524,11.113043478260868,53,22,10,493.79999999999995,0.0,72.97826086956522,86.79999999999998,9,12.651086956521743,36.6,0.1956521739130435,20.86229508196721,15.81639344262295,35,16,662.6,68.8688524590164,141.1,13.488524590163935,9999.0,9999.0,0,0,0.0,0.0,0,0,176.0,26.607843137254903,51,26,1
alejandra,Santa Fe,NEA,2025-2026,-29.9091987,-59.82723,629.099539583835,-0.14,1,0,-0.1,13.422826086956523,8.965217391304348,37,4,2,344.9,-0.1,76.59782608695652,191.8,17,10.992391304347825,31.8,0.20652173913043478,18.98032786885246,13.898360655737703,23,9,548.5,70.1639344262295,228.6,12.368852459016392,0.0,0.0,9,27,176.0,26.607843137254903,1,26,51.0,9.333333333333334,9,8,1
alto verde,Tucumán,NOA,2024-2025,-27.1176529,-65.4838827,45.15790048416476,0.08,1,0,-0.2,12.633695652173913,7.952173913043478,31,1,0,289.9,-0.2,70.79347826086956,64.7,12,5.785869565217391,19.1,0.16304347826086957,20.511475409836066,15.363934426229509,32,16,641.2000000000002,64.65573770491804,322.49999999999994,6.572131147540984,9999.0,9999.0,0,0,0.0,0.0,0,0,254.0,62.42105263157895,57,41,1
alto verde,Tucumán,NOA,2025-2026,-27.1176529,-65.4838827,45.15790048416476,-0.14,0,0,0.1,13.011956521739126,8.470652173913043,25,1,0,299.2,0.0,69.67391304347827,87.89999999999999,15,5.504347826086955,23.5,0.06521739130434782,19.844262295081972,14.190163934426227,29,8,600.5000000000001,57.75409836065574,172.6,6.675409836065574,0.0,0.0,30,52,254.0,62.42105263157895,1,41,372.0,123.78260869565216,46,46,1
ambrosetti,Santa Fe,NEA,2024-2025,-32.9313606,-60.7377669,805.9697478568175,0.08,5,0,-2.5,11.92608695652174,7.66195652173913,25,10,3,267.3,-6.300000000000001,71.94565217391305,79.49999999999999,12,11.942391304347826,36.7,0.2608695652173913,18.97049180327869,13.545901639344262,26,5,547.1999999999999,62.77049180327869,132.4,12.975409836065573,9999.0,9999.0,0,0,0.0,0.0,0,0,205.0,35.67307692307692,52,22,1
ambrosetti,Santa Fe,NEA,2025-2026,-32.9313606,-60.7377669,805.9697478568175,-0.14,3,0,-3.0,11.167391304347827,6.9576086956521745,16,2,0,183.19999999999996,-4.8,76.48913043478261,257.1,15,9.873913043478261,36.4,0.31521739130434784,17.145901639344263,11.895081967213113,12,3,440.4,67.49180327868852,181.5,11.552459016393442,0.0,0.0,34,84,205.0,35.67307692307692,1,22,205.0,17.20408163265306,49,26,1
ambrosio,Corrientes,LITORAL,2024-2025,-28.2266753,-58.7750307,653.0846070824812,0.08,0,0,0.4,16.703260869565216,12.567391304347826,57,39,20,640.9999999999999,0.0,72.5,154.10000000000002,15,14.878260869565217,40.6,0.2391304347826087,21.847540983606557,16.76885245901639,42,23,722.7,70.59016393442623,195.2,15.40327868852459,9999.0,9999.0,0,0,0.0,0.0,0,0,212.0,19.4390243902439,41,38,1
ambrosio,Corrientes,LITORAL,2025-2026,-28.2266753,-58.7750307,653.0846070824812,-0.14,1,0,-0.2,14.797826086956523,10.160869565217393,48,13,3,463.50000000000006,-0.2,76.5,210.29999999999998,19,11.576086956521738,35.6,0.10869565217391304,19.840983606557376,15.060655737704918,31,14,600.3000000000001,71.32786885245902,330.20000000000005,12.94426229508197,0.0,0.0,7,13,212.0,19.4390243902439,1,38,26.0,3.363636363636364,33,23,1
américa,Buenos Aires,CENTRO SUR,2024-2025,-35.4891187,-62.9756868,989.0112638359992,0.08,12,0,-3.2,9.520652173913044,4.914130434782608,9,1,0,122.00000000000001,-24.6,68.1304347826087,43.2,13,12.127173913043482,31.5,0.32608695652173914,17.621311475409833,11.773770491803278,15,6,465.30000000000007,54.278688524590166,79.80000000000001,14.281967213114754,9999.0,9999.0,0,0,0.0,0.0,0,0,14.0,0.2201834862385321,109,9,1
américa,Buenos Aires,CENTRO SUR,2025-2026,-35.4891187,-62.9756868,989.0112638359992,-0.14,6,0,-3.4,9.533695652173913,5.180434782608696,8,0,0,90.0,-10.100000000000001,72.3804347826087,165.6,12,12.064130434782612,38.8,0.42391304347826086,15.721311475409838,10.404918032786886,8,0,359.3999999999999,65.73770491803279,225.90000000000003,14.875409836065574,0.0,214.4989399980363,3,7,14.0,0.2201834862385321,1,9,14.0,0.358695652173913,92,6,1
ana zumaran,Córdoba,CENTRO SUR,2024-2025,-32.3913744,-63.0575084,655.2824276469091,0.08,8,0,-2.5,11.259782608695653,6.752173913043479,16,3,2,211.7,-8.9,68.6413043478261,32.1,7,10.404347826086957,29.3,0.3804347826086957,18.914754098360653,13.154098360655738,23,6,543.8,57.32786885245902,173.00000000000003,11.818032786885245,9999.0,9999.0,0,0,0.0,0.0,0,0,62.0,9.01923076923077,52,19,1
ana zumaran,Córdoba,CENTRO SUR,2025-2026,-32.3913744,-63.0575084,655.2824276469091,-0.14,2,0,-2.0,10.945652173913043,6.6521739130434785,16,0,0,155.59999999999997,-3.9,72.04347826086956,200.3,15,12.272826086956524,41.1,0.45652173913043476,17.36393442622951,11.444262295081968,13,4,453.1,62.08196721311475,104.7,14.331147540983606,0.0,51.75819556976943,17,82,62.0,9.01923076923077,1,19,18.0,1.9166666666666667,24,3,1
anguil,La Pampa,CENTRO SUR,2024-2025,-36.5269604,-64.0079566,1087.4264950234794,0.08,16,0,-3.4,8.572826086956521,4.048913043478262,5,0,0,73.0,-27.1,68.21739130434783,51.5,10,10.634782608695652,26.7,0.358695652173913,16.537704918032787,10.801639344262297,8,4,398.79999999999995,53.68852459016394,124.60000000000002,11.857377049180327,9999.0,9999.0,0,0,0.0,0.0,0,0,6.0,0.4912280701754385,57,5,1
anguil,La Pampa,CENTRO SUR,2025-2026,-36.5269604,-64.0079566,1087.4264950234794,-0.14,4,0,-3.5,9.315217391304346,4.806521739130434,4,0,0,78.69999999999999,-9.5,67.91304347826087,88.8,7,12.21630434782609,39.7,0.391304347826087,15.631147540983605,9.998360655737708,4,0,352.5,58.540983606557376,111.60000000000001,15.001639344262296,0.0,321.294645332123,2,5,6.0,0.4912280701754385,1,5,5.0,0.2045454545454545,44,3,1
antilla,Salta,NOA,2024-2025,-26.119575,-64.5934507,96.79920514225545,0.08,0,0,0.5,15.09891304347826,10.070652173913043,52,9,3,492.20000000000005,0.0,56.84782608695652,6.3999999999999995,2,12.317391304347824,34.9,0.391304347826087,23.367213114754097,17.51311475409836,44,28,815.4000000000001,49.114754098360656,96.5,13.150819672131146,9999.0,9999.0,0,0,0.0,0.0,0,0,3061.0,267.81481481481484,54,39,1
antilla,Salta,NOA,2025-2026,-26.119575,-64.5934507,96.79920514225545,-0.14,0,0,1.8,14.755434782608695,9.72391304347826,48,4,0,450.20000000000005,0.0,61.54347826086956,13.3,3,12.047826086956523,36.6,0.5,22.05081967213115,16.07704918032787,39,22,735.0999999999999,46.24590163934426,16.799999999999997,12.873770491803281,0.0,0.0,29,64,3061.0,267.81481481481484,1,39,3061.0,146.27906976744185,43,41,1
arbol blanco,Santiago Del Estero,NEA,2024-2025,-26.8372055,-61.9629214,321.24855691084485,0.08,0,0,0.2,17.18260869565217,12.00869565217391,57,29,14,673.0000000000001,0.0,60.08695652173913,31.3,10,11.382608695652175,35.2,0.21739130434782608,24.65081967213115,18.227868852459014,47,34,893.7000000000002,53.049180327868854,114.1,13.121311475409835,9999.0,9999.0,0,0,0.0,0.0,0,0,125.0,10.054545454545456,55,20,1
arbol blanco,Santiago Del Estero,NEA,2025-2026,-26.8372055,-61.9629214,321.24855691084485,-0.14,0,0,1.0,15.87391304347826,10.910869565217393,52,18,4,554.6,0.0,66.92391304347827,86.4,11,11.769565217391303,34.0,0.22826086956521738,22.11639344262295,16.01967213114754,36,23,739.1,57.36065573770492,119.89999999999999,13.960655737704919,0.0,0.0,16,34,125.0,10.054545454545456,1,20,125.0,13.346153846153848,26,21,1
arenal grande,,URUGUAY,2024-2025,-33.6840731,-58.3400676,1009.4626929582721,0.08,3,0,-1.1,12.125,8.630434782608697,32,10,2,269.70000000000005,-1.8,75.02173913043478,126.39999999999999,15,14.321739130434782,40.5,0.2717391304347826,18.19508196721312,13.467213114754099,21,5,499.9,67.39344262295081,118.9,14.824590163934426,9999.0,9999.0,0,0,0.0,0.0,0,0,0.0,0.0,3,0,0
arenal grande,Uruguay,URUGUAY,2024-2025,-33.6840731,-58.3400676,1009.4626929582721,0.08,3,0,-1.1,12.125,8.630434782608697,32,10,2,269.70000000000005,-1.8,75.02173913043478,126.39999999999999,15,14.321739130434782,40.5,0.2717391304347826,18.19508196721312,13.467213114754099,21,5,499.9,67.39344262295081,118.9,14.824590163934426,9999.0,9999.0,0,0,0.0,0.0,0,0,0.0,0.0,13,0,0
arenaza,Buenos Aires,CENTRO SUR,2024-2025,-34.9851797,-61.7739101,966.8830275442375,0.08,12,0,-3.5,10.228260869565217,5.638043478260869,11,3,2,168.4,-25.0,67.84782608695652,54.300000000000004,10,12.784782608695656,37.0,0.358695652173913,17.91639344262295,11.893442622950818,12,6,483.2,56.31147540983606,90.0,14.18360655737705,9999.0,9999.0,0,0,0.0,0.0,0,0,0.0,0.0,54,0,0
arenaza,Buenos Aires,CENTRO SUR,2025-2026,-34.9851797,-61.7739101,966.8830275442375,-0.14,4,0,-3.1,9.747826086956522,5.592391304347826,8,0,0,99.39999999999999,-6.699999999999999,75.16304347826087,265.59999999999997,14,11.941304347826089,35.2,0.4673913043478261,15.508196721311476,10.350819672131149,8,0,346.4,69.08196721311475,234.0,13.701639344262293,74.0828095659719,138.7662333573255,2,20,0.0,0.0,0,0,0.0,0.0,9,0,0
arias,Córdoba,CENTRO SUR,2024-2025,-33.6422088,-62.4038413,806.751245875428,0.08,10,0,-2.7,10.883695652173914,6.36195652173913,16,4,2,199.4,-14.9,68.73913043478261,46.0,10,13.139130434782611,39.2,0.3804347826086957,18.613114754098362,12.8,19,6,525.4,56.131147540983605,203.5,15.244262295081967,9999.0,9999.0,0,0,0.0,0.0,0,0,7.0,0.53125,32,8,1
arias,Córdoba,CENTRO SUR,2025-2026,-33.6422088,-62.4038413,806.751245875428,-0.14,5,0,-2.8,10.413043478260871,6.215217391304349,10,1,0,130.99999999999997,-5.5,73.3695652173913,245.9,14,12.067391304347826,37.9,0.45652173913043476,16.465573770491805,11.018032786885248,10,3,401.0,66.0327868852459,215.8,14.509836065573774,0.0,42.015439836875835,10,63,7.0,0.53125,1,8,7.0,5.0,3,3,1
armstrong,Buenos Aires,CENTRO SUR,2024-2025,-33.3772429,-60.1983129,875.1608253284307,0.08,4,0,-2.5,11.810869565217395,7.745652173913043,26,9,3,255.5,-6.1,73.23913043478261,132.2,16,11.468478260869567,35.2,0.2391304347826087,18.57377049180328,13.450819672131148,24,5,523.0,65.36065573770492,113.8,12.037704918032787,9999.0,9999.0,0,0,0.0,0.0,0,0,0.0,0.0,27,0,0
armstrong,Santa Fe,CENTRO SUR,2024-2025,-32.7862754,-61.6035897,750.5295077648419,0.08,7,0,-2.8,11.709782608695654,7.260869565217392,22,8,3,255.1,-7.1,68.82608695652173,67.5,11,12.877173913043478,40.3,0.32608695652173914,19.00491803278689,13.285245901639342,21,4,549.3000000000002,57.950819672131146,129.1,14.754098360655739,9999.0,9999.0,0,0,0.0,0.0,0,0,45.0,6.0,18,3,1
armstrong,Santa Fe,CENTRO SUR,2025-2026,-32.7862754,-61.6035897,750.5295077648419,-0.14,3,0,-2.7,11.002173913043478,6.880434782608695,18,2,0,169.1,-5.0,74.56521739130434,233.59999999999997,18,12.557608695652174,44.2,0.3695652173913043,16.924590163934425,11.373770491803278,10,3,428.3,65.42622950819673,153.8,14.58688524590164,0.0,29.72421376326962,35,94,45.0,6.0,1,3,60.0,4.476190476190476,42,11,1
arrecifes,Buenos Aires,CENTRO SUR,2024-2025,-34.0674983,-60.108738,943.7212016974574,0.08,10,0,-3.7,10.817391304347826,6.27282608695652,19,4,3,206.0,-23.4,73.1304347826087,135.6,11,12.70217391304348,36.2,0.2608695652173913,17.97868852459016,12.147540983606557,11,5,486.69999999999993,63.114754098360656,115.2,13.418032786885245,9999.0,9999.0,0,0,0.0,0.0,0,0,20.0,1.7454545454545454,55,13,1
arrecifes,Buenos Aires,CENTRO SUR,2025-2026,-34.0674983,-60.108738,943.7212016974574,-0.14,3,0,-3.5,10.373913043478261,6.0793478260869565,13,0,0,135.69999999999996,-6.2,77.70652173913044,224.1,14,11.407608695652172,40.1,0.31521739130434784,15.872131147540985,10.645901639344261,10,1,367.1,70.62295081967213,186.5,12.840983606557373,0.0,98.37278024832237,12,44,20.0,1.7454545454545454,1,13,20.0,2.85,20,6,1
arroyito,Córdoba,CENTRO NORTE,2024-2025,-31.4192409,-63.0509405,554.4049277157966,0.08,7,0,-3.2,12.1,7.351086956521739,21,6,2,266.2,-8.5,66.6086956521739,50.0,8,11.756521739130434,32.8,0.33695652173913043,19.937704918032782,14.086885245901641,28,11,606.2,55.442622950819676,114.50000000000001,13.23934426229508,9999.0,9999.0,0,0,0.0,0.0,0,0,169.0,25.73333333333333,60,33,1
arroyito,Córdoba,CENTRO NORTE,2025-2026,-31.4192409,-63.0509405,554.4049277157966,-0.14,2,0,-1.9,11.701086956521738,7.207608695652173,19,2,0,207.90000000000003,-3.8,70.81521739130434,173.10000000000002,15,11.798913043478263,41.2,0.42391304347826086,18.29836065573771,12.327868852459018,16,6,508.69999999999993,59.68852459016394,95.3,13.870491803278687,0.0,0.0,22,74,169.0,25.73333333333333,1,33,298.0,24.177777777777777,45,15,1
arroyo barú,Entre Ríos,LITORAL,2024-2025,-31.8661139,-58.4463106,863.3036873839285,0.08,6,0,-2.2,13.072826086956523,8.905434782608696,39,12,5,361.49999999999994,-6.6,76.19565217391305,107.9,12,13.145652173913048,37.9,0.22826086956521738,18.465573770491805,13.188524590163935,21,6,516.4,73.11475409836065,165.2,13.645901639344261,9999.0,9999.0,0,0,0.0,0.0,0,0,734.0,149.60416666666666,48,24,1
arroyo barú,Entre Ríos,LITORAL,2025-2026,-31.8661139,-58.4463106,863.3036873839285,-0.14,4,0,-2.8,11.43804347826087,6.783695652173913,17,2,1,197.20000000000002,-6.1,77.97826086956522,232.4,16,11.293478260869565,32.0,0.2608695652173913,17.79508196721311,11.82295081967213,13,4,479.9,65.77049180327869,240.5,13.22622950819672,0.0,0.0,4,23,734.0,149.60416666666666,1,24,328.0,12.261904761904765,42,13,1
arroyo cabral,Córdoba,CENTRO SUR,2024-2025,-32.4894728,-63.4022008,656.026027634107,0.08,6,0,-2.3,10.871739130434781,6.365217391304348,14,2,2,182.8,-7.6,68.3804347826087,30.6,6,10.093478260869563,28.9,0.5,18.740983606557375,12.913114754098359,20,4,533.2,56.57377049180328,156.10000000000002,11.642622950819675,9999.0,9999.0,0,0,0.0,0.0,0,0,52.0,11.714285714285714,42,18,1
arroyo cabral,Córdoba,CENTRO SUR,2025-2026,-32.4894728,-63.4022008,656.026027634107,-0.14,2,0,-2.2,10.697826086956521,6.227173913043477,11,0,0,140.6,-4.4,71.17391304347827,219.29999999999998,14,12.456521739130437,40.4,0.5108695652173914,17.252459016393445,11.229508196721314,12,3,446.69999999999993,60.98360655737705,82.39999999999999,14.711475409836064,0.0,73.80573844881926,19,76,52.0,11.714285714285714,1,18,20.0,1.4680851063829787,47,6,1
arroyo cabral,Santa Fe,CENTRO SUR,2024-2025,-33.4814482,-60.9195029,849.1088636195923,0.08,9,0,-3.5,11.15108695652174,6.697826086956524,19,5,3,224.4,-18.0,71.53260869565217,97.70000000000002,14,13.26086956521739,40.2,0.2608695652173913,18.401639344262296,12.726229508196722,17,5,512.5,61.16393442622951,114.60000000000001,14.708196721311477,9999.0,9999.0,0,0,0.0,0.0,0,0,2.0,0.6666666666666666,9,3,0
arroyo ceibal,Santa Fe,NEA,2024-2025,-28.723128,-59.4778497,602.1835280424486,0.08,0,0,1.3,16.093478260869563,11.944565217391306,57,28,13,585.6,0.0,72.25,80.3,9,14.713043478260863,45.9,0.22826086956521738,21.501639344262298,16.444262295081966,40,20,701.6,70.49180327868852,186.90000000000003,15.362295081967215,9999.0,9999.0,0,0,0.0,0.0,0,0,463.0,73.28070175438596,57,42,1
arroyo ceibal,Santa Fe,NEA,2025-2026,-28.723128,-59.4778497,602.1835280424486,-0.14,0,0,0.0,14.202173913043477,9.643478260869566,45,8,2,411.70000000000005,0.0,77.29347826086956,248.29999999999998,20,11.268478260869566,32.5,0.13043478260869565,19.470491803278694,14.545901639344264,28,12,577.8000000000001,71.54098360655738,280.90000000000003,12.68360655737705,0.0,0.0,8,19,463.0,73.28070175438596,1,42,307.0,47.25714285714286,35,21,1
ascasubi,Buenos Aires,CENTRO SUR,2024-2025,-34.708059,-58.2695113,1100.1109607780686,0.08,8,0,-2.7,10.79782608695652,7.180434782608696,22,6,2,192.20000000000002,-15.600000000000001,78.26086956521739,223.59999999999997,19,13.451086956521738,37.2,0.18478260869565216,16.926229508196727,12.522950819672133,15,7,422.5,73.40983606557377,69.6,13.86065573770492,9999.0,9999.0,0,0,0.0,0.0,0,0,0.0,0.0,48,0,0
ascasubi,Buenos Aires,CENTRO SUR,2025-2026,-34.708059,-58.2695113,1100.1109607780686,-0.14,1,0,-1.2,10.83913043478261,7.3869565217391315,19,0,0,147.49999999999997,-1.2,78.26086956521739,165.4,16,10.910869565217391,35.5,0.2826086956521739,16.04426229508197,12.04098360655738,15,5,375.2,72.45901639344262,230.7,12.02295081967213,94.98589093002907,182.8042285960057,3,10,0.0,0.0,0,0,0.0,0.0,50,0,0
ataliva,Santa Fe,CENTRO NORTE,2024-2025,-30.9966491,-61.4309514,593.5121121648579,0.08,4,0,-1.6,13.173913043478262,8.673913043478262,32,10,3,354.3,-3.3,69.65217391304348,42.1,8,12.918478260869565,35.6,0.22826086956521738,20.785245901639346,14.678688524590168,28,12,657.9000000000001,56.442622950819676,141.1,14.657377049180328,9999.0,9999.0,0,0,0.0,0.0,0,0,115.0,7.4,55,15,1
ataliva,Santa Fe,CENTRO NORTE,2025-2026,-30.9966491,-61.4309514,593.5121121648579,-0.14,3,0,-2.5,12.16304347826087,7.601086956521739,21,4,0,249.60000000000002,-4.5,74.40217391304348,191.1,14,11.658695652173913,43.0,0.2717391304347826,18.445901639344264,12.508196721311478,16,7,518.2,63.90163934426229,133.1,13.747540983606557,0.0,0.0,21,74,115.0,7.4,1,15,115.0,8.522727272727273,44,15,1
ayacucho,Buenos Aires,CENTRO SUR,2024-2025,-37.1527482,-58.4884187,1312.80653659451,0.08,12,0,-3.5,8.66304347826087,4.664130434782608,10,2,0,84.50000000000001,-22.700000000000003,76.33695652173913,133.6,18,13.61304347826087,40.7,0.21739130434782608,14.832786885245902,9.114754098360654,6,1,296.50000000000006,69.11475409836065,102.89999999999999,12.945901639344264,9999.0,9999.0,0,0,0.0,0.0,0,0,0.0,0.0,49,0,0
ayacucho,Buenos Aires,CENTRO SUR,2025-2026,-37.1527482,-58.4884187,1312.80653659451,-0.14,6,0,-3.2,8.659782608695652,4.810869565217391,6,0,0,55.300000000000004,-6.8,78.34782608695652,223.79999999999998,19,12.814130434782607,42.1,0.32608695652173914,13.478688524590165,8.437704918032786,2,0,233.4,75.59016393442623,202.29999999999998,13.401639344262293,180.11159324492482,449.5037272034796,0,1,0.0,0.0,0,0,0.0,0.0,46,0,0
balcarce,Buenos Aires,CENTRO SUR,2024-2025,-37.8464435,-58.2555452,1389.7782466492538,0.08,10,0,-3.1,8.215217391304346,4.55,8,1,0,64.2,-13.8,76.66304347826087,138.7,20,15.477173913043476,45.5,0.25,13.826229508196723,8.357377049180327,6,0,241.1,70.75409836065573,72.7,14.473770491803279,9999.0,9999.0,0,0,0.0,0.0,0,0,1.0,0.024390243902439,41,1,0
balcarce,Buenos Aires,CENTRO SUR,2025-2026,-37.8464435,-58.2555452,1389.7782466492538,-0.14,4,0,-2.4,8.508695652173914,4.8999999999999995,3,0,0,47.3,-5.0,77.02173913043478,170.5,20,13.88478260869565,42.0,0.391304347826087,12.783606557377047,7.868852459016393,0,0,198.10000000000005,75.27868852459017,186.1,14.850819672131147,253.08158465390878,527.956577280377,0,0,1.0,0.024390243902439,0,1,0.0,0.0,44,0,0
ballester,Buenos Aires,CENTRO SUR,2024-2025,-34.6105531,-58.5981373,1072.9774159291778,0.08,8,0,-3.0,10.690217391304348,6.685869565217391,18,6,3,191.9,-18.0,76.8695652173913,175.2,14,13.00652173913043,35.5,0.25,17.018032786885243,11.82950819672131,11,5,428.09999999999997,71.18032786885246,69.0,13.295081967213116,9999.0,9999.0,0,0,0.0,0.0,0,0,1.0,0.2222222222222222,9,2,0
ballesteros,Córdoba,CENTRO SUR,2024-2025,-32.5453242,-62.9811138,673.8023224643091,0.08,9,0,-3.0,10.98804347826087,6.307608695652172,14,3,2,198.8,-17.2,69.70652173913044,33.199999999999996,6,10.292391304347825,29.9,0.391304347826087,18.729508196721312,12.837704918032788,22,4,532.5,57.459016393442624,152.0,11.814754098360657,9999.0,9999.0,0,0,0.0,0.0,0,0,8.0,0.2432432432432432,37,2,1
ballesteros,Córdoba,CENTRO SUR,2025-2026,-32.5453242,-62.9811138,673.8023224643091,-0.14,4,0,-2.5,10.884782608695653,6.480434782608696,16,1,0,153.49999999999997,-4.699999999999999,72.06521739130434,217.39999999999998,18,12.116304347826082,41.1,0.4782608695652174,17.339344262295082,11.340983606557376,10,4,452.20000000000005,62.049180327868854,108.89999999999999,14.313114754098361,0.0,50.06765180087376,15,79,8.0,0.2432432432432432,1,2,8.0,0.9666666666666668,30,9,1
ballivián,Salta,NOA,2024-2025,-22.9343587,-63.8598092,450.5898652628774,0.08,0,0,1.6,17.113043478260867,11.51521739130435,56,26,3,657.5,0.0,59.91304347826087,20.3,4,6.930434782608696,22.7,0.20652173913043478,25.65901639344262,18.94262295081967,49,39,955.2,48.34426229508197,61.0,8.572131147540983,9999.0,9999.0,0,0,0.0,0.0,0,0,544.0,48.813559322033896,59,30,1
ballivián,Salta,NOA,2025-2026,-22.9343587,-63.8598092,450.5898652628774,-0.14,0,0,1.1,16.07065217391304,10.988043478260872,51,15,1,566.8000000000001,0.0,68.47826086956522,17.7,6,6.893478260869566,35.3,0.391304347826087,23.831147540983604,17.81311475409836,46,31,843.7000000000002,50.18032786885246,40.00000000000001,9.134426229508197,0.0,0.0,4,11,544.0,48.813559322033896,1,30,360.0,42.36585365853659,41,15,1
bandera,Santiago Del Estero,NEA,2024-2025,-28.8878546,-62.2688764,370.0421057710301,0.08,1,0,-0.2,15.328260869565218,10.603260869565219,50,18,9,518.6,-0.2,62.29347826086956,20.6,3,14.203260869565218,38.6,0.20652173913043478,22.91475409836065,16.960655737704915,41,25,787.8,53.67213114754098,150.0,16.372131147540983,9999.0,9999.0,0,0,0.0,0.0,0,0,2319.0,143.85714285714286,112,48,1
bandera,Santiago Del Estero,NEA,2025-2026,-28.8878546,-62.2688764,370.0421057710301,-0.14,1,0,-0.4,14.502173913043478,9.5,42,8,2,433.29999999999995,-0.4,66.3804347826087,187.8,13,12.735869565217392,37.2,0.21739130434782608,21.13606557377049,15.083606557377047,30,18,679.3,55.49180327868852,65.8,15.240983606557378,0.0,0.0,8,29,2319.0,143.85714285714286,1,48,2057.0,39.52325581395349,86,27,1
basail,Chaco,NEA,2024-2025,-27.887641,-59.2816402,596.8708880153649,0.08,0,0,1.0,16.770652173913042,12.633695652173913,58,39,18,641.0000000000001,0.0,72.43478260869566,163.39999999999998,14,13.864130434782606,42.8,0.2391304347826087,22.134426229508193,17.139344262295083,43,25,740.1999999999999,69.9672131147541,171.5,14.39016393442623,9999.0,9999.0,0,0,0.0,0.0,0,0,103.0,24.6,40,28,1
basail,Chaco,NEA,2025-2026,-27.887641,-59.2816402,596.8708880153649,-0.14,0,0,1.4,15.20978260869565,10.593478260869563,52,14,3,497.1000000000001,0.0,74.67391304347827,233.4,20,10.98804347826087,31.1,0.13043478260869565,20.30327868852459,15.485245901639344,33,17,628.5000000000001,70.04918032786885,346.09999999999997,12.465573770491803,0.0,0.0,7,19,103.0,24.6,1,28,92.0,23.5,46,42,1
belgrano,Santiago Del Estero,NEA,2024-2025,-25.8670384,-63.8985072,166.08367743912794,0.08,0,0,1.6,16.47717391304348,11.042391304347825,56,16,6,603.3000000000001,0.0,56.82608695652174,7.4,3,11.935869565217393,33.6,0.34782608695652173,24.757377049180324,18.647540983606554,51,33,900.2,48.14754098360656,113.49999999999999,13.255737704918033,9999.0,9999.0,0,0,0.0,0.0,0,0,3.0,0.6,15,3,0
bella vista,Corrientes,LITORAL,2024-2025,-28.5073653,-59.0452284,635.1364978646785,0.08,0,0,1.1,16.41086956521739,12.43695652173913,59,36,19,612.1,0.0,72.70652173913044,120.10000000000001,13,14.68586956521739,43.6,0.22826086956521738,21.373770491803278,16.59672131147541,41,23,693.8,72.08196721311475,214.5,15.124590163934426,9999.0,9999.0,0,0,0.0,0.0,0,0,24.0,3.169811320754717,53,38,1
bella vista,Corrientes,LITORAL,2025-2026,-28.5073653,-59.0452284,635.1364978646785,-0.14,0,0,-0.0,14.572826086956523,10.306521739130433,47,11,3,440.70000000000005,0.0,76.82608695652173,226.49999999999997,20,11.56086956521739,33.7,0.13043478260869565,19.63770491803279,15.083606557377049,31,14,587.9000000000002,71.55737704918033,296.40000000000003,12.857377049180327,0.0,40.90297596664778,7,16,24.0,3.169811320754717,1,38,12.0,4.382978723404255,47,35,1
benjamín gould,Córdoba,CENTRO SUR,2024-2025,-33.5874801,-62.7282108,791.1526403104795,0.08,12,0,-3.0,10.6,6.146739130434781,13,4,1,182.59999999999997,-18.299999999999997,70.27173913043478,46.6,11,11.792391304347827,35.7,0.391304347826087,18.55245901639344,12.575409836065576,18,5,522.0,56.26229508196721,198.89999999999998,13.896721311475408,9999.0,9999.0,0,0,0.0,0.0,0,0,34.0,0.9454545454545454,55,6,1
benjamín gould,Córdoba,CENTRO SUR,2025-2026,-33.5874801,-62.7282108,791.1526403104795,-0.14,5,0,-2.7,10.42717391304348,6.059782608695653,11,1,0,132.2,-5.5,73.04347826086956,230.39999999999998,14,11.959782608695651,38.0,0.4673913043478261,16.639344262295083,10.996721311475413,10,2,411.59999999999997,65.0,162.8,14.540983606557377,0.0,72.59667483545202,8,56,34.0,0.9454545454545454,1,6,34.0,2.2222222222222223,45,13,1
bermejo,Chaco,NEA,2024-2025,-27.4327491,-58.9818944,619.3633745067799,0.08,0,0,1.9,17.136956521739133,13.198913043478262,60,41,22,668.9,0.0,73.72826086956522,166.50000000000003,16,13.129347826086958,39.3,0.22826086956521738,22.201639344262293,17.475409836065573,43,26,744.2999999999998,72.8688524590164,223.09999999999997,13.614754098360654,9999.0,9999.0,0,0,0.0,0.0,0,0,6.0,6.0,1,1,1
bernardo de irigoyen,Santa Fe,CENTRO NORTE,2024-2025,-32.1679854,-61.1574104,713.5557754931427,0.08,5,0,-2.3,12.498913043478264,8.159782608695652,31,9,3,307.3,-6.2,70.80434782608695,83.49999999999999,13,12.48804347826087,37.7,0.2608695652173913,20.101639344262296,14.278688524590164,26,10,616.1999999999999,57.459016393442624,90.9,14.454098360655735,9999.0,9999.0,0,0,0.0,0.0,0,0,66.0,5.793103448275862,58,19,1
bernardo de irigoyen,Santa Fe,CENTRO NORTE,2025-2026,-32.1679854,-61.1574104,713.5557754931427,-0.14,3,0,-3.0,11.371739130434783,6.953260869565218,18,3,0,195.8,-5.2,77.22826086956522,243.7,18,10.963043478260868,44.4,0.32608695652173914,17.42622950819672,11.89016393442623,13,3,456.79999999999995,67.93442622950819,133.50000000000003,12.809836065573768,0.0,16.91125600873839,45,95,66.0,5.793103448275862,1,19,66.0,7.408163265306122,49,23,1
berraondo,Bs As,CENTRO NORTE,2024-2025,-38.4138301,-62.8176345,1310.3917051690808,0.08,13,0,-3.0,8.427173913043477,4.372826086956523,7,0,0,79.6,-15.400000000000002,66.94565217391305,86.60000000000001,9,16.148913043478263,40.0,0.44565217391304346,15.97704918032787,10.698360655737705,9,3,364.6,52.377049180327866,63.699999999999996,17.43606557377049,9999.0,9999.0,0,0,0.0,0.0,0,0,0.0,0.0,1,0,0
berraondo,Buenos Aires,CENTRO SUR,2024-2025,-38.4138301,-62.8176345,1310.3917051690808,0.08,13,0,-3.0,8.427173913043477,4.372826086956523,7,0,0,79.6,-15.400000000000002,66.94565217391305,86.60000000000001,9,16.148913043478263,40.0,0.44565217391304346,15.97704918032787,10.698360655737705,9,3,364.6,52.377049180327866,63.699999999999996,17.43606557377049,9999.0,9999.0,0,0,0.0,0.0,0,0,0.0,0.0,52,0,0
berraondo,Buenos Aires,CENTRO SUR,2025-2026,-38.4138301,-62.8176345,1310.3917051690808,-0.14,5,0,-3.2,8.815217391304348,4.989130434782609,3,0,0,73.9,-7.3,69.3695652173913,73.69999999999999,12,15.719565217391304,42.0,0.4891304347826087,14.126229508196722,8.973770491803279,6,0,270.30000000000007,62.24590163934426,161.2,17.281967213114754,97.24698909635129,524.4542135711662,1,1,0.0,0.0,0,0,0.0,0.0,49,0,0
bobadal,Santiago Del Estero,NOA,2024-2025,-26.7223111,-64.3987974,80.01493317205984,0.08,0,0,0.1,15.123913043478257,9.770652173913044,51,9,2,491.40000000000003,0.0,59.84782608695652,11.2,3,10.519565217391303,33.5,0.31521739130434784,23.78688524590164,17.775409836065577,46,29,840.9999999999999,49.950819672131146,148.0,12.255737704918035,9999.0,9999.0,0,0,0.0,0.0,0,0,320.0,51.12280701754386,57,30,1
bobadal,Santiago Del Estero,NOA,2025-2026,-26.7223111,-64.3987974,80.01493317205984,-0.14,0,0,1.5,14.998913043478257,9.661956521739132,46,3,0,468.50000000000006,0.0,63.23913043478261,49.599999999999994,8,11.126086956521739,34.9,0.4782608695652174,22.778688524590162,16.327868852459016,37,26,779.4999999999999,46.39344262295082,70.80000000000001,13.55409836065574,0.0,0.0,28,62,320.0,51.12280701754386,1,30,320.0,19.73913043478261,46,21,1
bolivar,Buenos Aires,CENTRO SUR,2024-2025,-34.6097375,-58.3741113,1085.5960903433404,0.08,7,0,-1.4,11.025,7.591304347826087,27,6,2,200.79999999999998,-6.799999999999999,78.30434782608695,231.2,20,14.789130434782608,39.9,0.20652173913043478,17.280327868852456,13.101639344262294,19,7,444.09999999999997,72.85245901639344,94.1,15.47049180327869,9999.0,9999.0,0,0,0.0,0.0,0,0,0.0,0.0,46,0,0
bolivar,Buenos Aires,CENTRO SUR,2025-2026,-34.6097375,-58.3741113,1085.5960903433404,-0.14,1,0,-0.3,11.468478260869563,8.229347826086956,24,1,0,181.9,-0.3,73.79347826086956,189.39999999999998,13,10.746739130434781,33.5,0.2717391304347826,17.14098360655738,13.157377049180328,16,7,437.5,63.90163934426229,189.50000000000003,12.04098360655738,99.46236467363774,169.93187917372126,2,11,0.0,0.0,0,0,0.0,0.0,50,0,0
bombal,Santa Fe,CENTRO SUR,2024-2025,-33.4579984,-61.3181595,828.9388304183175,0.08,8,0,-3.7,11.22826086956522,6.7043478260869565,19,7,3,227.69999999999996,-17.3,70.18478260869566,81.3,13,12.920652173913046,38.2,0.31521739130434784,18.637704918032785,12.860655737704919,19,5,526.9,58.98360655737705,128.3,14.631147540983607,9999.0,9999.0,0,0,0.0,0.0,0,0,0.0,0.0,36,0,0
bordenave,Buenos Aires,CENTRO SUR,2024-2025,-37.8046981,-63.0410532,1240.263186039044,0.08,17,0,-3.4,7.83804347826087,3.6619565217391297,5,0,0,54.3,-24.9,69.72826086956522,52.699999999999996,8,14.289130434782608,35.0,0.4673913043478261,15.329508196721314,9.898360655737704,7,3,326.09999999999997,56.18032786885246,65.60000000000001,14.922950819672135,9999.0,9999.0,0,0,0.0,0.0,0,0,0.0,0.0,43,0,0
bordenave,Buenos Aires,CENTRO SUR,2025-2026,-37.8046981,-63.0410532,1240.263186039044,-0.14,7,0,-3.5,8.227173913043478,4.27391304347826,3,0,0,49.7,-11.0,71.1086956521739,61.300000000000004,9,14.90217391304348,39.2,0.4782608695652174,13.873770491803278,8.542622950819673,2,0,254.89999999999998,63.622950819672134,151.6,16.847540983606553,60.512447142440195,461.4019651163449,1,2,0.0,0.0,0,0,0.0,0.0,50,0,0
bragado,Buenos Aires,CENTRO SUR,2024-2025,-35.1155766,-60.489771,1027.589250599471,0.08,12,0,-2.8,10.083695652173912,5.585869565217391,13,4,1,160.40000000000003,-23.3,72.83695652173913,106.6,10,12.2804347826087,35.1,0.30434782608695654,17.36229508196721,11.44754098360656,10,6,449.6,61.83606557377049,100.69999999999999,13.042622950819675,9999.0,9999.0,0,0,0.0,0.0,0,0,0.0,0.0,54,0,0
bragado,Buenos Aires,CENTRO SUR,2025-2026,-35.1155766,-60.489771,1027.589250599471,-0.14,4,0,-3.8,10.089130434782607,5.863043478260869,13,0,0,116.7,-6.6,74.42391304347827,277.9,16,11.578260869565215,38.0,0.41304347826086957,15.51639344262295,10.304918032786887,7,0,344.8,68.91803278688525,250.20000000000002,12.783606557377048,49.28474997919618,182.06519313381656,1,15,0.0,0.0,0,0,0.0,0.0,50,0,0
buchardo,Córdoba,CENTRO SUR,2024-2025,-34.7238062,-63.5073178,895.760105131288,0.08,9,0,-3.2,10.090217391304348,5.3293478260869565,8,0,0,141.2,-19.299999999999997,66.76086956521739,32.9,10,11.956521739130432,31.9,0.32608695652173914,18.62295081967213,12.478688524590163,16,7,526.0,51.01639344262295,146.39999999999998,14.78688524590164,9999.0,9999.0,0,0,0.0,0.0,0,0,0.0,0.0,57,0,0
buchardo,Córdoba,CENTRO SUR,2025-2026,-34.7238062,-63.5073178,895.760105131288,-0.14,7,0,-2.7,9.91304347826087,5.458695652173913,8,0,0,107.4,-10.0,71.96739130434783,202.70000000000002,12,12.127173913043478,36.8,0.45652173913043476,16.32622950819672,10.955737704918034,11,2,394.2999999999999,64.0327868852459,169.3,15.436065573770493,42.08925242858852,125.6310266971567,3,21,0.0,0.0,0,0,0.0,0.0,46,0,0
buena esperanza,San Luis,CENTRO SUR,2024-2025,-34.7578641,-65.2535837,884.8888722960849,0.08,14,0,-2.2,9.269565217391305,4.280434782608696,4,0,0,100.5,-19.0,63.54347826086956,41.0,11,10.944565217391306,30.6,0.22826086956521738,18.227868852459018,11.580327868852459,15,3,501.8999999999999,47.868852459016395,111.5,13.642622950819673,9999.0,9999.0,0,0,0.0,0.0,0,0,0.0,0.0,1,0,0
buena esperanza,San Luís,CENTRO SUR,2024-2025,-34.7578641,-65.2535837,884.8888722960849,0.08,14,0,-2.2,9.269565217391305,4.280434782608696,4,0,0,100.5,-19.0,63.54347826086956,41.0,11,10.944565217391306,30.6,0.22826086956521738,18.227868852459018,11.580327868852459,15,3,501.8999999999999,47.868852459016395,111.5,13.642622950819673,9999.0,9999.0,0,0,0.0,0.0,0,0,20.0,2.196428571428572,56,12,1
buena esperanza,San Luís,CENTRO SUR,2025-2026,-34.7578641,-65.2535837,884.8888722960849,-0.14,12,0,-4.6,9.619565217391305,4.247826086956521,2,0,0,102.60000000000001,-22.1,64.42391304347827,59.2,9,11.246739130434783,39.2,0.32608695652173914,16.845901639344262,10.114754098360656,6,0,424.20000000000005,52.47540983606557,108.2,14.613114754098358,0.0,176.6701135167498,2,14,20.0,2.196428571428572,1,12,20.0,1.3404255319148937,47,6,1
burruyacu,Tucumán,NOA,2024-2025,-26.4995747,-64.7434868,56.340957401265804,0.08,2,0,-0.6,13.17717391304348,8.140217391304347,28,1,0,333.59999999999997,-1.0,64.09782608695652,28.200000000000003,6,8.988043478260868,27.3,0.41304347826086957,21.25737704918033,15.17540983606557,29,17,686.7000000000002,56.278688524590166,150.9,10.41311475409836,9999.0,9999.0,0,0,0.0,0.0,0,0,630.0,85.26666666666667,60,43,1
burruyacu,Tucumán,NOA,2025-2026,-26.4995747,-64.7434868,56.340957401265804,-0.14,0,0,1.2,13.377173913043478,8.516304347826088,29,1,0,330.3,0.0,65.83695652173913,34.599999999999994,6,10.133695652173914,33.0,0.5217391304347826,20.868852459016395,14.908196721311475,34,12,662.9999999999999,48.967213114754095,70.8,12.598360655737705,0.0,0.0,32,61,630.0,85.26666666666667,1,43,630.0,70.9090909090909,44,24,1
bustinza,Santa Fe,CENTRO SUR,2024-2025,-32.738261,-61.2908751,760.3290081184864,0.08,6,0,-2.8,11.902173913043475,7.466304347826088,24,7,3,265.80000000000007,-8.6,69.32608695652173,83.1,13,12.679347826086957,38.2,0.29347826086956524,19.206557377049183,13.385245901639342,21,6,561.6,58.39344262295082,107.39999999999999,14.336065573770496,9999.0,9999.0,0,0,0.0,0.0,0,0,184.0,12.56,50,6,1
bustinza,Santa Fe,CENTRO SUR,2025-2026,-32.738261,-61.2908751,760.3290081184864,-0.14,3,0,-2.8,10.917391304347825,6.6510869565217385,16,2,0,166.60000000000002,-6.1,75.8804347826087,270.79999999999995,17,11.543478260869565,44.3,0.34782608695652173,16.895081967213113,11.237704918032788,9,3,426.6,66.8688524590164,142.60000000000002,13.542622950819673,0.0,0.0,37,93,184.0,12.56,1,6,184.0,10.583333333333334,24,9,1
calamuchita,Córdoba,CENTRO NORTE,2024-2025,-31.4778016,-64.2137256,528.8850652764179,0.08,10,0,-3.0,10.831521739130435,5.533695652173913,11,2,0,180.69999999999996,-13.7,64.42391304347827,12.700000000000001,5,9.028260869565218,27.4,0.44565217391304346,19.003278688524592,12.750819672131149,22,4,549.1999999999999,54.08196721311475,142.9,10.572131147540984,9999.0,9999.0,0,0,0.0,0.0,0,0,12.0,12.0,1,1,1
calchaquí,Santa Fe,NEA,2024-2025,-32.9700302,-60.6981674,811.593869586418,0.08,5,0,-2.2,11.877173913043476,7.638043478260869,25,9,3,262.50000000000006,-4.9,74.8804347826087,83.5,12,11.784782608695652,37.7,0.25,18.801639344262295,13.501639344262298,27,5,536.9000000000001,66.39344262295081,124.80000000000001,12.62295081967213,9999.0,9999.0,0,0,0.0,0.0,0,0,24.0,6.461538461538462,52,24,1
calchaquí,Santa Fe,NEA,2025-2026,-32.9700302,-60.6981674,811.593869586418,-0.14,2,0,-1.7,11.441304347826087,7.68804347826087,21,3,0,194.20000000000002,-1.9,78.67391304347827,254.0,14,9.71304347826087,34.3,0.31521739130434784,17.337704918032784,12.550819672131148,16,3,450.9,69.81967213114754,165.29999999999998,11.2672131147541,0.0,1.1152025537760157,33,82,24.0,6.461538461538462,1,24,318.0,53.16,50,32,1
campana,,URUGUAY,2024-2025,-34.032615,-57.9029104,1065.3211068139576,0.08,7,0,-2.8,11.395652173913044,7.551086956521741,27,7,2,233.5,-12.299999999999999,76.32608695652173,151.79999999999998,14,13.928260869565218,39.1,0.30434782608695654,17.26229508196721,11.965573770491803,11,4,443.00000000000006,69.52459016393442,81.19999999999999,14.319672131147543,9999.0,9999.0,0,0,0.0,0.0,0,0,0.0,0.0,1,0,0
campana,Uruguay,URUGUAY,2024-2025,-34.032615,-57.9029104,1065.3211068139576,0.08,7,0,-2.8,11.395652173913044,7.551086956521741,27,7,2,233.5,-12.299999999999999,76.32608695652173,151.79999999999998,14,13.928260869565218,39.1,0.30434782608695654,17.26229508196721,11.965573770491803,11,4,443.00000000000006,69.52459016393442,81.19999999999999,14.319672131147543,9999.0,9999.0,0,0,0.0,0.0,0,0,1.0,0.1666666666666666,12,2,0
campo de cielo,Formosa,NEA,2024-2025,-24.4770616,-60.4039576,545.7076517649344,0.08,0,0,2.3,19.157608695652176,14.632608695652177,65,48,31,847.1,0.0,65.03260869565217,137.0,16,13.044565217391305,44.4,0.2826086956521739,26.539344262295085,20.608196721311483,54,40,1008.8999999999999,52.65573770491803,82.7,15.018032786885247,9999.0,9999.0,0,0,0.0,0.0,0,0,0.0,0.0,2,0,0
campo de cielo,Santiago Del Estero,NEA,2024-2025,-27.6085808,-61.6819082,359.33443800536776,0.08,0,0,0.3,16.80217391304348,11.767391304347825,57,27,12,643.4,0.0,61.56521739130435,25.2,5,12.632608695652175,43.7,0.20652173913043478,23.80327868852459,17.688524590163933,42,28,842.0,56.50819672131148,133.5,14.277049180327868,9999.0,9999.0,0,0,0.0,0.0,0,0,1.0,0.12,25,3,0
campo del cielo,Formosa,NEA,2024-2025,-24.4770616,-60.4039576,545.7076517649344,0.08,0,0,2.3,19.157608695652176,14.632608695652177,65,48,31,847.1,0.0,65.03260869565217,137.0,16,13.044565217391305,44.4,0.2826086956521739,26.539344262295085,20.608196721311483,54,40,1008.8999999999999,52.65573770491803,82.7,15.018032786885247,9999.0,9999.0,0,0,0.0,0.0,0,0,0.0,0.0,6,0,0
campo del cielo,Santiago Del Estero,NEA,2024-2025,-27.8703526,-61.8047772,355.84907793115207,0.08,1,0,-0.2,16.24673913043478,11.44891304347826,53,25,11,596.7,-0.2,62.20652173913044,19.1,5,13.672826086956523,45.0,0.18478260869565216,23.219672131147536,17.37704918032787,42,27,806.4,57.16393442622951,146.3,15.490163934426233,9999.0,9999.0,0,0,0.0,0.0,0,0,250.0,37.57142857142857,42,15,1
campo del cielo,Santiago Del Estero,NEA,2025-2026,-27.8703526,-61.8047772,355.84907793115207,-0.14,0,0,0.3,14.88369565217391,10.16304347826087,46,12,3,466.70000000000005,0.0,69.48913043478261,162.8,15,12.285869565217391,35.7,0.20652173913043478,20.981967213114743,15.203278688524591,32,18,669.9000000000001,60.42622950819672,172.49999999999997,14.372131147540982,0.0,0.0,15,35,250.0,37.57142857142857,1,15,75.0,29.88,25,19,1
campo gallo,Chaco,NEA,2024-2025,-26.5838748,-62.8470969,234.97867783233727,0.08,0,0,1.8,16.92608695652174,11.688043478260871,58,23,11,647.4999999999999,0.0,58.26086956521739,6.4,2,12.909782608695656,41.8,0.2608695652173913,25.15081967213115,18.83606557377049,52,37,924.2000000000002,49.08196721311475,114.79999999999998,14.819672131147541,9999.0,9999.0,0,0,0.0,0.0,0,0,29.0,19.666666666666668,3,3,1
campo gallo,Santiago Del Estero,NEA,2024-2025,-26.5838748,-62.8470969,234.97867783233727,0.08,0,0,1.8,16.92608695652174,11.688043478260871,58,23,11,647.4999999999999,0.0,58.26086956521739,6.4,2,12.909782608695656,41.8,0.2608695652173913,25.15081967213115,18.83606557377049,52,37,924.2000000000002,49.08196721311475,114.79999999999998,14.819672131147541,9999.0,9999.0,0,0,0.0,0.0,0,0,273.0,7.822784810126582,79,25,1
campo gallo,Santiago Del Estero,NEA,2025-2026,-26.5838748,-62.8470969,234.97867783233727,-0.14,0,0,1.6,15.607608695652173,10.842391304347824,50,14,4,526.0,0.0,67.6195652173913,62.30000000000001,10,10.921739130434784,32.7,0.29347826086956524,22.590163934426233,16.332786885245902,38,21,767.9999999999999,53.75409836065574,67.09999999999998,13.080327868852457,0.0,0.0,6,45,273.0,7.822784810126582,1,25,273.0,15.6,40,14,1
campo piaggio,Santa Fe,CENTRO NORTE,2024-2025,-31.9666741,-61.3296663,685.9185048418974,0.08,6,0,-2.2,12.47717391304348,8.005434782608695,29,9,3,308.1,-6.800000000000001,70.20652173913044,67.0,10,12.545652173913046,36.9,0.2717391304347826,20.111475409836068,14.209836065573771,25,10,616.8,56.98360655737705,90.7,14.472131147540985,9999.0,9999.0,0,0,0.0,0.0,0,0,26.0,1.183673469387755,49,6,1
campo piaggio,Santa Fe,CENTRO NORTE,2025-2026,-31.9666741,-61.3296663,685.9185048418974,-0.14,3,0,-2.2,11.557608695652174,7.093478260869564,17,3,0,208.1,-4.5,75.69565217391305,240.99999999999997,17,11.358695652173916,45.3,0.32608695652173914,17.731147540983606,12.00327868852459,13,4,475.40000000000003,65.34426229508196,102.3,13.311475409836065,0.0,12.252929754544752,35,91,26.0,1.183673469387755,1,6,26.0,5.073170731707317,41,15,1
canelones,,URUGUAY,2024-2025,-34.6222482,-55.9903797,1236.447017040631,0.08,6,0,-2.5,11.011956521739132,7.183695652173912,22,7,2,202.59999999999997,-7.600000000000001,80.1304347826087,200.30000000000004,16,13.719565217391308,36.8,0.2391304347826087,15.942622950819674,10.832786885245902,9,0,363.00000000000006,77.22950819672131,95.2,13.427868852459017,9999.0,9999.0,0,0,0.0,0.0,0,0,0.0,0.0,1,0,0
canelones,Uruguay,URUGUAY,2024-2025,-34.6222482,-55.9903797,1236.447017040631,0.08,6,0,-2.5,11.011956521739132,7.183695652173912,22,7,2,202.59999999999997,-7.600000000000001,80.1304347826087,200.30000000000004,16,13.719565217391308,36.8,0.2391304347826087,15.942622950819674,10.832786885245902,9,0,363.00000000000006,77.22950819672131,95.2,13.427868852459017,9999.0,9999.0,0,0,0.0,0.0,0,0,1.0,0.2,5,1,0
capdevilla,Chaco,NEA,2024-2025,-27.4231079,-61.4770484,374.9272793877623,0.08,0,0,0.6,16.874999999999996,11.939130434782607,57,29,14,649.9,0.0,61.92391304347826,20.000000000000004,4,12.915217391304346,44.4,0.1956521739130435,23.85573770491803,17.737704918032783,42,30,845.1999999999999,56.39344262295082,118.8,14.544262295081968,9999.0,9999.0,0,0,0.0,0.0,0,0,1.0,1.0,1,1,0
capilla de sitón,Córdoba,CENTRO NORTE,2024-2025,-30.5720747,-63.6521477,445.7665589571688,0.08,7,0,-2.1,12.845652173913043,7.689130434782609,29,5,1,316.4000000000001,-5.5,59.73913043478261,23.799999999999997,6,12.091304347826087,36.8,0.358695652173913,20.5672131147541,14.537704918032789,28,12,644.5999999999998,52.278688524590166,182.8,13.570491803278689,9999.0,9999.0,0,0,0.0,0.0,0,0,369.0,29.59259259259259,54,24,1
capilla de sitón,Córdoba,CENTRO NORTE,2025-2026,-30.5720747,-63.6521477,445.7665589571688,-0.14,3,0,-1.2,12.208695652173915,7.252173913043477,23,1,0,241.40000000000003,-2.3000000000000003,65.81521739130434,150.70000000000002,15,10.623913043478263,40.4,0.3695652173913043,19.15737704918033,12.711475409836066,21,7,560.1000000000001,54.47540983606557,41.1,12.51639344262295,0.0,0.0,21,44,369.0,29.59259259259259,1,24,369.0,19.18,50,21,1
cardona,,URUGUAY,2024-2025,-33.8707543,-57.3671369,1087.0003269330302,0.08,8,0,-1.7,11.02826086956522,7.256521739130435,25,8,2,218.1,-7.2,78.6086956521739,154.6,17,14.389130434782613,37.7,0.2608695652173913,16.595081967213115,11.547540983606558,10,1,402.3,73.29508196721312,99.79999999999998,14.59672131147541,9999.0,9999.0,0,0,0.0,0.0,0,0,0.0,0.0,1,0,0
cardona,Uruguay,URUGUAY,2024-2025,-33.8707543,-57.3671369,1087.0003269330302,0.08,8,0,-1.7,11.02826086956522,7.256521739130435,25,8,2,218.1,-7.2,78.6086956521739,154.6,17,14.389130434782613,37.7,0.2608695652173913,16.595081967213115,11.547540983606558,10,1,402.3,73.29508196721312,99.79999999999998,14.59672131147541,9999.0,9999.0,0,0,0.0,0.0,0,0,0.0,0.0,5,0,0
carhue,Buenos Aires,CENTRO SUR,2024-2025,-37.1799683,-62.7494197,1176.9748858582486,0.08,12,0,-3.3,8.59782608695652,4.422826086956522,6,1,0,71.1,-18.3,70.54347826086956,60.1,11,12.301086956521742,34.1,0.25,16.236065573770492,10.647540983606557,10,4,380.4,58.21311475409836,102.5,13.162295081967212,9999.0,9999.0,0,0,0.0,0.0,0,0,0.0,0.0,57,0,0
carhue,Buenos Aires,CENTRO SUR,2025-2026,-37.1799683,-62.7494197,1176.9748858582486,-0.14,3,0,-2.8,8.979347826086956,4.958695652173914,4,0,0,67.5,-4.4,71.45652173913044,71.7,11,12.136956521739132,37.8,0.34782608695652173,14.936065573770492,9.80655737704918,3,0,310.5,64.29508196721312,161.29999999999998,14.69672131147541,56.132698248921756,388.17720442049233,1,5,0.0,0.0,0,0,0.0,0.0,49,0,0
carlos tejedor,Buenos Aires,CENTRO SUR,2024-2025,-35.3916961,-62.4197892,991.2107724789884,0.08,12,0,-2.8,9.779347826086957,5.2923913043478255,11,2,0,137.50000000000003,-23.8,68.52173913043478,40.8,10,12.148913043478261,32.6,0.32608695652173914,17.778688524590162,11.850819672131147,12,7,474.90000000000003,55.19672131147541,80.0,13.854098360655737,9999.0,9999.0,0,0,0.0,0.0,0,0,6.0,0.1428571428571428,56,3,1
carlos tejedor,Buenos Aires,CENTRO SUR,2025-2026,-35.3916961,-62.4197892,991.2107724789884,-0.14,6,0,-3.6,9.682608695652174,5.432608695652173,7,0,0,95.4,-8.3,72.96739130434783,234.60000000000002,13,12.282608695652176,42.7,0.4673913043478261,15.596721311475411,10.34590163934426,9,0,351.5,67.63934426229508,200.70000000000002,14.70327868852459,0.0,187.45146697299057,3,12,6.0,0.1428571428571428,1,3,6.0,1.4545454545454546,11,6,1
carmen de areco,Buenos Aires,CENTRO SUR,2024-2025,-34.3766574,-59.8227267,986.852962128642,0.08,10,0,-3.8,10.678260869565218,6.301086956521741,18,4,3,194.9,-21.3,73.5,156.3,14,12.731521739130438,35.7,0.2826086956521739,17.757377049180324,12.065573770491806,9,5,473.2,63.377049180327866,93.1,13.391803278688522,9999.0,9999.0,0,0,0.0,0.0,0,0,0.0,0.0,36,0,0
carrilobo,Córdoba,CENTRO NORTE,2024-2025,-31.8715895,-63.1157318,598.9906773658123,0.08,11,0,-2.2,11.368478260869566,6.503260869565218,15,3,2,220.60000000000002,-13.2,67.58695652173913,47.2,8,10.293478260869565,29.2,0.3695652173913043,19.291803278688526,13.201639344262297,23,6,566.8000000000001,55.63934426229508,144.99999999999997,11.642622950819671,9999.0,9999.0,0,0,0.0,0.0,0,0,105.0,7.487179487179487,39,18,1
carrilobo,Córdoba,CENTRO NORTE,2025-2026,-31.8715895,-63.1157318,598.9906773658123,-0.14,2,0,-2.6,11.279347826086957,6.693478260869566,16,2,0,178.10000000000002,-4.3,70.16304347826087,167.5,13,12.088043478260872,41.2,0.45652173913043476,17.783606557377045,11.609836065573774,14,4,478.80000000000007,60.377049180327866,132.7,13.911475409836065,0.0,0.0,21,79,105.0,7.487179487179487,1,18,108.0,12.568181818181818,44,21,1
casbas,Buenos Aires,CENTRO SUR,2024-2025,-36.7576589,-62.5043542,1136.0255699302725,0.08,16,0,-3.6,8.515217391304347,4.115217391304348,6,0,0,79.39999999999999,-31.799999999999997,71.47826086956522,69.0,11,12.011956521739135,30.5,0.391304347826087,15.9,10.118032786885246,9,4,360.40000000000003,59.967213114754095,95.8,12.985245901639342,9999.0,9999.0,0,0,0.0,0.0,0,0,0.0,0.0,56,0,0
casbas,Buenos Aires,CENTRO SUR,2025-2026,-36.7576589,-62.5043542,1136.0255699302725,-0.14,5,0,-4.3,8.95,4.414130434782609,6,0,0,73.4,-11.6,71.05434782608695,88.9,11,12.014130434782608,33.8,0.40217391304347827,14.939344262295082,9.29344262295082,4,0,313.70000000000005,63.57377049180328,178.6,14.311475409836063,94.40868534679333,338.23931974647894,1,6,0.0,0.0,0,0,0.0,0.0,9,0,0
casey,Buenos Aires,CENTRO SUR,2024-2025,-36.6876044,-62.3506481,1131.8120689045745,0.08,17,0,-3.5,8.493478260869566,4.02391304347826,6,0,0,77.79999999999998,-32.6,71.48913043478261,71.1,14,12.049999999999999,30.9,0.3804347826086957,15.888524590163932,10.026229508196721,8,4,359.9,60.278688524590166,95.80000000000001,13.11311475409836,9999.0,9999.0,0,0,0.0,0.0,0,0,0.0,0.0,54,0,0
casey,Buenos Aires,CENTRO SUR,2025-2026,-36.6876044,-62.3506481,1131.8120689045745,-0.14,5,0,-4.2,8.965217391304348,4.532608695652174,6,0,0,72.7,-10.4,71.42391304347827,90.1,11,12.229347826086961,34.1,0.41304347826086957,14.914754098360657,9.344262295081966,4,0,312.1,64.19672131147541,191.0,14.449180327868854,101.86752233107478,328.7676262863978,0,6,0.0,0.0,0,0,1.0,0.054054054054054,37,2,0
casilda,Santa Fe,CENTRO NORTE,2024-2025,-33.0443368,-61.1641779,795.6567204779049,0.08,8,0,-3.3,11.508695652173914,7.058695652173914,21,7,3,245.3,-13.3,70.48913043478261,81.10000000000001,11,11.974999999999998,38.5,0.30434782608695654,18.89344262295082,13.060655737704916,20,5,542.5,59.377049180327866,138.79999999999998,13.437704918032784,9999.0,9999.0,0,0,0.0,0.0,0,0,0.0,0.0,3,0,0
castelli,Chaco,NEA,2024-2025,-25.4551276,-62.7128792,289.83975401163457,0.08,0,0,2.3,17.81086956521739,12.669565217391304,64,31,16,721.3999999999999,0.0,57.641304347826086,15.0,6,13.601086956521739,41.8,0.2608695652173913,26.049180327868857,19.845901639344266,53,38,979.0,47.557377049180324,93.3,15.334426229508196,9999.0,9999.0,0,0,0.0,0.0,0,0,1.0,0.5,6,3,0
castelli,Chaco,NEA,2025-2026,-25.4551276,-62.7128792,289.83975401163457,-0.14,0,0,1.1,16.278260869565216,11.166304347826086,52,17,5,587.4,0.0,65.44565217391305,64.0,10,10.639130434782606,33.8,0.33695652173913043,23.19180327868853,16.942622950819672,40,25,804.7,52.131147540983605,61.9,12.49016393442623,53.22006061891981,53.22006061891981,2,24,1.0,0.5,0,3,54.0,10.36,25,16,1
catriló,Buenos Aires,CENTRO SUR,2024-2025,-34.6696654,-58.521334,1082.4778787991227,0.08,11,0,-2.4,10.679347826086957,6.784782608695653,18,6,2,187.8,-15.5,78.6195652173913,208.50000000000003,16,13.321739130434782,38.2,0.22826086956521738,17.13770491803279,12.181967213114755,12,5,435.40000000000003,71.59016393442623,67.3,14.052459016393442,9999.0,9999.0,0,0,0.0,0.0,0,0,2.0,0.2105263157894736,38,5,0
catriló,Buenos Aires,CENTRO SUR,2025-2026,-34.6696654,-58.521334,1082.4778787991227,-0.14,2,0,-1.7,11.13586956521739,7.058695652173912,17,1,0,167.79999999999998,-3.2,73.0,199.6,12,8.416304347826086,30.2,0.2826086956521739,17.09344262295082,12.139344262295081,14,5,436.0999999999999,62.81967213114754,190.60000000000005,9.722950819672132,99.31307949968948,174.1636880134213,1,11,2.0,0.2105263157894736,0,5,1.0,0.02,50,1,0
catriló,La Pampa,CENTRO SUR,2024-2025,-36.4066583,-63.4233114,1081.316390594768,0.08,16,0,-3.5,8.821739130434784,4.002173913043478,6,0,0,88.49999999999997,-30.4,67.07608695652173,51.2,12,11.789130434782605,29.8,0.34782608695652173,16.691803278688525,10.673770491803277,8,4,408.19999999999993,53.91803278688525,125.3,13.02295081967213,9999.0,9999.0,0,0,0.0,0.0,0,0,0.0,0.0,18,0,0
cañada de gómez,Santa Fe,CENTRO SUR,2024-2025,-32.8234448,-61.3905125,763.8231432772784,0.08,7,0,-3.5,11.731521739130434,7.319565217391303,21,7,3,255.59999999999997,-10.100000000000001,69.40217391304348,70.60000000000001,12,12.531521739130437,38.5,0.31521739130434784,19.049180327868854,13.229508196721312,21,5,552.0,58.42622950819672,107.4,14.134426229508197,9999.0,9999.0,0,0,0.0,0.0,0,0,34.0,3.725490196078432,51,18,1
cañada de gómez,Santa Fe,CENTRO SUR,2025-2026,-32.8234448,-61.3905125,763.8231432772784,-0.14,3,0,-2.8,10.909782608695652,6.756521739130435,16,2,0,164.90000000000003,-5.1,75.56521739130434,251.3,18,11.956521739130432,44.1,0.34782608695652173,16.83606557377049,11.277049180327868,9,3,423.0,66.54098360655738,142.2,13.922950819672135,0.0,13.284733462900315,34,93,34.0,3.725490196078432,1,18,34.0,2.0851063829787235,47,11,1
cañada de luque,Córdoba,CENTRO NORTE,2024-2025,-30.7352678,-63.7240686,460.60609206996816,0.08,8,0,-2.3,12.4195652173913,7.319565217391303,26,4,1,287.5000000000001,-6.799999999999999,60.07608695652174,28.999999999999996,6,11.633695652173913,37.8,0.40217391304347827,19.988524590163934,13.918032786885247,25,11,609.3,53.16393442622951,184.7,12.883606557377048,9999.0,9999.0,0,0,0.0,0.0,0,0,427.0,23.271186440677965,59,26,1
cañada de luque,Córdoba,CENTRO NORTE,2025-2026,-30.7352678,-63.7240686,460.60609206996816,-0.14,3,0,-1.7,11.845652173913045,6.9402173913043494,17,0,0,218.5,-4.6,65.79347826086956,158.79999999999998,13,10.944565217391304,40.5,0.391304347826087,18.621311475409836,12.20655737704918,17,5,528.4,55.14754098360656,60.1,12.432786885245902,0.0,0.0,25,50,427.0,23.271186440677965,1,26,427.0,18.625,48,19,1
cañada rosquín,Santa Fe,CENTRO NORTE,2024-2025,-32.0531883,-61.5996697,680.1568146922821,0.08,8,0,-3.1,12.20217391304348,7.623913043478261,28,9,3,287.69999999999993,-10.0,69.25,73.5,9,12.232608695652175,36.2,0.29347826086956524,19.673770491803282,13.729508196721312,23,8,590.1,57.42622950819672,106.8,13.788524590163934,9999.0,9999.0,0,0,0.0,0.0,0,0,406.0,52.96428571428572,56,25,1
cañada rosquín,Santa Fe,CENTRO NORTE,2025-2026,-32.0531883,-61.5996697,680.1568146922821,-0.14,3,0,-2.5,11.413043478260873,6.986956521739131,18,2,0,196.0,-4.9,74.55434782608695,243.30000000000004,18,11.320652173913043,45.4,0.358695652173913,17.627868852459017,11.747540983606557,13,4,469.59999999999997,64.14754098360656,117.2,13.395081967213113,0.0,0.0,32,97,406.0,52.96428571428572,1,25,51.0,5.604166666666667,48,14,1
cañada seca,Córdoba,CENTRO SUR,2024-2025,-34.4167208,-62.960475,873.5583598627626,0.08,10,0,-2.7,10.485869565217392,5.761956521739131,14,3,0,170.6,-17.5,65.72826086956522,40.1,9,12.083695652173914,33.9,0.358695652173913,18.888524590163932,12.578688524590165,16,6,542.5,50.68852459016394,76.2,14.688524590163933,9999.0,9999.0,0,0,0.0,0.0,0,0,2.0,0.1428571428571428,42,3,0
ceibalito,Salta,NOA,2024-2025,-25.1101879,-64.2752752,209.40969134364815,0.08,0,0,1.3,15.658695652173913,10.034782608695652,54,6,2,532.1999999999999,0.0,59.65217391304348,7.5,2,8.92608695652174,28.6,0.33695652173913043,24.021311475409835,17.872131147540987,45,29,855.3,49.98360655737705,113.39999999999999,10.221311475409834,9999.0,9999.0,0,0,0.0,0.0,0,0,1520.0,149.03773584905662,53,32,1
ceibalito,Salta,NOA,2025-2026,-25.1101879,-64.2752752,209.40969134364815,-0.14,0,0,0.2,15.05,9.741304347826087,44,5,1,476.50000000000006,0.0,64.75,31.099999999999998,5,9.689130434782609,32.9,0.4891304347826087,22.79344262295082,16.45737704918033,42,24,780.3999999999999,46.868852459016395,38.10000000000001,12.019672131147544,0.0,0.0,19,45,1520.0,149.03773584905662,1,32,1520.0,126.58536585365852,41,24,1
centeno,Santa Fe,CENTRO NORTE,2024-2025,-32.2959681,-61.4080671,712.6038274186502,0.08,8,0,-3.0,12.154347826086951,7.646739130434782,28,9,3,285.50000000000006,-9.200000000000001,69.70652173913044,74.69999999999999,10,12.457608695652175,37.3,0.2826086956521739,19.698360655737705,13.721311475409834,24,8,591.6,57.34426229508197,88.5,14.180327868852459,9999.0,9999.0,0,0,0.0,0.0,0,0,801.0,99.6346153846154,52,19,1
centeno,Santa Fe,CENTRO NORTE,2025-2026,-32.2959681,-61.4080671,712.6038274186502,-0.14,3,0,-3.0,11.171739130434782,6.7054347826086955,17,3,0,184.2,-6.300000000000001,76.18478260869566,234.3,16,11.191304347826089,46.6,0.32608695652173914,17.367213114754097,11.544262295081966,11,3,454.1,65.91803278688525,194.29999999999998,13.218032786885248,0.0,0.0,37,99,801.0,99.6346153846154,1,19,186.0,12.209302325581396,43,14,1
ceres,Santa Fe,CENTRO NORTE,2024-2025,-29.8819399,-61.9451954,467.81924072126645,0.08,4,0,-1.0,14.299999999999999,9.705434782608696,40,14,9,437.9,-1.9,65.71739130434783,24.5,6,13.075000000000003,38.9,0.20652173913043478,22.04754098360656,16.044262295081968,37,18,734.8999999999999,53.721311475409834,88.6,15.18032786885246,9999.0,9999.0,0,0,0.0,0.0,0,0,2080.0,98.8108108108108,111,54,1
ceres,Santa Fe,CENTRO NORTE,2025-2026,-29.8819399,-61.9451954,467.81924072126645,-0.14,1,0,-0.8,13.433695652173917,8.68695652173913,34,5,2,344.79999999999995,-0.8,69.72826086956522,144.8,13,12.31304347826087,36.7,0.25,20.09344262295082,13.98688524590164,25,12,616.2999999999998,57.14754098360656,137.9,14.678688524590166,0.0,0.0,6,42,2080.0,98.8108108108108,1,54,2080.0,87.51041666666667,96,53,1
chacabuco,Buenos Aires,CENTRO SUR,2024-2025,-34.6297043,-60.470185,980.6844760638809,0.08,13,0,-3.2,10.443478260869567,5.959782608695653,13,5,3,181.6,-20.4,71.90217391304348,104.0,15,12.805434782608694,34.8,0.33695652173913043,17.901639344262296,12.024590163934429,10,4,482.1,59.68852459016394,125.8,13.83934426229508,9999.0,9999.0,0,0,0.0,0.0,0,0,0.0,0.0,54,0,0
chacabuco,Buenos Aires,CENTRO SUR,2025-2026,-34.6297043,-60.470185,980.6844760638809,-0.14,3,0,-3.8,10.403260869565218,6.1173913043478265,15,0,0,134.6,-5.5,74.04347826086956,217.7,15,11.830434782608696,34.8,0.3695652173913043,15.86065573770492,10.631147540983607,9,2,365.29999999999995,67.06557377049181,274.40000000000003,13.218032786885248,50.80756155342403,130.730009110471,4,35,0.0,0.0,0,0,0.0,0.0,40,0,0
chaguaral,Salta,NOA,2024-2025,-24.0591633,-64.0045169,327.5528610671369,0.08,0,0,3.6,17.085869565217394,12.371739130434781,64,24,9,653.9999999999999,0.0,54.32608695652174,6.199999999999999,2,11.706521739130435,37.1,0.29347826086956524,24.822950819672137,19.22622950819672,52,39,904.1999999999999,47.622950819672134,108.89999999999999,12.044262295081968,9999.0,9999.0,0,0,0.0,0.0,0,0,27.0,1.6470588235294117,51,6,1
chaguaral,Salta,NOA,2025-2026,-24.0591633,-64.0045169,327.5528610671369,-0.14,0,0,1.2,16.057608695652174,11.770652173913044,63,14,3,566.7,0.0,62.42391304347826,21.3,7,12.168478260869565,48.2,0.43478260869565216,23.359016393442623,17.608196721311472,47,29,814.8999999999999,46.39344262295082,57.0,12.839344262295079,0.0,18.80755561815779,12,31,27.0,1.6470588235294117,1,6,0.0,0.0,5,0,0
chascomús,Buenos Aires,CENTRO SUR,2024-2025,-35.5786869,-58.0138252,1190.8152868267573,0.08,9,0,-2.3,10.217391304347828,6.4510869565217375,15,4,2,156.99999999999994,-12.1,77.72826086956522,184.39999999999998,19,13.176086956521742,36.3,0.2608695652173913,16.42295081967213,11.431147540983606,10,1,392.1,71.80327868852459,92.30000000000001,13.180327868852457,9999.0,9999.0,0,0,0.0,0.0,0,0,7.0,0.6964285714285714,56,15,1
chascomús,Buenos Aires,CENTRO SUR,2025-2026,-35.5786869,-58.0138252,1190.8152868267573,-0.14,2,0,-2.1,9.920652173913043,6.248913043478261,12,0,0,98.6,-3.2,78.8913043478261,207.10000000000002,16,11.868478260869564,44.0,0.30434782608695654,14.995081967213114,10.519672131147543,7,1,312.09999999999997,74.8688524590164,235.29999999999995,12.536065573770491,0.0,282.3507058311005,1,5,7.0,0.6964285714285714,1,15,0.0,0.0,47,0,0
chañar ladeado,Santa Fe,CENTRO SUR,2024-2025,-33.3261137,-62.0352689,786.8602523696169,0.08,11,0,-3.5,11.191304347826089,6.63913043478261,19,5,3,222.3,-17.6,69.17391304347827,53.2,7,12.313043478260871,39.3,0.3804347826086957,18.67049180327869,12.91967213114754,18,4,528.9000000000001,57.540983606557376,147.10000000000002,13.973770491803279,9999.0,9999.0,0,0,0.0,0.0,0,0,0.0,0.0,51,0,0
chañar ladeado,Santa Fe,CENTRO SUR,2025-2026,-33.3261137,-62.0352689,786.8602523696169,-0.14,3,0,-3.5,10.671739130434782,6.381521739130435,14,1,0,148.7,-5.9,73.82608695652173,205.3,18,11.909782608695652,40.8,0.391304347826087,16.716393442622948,10.981967213114752,9,3,416.9,65.22950819672131,163.79999999999998,14.165573770491802,14.832857364028113,47.27472431226498,16,75,0.0,0.0,0,0,0.0,0.0,37,0,0
chilca,Tucumán,NOA,2024-2025,-27.35,-65.28,61.66799446151837,0.08,3,0,-0.8,12.926086956521738,7.4923913043478265,29,1,0,309.50000000000006,-1.1,67.52173913043478,12.7,2,6.420652173913043,21.1,0.03260869565217391,20.82622950819672,14.721311475409836,30,13,660.4,63.36065573770492,262.6,7.349180327868852,9999.0,9999.0,0,0,0.0,0.0,0,0,636.0,137.38983050847455,59,41,1
chilca,Tucumán,NOA,2025-2026,-27.35,-65.28,61.66799446151837,-0.14,0,0,0.1,12.689130434782607,7.483695652173912,20,0,0,272.00000000000006,0.0,73.6195652173913,54.800000000000004,11,5.857608695652174,27.5,0.14130434782608695,20.09344262295082,13.629508196721313,26,7,615.7,59.81967213114754,96.50000000000001,7.395081967213115,0.0,0.0,31,49,636.0,137.38983050847455,1,41,636.0,51.44827586206897,29,24,1
chilibroste,Córdoba,CENTRO SUR,2024-2025,-32.3326684,-62.5108461,667.8425963779616,0.08,11,0,-3.5,11.290217391304349,6.3,15,5,2,227.2,-20.9,70.33695652173913,48.8,7,10.661956521739128,32.1,0.3695652173913043,18.795081967213118,12.542622950819673,20,5,536.6999999999999,59.47540983606557,149.9,11.854098360655739,9999.0,9999.0,0,0,0.0,0.0,0,0,110.0,8.594594594594595,37,3,1
chilibroste,Córdoba,CENTRO SUR,2025-2026,-32.3326684,-62.5108461,667.8425963779616,-0.14,4,0,-3.2,11.129347826086956,6.532608695652174,16,1,0,173.29999999999998,-6.5,72.71739130434783,176.9,18,11.519565217391303,41.0,0.40217391304347827,17.385245901639344,11.314754098360657,14,4,454.69999999999993,63.32786885245902,107.79999999999998,13.491803278688522,0.0,0.0,19,99,110.0,8.594594594594595,1,3,110.0,61.2,5,3,1
chillar,Buenos Aires,CENTRO SUR,2024-2025,-37.3128702,-59.985229,1267.4781139008473,0.08,20,0,-3.4,7.728260869565218,3.9086956521739133,8,1,0,61.400000000000006,-27.799999999999997,74.3586956521739,93.00000000000001,16,15.05,42.8,0.32608695652173914,14.337704918032788,8.798360655737703,5,1,271.80000000000007,64.34426229508196,95.0,14.395081967213113,9999.0,9999.0,0,0,0.0,0.0,0,0,0.0,0.0,53,0,0
chillar,Buenos Aires,CENTRO SUR,2025-2026,-37.3128702,-59.985229,1267.4781139008473,-0.14,10,0,-3.8,7.952173913043477,4.078260869565217,4,0,0,41.699999999999996,-15.799999999999999,76.05434782608695,165.0,18,14.231521739130438,45.8,0.41304347826086957,12.921311475409837,7.80327868852459,0,0,207.0,72.21311475409836,217.8,14.883606557377048,215.7631741068658,430.3930332660405,0,0,0.0,0.0,0,0,0.0,0.0,38,0,0
chivilcoy,Buenos Aires,CENTRO SUR,2024-2025,-34.8969591,-60.0190499,1026.8145750450176,0.08,13,0,-3.3,10.370652173913044,5.955434782608694,13,5,2,176.79999999999998,-22.299999999999997,72.3804347826087,132.79999999999998,17,12.700000000000003,35.0,0.31521739130434784,17.639344262295083,11.801639344262293,12,4,466.0,61.278688524590166,85.10000000000001,13.342622950819672,9999.0,9999.0,0,0,0.0,0.0,0,0,14.0,1.7142857142857142,49,18,1
chivilcoy,Buenos Aires,CENTRO SUR,2025-2026,-34.8969591,-60.0190499,1026.8145750450176,-0.14,2,0,-4.0,10.104347826086956,5.805434782608696,12,0,0,120.50000000000001,-6.4,75.3804347826087,262.5,14,11.633695652173913,38.7,0.3804347826086957,15.434426229508201,10.214754098360658,8,1,340.7000000000001,69.93442622950819,271.80000000000007,12.824590163934426,0.0,175.05796270788937,3,16,14.0,1.7142857142857142,1,18,14.0,0.8936170212765957,47,6,1
christophersen,Santa Fe,CENTRO SUR,2024-2025,-34.1814252,-62.0245275,875.2062141655161,0.08,9,0,-4.0,10.655434782608696,6.115217391304347,16,4,3,190.29999999999998,-21.9,69.26086956521739,58.099999999999994,8,12.56195652173913,39.7,0.3695652173913043,18.524590163934427,12.527868852459015,14,6,520.0,55.59016393442623,101.8,14.470491803278687,9999.0,9999.0,0,0,0.0,0.0,0,0,0.0,0.0,17,0,0
clucellas,Santa Fe,CENTRO NORTE,2024-2025,-31.5242756,-61.720569,624.4743023940138,0.08,6,0,-2.8,12.521739130434785,7.879347826086957,29,9,3,310.7999999999999,-8.1,69.81521739130434,71.2,11,12.342391304347826,36.4,0.2717391304347826,20.11967213114753,14.144262295081967,25,9,617.3,57.21311475409836,106.19999999999999,13.904918032786885,9999.0,9999.0,0,0,0.0,0.0,0,0,0.0,0.0,3,0,0
clucellas,Santa Fe,CENTRO SUR,2024-2025,-31.5242756,-61.720569,624.4743023940138,0.08,6,0,-2.8,12.521739130434785,7.879347826086957,29,9,3,310.7999999999999,-8.1,69.81521739130434,71.2,11,12.342391304347826,36.4,0.2717391304347826,20.11967213114753,14.144262295081967,25,9,617.3,57.21311475409836,106.19999999999999,13.904918032786885,9999.0,9999.0,0,0,0.0,0.0,0,0,83.0,6.745098039215686,51,6,1
clucellas,Santa Fe,CENTRO SUR,2025-2026,-31.5242756,-61.720569,624.4743023940138,-0.14,3,0,-2.5,11.759782608695653,7.336956521739129,19,4,0,219.89999999999998,-4.7,74.42391304347827,236.7,18,11.573913043478262,44.3,0.33695652173913043,17.93606557377049,12.11311475409836,13,4,487.8,64.24590163934427,128.29999999999998,13.516393442622949,0.0,17.078236300821953,30,95,83.0,3.372549019607843,1,6,83.0,8.03448275862069,29,11,1
col alpina,Santiago Del Estero,NEA,2024-2025,-30.0598238,-62.1059232,472.09754723268907,0.08,2,0,-0.9,14.13586956521739,9.568478260869567,41,14,7,423.59999999999997,-1.1,65.6413043478261,24.6,7,13.454347826086956,40.1,0.21739130434782608,21.91147540983607,15.965573770491805,36,18,726.6,53.377049180327866,98.6,15.816393442622948,9999.0,9999.0,0,0,0.0,0.0,0,0,1.0,0.3333333333333333,6,2,0
col. la camila,Santa Fe,NEA,2024-2025,-30.0792473,-60.5632036,581.6954710580894,0.08,2,0,-0.8,14.492391304347828,10.117391304347827,49,16,9,457.0,-0.9,70.84782608695652,30.1,10,12.693478260869565,39.5,0.21739130434782608,21.21475409836066,15.390163934426226,33,15,684.0999999999999,62.278688524590166,78.00000000000001,14.390163934426228,9999.0,9999.0,0,0,0.0,0.0,0,0,2.0,2.0,1,1,0
colonia,,URUGUAY,2024-2025,-34.4698592,-57.8433679,1105.0161015538645,0.08,2,0,-0.6,11.821739130434787,8.810869565217391,36,6,3,235.50000000000003,-0.7,75.6086956521739,201.79999999999998,17,15.993478260869566,45.9,0.2608695652173913,17.245901639344257,12.978688524590167,15,4,442.0000000000001,71.34426229508196,104.80000000000001,15.673770491803278,9999.0,9999.0,0,0,0.0,0.0,0,0,0.0,0.0,2,0,0
colonia,,URUGUAY,2025-2026,-34.4698592,-57.8433679,1105.0161015538645,-0.14,1,0,-1.4,11.039130434782606,7.716304347826087,20,0,0,148.3,-1.4,76.6413043478261,150.5,14,14.969565217391304,44.6,0.358695652173913,15.991803278688522,11.940983606557376,11,2,367.7,72.54098360655738,181.29999999999998,15.831147540983606,48.461879131125755,172.97234882419323,2,7,0.0,0.0,0,0,2.0,0.1818181818181818,11,1,0
colonia,Uruguay,URUGUAY,2024-2025,-32.6706265,-58.3252464,930.5045177913028,0.08,6,0,-2.3,12.320652173913043,8.197826086956521,38,11,3,306.0,-7.6,78.27173913043478,176.5,16,12.692391304347826,38.5,0.21739130434782608,17.988524590163937,12.83606557377049,16,5,487.29999999999995,73.60655737704919,140.3,13.04262295081967,9999.0,9999.0,0,0,0.0,0.0,0,0,6.0,1.2941176470588236,17,5,1
colonia,Uruguay,URUGUAY,2025-2026,-32.6706265,-58.3252464,930.5045177913028,-0.14,2,0,-1.8,11.218478260869563,6.914130434782609,14,1,1,177.70000000000002,-3.1,77.98913043478261,212.8,14,10.750000000000002,31.4,0.30434782608695654,17.126229508196722,11.76393442622951,13,1,438.7,68.91803278688525,180.29999999999998,12.139344262295085,0.0,25.329358487323606,6,17,6.0,1.2941176470588236,1,5,3.0,0.3333333333333333,18,2,0
colonia alpina,Santiago Del Estero,NEA,2024-2025,-30.0598238,-62.1059232,472.09754723268907,0.08,2,0,-0.9,14.13586956521739,9.568478260869567,41,14,7,423.59999999999997,-1.1,65.6413043478261,24.6,7,13.454347826086956,40.1,0.21739130434782608,21.91147540983607,15.965573770491805,36,18,726.6,53.377049180327866,98.6,15.816393442622948,9999.0,9999.0,0,0,0.0,0.0,0,0,1592.0,179.47058823529412,51,31,1
colonia alpina,Santiago Del Estero,NEA,2025-2026,-30.0598238,-62.1059232,472.09754723268907,-0.14,1,0,-0.7,13.242391304347825,8.717391304347826,33,6,1,328.8,-0.7,70.6086956521739,193.79999999999998,15,12.320652173913043,36.5,0.25,19.847540983606553,13.981967213114753,24,12,601.4,58.21311475409836,124.5,14.67049180327869,0.0,0.0,7,52,1592.0,179.47058823529412,1,31,1592.0,95.37837837837836,37,25,1
colonia celina,Entre Ríos,LITORAL,2024-2025,-31.6127841,-60.2736401,717.4410014150872,0.08,4,0,-0.8,13.076086956521738,9.204347826086956,40,11,3,351.0,-2.2,74.16304347826087,94.69999999999999,11,13.194565217391306,40.4,0.22826086956521738,19.96065573770492,14.700000000000001,28,10,607.6,63.31147540983606,143.3,14.850819672131149,9999.0,9999.0,0,0,0.0,0.0,0,0,37.0,4.339622641509434,53,11,1
colonia celina,Entre Ríos,LITORAL,2025-2026,-31.6127841,-60.2736401,717.4410014150872,-0.14,2,0,-1.2,12.357608695652173,8.242391304347827,26,4,0,259.2,-1.4,74.94565217391305,220.8,15,12.35,37.6,0.31521739130434784,18.18360655737705,13.068852459016394,18,6,501.9,65.32786885245902,138.5,14.127868852459015,0.0,17.718049304562417,22,80,37.0,4.339622641509434,1,11,929.0,74.04,50,17,1
colonia tirolesa,Córdoba,CENTRO NORTE,2024-2025,-31.2372536,-64.0666039,505.54660872314565,0.08,9,0,-3.0,10.872826086956522,5.778260869565218,11,2,1,186.0,-13.3,64.16304347826087,19.6,6,10.257608695652173,27.3,0.5,18.772131147540982,12.896721311475408,21,4,535.1,54.278688524590166,183.0,11.60983606557377,9999.0,9999.0,0,0,0.0,0.0,0,0,362.0,28.37037037037037,54,24,1
colonia tirolesa,Córdoba,CENTRO NORTE,2025-2026,-31.2372536,-64.0666039,505.54660872314565,-0.14,3,0,-2.8,11.041304347826088,6.0826086956521745,10,0,0,159.20000000000002,-4.1,65.02173913043478,142.0,11,12.047826086956523,39.7,0.5,17.62295081967213,11.496721311475413,14,3,471.0,55.50819672131148,58.30000000000001,14.122950819672129,0.0,0.0,23,50,362.0,28.37037037037037,1,24,362.0,25.64,50,21,1
colón,Buenos Aires,CENTRO SUR,2024-2025,-33.8969428,-61.0993135,881.5701158265821,0.08,9,0,-3.5,10.85108695652174,6.3097826086956506,18,4,3,207.20000000000002,-21.8,71.1413043478261,94.2,14,12.86304347826087,35.5,0.32608695652173914,18.214754098360654,12.37704918032787,14,5,501.20000000000005,60.34426229508197,96.1,14.2,9999.0,9999.0,0,0,0.0,0.0,0,0,0.0,0.0,57,0,0
colón,Buenos Aires,CENTRO SUR,2025-2026,-33.8969428,-61.0993135,881.5701158265821,-0.14,3,0,-3.0,10.341304347826087,6.122826086956523,16,0,0,135.70000000000002,-5.7,76.33695652173913,232.10000000000002,15,11.673913043478258,37.8,0.391304347826087,16.02622950819672,10.73606557377049,8,3,376.6,69.1311475409836,213.60000000000002,13.616393442622952,20.996933717158292,43.958016445530525,18,52,0.0,0.0,0,0,0.0,0.0,24,0,0
colón,Córdoba,CENTRO NORTE,2024-2025,-31.4368519,-64.1548087,525.4857977058066,0.08,10,0,-3.0,10.831521739130435,5.533695652173913,11,2,0,180.69999999999996,-13.7,64.42391304347827,12.700000000000001,5,9.028260869565218,27.4,0.44565217391304346,19.003278688524592,12.750819672131149,22,4,549.1999999999999,54.08196721311475,142.9,10.572131147540984,9999.0,9999.0,0,0,0.0,0.0,0,0,0.0,0.0,1,0,0
comandante fontana,Formosa,NEA,2024-2025,-25.3335851,-59.6848511,574.4390851687992,0.08,0,0,1.9,18.27934782608696,13.88478260869565,61,43,26,771.5999999999998,0.0,70.78260869565217,103.5,18,11.963043478260868,37.2,0.2391304347826087,24.652459016393447,18.983606557377048,50,32,893.8,62.14754098360656,142.89999999999998,13.224590163934424,9999.0,9999.0,0,0,0.0,0.0,0,0,891.0,79.04444444444445,45,26,1
comandante fontana,Formosa,NEA,2025-2026,-25.3335851,-59.6848511,574.4390851687992,-0.14,0,0,2.0,16.841304347826085,11.882608695652175,59,20,7,639.7,0.0,73.91304347826087,274.6,19,9.77608695652174,29.4,0.11956521739130435,22.277049180327868,16.8672131147541,37,27,748.9000000000001,66.31147540983606,263.09999999999997,11.483606557377051,0.0,0.0,2,12,891.0,79.04444444444445,1,26,1597.0,375.6666666666667,42,41,1
concepcion del bermejo,Chaco,NEA,2024-2025,-26.6003306,-60.9463769,423.11029950202044,0.08,0,0,1.2,17.410869565217393,12.747826086956524,59,36,18,693.6000000000001,0.0,64.93478260869566,79.1,8,12.982608695652175,39.6,0.1956521739130435,23.827868852459016,17.95737704918033,44,31,843.5000000000001,60.704918032786885,96.7,14.349180327868856,9999.0,9999.0,0,0,0.0,0.0,0,0,30.0,3.3777777777777778,45,21,1
concepcion del bermejo,Chaco,NEA,2025-2026,-26.6003306,-60.9463769,423.11029950202044,-0.14,0,0,0.7,15.923913043478258,10.892391304347827,54,16,4,561.3,0.0,70.56521739130434,114.19999999999997,14,11.041304347826086,33.8,0.14130434782608695,21.485245901639342,15.803278688524594,35,21,700.6,63.47540983606557,202.9,13.01311475409836,0.0,25.295206194554094,14,33,30.0,3.3777777777777778,1,21,210.0,30.457142857142856,35,32,1
concepción del bermejo,Chaco,NEA,2024-2025,-26.6003306,-60.9463769,423.11029950202044,0.08,0,0,1.2,17.410869565217393,12.747826086956524,59,36,18,693.6000000000001,0.0,64.93478260869566,79.1,8,12.982608695652175,39.6,0.1956521739130435,23.827868852459016,17.95737704918033,44,31,843.5000000000001,60.704918032786885,96.7,14.349180327868856,9999.0,9999.0,0,0,0.0,0.0,0,0,47.0,18.0,9,6,1
concepción del bermejo,Chaco,NEA,2025-2026,-26.6003306,-60.9463769,423.11029950202044,-0.14,0,0,0.7,15.923913043478258,10.892391304347827,54,16,4,561.3,0.0,70.56521739130434,114.19999999999997,14,11.041304347826086,33.8,0.14130434782608695,21.485245901639342,15.803278688524594,35,21,700.6,63.47540983606557,202.9,13.01311475409836,0.0,25.295206194554094,14,33,47.0,18.0,1,6,108.0,48.333333333333336,3,3,1
concepción del uruguay,Entre Ríos,LITORAL,2024-2025,-32.4851849,-58.2320232,923.1640676250676,0.08,4,0,-1.5,12.602173913043481,8.626086956521737,39,11,4,320.59999999999997,-3.6,78.70652173913044,172.20000000000002,15,12.555434782608694,38.5,0.22826086956521738,18.060655737704923,13.124590163934425,19,5,491.7,75.1311475409836,176.70000000000002,12.849180327868854,9999.0,9999.0,0,0,0.0,0.0,0,0,52.0,8.777777777777779,54,35,1
concepción del uruguay,Entre Ríos,LITORAL,2025-2026,-32.4851849,-58.2320232,923.1640676250676,-0.14,2,0,-1.8,11.382608695652175,7.071739130434783,17,1,1,187.20000000000005,-2.4,78.30434782608695,220.7,17,10.516304347826088,29.4,0.30434782608695654,17.31639344262295,11.965573770491805,12,1,449.50000000000006,69.1311475409836,194.69999999999996,12.08032786885246,0.0,4.620753943274273,6,15,52.0,8.777777777777779,1,35,437.0,78.97777777777777,45,19,1
conesa,Buenos Aires,CENTRO SUR,2024-2025,-33.5957269,-60.3558532,887.2407448392964,0.08,9,0,-3.5,11.208695652173915,6.831521739130435,20,7,3,228.29999999999995,-18.6,73.17391304347827,156.0,14,12.702173913043476,39.7,0.2391304347826087,18.28688524590164,12.637704918032787,15,5,505.5,63.57377049180328,83.4,13.795081967213116,9999.0,9999.0,0,0,0.0,0.0,0,0,27.0,2.693877551020408,49,18,1
conesa,Buenos Aires,CENTRO SUR,2025-2026,-33.5957269,-60.3558532,887.2407448392964,-0.14,4,0,-3.6,10.580434782608698,6.290217391304347,13,1,0,148.9,-5.999999999999999,77.51086956521739,213.59999999999997,15,11.36413043478261,35.7,0.33695652173913043,16.331147540983604,10.99016393442623,11,3,393.8,69.14754098360656,141.9,13.034426229508197,0.0,55.401008617241914,26,60,27.0,2.693877551020408,1,18,27.0,1.3404255319148937,47,7,1
constancia,,URUGUAY,2024-2025,-32.2039074,-58.0058847,919.204852225153,0.08,4,0,-2.6,13.042391304347829,8.882608695652173,39,12,5,357.0999999999999,-7.4,77.32608695652173,117.3,15,12.967391304347828,38.0,0.2391304347826087,18.044262295081968,13.021311475409837,19,6,490.7,76.18032786885246,177.20000000000002,13.070491803278687,9999.0,9999.0,0,0,0.0,0.0,0,0,0.0,0.0,5,0,0
constancia,Uruguay,URUGUAY,2024-2025,-32.2039074,-58.0058847,919.204852225153,0.08,4,0,-2.6,13.042391304347829,8.882608695652173,39,12,5,357.0999999999999,-7.4,77.32608695652173,117.3,15,12.967391304347828,38.0,0.2391304347826087,18.044262295081968,13.021311475409837,19,6,490.7,76.18032786885246,177.20000000000002,13.070491803278687,9999.0,9999.0,0,0,0.0,0.0,0,0,4.0,0.5185185185185185,27,6,0
coronel baigorria,Córdoba,CENTRO SUR,2024-2025,-32.8476673,-64.3611585,677.3123133496744,0.08,7,0,-2.3,9.727173913043478,5.240217391304348,8,2,0,119.39999999999999,-12.299999999999999,65.53260869565217,31.900000000000002,9,10.927173913043477,29.3,0.5217391304347826,17.767213114754096,12.134426229508193,13,2,473.8,53.09836065573771,163.1,13.424590163934425,9999.0,9999.0,0,0,0.0,0.0,0,0,37.0,3.581818181818182,55,8,1
coronel baigorria,Córdoba,CENTRO SUR,2025-2026,-32.8476673,-64.3611585,677.3123133496744,-0.14,3,0,-3.1,10.178260869565218,5.73913043478261,8,0,0,114.6,-5.8,64.97826086956522,130.4,13,13.447826086956525,39.9,0.5652173913043478,16.495081967213114,10.73934426229508,6,0,405.5,56.85245901639344,92.0,16.69344262295082,0.0,40.4058553564582,16,47,37.0,3.581818181818182,1,8,18.0,1.574468085106383,47,15,1
coronel dorrego,Buenos Aires,CENTRO SUR,2024-2025,-38.7187129,-61.288505,1374.446569033,0.08,7,0,-2.2,8.632608695652173,4.874999999999999,10,0,0,88.69999999999999,-6.1,68.65217391304348,125.80000000000001,13,17.45108695652174,40.8,0.3695652173913043,15.272131147540984,9.965573770491803,5,3,324.40000000000003,57.60655737704918,57.599999999999994,17.32786885245902,9999.0,9999.0,0,0,0.0,0.0,0,0,0.0,0.0,56,0,0
coronel dorrego,Buenos Aires,CENTRO SUR,2025-2026,-38.7187129,-61.288505,1374.446569033,-0.14,5,0,-2.7,9.122826086956522,5.282608695652174,6,0,0,82.6,-6.3,68.67391304347827,90.1,17,15.91413043478261,42.8,0.41304347826086957,13.49672131147541,8.683606557377049,3,0,235.29999999999998,68.29508196721312,196.6,17.099999999999998,157.7304763963182,556.1127694669369,0,1,0.0,0.0,0,0,0.0,0.0,41,0,0
coronel moldes,Córdoba,CENTRO SUR,2024-2025,-33.620793,-64.5918428,760.6803463875128,0.08,9,0,-1.8,9.93804347826087,5.335869565217391,6,0,0,124.3,-7.4,66.06521739130434,18.5,5,10.377173913043478,28.7,0.43478260869565216,18.26229508196721,12.396721311475407,17,3,504.00000000000006,53.16393442622951,174.1,12.670491803278688,9999.0,9999.0,0,0,0.0,0.0,0,0,18.0,2.4833333333333334,60,18,1
coronel moldes,Córdoba,CENTRO SUR,2025-2026,-33.620793,-64.5918428,760.6803463875128,-0.14,6,0,-3.2,10.147826086956524,5.2576086956521735,7,0,0,118.0,-10.3,66.3804347826087,112.30000000000001,16,12.427173913043477,32.7,0.45652173913043476,17.009836065573772,10.818032786885245,9,1,434.2,56.32786885245902,104.10000000000001,16.288524590163934,0.0,48.35909798474553,14,33,18.0,2.4833333333333334,1,18,18.0,2.4390243902439024,41,14,1
coronel suarez,Buenos Aires,CENTRO SUR,2024-2025,-37.4585755,-61.9329038,1224.2112756016877,0.08,22,0,-3.7,7.479347826086956,3.1978260869565216,5,0,0,52.099999999999994,-38.7,71.92391304347827,83.1,14,13.082608695652173,41.0,0.33695652173913043,14.562295081967212,8.655737704918034,3,1,285.0,60.77049180327869,103.1,13.011475409836065,9999.0,9999.0,0,0,0.0,0.0,0,0,0.0,0.0,56,0,0
coronel suarez,Buenos Aires,CENTRO SUR,2025-2026,-37.4585755,-61.9329038,1224.2112756016877,-0.14,8,0,-4.2,7.869565217391303,3.5706521739130435,2,0,0,41.60000000000001,-17.200000000000003,73.03260869565217,97.5,11,12.546739130434782,43.2,0.34782608695652173,13.30327868852459,7.891803278688525,0,0,225.7,67.0327868852459,183.20000000000002,14.201639344262299,44.3903226731865,412.66284873921387,1,2,0.0,0.0,0,0,0.0,0.0,50,0,0
corral de bustos,Córdoba,CENTRO SUR,2024-2025,-33.2832106,-62.1863973,776.9550572600542,0.08,11,0,-3.7,10.998913043478263,6.31195652173913,17,6,3,211.89999999999998,-20.9,69.52173913043478,46.0,7,11.932608695652174,39.0,0.3804347826086957,18.6016393442623,12.695081967213117,17,5,524.6999999999999,57.32786885245902,149.1,13.544262295081966,9999.0,9999.0,0,0,0.0,0.0,0,0,46.0,3.9272727272727272,55,9,1
corral de bustos,Córdoba,CENTRO SUR,2025-2026,-33.2832106,-62.1863973,776.9550572600542,-0.14,4,0,-3.4,10.657608695652174,6.333695652173913,14,1,0,147.70000000000002,-6.0,73.68478260869566,229.2,15,11.898913043478261,39.6,0.391304347826087,16.645901639344263,10.975409836065573,9,3,412.40000000000003,65.72131147540983,182.8,14.090163934426227,0.0,55.46729936487005,13,75,46.0,3.9272727272727272,1,9,20.0,2.823529411764706,17,6,1
corralito,Córdoba,CENTRO NORTE,2024-2025,-32.0236774,-64.192075,588.9833645972892,0.08,8,0,-3.3,10.380434782608695,5.295652173913043,9,2,0,154.39999999999998,-14.8,63.75,21.9,6,10.622826086956522,29.1,0.5,18.563934426229505,12.37704918032787,16,2,522.4,52.31147540983606,240.39999999999998,12.136065573770491,9999.0,9999.0,0,0,0.0,0.0,0,0,360.0,37.67272727272727,55,27,1
corralito,Córdoba,CENTRO NORTE,2025-2026,-32.0236774,-64.192075,588.9833645972892,-0.14,3,0,-3.2,10.33695652173913,5.555434782608695,7,0,0,118.8,-5.800000000000001,66.6195652173913,153.9,9,12.129347826086954,38.9,0.5,16.904918032786885,10.701639344262292,9,1,428.20000000000005,57.26229508196721,59.2,14.291803278688525,0.0,0.0,19,54,360.0,37.67272727272727,1,27,360.0,26.425531914893615,47,29,1
corrientes,Corrientes,LITORAL,2024-2025,-27.5246618,-58.7662564,641.5064685318738,0.08,0,0,2.1,17.12717391304348,13.466304347826085,62,42,20,667.9,0.0,74.1086956521739,151.89999999999998,14,14.041304347826086,41.1,0.22826086956521738,22.113114754098362,17.603278688524593,43,27,738.9,72.62295081967213,269.6,14.45737704918033,9999.0,9999.0,0,0,0.0,0.0,0,0,212.0,42.28813559322034,59,38,1
corrientes,Corrientes,LITORAL,2025-2026,-27.5246618,-58.7662564,641.5064685318738,-0.14,0,0,1.5,15.468478260869567,11.360869565217392,58,17,5,517.5,0.0,76.52173913043478,362.4,22,10.703260869565218,31.0,0.10869565217391304,20.321311475409836,16.018032786885247,36,21,629.6000000000001,72.47540983606558,351.09999999999997,12.170491803278688,0.0,0.0,5,16,212.0,42.28813559322034,1,38,89.0,17.833333333333332,48,30,1
crespo,Entre Ríos,LITORAL,2024-2025,-32.0307826,-60.3062469,750.0979512459002,0.08,5,0,-2.0,12.28804347826087,8.27391304347826,32,10,4,303.0,-6.6,74.80434782608695,127.80000000000001,13,13.255434782608695,39.2,0.2391304347826087,19.159016393442624,13.704918032786885,25,7,558.7000000000002,63.63934426229508,101.39999999999999,14.6672131147541,9999.0,9999.0,0,0,0.0,0.0,0,0,34.0,6.8,5,1,1
crespo,Entre Ríos,LITORAL,2025-2026,-32.0307826,-60.3062469,750.0979512459002,-0.14,3,0,-2.7,11.492391304347825,7.206521739130435,19,3,0,205.0,-5.5,76.69565217391305,243.99999999999997,17,12.10217391304348,34.8,0.32608695652173914,17.36229508196721,11.965573770491805,14,5,454.4,66.78688524590164,104.8,13.631147540983605,0.0,21.895017827135764,28,87,34.0,6.8,1,1,4.0,0.2127659574468085,47,3,0
crispi,Santa Fe,CENTRO NORTE,2024-2025,-31.7398619,-62.037608,629.0399278045455,0.08,8,0,-2.7,12.576086956521738,7.95108695652174,27,9,3,312.2,-6.6000000000000005,67.19565217391305,65.60000000000001,8,12.547826086956517,35.4,0.30434782608695654,20.00983606557377,14.091803278688525,25,10,610.6,55.90163934426229,112.1,14.309836065573773,9999.0,9999.0,0,0,0.0,0.0,0,0,646.0,56.61538461538461,52,19,1
crispi,Santa Fe,CENTRO NORTE,2025-2026,-31.7398619,-62.037608,629.0399278045455,-0.14,3,0,-2.5,11.77934782608696,7.283695652173913,21,3,0,219.79999999999998,-4.6,72.54347826086956,219.4,16,11.88804347826087,41.7,0.3804347826086957,18.19672131147541,12.265573770491804,15,6,503.3,60.91803278688525,148.0,14.231147540983606,0.0,0.0,25,98,646.0,56.61538461538461,1,19,646.0,28.38095238095238,42,16,1
cuatro bocas,Santiago Del Estero,NEA,2024-2025,-28.8642078,-61.8575993,400.84401911036593,0.08,1,0,-0.2,15.522826086956524,10.772826086956522,51,19,9,536.6,-0.2,63.41304347826087,18.299999999999997,5,13.496739130434783,39.9,0.1956521739130435,22.64426229508197,16.732786885245904,40,24,771.3,56.721311475409834,166.7,15.485245901639344,9999.0,9999.0,0,0,0.0,0.0,0,0,495.0,43.0,37,13,1
cuatro bocas,Santiago Del Estero,NEA,2025-2026,-28.8642078,-61.8575993,400.84401911036593,-0.14,1,0,-0.1,14.307608695652174,9.439130434782609,41,7,2,417.90000000000003,-0.1,69.08695652173913,143.29999999999998,16,12.527173913043478,36.2,0.1956521739130435,20.714754098360658,14.785245901639346,27,17,653.6,58.49180327868852,80.19999999999999,14.691803278688523,0.0,0.0,8,29,495.0,43.0,1,13,25.0,0.925925925925926,27,1,1
cuatro vientos,Córdoba,CENTRO SUR,2024-2025,-33.0720427,-64.5785213,699.9805937640728,0.08,11,0,-3.2,9.177173913043477,4.449999999999999,3,0,0,96.3,-15.299999999999999,66.58695652173913,29.5,9,10.609782608695653,28.5,0.5,17.30655737704918,11.4327868852459,12,2,445.7,54.83606557377049,259.4,13.021311475409835,9999.0,9999.0,0,0,0.0,0.0,0,0,25.0,5.566666666666666,60,39,1
cuatro vientos,Córdoba,CENTRO SUR,2025-2026,-33.0720427,-64.5785213,699.9805937640728,-0.14,7,0,-3.6,9.559782608695652,4.752173913043479,5,0,0,89.39999999999999,-12.500000000000002,66.58695652173913,122.5,14,12.894565217391301,39.2,0.5108695652173914,16.036065573770493,9.908196721311477,6,0,380.00000000000006,57.557377049180324,94.8,16.534426229508195,0.0,19.772532647279057,16,42,25.0,5.566666666666666,1,39,25.0,1.6595744680851063,47,16,1
cura malal,Buenos Aires,CENTRO SUR,2024-2025,-37.4838787,-62.1044832,1222.9989373584758,0.08,21,0,-3.5,7.4913043478260875,3.1706521739130427,5,0,0,52.599999999999994,-37.9,71.69565217391305,77.99999999999999,12,13.041304347826088,41.8,0.30434782608695654,14.649180327868851,8.668852459016394,3,1,289.4,59.868852459016395,96.8,12.911475409836067,9999.0,9999.0,0,0,0.0,0.0,0,0,0.0,0.0,54,0,0
cura malal,Buenos Aires,CENTRO SUR,2025-2026,-37.4838787,-62.1044832,1222.9989373584758,-0.14,10,0,-5.6,7.771739130434782,3.356521739130435,2,0,0,40.39999999999999,-19.599999999999998,73.1304347826087,84.5,10,12.24021739130435,46.8,0.32608695652173914,13.28360655737705,7.772131147540983,0,0,224.39999999999998,67.0327868852459,167.70000000000002,14.101639344262294,29.399478179668087,415.6482849057304,1,2,0.0,0.0,0,0,0.0,0.0,50,0,0
daireaux,Buenos Aires,CENTRO SUR,2024-2025,-36.6034232,-61.7477079,1137.716411515553,0.08,17,0,-3.5,8.646739130434783,4.229347826086956,8,1,0,87.5,-32.7,71.8695652173913,70.7,10,12.186956521739129,33.4,0.3804347826086957,16.12131147540984,10.19672131147541,7,4,374.29999999999995,59.78688524590164,110.5,13.080327868852462,9999.0,9999.0,0,0,0.0,0.0,0,0,0.0,0.0,55,0,0
daireaux,Buenos Aires,CENTRO SUR,2025-2026,-36.6034232,-61.7477079,1137.716411515553,-0.14,5,0,-4.4,9.128260869565217,4.728260869565218,5,0,0,79.19999999999999,-9.6,71.59782608695652,110.7,13,11.924999999999999,35.8,0.40217391304347827,14.924590163934425,9.291803278688523,3,0,312.3,64.8360655737705,266.7,13.872131147540982,99.2054176245054,318.19073831110916,1,4,0.0,0.0,0,0,0.0,0.0,11,0,0
de isletas,Entre Ríos,LITORAL,2024-2025,-32.1779796,-60.1970273,769.2332008311898,0.08,7,0,-3.0,12.040217391304349,7.885869565217389,31,10,4,286.8,-11.5,75.29347826086956,108.9,13,12.877173913043478,38.7,0.2391304347826087,18.82622950819672,13.298360655737707,23,6,538.4,65.11475409836065,112.39999999999999,14.037704918032784,9999.0,9999.0,0,0,0.0,0.0,0,0,0.0,0.0,3,0,0
desvío la paloma,Santiago Del Estero,NEA,2024-2025,-27.564955,-61.8532774,341.77754205597256,0.08,0,0,0.3,16.50217391304348,11.549999999999997,57,25,11,617.0000000000001,0.0,61.40217391304348,12.299999999999999,5,12.731521739130434,40.6,0.17391304347826086,23.750819672131144,17.54754098360656,41,26,838.8,55.21311475409836,145.99999999999997,14.727868852459016,9999.0,9999.0,0,0,0.0,0.0,0,0,121.0,21.5,36,12,1
desvío la paloma,Santiago Del Estero,NEA,2025-2026,-27.564955,-61.8532774,341.77754205597256,-0.14,0,0,0.3,15.068478260869565,10.248913043478261,48,12,3,482.70000000000005,0.0,69.19565217391305,193.30000000000004,14,11.780434782608697,39.4,0.17391304347826086,21.21803278688525,15.326229508196723,33,18,684.3000000000001,59.622950819672134,164.39999999999998,13.926229508196723,0.0,0.0,16,36,121.0,21.5,1,12,87.0,7.6875,32,9,1
devoto,Córdoba,CENTRO NORTE,2024-2025,-31.4015972,-62.3060014,583.767471519647,0.08,7,0,-2.7,12.77826086956522,8.017391304347823,30,8,3,321.7,-5.5,66.65217391304348,55.599999999999994,8,12.575000000000001,38.0,0.25,20.460655737704908,14.545901639344265,27,13,638.0999999999999,54.459016393442624,117.10000000000002,14.231147540983606,9999.0,9999.0,0,0,0.0,0.0,0,0,365.0,10.066666666666666,60,18,1
devoto,Córdoba,CENTRO NORTE,2025-2026,-31.4015972,-62.3060014,583.767471519647,-0.14,2,0,-2.2,12.068478260869563,7.595652173913044,23,4,0,238.0,-3.9000000000000004,71.8913043478261,246.5,17,11.992391304347828,40.4,0.391304347826087,18.475409836065573,12.52295081967213,15,7,519.6,60.114754098360656,137.70000000000002,14.178688524590166,0.0,0.0,22,85,365.0,10.066666666666666,1,18,365.0,18.74418604651163,43,9,1
diamante,Entre Ríos,LITORAL,2024-2025,-32.0670391,-60.6426494,733.1438677087897,0.08,4,0,-0.9,12.76086956521739,8.828260869565216,35,10,4,323.0,-2.5,75.08695652173913,78.3,12,11.660869565217391,34.9,0.2608695652173913,19.855737704918035,14.627868852459015,30,8,601.2,62.91803278688525,110.3,13.326229508196722,9999.0,9999.0,0,0,0.0,0.0,0,0,835.0,26.686274509803923,51,30,1
diamante,Entre Ríos,LITORAL,2025-2026,-32.0670391,-60.6426494,733.1438677087897,-0.14,2,0,-2.1,11.908695652173913,7.9728260869565215,23,4,0,228.3,-2.6,78.08695652173913,265.8,16,11.81195652173913,42.3,0.3804347826086957,17.695081967213113,12.813114754098361,17,4,472.00000000000006,70.09836065573771,172.1,13.4,0.0,0.0,39,87,835.0,26.686274509803923,1,30,56.0,4.88,50,15,1
don cristobal,Entre Ríos,LITORAL,2024-2025,-32.1526698,-59.8905685,786.1206744767419,0.08,7,0,-3.3,12.327173913043477,8.007608695652173,33,10,3,308.1,-12.1,75.02173913043478,128.90000000000003,15,12.695652173913041,40.3,0.2391304347826087,18.873770491803274,13.295081967213113,22,6,541.3000000000001,66.36065573770492,96.9,13.859016393442621,9999.0,9999.0,0,0,0.0,0.0,0,0,196.0,13.274725274725276,91,41,1
don cristobal,Entre Ríos,LITORAL,2025-2026,-32.1526698,-59.8905685,786.1206744767419,-0.14,3,0,-2.8,11.518478260869562,6.932608695652175,17,3,0,206.29999999999998,-6.199999999999999,76.29347826086956,244.6,15,11.81521739130435,35.1,0.31521739130434784,17.813114754098358,11.89344262295082,14,5,481.5,63.721311475409834,145.00000000000003,13.922950819672133,0.0,0.0,16,77,196.0,13.274725274725276,1,41,77.0,4.885416666666667,96,50,1
don cristóbal,Entre Ríos,LITORAL,2024-2025,-32.1526698,-59.8905685,786.1206744767419,0.08,7,0,-3.3,12.327173913043477,8.007608695652173,33,10,3,308.1,-12.1,75.02173913043478,128.90000000000003,15,12.695652173913041,40.3,0.2391304347826087,18.873770491803274,13.295081967213113,22,6,541.3000000000001,66.36065573770492,96.9,13.859016393442621,9999.0,9999.0,0,0,0.0,0.0,0,0,3.0,0.24,25,4,0
don luciano,Chaco,NEA,2024-2025,-26.9262074,-60.0484514,511.168986659997,0.08,0,0,1.2,17.311956521739127,12.866304347826087,58,40,19,685.9000000000001,0.0,68.67391304347827,135.1,11,11.839130434782607,36.6,0.22826086956521738,22.94262295081967,17.524590163934427,41,26,789.4999999999999,66.27868852459017,178.50000000000003,12.71967213114754,9999.0,9999.0,0,0,0.0,0.0,0,0,43.0,4.951219512195122,41,21,1
don luciano,Chaco,NEA,2025-2026,-26.9262074,-60.0484514,511.168986659997,-0.14,0,0,1.0,15.551086956521738,10.763043478260867,53,16,5,528.0,0.0,74.67391304347827,174.0,15,10.393478260869566,31.7,0.13043478260869565,20.58852459016393,15.577049180327867,33,18,645.8999999999999,70.72131147540983,304.0,11.89672131147541,0.0,17.62993732556544,8,27,43.0,4.951219512195122,1,21,,,0,0,0
durazno,,URUGUAY,2024-2025,-33.0833329,-56.0833331,1121.5315677123795,0.08,6,0,-2.8,11.693478260869565,7.931521739130434,32,10,3,271.7,-4.9,81.27173913043478,213.9,18,14.452173913043477,38.8,0.2391304347826087,16.64098360655738,11.873770491803278,12,3,405.29999999999995,78.8688524590164,183.5,14.773770491803278,9999.0,9999.0,0,0,0.0,0.0,0,0,0.0,0.0,2,0,0
durazno,,URUGUAY,2025-2026,-33.0833329,-56.0833331,1121.5315677123795,-0.14,3,0,-2.2,10.122826086956522,6.261956521739131,14,1,0,122.0,-3.8000000000000003,82.75,172.9,19,13.071739130434784,42.2,0.2391304347826087,15.631147540983605,10.588524590163933,10,0,352.5999999999999,75.68852459016394,164.6,14.621311475409836,180.0283535300108,215.19513642738866,0,2,0.0,0.0,0,0,1.0,0.25,4,1,0
durazno,Uruguay,URUGUAY,2024-2025,-33.0833329,-56.0833331,1121.5315677123795,0.08,6,0,-2.8,11.693478260869565,7.931521739130434,32,10,3,271.7,-4.9,81.27173913043478,213.9,18,14.452173913043477,38.8,0.2391304347826087,16.64098360655738,11.873770491803278,12,3,405.29999999999995,78.8688524590164,183.5,14.773770491803278,9999.0,9999.0,0,0,0.0,0.0,0,0,0.0,0.0,25,0,0
durazno,Uruguay,URUGUAY,2025-2026,-33.0833329,-56.0833331,1121.5315677123795,-0.14,3,0,-2.2,10.122826086956522,6.261956521739131,14,1,0,122.0,-3.8000000000000003,82.75,172.9,19,13.071739130434784,42.2,0.2391304347826087,15.631147540983605,10.588524590163933,10,0,352.5999999999999,75.68852459016394,164.6,14.621311475409836,180.0283535300108,215.19513642738866,0,2,0.0,0.0,0,0,58.0,9.916666666666666,12,6,1
el abra,Catamarca,NOA,2024-2025,-28.0819035,-65.4294044,144.32757327005547,0.08,3,0,-2.0,12.628260869565217,7.328260869565218,21,0,0,286.6,-3.4,65.8586956521739,17.000000000000004,6,5.423913043478261,19.8,0.07608695652173914,21.126229508196726,14.934426229508194,32,13,678.6999999999999,56.885245901639344,233.39999999999998,6.767213114754099,9999.0,9999.0,0,0,0.0,0.0,0,0,271.0,56.15,60,45,1
el abra,Catamarca,NOA,2025-2026,-28.0819035,-65.4294044,144.32757327005547,-0.14,0,0,0.7,12.705434782608696,7.821739130434783,20,1,0,277.3,0.0,67.77173913043478,31.7,7,4.738043478260869,27.3,0.16304347826086957,19.927868852459017,13.703278688524588,23,9,605.6,54.47540983606557,54.4,6.38688524590164,0.0,0.0,14,40,271.0,56.15,1,45,675.0,122.27659574468083,47,36,1
el araza,Santa Fe,NEA,2024-2025,-29.1321979,-59.947748,577.2498845329904,0.08,0,0,0.2,15.406521739130433,11.216304347826085,55,21,10,529.8,0.0,72.65217391304348,129.20000000000002,8,13.713043478260868,41.5,0.1956521739130435,20.98852459016393,15.78032786885246,36,18,670.3,70.49180327868852,259.29999999999995,14.606557377049178,9999.0,9999.0,0,0,0.0,0.0,0,0,0.0,0.0,2,0,0
el arazá,Santa Fe,NEA,2024-2025,-29.1321979,-59.947748,577.2498845329904,0.08,0,0,0.2,15.406521739130433,11.216304347826085,55,21,10,529.8,0.0,72.65217391304348,129.20000000000002,8,13.713043478260868,41.5,0.1956521739130435,20.98852459016393,15.78032786885246,36,18,670.3,70.49180327868852,259.29999999999995,14.606557377049178,9999.0,9999.0,0,0,0.0,0.0,0,0,0.0,0.0,11,0,0
el bananal,Jujuy,NOA,2024-2025,-24.2780584,-65.2230287,280.43662661923327,0.08,9,0,-3.5,11.714130434782607,5.419565217391304,8,0,0,242.3,-15.200000000000001,63.90217391304348,7.199999999999999,2,8.01304347826087,22.7,0.5108695652173914,19.437704918032782,12.862295081967211,22,2,575.7,58.18032786885246,132.09999999999997,8.767213114754098,9999.0,9999.0,0,0,0.0,0.0,0,0,675.0,57.708333333333336,48,21,1
el bananal,Jujuy,NOA,2025-2026,-24.2780584,-65.2230287,280.43662661923327,-0.14,5,0,-1.4,10.901086956521738,5.306521739130434,6,0,0,156.2,-4.5,74.1304347826087,42.3,7,7.271739130434782,24.0,0.4782608695652174,17.634426229508197,11.352459016393444,12,1,466.69999999999993,60.049180327868854,121.0,8.986885245901638,0.0,0.0,10,30,675.0,57.708333333333336,1,21,675.0,122.36,50,50,1
el bordo,Salta,NOA,2024-2025,-24.6606733,-65.1055563,238.07028029017803,0.08,0,0,0.8,14.18586956521739,8.36413043478261,33,2,0,406.9,0.0,55.09782608695652,0.4,0,9.096739130434784,29.6,0.14130434782608695,21.95245901639344,15.224590163934426,31,15,729.0999999999999,50.049180327868854,92.8,9.819672131147541,9999.0,9999.0,0,0,0.0,0.0,0,0,2800.0,198.8490566037736,53,24,1
el bordo,Salta,NOA,2025-2026,-24.6606733,-65.1055563,238.07028029017803,-0.14,0,0,0.0,13.708695652173914,8.173913043478262,30,0,0,363.9,0.0,62.03260869565217,5.2,1,8.409782608695652,31.0,0.25,20.604918032786887,14.0327868852459,26,10,646.9000000000001,48.18032786885246,31.799999999999997,9.96065573770492,0.0,0.0,19,37,2800.0,198.8490566037736,1,24,2800.0,265.22222222222223,36,16,1
el carmen,Jujuy,NOA,2024-2025,-24.3888414,-65.2615664,268.17966660611313,0.08,8,0,-3.0,11.532608695652174,5.9532608695652165,10,0,0,228.4,-11.3,66.6413043478261,32.5,10,7.509782608695652,21.6,0.07608695652173914,19.50983606557377,13.34590163934426,25,5,580.1000000000003,56.98360655737705,110.89999999999999,8.368852459016395,9999.0,9999.0,0,0,0.0,0.0,0,0,186.0,19.058823529411764,51,45,1
el carmen,Jujuy,NOA,2025-2026,-24.3888414,-65.2615664,268.17966660611313,-0.14,3,0,-1.6,11.271739130434783,5.984782608695654,10,0,0,181.7,-2.1,68.91304347826087,62.50000000000001,13,6.8673913043478265,25.5,0.16304347826086957,17.757377049180327,11.54754098360656,12,1,474.2,57.01639344262295,94.60000000000001,8.373770491803278,0.0,0.0,10,30,186.0,19.058823529411764,1,45,22.0,3.32,50,27,1
el charco,Santiago Del Estero,NOA,2024-2025,-27.2272489,-64.6991261,68.69461960381506,0.08,0,0,0.9,14.079347826086954,8.969565217391304,36,6,0,403.50000000000006,0.0,62.66304347826087,12.9,1,8.581521739130435,25.7,0.25,22.847540983606557,16.783606557377045,43,22,783.7,51.60655737704918,150.20000000000002,10.75081967213115,9999.0,9999.0,0,0,0.0,0.0,0,0,310.0,17.42222222222222,45,33,1
el charco,Santiago Del Estero,NOA,2025-2026,-27.2272489,-64.6991261,68.69461960381506,-0.14,0,0,0.9,13.992391304347823,8.997826086956522,36,2,0,381.4000000000001,0.0,67.58695652173913,36.7,6,9.243478260869567,35.7,0.41304347826086957,22.04262295081967,15.862295081967211,35,22,734.6,48.52459016393443,120.7,12.867213114754097,0.0,0.0,35,55,310.0,17.42222222222222,1,33,310.0,22.97826086956522,46,38,1
el colorado,Formosa,NEA,2024-2025,-26.3083815,-59.3720661,582.1955603337957,0.08,0,0,1.4,17.742391304347827,13.536956521739128,61,43,25,724.4000000000001,0.0,72.01086956521739,190.5,17,13.476086956521739,40.0,0.2717391304347826,22.86229508196722,17.74590163934426,43,28,784.5999999999999,70.32786885245902,214.1,13.87377049180328,9999.0,9999.0,0,0,0.0,0.0,0,0,31.0,6.222222222222222,45,31,1
el colorado,Formosa,NEA,2025-2026,-26.3083815,-59.3720661,582.1955603337957,-0.14,0,0,1.4,15.978260869565215,11.172826086956523,56,20,5,564.8,0.0,76.34782608695652,342.3,22,10.055434782608696,32.7,0.13043478260869565,20.95737704918033,16.022950819672136,34,20,668.3999999999997,72.22950819672131,301.4,11.478688524590162,0.0,101.56200428065677,2,17,31.0,6.222222222222222,1,31,891.0,24.92,50,31,1
el colorado,Santiago Del Estero,NEA,2024-2025,-27.9146149,-62.1771313,323.2250161447096,0.08,0,0,1.4,16.307608695652174,11.642391304347827,56,23,12,599.0,0.0,61.17391304347826,7.699999999999999,2,13.608695652173912,40.0,0.18478260869565216,23.632786885245896,17.811475409836067,43,30,831.6,54.65573770491803,144.8,15.837704918032788,9999.0,9999.0,0,0,0.0,0.0,0,0,8.0,1.1428571428571428,35,8,1
el colorado,Santiago Del Estero,NEA,2025-2026,-27.9146149,-62.1771313,323.2250161447096,-0.14,0,0,0.7,15.02934782608696,10.341304347826087,46,12,4,478.09999999999997,0.0,68.19565217391305,115.79999999999998,15,11.833695652173914,33.7,0.21739130434782608,21.28688524590164,15.447540983606554,33,20,688.5,58.80327868852459,101.7,13.995081967213116,0.0,36.92335265456752,14,34,8.0,1.1428571428571428,1,8,44.0,5.185185185185185,27,4,1
el divisorio,Buenos Aires,CENTRO SUR,2024-2025,-38.3246784,-61.4504587,1328.4355890206189,0.08,12,0,-3.0,7.895652173913044,4.169565217391304,7,0,0,67.2,-18.2,69.33695652173913,121.8,14,16.55652173913044,40.4,0.44565217391304346,14.742622950819673,9.598360655737707,7,3,294.80000000000007,57.19672131147541,73.5,16.84426229508197,9999.0,9999.0,0,0,0.0,0.0,0,0,0.0,0.0,3,0,0
el fortin,Santa Fe,CENTRO NORTE,2024-2025,-32.8922185,-60.7941236,799.443341742735,0.08,4,0,-2.0,11.970652173913043,7.768478260869566,27,9,3,269.0,-5.3,72.02173913043478,82.9,12,11.985869565217392,37.9,0.2391304347826087,19.07540983606557,13.609836065573772,25,6,553.6,62.47540983606557,108.4,13.11311475409836,9999.0,9999.0,0,0,0.0,0.0,0,0,0.0,0.0,1,0,0
el fortín,Córdoba,CENTRO NORTE,2024-2025,-31.9697703,-62.3003476,639.7469657168213,0.08,8,0,-3.4,12.130434782608695,7.418478260869565,24,9,3,279.00000000000006,-12.7,67.8586956521739,64.1,7,10.531521739130433,30.8,0.33695652173913043,19.537704918032784,13.675409836065574,24,9,581.8,57.114754098360656,99.9,11.868852459016393,9999.0,9999.0,0,0,0.0,0.0,0,0,324.0,35.74418604651163,43,13,1
el fortín,Córdoba,CENTRO NORTE,2025-2026,-31.9697703,-62.3003476,639.7469657168213,-0.14,3,0,-3.1,11.641304347826088,7.039130434782607,18,3,0,208.5,-5.5,71.3804347826087,211.9,15,11.396739130434783,40.9,0.41304347826086957,17.922950819672135,11.87377049180328,14,4,486.4,61.540983606557376,113.19999999999999,13.404918032786886,0.0,0.0,28,100,324.0,35.74418604651163,1,13,21.0,2.282051282051282,39,13,1
el fortín,Santa Fe,CENTRO NORTE,2024-2025,-32.8922185,-60.7941236,799.443341742735,0.08,4,0,-2.0,11.970652173913043,7.768478260869566,27,9,3,269.0,-5.3,72.02173913043478,82.9,12,11.985869565217392,37.9,0.2391304347826087,19.07540983606557,13.609836065573772,25,6,553.6,62.47540983606557,108.4,13.11311475409836,9999.0,9999.0,0,0,0.0,0.0,0,0,0.0,0.0,8,0,0
el galpón,Salta,NOA,2024-2025,-25.3806631,-64.6515946,167.0544306065906,0.08,2,0,-0.6,14.572826086956523,8.617391304347825,38,3,0,441.0,-0.7,61.45652173913044,5.2,1,8.618478260869566,29.0,0.32608695652173914,23.31639344262295,16.92950819672131,42,25,812.3000000000001,50.34426229508197,112.7,10.257377049180329,9999.0,9999.0,0,0,0.0,0.0,0,0,2238.0,320.2333333333333,60,48,1
el galpón,Salta,NOA,2025-2026,-25.3806631,-64.6515946,167.0544306065906,-0.14,2,0,-0.9,13.88586956521739,7.943478260869566,29,2,0,374.9,-1.1,67.3586956521739,36.2,6,8.02717391304348,38.2,0.3695652173913043,21.67049180327869,14.906557377049179,34,14,711.8999999999999,48.83606557377049,30.1,10.180327868852459,0.0,0.0,19,52,2238.0,320.2333333333333,1,48,2238.0,150.9387755102041,49,43,1
el mojón,Santiago Del Estero,NOA,2024-2025,-26.0926866,-64.30926,118.53206294745,0.08,0,0,1.6,15.89891304347826,10.530434782608696,55,11,3,554.1999999999999,0.0,56.28260869565217,7.7,2,12.069565217391306,36.2,0.40217391304347827,24.231147540983606,18.19344262295082,49,29,868.0999999999999,48.83606557377049,127.0,13.273770491803282,9999.0,9999.0,0,0,0.0,0.0,0,0,895.0,93.23684210526316,38,24,1
el mojón,Santiago Del Estero,NOA,2025-2026,-26.0926866,-64.30926,118.53206294745,-0.14,0,0,1.6,15.32934782608696,10.295652173913044,50,9,1,499.09999999999997,0.0,62.80434782608695,29.4,6,11.482608695652175,36.5,0.4891304347826087,22.6688524590164,16.51967213114754,40,27,772.8,48.18032786885246,24.6,12.94590163934426,0.0,0.0,25,62,895.0,93.23684210526316,1,24,895.0,250.0909090909091,11,11,1
el naranjo,Formosa,NEA,2024-2025,-24.2858042,-61.0466353,501.72747603828253,0.08,0,0,2.7,19.271739130434785,14.343478260869567,63,45,28,855.5,0.0,62.07608695652174,64.6,12,11.930434782608698,40.2,0.2608695652173913,27.02622950819672,20.78524590163934,54,43,1038.6000000000001,49.68852459016394,88.30000000000001,13.704918032786887,9999.0,9999.0,0,0,0.0,0.0,0,0,1.0,0.5454545454545454,11,6,0
el palomar,Santiago Del Estero,NOA,2024-2025,-26.8850922,-64.6014054,60.13776105794552,0.08,1,0,-0.8,14.646739130434785,9.149999999999999,46,5,0,450.09999999999997,-0.8,61.41304347826087,9.2,2,9.08695652173913,30.1,0.2717391304347826,23.42950819672132,17.26229508196721,43,26,819.1999999999999,50.98360655737705,162.59999999999997,11.044262295081968,9999.0,9999.0,0,0,0.0,0.0,0,0,920.0,228.45,60,39,1
el palomar,Santiago Del Estero,NOA,2025-2026,-26.8850922,-64.6014054,60.13776105794552,-0.14,0,0,1.0,14.514130434782611,9.140217391304347,43,2,0,425.3,0.0,65.70652173913044,48.3,7,10.043478260869565,35.9,0.3804347826086957,22.53770491803279,16.31639344262295,36,27,764.8,47.114754098360656,88.80000000000003,13.213114754098363,0.0,0.0,36,59,920.0,228.45,1,39,672.0,56.53846153846154,39,19,1
el trébol,Santa Fe,CENTRO NORTE,2024-2025,-32.1972868,-61.7099311,688.5462473580872,0.08,7,0,-2.8,12.079347826086954,7.5260869565217385,26,9,3,278.6000000000001,-10.2,69.19565217391305,73.4,8,12.465217391304348,36.0,0.29347826086956524,19.393442622950822,13.552459016393444,23,6,572.9999999999999,58.16393442622951,87.5,13.977049180327871,9999.0,9999.0,0,0,0.0,0.0,0,0,118.0,5.914634146341464,82,17,1
el trébol,Santa Fe,CENTRO NORTE,2025-2026,-32.1972868,-61.7099311,688.5462473580872,-0.14,3,0,-2.2,11.320652173913043,6.944565217391304,16,2,0,189.6,-4.7,74.34782608695652,235.50000000000003,18,11.572826086956525,43.7,0.358695652173913,17.52950819672131,11.663934426229508,13,3,463.90000000000003,64.09836065573771,119.7,13.696721311475411,0.0,0.0,28,97,118.0,2.957317073170732,1,17,118.0,2.4833333333333334,60,9,1
el trébol,Santa Fe,CENTRO SUR,2024-2025,-32.1972868,-61.7099311,688.5462473580872,0.08,7,0,-2.8,12.079347826086954,7.5260869565217385,26,9,3,278.6000000000001,-10.2,69.19565217391305,73.4,8,12.465217391304348,36.0,0.29347826086956524,19.393442622950822,13.552459016393444,23,6,572.9999999999999,58.16393442622951,87.5,13.977049180327871,9999.0,9999.0,0,0,0.0,0.0,0,0,0.0,0.0,6,0,0
el tunal,Salta,NOA,2024-2025,-25.253895,-64.395205,189.79421494345306,0.08,0,0,1.7,15.041304347826088,9.429347826086957,43,6,0,477.4,0.0,59.83695652173913,6.9,2,9.02391304347826,29.0,0.32608695652173914,23.506557377049177,17.275409836065574,44,27,823.9,50.39344262295082,109.29999999999998,10.739344262295083,9999.0,9999.0,0,0,0.0,0.0,0,0,957.0,82.01851851851852,54,24,1
el tunal,Salta,NOA,2025-2026,-25.253895,-64.395205,189.79421494345306,-0.14,0,0,0.8,14.741304347826086,9.447826086956521,43,2,0,447.7,0.0,65.1195652173913,37.599999999999994,8,8.931521739130433,34.3,0.32608695652173914,22.434426229508198,16.190163934426227,41,20,758.4999999999999,47.0655737704918,49.5,11.580327868852459,0.0,0.0,21,52,957.0,82.01851851851852,1,24,957.0,79.09677419354838,31,31,1
el tío,Córdoba,CENTRO NORTE,2024-2025,-31.3815586,-62.8289642,559.0685655453865,0.08,7,0,-3.0,12.303260869565216,7.58804347826087,25,7,2,281.9,-7.6,66.6086956521739,45.4,5,11.382608695652175,31.9,0.32608695652173914,19.9672131147541,14.070491803278689,25,12,607.9999999999999,55.950819672131146,115.8,12.739344262295083,9999.0,9999.0,0,0,0.0,0.0,0,0,297.0,23.627906976744185,43,18,1
el tío,Córdoba,CENTRO NORTE,2025-2026,-31.3815586,-62.8289642,559.0685655453865,-0.14,2,0,-1.6,11.78478260869565,7.380434782608697,20,3,0,215.4,-3.2,71.66304347826087,193.10000000000002,17,11.650000000000002,39.8,0.43478260869565216,18.44098360655737,12.48688524590164,16,5,517.3000000000001,59.32786885245902,116.2,13.945901639344264,0.0,0.0,18,82,297.0,23.627906976744185,1,18,629.0,36.72727272727273,44,18,1
embarcación,Salta,NOA,2024-2025,-23.2101359,-64.0973737,414.34301114376393,0.08,0,0,1.9,17.32282608695652,11.632608695652175,62,28,2,674.8000000000001,0.0,58.83695652173913,14.8,2,7.030434782608695,25.6,0.08695652173913043,25.509836065573772,19.124590163934425,50,37,946.0999999999999,50.21311475409836,62.800000000000004,8.742622950819673,9999.0,9999.0,0,0,0.0,0.0,0,0,1531.0,188.82142857142856,56,47,1
embarcación,Salta,NOA,2025-2026,-23.2101359,-64.0973737,414.34301114376393,-0.14,0,0,1.2,15.858695652173916,10.755434782608695,52,13,1,547.9,0.0,70.77173913043478,17.5,5,6.398913043478261,37.9,0.25,23.67868852459016,17.763934426229515,43,32,834.4,52.08196721311475,36.4,8.504918032786884,0.0,0.0,5,20,1531.0,188.82142857142856,1,47,592.0,24.170731707317078,41,24,1
emilia,Santa Fe,CENTRO NORTE,2024-2025,-33.747517,-61.9676859,832.4088439260631,0.08,11,0,-4.0,10.911956521739128,6.322826086956521,17,5,3,207.8,-20.2,69.3804347826087,65.10000000000001,11,13.018478260869566,38.5,0.3804347826086957,18.572131147540983,12.69016393442623,18,4,523.0,57.114754098360656,138.5,14.726229508196718,9999.0,9999.0,0,0,0.0,0.0,0,0,59.0,7.627118644067797,59,23,1
emilia,Santa Fe,CENTRO NORTE,2025-2026,-33.747517,-61.9676859,832.4088439260631,-0.14,4,0,-3.5,10.455434782608696,6.306521739130437,14,1,0,135.3,-5.5,74.92391304347827,209.7,13,11.996739130434786,37.8,0.42391304347826086,16.331147540983604,10.988524590163935,9,3,393.50000000000006,67.68852459016394,172.69999999999996,14.111475409836066,0.0,0.0,12,61,108.0,13.336286594761171,1,38,572.0,76.96,50,19,1
emilia,Santa Fe,NEA,2024-2025,-33.747517,-61.9676859,832.4088439260631,0.08,11,0,-4.0,10.911956521739128,6.322826086956521,17,5,3,207.8,-20.2,69.3804347826087,65.10000000000001,11,13.018478260869566,38.5,0.3804347826086957,18.572131147540983,12.69016393442623,18,4,523.0,57.114754098360656,138.5,14.726229508196718,9999.0,9999.0,0,0,0.0,0.0,0,0,108.0,19.045454545454547,44,15,1
emilia,Santa Fe,NEA,2025-2026,-33.747517,-61.9676859,832.4088439260631,-0.14,4,0,-3.5,10.455434782608696,6.306521739130437,14,1,0,135.3,-5.5,74.92391304347827,209.7,13,11.996739130434786,37.8,0.42391304347826086,16.331147540983604,10.988524590163935,9,3,393.50000000000006,67.68852459016394,172.69999999999996,14.111475409836066,0.0,0.0,12,61,108.0,13.336286594761171,1,38,54.0,4.305555555555555,36,13,1
esperanza,Santa Fe,CENTRO NORTE,2024-2025,-31.448994,-60.9304048,662.5951144552803,0.08,4,0,-0.9,13.045652173913044,8.705434782608695,35,10,5,344.29999999999995,-2.1,71.75,82.10000000000001,9,12.591304347826085,38.2,0.21739130434782608,20.506557377049177,14.577049180327869,27,11,640.9000000000001,58.75409836065574,127.7,14.501639344262296,9999.0,9999.0,0,0,0.0,0.0,0,0,322.0,60.2962962962963,54,30,1
esperanza,Santa Fe,CENTRO NORTE,2025-2026,-31.448994,-60.9304048,662.5951144552803,-0.14,3,0,-4.1,11.970652173913043,7.541304347826086,23,3,0,235.10000000000002,-6.199999999999999,76.43478260869566,279.59999999999997,18,11.363043478260874,45.1,0.2826086956521739,18.096721311475406,12.380327868852458,14,4,496.9,66.57377049180327,161.29999999999998,13.278688524590164,0.0,0.0,33,82,322.0,60.2962962962963,1,30,1032.0,79.69767441860465,43,21,1
esquina,Corrientes,LITORAL,2024-2025,-30.0170807,-59.5340904,659.425405777686,0.08,0,0,1.0,14.903260869565216,11.179347826086957,52,23,9,480.29999999999995,0.0,75.08695652173913,95.3,12,13.522826086956524,39.6,0.20652173913043478,20.527868852459015,15.663934426229508,35,17,642.1999999999999,71.24590163934427,169.20000000000002,14.10327868852459,9999.0,9999.0,0,0,0.0,0.0,0,0,59.0,6.416666666666667,24,11,1
esquina,Corrientes,LITORAL,2025-2026,-30.0170807,-59.5340904,659.425405777686,-0.14,1,0,-0.2,13.628260869565217,9.534782608695652,37,4,2,358.4,-0.2,76.1413043478261,155.9,17,11.304347826086957,34.1,0.21739130434782608,19.091803278688523,14.237704918032785,26,9,555.1,69.36065573770492,250.2,12.611475409836066,0.0,30.681424661438577,9,24,59.0,6.416666666666667,1,11,12.0,0.9534883720930232,43,8,1
eufrasio loza,Córdoba,CENTRO NORTE,2024-2025,-29.9257056,-63.5896591,381.59544231490514,0.08,6,0,-1.9,13.261956521739126,8.15,30,7,2,353.00000000000006,-5.5,58.02173913043478,48.2,8,12.342391304347826,41.4,0.34782608695652173,20.932786885245903,14.50327868852459,25,11,666.9,51.557377049180324,165.5,14.01311475409836,9999.0,9999.0,0,0,0.0,0.0,0,0,772.0,36.1,50,15,1
eufrasio loza,Córdoba,CENTRO NORTE,2025-2026,-29.9257056,-63.5896591,381.59544231490514,-0.14,2,0,-0.6,12.583695652173914,7.856521739130434,31,1,0,272.50000000000006,-1.0,64.8804347826087,170.79999999999998,14,10.59891304347826,40.7,0.358695652173913,19.549180327868857,12.909836065573773,20,7,583.9,53.295081967213115,39.4,12.672131147540984,0.0,0.0,9,37,772.0,36.1,1,15,772.0,62.42553191489362,47,24,1
feliciano,Entre Ríos,LITORAL,2024-2025,-31.7456578,-60.5230575,712.6997155799551,0.08,5,0,-1.3,12.853260869565217,8.983695652173912,41,10,4,332.0,-3.7,74.66304347826087,103.39999999999999,13,12.532608695652174,38.1,0.1956521739130435,19.767213114754096,14.62295081967213,30,9,595.8,63.9344262295082,161.1,14.227868852459016,9999.0,9999.0,0,0,0.0,0.0,0,0,86.0,5.178571428571429,56,24,1
feliciano,Entre Ríos,LITORAL,2025-2026,-31.7456578,-60.5230575,712.6997155799551,-0.14,1,0,-0.7,12.280434782608692,8.511956521739132,30,4,0,250.79999999999995,-0.7,77.0,242.29999999999998,16,11.65326086956522,41.6,0.2608695652173913,18.34590163934427,13.462295081967213,19,7,510.8999999999999,65.75409836065573,130.99999999999997,13.488524590163932,0.0,1.5457050964672068,29,83,86.0,5.178571428571429,1,24,86.0,8.148936170212766,47,19,1
ferré,Buenos Aires,CENTRO SUR,2024-2025,-34.1257562,-61.1338078,902.7731869540314,0.08,12,0,-3.5,10.543478260869565,6.05,15,4,3,190.1,-24.6,71.51086956521739,106.0,15,12.69782608695652,34.1,0.32608695652173914,18.00655737704918,12.088524590163933,11,4,488.7,59.967213114754095,113.7,13.986885245901638,9999.0,9999.0,0,0,0.0,0.0,0,0,11.0,0.3761467889908257,109,12,1
ferré,Buenos Aires,CENTRO SUR,2025-2026,-34.1257562,-61.1338078,902.7731869540314,-0.14,3,0,-3.1,10.233695652173914,6.0271739130434785,15,0,0,128.2,-6.300000000000001,75.67391304347827,236.8,14,11.82391304347826,35.9,0.3804347826086957,15.745901639344263,10.537704918032786,7,3,359.9,69.59016393442623,330.6,13.559016393442622,0.0,69.2676679048738,14,46,11.0,0.3761467889908257,1,12,11.0,0.6101694915254238,59,8,1
fraile pintado,Jujuy,NOA,2024-2025,-23.9425671,-64.8023369,320.2332904470046,0.08,0,0,3.0,16.155434782608694,10.264130434782608,53,6,1,573.6999999999999,0.0,56.58695652173913,6.5,1,8.20217391304348,20.1,0.5978260869565217,24.14426229508197,17.680327868852455,46,31,862.8000000000001,50.91803278688525,56.1,9.398360655737704,9999.0,9999.0,0,0,0.0,0.0,0,0,40.0,9.26530612244898,49,43,1
fraile pintado,Jujuy,NOA,2025-2026,-23.9425671,-64.8023369,320.2332904470046,-0.14,0,0,1.9,14.73260869565217,9.729347826086956,46,3,0,449.8,0.0,70.07608695652173,10.7,3,7.26304347826087,26.0,0.6086956521739131,22.347540983606567,16.29344262295082,36,24,753.1999999999998,51.67213114754098,69.89999999999999,9.58688524590164,0.0,54.01783615932832,14,30,40.0,9.26530612244898,1,43,18.0,5.434782608695652,46,34,1
freyre,Córdoba,CENTRO NORTE,2024-2025,-31.1645209,-62.0963059,571.4715386269133,0.08,5,0,-2.7,12.898913043478261,8.232608695652173,31,10,3,332.59999999999997,-4.5,67.29347826086956,43.1,7,12.714130434782613,35.7,0.25,20.65081967213115,14.729508196721314,29,12,649.6999999999998,54.622950819672134,182.3,14.39344262295082,9999.0,9999.0,0,0,0.0,0.0,0,0,346.0,47.3,60,24,1
freyre,Córdoba,CENTRO NORTE,2025-2026,-31.1645209,-62.0963059,571.4715386269133,-0.14,3,0,-2.4,11.945652173913047,7.6326086956521735,21,4,0,231.00000000000003,-3.6999999999999997,74.20652173913044,213.4,16,11.667391304347825,40.3,0.33695652173913043,18.273770491803276,12.504918032786884,15,9,507.80000000000007,62.68852459016394,113.5,13.619672131147539,0.0,0.0,18,87,346.0,47.3,1,24,346.0,36.765957446808514,47,27,1
frias,Santiago Del Estero,NOA,2024-2025,-28.6377023,-65.1288391,204.4631748000374,0.08,2,0,-0.5,13.618478260869562,8.21195652173913,26,5,0,369.3,-0.9,57.95652173913044,7.2,3,9.977173913043478,30.0,0.6195652173913043,21.980327868852456,15.534426229508197,33,18,730.8,50.98360655737705,197.80000000000004,11.167213114754102,9999.0,9999.0,0,0,0.0,0.0,0,0,1657.0,167.126213592233,103,60,1
frias,Santiago Del Estero,NOA,2025-2026,-28.6377023,-65.1288391,204.4631748000374,-0.14,1,0,-0.6,13.392391304347825,8.161956521739132,28,1,0,330.59999999999997,-0.6,63.06521739130435,41.0,6,11.08804347826087,32.5,0.5978260869565217,21.134426229508197,14.467213114754099,31,14,679.2,47.50819672131148,36.400000000000006,13.1672131147541,0.0,0.0,5,30,1657.0,167.126213592233,1,60,1657.0,95.88157894736842,76,41,1
frías,Santiago Del Estero,NOA,2024-2025,-28.6377023,-65.1288391,204.4631748000374,0.08,2,0,-0.5,13.618478260869562,8.21195652173913,26,5,0,369.3,-0.9,57.95652173913044,7.2,3,9.977173913043478,30.0,0.6195652173913043,21.980327868852456,15.534426229508197,33,18,730.8,50.98360655737705,197.80000000000004,11.167213114754102,9999.0,9999.0,0,0,0.0,0.0,0,0,7.0,5.0,2,2,1
gancedo,Chaco,NEA,2024-2025,-27.4907695,-61.6764798,356.98771619665797,0.08,0,0,0.2,16.771739130434785,11.72391304347826,57,28,12,640.6,0.0,61.40217391304348,20.3,4,12.664130434782608,44.5,0.21739130434782608,23.85081967213115,17.683606557377047,41,28,844.8999999999999,56.049180327868854,125.9,14.39016393442623,9999.0,9999.0,0,0,0.0,0.0,0,0,21.0,1.105263157894737,19,1,1
gancedo,Chaco,NEA,2025-2026,-27.4907695,-61.6764798,356.98771619665797,-0.14,0,0,0.2,15.35,10.392391304347823,48,14,3,507.5,0.0,68.97826086956522,169.5,15,11.430434782608698,34.7,0.1956521739130435,21.345901639344262,15.480327868852456,36,19,692.1,60.18032786885246,131.9,13.532786885245903,0.0,19.28646107141502,17,36,21.0,1.105263157894737,1,1,970.0,32.93333333333333,30,10,1
garmendia,Tucumán,NOA,2024-2025,-26.8383727,-65.1800307,4.704560952642405,0.08,3,0,-0.9,12.349999999999998,6.756521739130435,18,0,0,265.1000000000001,-1.9,71.53260869565217,24.299999999999997,9,5.656521739130436,23.2,0.14130434782608695,20.80819672131147,14.496721311475412,27,14,659.3000000000002,62.47540983606557,198.4,7.216393442622952,9999.0,9999.0,0,0,0.0,0.0,0,0,950.0,166.10526315789474,57,33,1
garmendia,Tucumán,NOA,2025-2026,-26.8383727,-65.1800307,4.704560952642405,-0.14,0,0,0.3,13.415217391304349,8.284782608695652,28,1,0,330.2,0.0,67.18478260869566,47.2,9,5.280434782608695,23.8,0.15217391304347827,20.69180327868853,14.52622950819672,28,12,652.1999999999999,55.63934426229508,103.60000000000001,6.718032786885247,0.0,0.0,35,54,950.0,166.10526315789474,1,33,800.0,101.44186046511628,43,21,1
general arenales,Buenos Aires,CENTRO SUR,2024-2025,-34.3037291,-61.3062916,913.6644079141629,0.08,12,0,-4.2,10.542391304347827,5.947826086956521,14,4,3,190.3,-26.799999999999997,70.51086956521739,85.70000000000002,15,12.490217391304352,35.9,0.34782608695652173,18.298360655737707,12.27540983606557,12,5,506.4,57.85245901639344,106.39999999999999,14.127868852459015,9999.0,9999.0,0,0,0.0,0.0,0,0,0.0,0.0,112,0,0
general arenales,Buenos Aires,CENTRO SUR,2025-2026,-34.3037291,-61.3062916,913.6644079141629,-0.14,5,0,-3.7,10.22608695652174,5.936956521739132,14,0,0,127.69999999999999,-7.6000000000000005,75.3913043478261,216.2,14,11.723913043478262,36.0,0.41304347826086957,15.821311475409836,10.567213114754098,8,3,364.4,69.18032786885246,245.9,13.542622950819673,25.360853693202994,86.83458593505202,8,46,0.0,0.0,0,0,1.0,0.1176470588235294,51,6,0
general cabrera,Córdoba,CENTRO SUR,2024-2025,-32.8143925,-63.8749511,680.8582122083496,0.08,10,0,-2.9,10.06521739130435,5.339130434782609,9,2,0,132.49999999999997,-14.399999999999999,67.8586956521739,30.900000000000002,9,10.268478260869566,27.7,0.5434782608695652,18.18360655737705,12.114754098360656,15,4,499.19999999999993,55.0655737704918,104.3,12.162295081967214,9999.0,9999.0,0,0,0.0,0.0,0,0,33.0,2.9272727272727272,55,8,1
general cabrera,Córdoba,CENTRO SUR,2025-2026,-32.8143925,-63.8749511,680.8582122083496,-0.14,5,0,-2.7,10.445652173913045,5.861956521739131,8,0,0,126.6,-5.5,68.15217391304348,154.2,14,12.894565217391307,38.6,0.532608695652174,17.021311475409835,11.037704918032786,8,2,433.50000000000006,58.57377049180328,75.7,15.51639344262295,0.0,43.24469053516754,18,58,33.0,2.9272727272727272,1,8,21.0,2.630434782608696,46,15,1
general dorrego,Buenos Aires,CENTRO SUR,2024-2025,-38.049152,-57.5399387,1441.4013964037845,0.08,2,0,-1.0,9.180434782608696,6.177173913043479,10,1,0,82.1,-1.4,77.18478260869566,182.3,25,17.31521739130435,48.9,0.2608695652173913,13.79672131147541,9.288524590163936,5,1,236.3,75.11475409836065,71.0,16.219672131147544,9999.0,9999.0,0,0,0.0,0.0,0,0,0.0,0.0,1,0,0
general levalle,Córdoba,CENTRO SUR,2024-2025,-34.0074973,-63.923389,810.7099080592026,0.08,8,0,-2.3,9.958695652173915,5.505434782608695,9,0,0,124.0,-11.8,69.6304347826087,34.5,8,10.06195652173913,27.5,0.391304347826087,18.23606557377049,12.355737704918033,14,7,502.4000000000001,55.52459016393443,117.39999999999999,12.3672131147541,9999.0,9999.0,0,0,0.0,0.0,0,0,31.0,1.7636363636363637,55,9,1
general levalle,Córdoba,CENTRO SUR,2025-2026,-34.0074973,-63.923389,810.7099080592026,-0.14,5,0,-3.1,10.208695652173912,5.552173913043478,8,0,0,116.1,-8.2,69.6086956521739,143.4,13,12.35,34.4,0.5108695652173914,16.724590163934426,11.004918032786886,10,2,415.7,61.24590163934426,96.8,15.318032786885247,0.0,41.08183462975337,11,35,31.0,1.7636363636363637,1,9,31.0,2.463414634146341,41,9,1
general madariaga,Buenos Aires,CENTRO SUR,2024-2025,-36.9952343,-57.1369265,1364.1862636570413,0.08,8,0,-3.2,9.38695652173913,5.738043478260869,13,3,0,106.0,-12.0,78.42391304347827,199.20000000000002,16,14.482608695652173,41.8,0.2826086956521739,14.804918032786885,9.685245901639346,7,0,294.59999999999997,73.19672131147541,66.7,14.059016393442622,9999.0,9999.0,0,0,0.0,0.0,0,0,0.0,0.0,49,0,0
general madariaga,Buenos Aires,CENTRO SUR,2025-2026,-36.9952343,-57.1369265,1364.1862636570413,-0.14,3,0,-2.3,9.36413043478261,5.88804347826087,10,0,0,72.60000000000001,-2.8,79.40217391304348,179.60000000000002,20,13.583695652173914,36.3,0.3804347826086957,13.754098360655737,9.263934426229508,5,0,244.7,76.85245901639344,200.10000000000002,14.142622950819671,176.03084292361467,456.0532414854555,0,1,0.0,0.0,0,0,0.0,0.0,46,0,0
general paz,La Pampa,CENTRO SUR,2024-2025,-37.3779168,-64.6104376,1177.5131533149377,0.08,20,0,-3.3,8.122826086956522,3.569565217391304,6,0,0,64.30000000000001,-28.4,65.29347826086956,34.9,9,12.01304347826087,37.6,0.3695652173913043,16.363934426229505,10.216393442622952,6,2,388.2,48.377049180327866,127.30000000000001,13.640983606557375,9999.0,9999.0,0,0,0.0,0.0,0,0,0.0,0.0,1,0,0
general pico,La Pampa,CENTRO SUR,2024-2025,-35.6591085,-63.7576103,994.5491690495883,0.08,17,0,-3.7,9.142391304347827,4.117391304347826,5,0,0,102.2,-32.5,67.09782608695652,40.6,11,10.735869565217392,28.0,0.34782608695652173,17.893442622950822,11.426229508196721,14,4,481.5,49.98360655737705,103.9,13.070491803278687,9999.0,9999.0,0,0,0.0,0.0,0,0,10.0,0.6140350877192983,57,9,1
general pico,La Pampa,CENTRO SUR,2025-2026,-35.6591085,-63.7576103,994.5491690495883,-0.14,6,0,-3.1,9.346739130434782,4.865217391304348,5,0,0,83.9,-10.7,71.5,98.2,8,11.917391304347827,37.9,0.40217391304347827,15.972131147540983,10.295081967213115,10,1,374.8,61.704918032786885,104.30000000000001,15.019672131147543,0.0,224.9368309175045,3,9,10.0,0.6140350877192983,1,9,10.0,0.6739130434782609,46,6,1
general pinedo,Chaco,NEA,2024-2025,-27.3253583,-61.2809988,392.4144132519266,0.08,0,0,0.7,17.029347826086955,12.18695652173913,58,32,14,663.1000000000001,0.0,63.21739130434783,30.099999999999998,7,12.511956521739132,42.3,0.21739130434782608,23.998360655737702,17.890163934426226,43,31,853.9,56.90163934426229,120.3,14.178688524590166,9999.0,9999.0,0,0,0.0,0.0,0,0,186.0,14.707317073170731,41,12,1
general pinedo,Chaco,NEA,2025-2026,-27.3253583,-61.2809988,392.4144132519266,-0.14,0,0,0.7,15.543478260869565,10.696739130434782,52,17,3,525.6,0.0,69.96739130434783,117.80000000000001,16,11.505434782608695,36.2,0.15217391304347827,21.0344262295082,15.516393442622952,34,18,673.1,64.0,223.49999999999997,13.33770491803279,0.0,0.0,16,36,186.0,14.707317073170731,1,12,194.0,33.2,50,41,1
general pizarro,Salta,NOA,2024-2025,-24.2277683,-63.9897804,310.7282783291911,0.08,0,0,1.8,17.317391304347826,12.354347826086956,64,26,7,675.4000000000001,0.0,54.94565217391305,7.5,2,11.681521739130435,35.9,0.32608695652173914,25.199999999999996,19.370491803278686,52,38,927.1999999999998,47.377049180327866,62.099999999999994,12.167213114754102,9999.0,9999.0,0,0,0.0,0.0,0,0,2240.0,140.43396226415095,53,30,1
general pizarro,Salta,NOA,2025-2026,-24.2277683,-63.9897804,310.7282783291911,-0.14,0,0,1.5,16.418478260869566,11.707608695652175,60,16,3,598.7,0.0,62.46739130434783,24.400000000000002,7,12.18478260869565,43.4,0.4673913043478261,23.881967213114752,17.763934426229508,45,31,846.8000000000001,45.59016393442623,68.2,12.90983606557377,0.0,0.0,10,32,2240.0,140.43396226415095,1,30,2240.0,163.0,42,21,1
general roca,Córdoba,CENTRO SUR,2024-2025,-32.7310158,-61.915915,731.6005950185578,0.08,8,0,-3.5,11.754347826086958,7.06304347826087,22,6,3,258.9,-13.7,68.65217391304348,66.3,11,11.428260869565218,37.2,0.358695652173913,19.267213114754092,13.354098360655739,22,5,565.3,56.967213114754095,77.30000000000001,13.273770491803278,9999.0,9999.0,0,0,0.0,0.0,0,0,44.0,6.680851063829787,47,10,1
general roca,Córdoba,CENTRO SUR,2025-2026,-32.7310158,-61.915915,731.6005950185578,-0.14,3,0,-3.3,11.056521739130433,6.583695652173913,17,1,0,174.60000000000002,-5.8,74.01086956521739,212.39999999999995,16,11.455434782608696,42.5,0.391304347826087,17.178688524590164,11.350819672131149,12,3,443.20000000000005,64.73770491803279,148.29999999999998,13.622950819672129,0.0,18.089566449382502,19,94,44.0,6.680851063829787,1,10,32.0,3.108695652173913,46,14,1
general villegas,Buenos Aires,CENTRO SUR,2024-2025,-35.032594,-63.0148473,938.7734283720913,0.08,11,0,-3.1,9.834782608695651,5.199999999999999,10,2,0,139.3,-24.5,67.67391304347827,57.5,10,12.282608695652174,31.7,0.32608695652173914,18.12295081967213,12.098360655737705,15,7,495.8,52.73770491803279,129.6,14.688524590163935,9999.0,9999.0,0,0,0.0,0.0,0,0,4.0,0.4466019417475728,103,18,0
general villegas,Buenos Aires,CENTRO SUR,2025-2026,-35.032594,-63.0148473,938.7734283720913,-0.14,9,0,-3.3,9.555434782608698,5.252173913043478,7,0,0,92.2,-10.500000000000002,73.56521739130434,191.7,11,12.09021739130435,40.7,0.4673913043478261,15.752459016393447,10.481967213114753,10,0,361.0,67.1639344262295,199.10000000000002,14.90327868852459,50.88759500756629,172.1928408794854,4,19,4.0,0.4466019417475728,0,18,4.0,0.4754098360655737,61,14,0
germania,Buenos Aires,CENTRO SUR,2024-2025,-34.5768249,-62.0480101,915.604283547659,0.08,13,0,-4.2,10.23586956521739,5.4750000000000005,14,4,2,173.60000000000002,-32.0,68.96739130434783,73.0,10,12.0,34.0,0.3804347826086957,18.33934426229508,12.068852459016394,13,6,509.1000000000001,54.9344262295082,109.5,13.972131147540983,9999.0,9999.0,0,0,0.0,0.0,0,0,0.0,0.0,45,0,0
germania,Buenos Aires,CENTRO SUR,2025-2026,-34.5768249,-62.0480101,915.604283547659,-0.14,5,0,-3.8,9.908695652173913,5.693478260869565,10,0,0,110.19999999999999,-9.200000000000001,75.30434782608695,255.29999999999998,11,12.082608695652173,37.1,0.44565217391304346,15.69672131147541,10.475409836065575,8,2,357.50000000000006,69.1639344262295,191.2,14.304918032786885,92.51049843141858,92.51049843141858,5,30,0.0,0.0,0,0,0.0,0.0,47,0,0
germania,Santa Fe,CENTRO SUR,2024-2025,-33.85,-62.0,841.7977767634361,0.08,9,0,-3.5,10.894565217391305,6.345652173913044,17,4,2,204.39999999999998,-18.3,68.75,63.0,13,12.882608695652175,38.9,0.3804347826086957,18.603278688524593,12.739344262295083,17,6,524.7999999999998,56.26229508196721,104.19999999999999,14.693442622950817,9999.0,9999.0,0,0,0.0,0.0,0,0,0.0,0.0,12,0,0
gobernador castro,Buenos Aires,CENTRO SUR,2024-2025,-33.6585733,-59.8675097,918.3700968304744,0.08,8,0,-3.2,11.407608695652174,7.144565217391304,24,7,3,233.20000000000002,-12.6,74.34782608695652,140.10000000000002,14,12.693478260869565,36.0,0.25,18.180327868852455,12.770491803278688,15,5,499.00000000000006,66.31147540983606,96.6,13.30327868852459,9999.0,9999.0,0,0,0.0,0.0,0,0,5.0,0.3148148148148148,54,6,1
gobernador castro,Buenos Aires,CENTRO SUR,2025-2026,-33.6585733,-59.8675097,918.3700968304744,-0.14,3,0,-3.5,10.775,6.5076086956521735,13,1,0,156.39999999999998,-5.7,77.21739130434783,216.10000000000002,15,10.997826086956522,33.0,0.31521739130434784,16.627868852459017,11.38032786885246,11,2,409.80000000000007,68.44262295081967,148.1,12.73934426229508,0.0,76.57858320373866,12,52,5.0,0.3148148148148148,1,6,5.0,0.42,50,7,1
godoy,Santa Fe,CENTRO SUR,2024-2025,-32.9650858,-60.7211951,809.952078210056,0.08,6,0,-2.7,11.76630434782609,7.425,23,9,3,259.19999999999993,-8.2,72.65217391304348,88.4,12,11.838043478260868,36.4,0.2391304347826087,18.77868852459016,13.332786885245902,23,5,535.5,63.85245901639344,139.1,12.852459016393443,9999.0,9999.0,0,0,0.0,0.0,0,0,32.0,2.25,60,24,1
godoy,Santa Fe,CENTRO SUR,2025-2026,-32.9650858,-60.7211951,809.952078210056,-0.14,3,0,-3.3,11.058695652173913,6.781521739130435,15,2,0,178.0,-5.3,76.66304347826087,264.20000000000005,15,9.706521739130435,35.3,0.31521739130434784,17.018032786885247,11.686885245901639,12,3,433.3,67.85245901639344,195.39999999999998,11.347540983606557,0.0,3.3080323402230816,34,83,32.0,2.25,1,24,32.0,2.625,24,12,1
gonzález moreno,Buenos Aires,CENTRO SUR,2024-2025,-35.5551806,-63.3799806,988.7469554729488,0.08,16,0,-3.7,9.339130434782607,4.342391304347826,6,0,0,112.8,-32.0,67.05434782608695,30.499999999999996,8,11.744565217391305,32.8,0.33695652173913043,17.82131147540984,11.468852459016396,15,5,477.09999999999997,51.622950819672134,89.9,13.99672131147541,9999.0,9999.0,0,0,0.0,0.0,0,0,1.0,0.0196078431372549,51,1,0
gonzález moreno,Buenos Aires,CENTRO SUR,2025-2026,-35.5551806,-63.3799806,988.7469554729488,-0.14,9,0,-3.3,9.307608695652174,4.7228260869565215,6,0,0,83.6,-13.600000000000001,72.28260869565217,112.69999999999999,10,11.775,45.3,0.391304347826087,15.781967213114754,10.19672131147541,9,0,364.0,64.1639344262295,133.60000000000002,15.02950819672131,36.042306335697056,218.1003167924192,3,9,1.0,0.0196078431372549,0,1,1.0,0.0444444444444444,45,2,0
goya,Corrientes,LITORAL,2024-2025,-29.1444046,-59.2649825,638.3668789665311,0.08,0,0,1.0,15.895652173913044,12.13369565217391,58,26,13,564.8000000000001,0.0,73.81521739130434,141.70000000000002,10,13.636956521739126,43.2,0.21739130434782608,21.03934426229509,16.43606557377049,42,20,673.4,72.80327868852459,167.0,14.024590163934427,9999.0,9999.0,0,0,0.0,0.0,0,0,782.0,51.25714285714286,35,23,1
goya,Corrientes,LITORAL,2025-2026,-29.1444046,-59.2649825,638.3668789665311,-0.14,0,0,0.2,14.203260869565215,10.178260869565218,47,11,2,406.6,0.0,78.28260869565217,223.20000000000002,21,11.016304347826088,31.2,0.14130434782608695,19.481967213114757,14.911475409836067,29,14,578.5999999999999,71.65573770491804,289.90000000000003,12.495081967213117,0.0,0.0,6,20,782.0,51.25714285714286,1,23,782.0,21.82,50,38,1
gualeguay,Entre Ríos,LITORAL,2024-2025,-33.1504259,-59.3106789,905.3683091319411,0.08,8,0,-3.4,11.95978260869565,7.621739130434783,27,10,3,276.8,-16.299999999999997,75.25,157.0,14,12.531521739130437,36.0,0.2608695652173913,18.324590163934428,12.852459016393443,17,5,507.79999999999995,67.91803278688525,173.4,13.104918032786886,9999.0,9999.0,0,0,0.0,0.0,0,0,835.0,24.68553459119497,159,36,1
gualeguay,Entre Ríos,LITORAL,2025-2026,-33.1504259,-59.3106789,905.3683091319411,-0.14,2,0,-2.3,11.032608695652176,6.607608695652174,13,1,0,172.89999999999998,-4.5,78.20652173913044,236.80000000000004,13,11.084782608695651,32.0,0.34782608695652173,16.657377049180326,11.242622950819671,11,2,411.90000000000003,70.47540983606558,155.20000000000002,12.506557377049178,0.0,0.0,7,54,835.0,24.68553459119497,1,36,235.0,3.2595419847328246,131,20,1
gualeguaychú,Entre Ríos,LITORAL,2024-2025,-33.0078908,-58.5109859,944.0763934367028,0.08,6,0,-2.0,12.168478260869565,8.046739130434782,34,11,3,289.6,-7.300000000000001,77.59782608695652,161.4,15,12.549999999999999,37.3,0.20652173913043478,18.267213114754096,13.01311475409836,18,6,504.29999999999995,70.55737704918033,138.70000000000002,13.139344262295081,9999.0,9999.0,0,0,0.0,0.0,0,0,0.0,0.0,28,0,0
gualeguaychú,Entre Ríos,LITORAL,2025-2026,-33.0078908,-58.5109859,944.0763934367028,-0.14,3,0,-2.5,11.174999999999999,6.918478260869564,14,3,1,174.6,-4.8,77.83695652173913,195.0,11,11.15326086956522,31.1,0.31521739130434784,16.954098360655735,11.680327868852457,11,1,429.2,69.40983606557377,196.6,12.421311475409839,26.72114622268059,26.72114622268059,6,25,0.0,0.0,0,0,1.0,1.0,1,1,0
guaminí,Buenos Aires,CENTRO SUR,2024-2025,-37.0109187,-62.422215,1165.1159418006744,0.08,14,0,-3.3,8.632608695652175,4.428260869565218,6,1,0,77.2,-22.1,70.1304347826087,74.59999999999998,12,12.378260869565217,34.0,0.29347826086956524,16.398360655737704,10.731147540983608,8,5,390.3,57.24590163934426,105.4,13.44590163934426,9999.0,9999.0,0,0,0.0,0.0,0,0,2.0,0.1964285714285714,56,8,0
guaminí,Buenos Aires,CENTRO SUR,2025-2026,-37.0109187,-62.422215,1165.1159418006744,-0.14,5,0,-2.2,8.90108695652174,4.711956521739131,6,0,0,69.19999999999999,-6.4,71.52173913043478,86.80000000000001,11,12.231521739130434,38.6,0.3695652173913043,14.845901639344262,9.591803278688525,3,0,306.9,64.57377049180327,162.6,14.87049180327869,65.83719522596459,365.2044567497256,1,6,2.0,0.1964285714285714,0,8,0.0,0.0,42,0,0
guanaco,Buenos Aires,CENTRO SUR,2024-2025,-35.7147753,-61.6495335,1046.917039102979,0.08,12,0,-3.5,9.386956521739132,5.1,11,2,1,120.30000000000001,-25.5,72.67391304347827,61.099999999999994,13,12.11195652173913,33.1,0.358695652173913,17.014754098360658,11.291803278688525,10,5,428.5000000000001,59.98360655737705,72.7,13.139344262295081,9999.0,9999.0,0,0,0.0,0.0,0,0,7.0,0.543859649122807,57,6,1
guanaco,Buenos Aires,CENTRO SUR,2025-2026,-35.7147753,-61.6495335,1046.917039102979,-0.14,4,0,-3.2,9.498913043478263,5.360869565217391,8,0,0,89.3,-7.200000000000001,75.03260869565217,220.7,13,11.771739130434785,36.4,0.40217391304347827,15.240983606557377,10.116393442622948,7,0,330.7,69.0,193.39999999999998,13.488524590163935,0.0,220.67233683660206,2,6,7.0,0.543859649122807,1,6,7.0,0.22,50,3,1
guatimozin,Córdoba,CENTRO SUR,2024-2025,-33.4642953,-62.4381621,787.0933159126859,0.08,10,0,-2.8,11.088043478260872,6.548913043478258,17,4,3,210.6,-14.4,68.31521739130434,43.10000000000001,9,12.119565217391306,37.3,0.391304347826087,18.76393442622951,12.929508196721313,19,6,534.6,55.80327868852459,171.4,13.975409836065571,9999.0,9999.0,0,0,0.0,0.0,0,0,2.0,0.125,56,5,0
guatimozin,Córdoba,CENTRO SUR,2025-2026,-33.4642953,-62.4381621,787.0933159126859,-0.14,3,0,-2.6,10.592391304347824,6.306521739130434,13,1,0,140.5,-4.3,73.06521739130434,243.7,13,11.966304347826087,38.7,0.43478260869565216,16.68688524590164,11.108196721311476,10,3,414.5,65.31147540983606,173.1,14.404918032786885,20.037093435563676,53.76068344396348,11,70,2.0,0.125,0,5,2.0,0.0454545454545454,44,1,0
gálvez,Santa Fe,CENTRO NORTE,2024-2025,-32.0253403,-61.2196794,697.1553605805292,0.08,6,0,-2.3,12.507608695652177,8.146739130434783,29,9,3,306.99999999999994,-5.8,70.55434782608695,73.0,10,12.707608695652175,37.5,0.2717391304347826,20.093442622950825,14.28688524590164,25,10,615.7,57.21311475409836,107.19999999999999,14.60983606557377,9999.0,9999.0,0,0,0.0,0.0,0,0,149.0,13.607142857142858,112,33,1
gálvez,Santa Fe,CENTRO NORTE,2025-2026,-32.0253403,-61.2196794,697.1553605805292,-0.14,3,0,-2.1,11.652173913043478,7.381521739130435,21,3,0,211.3,-3.6,75.8695652173913,246.60000000000002,18,11.657608695652174,44.1,0.32608695652173914,17.652459016393443,12.20655737704918,13,4,470.50000000000006,66.49180327868852,126.5,13.39016393442623,0.0,0.0,35,92,149.0,13.607142857142858,1,33,330.0,18.8953488372093,86,38,1
güemes,Salta,NOA,2024-2025,-24.6744733,-65.0467556,236.84560033089105,0.08,0,0,0.3,14.663043478260873,8.795652173913043,37,2,0,449.29999999999995,0.0,55.608695652173914,2.0999999999999996,0,7.69891304347826,25.3,0.2391304347826087,22.80655737704918,16.29672131147541,37,24,781.1999999999999,49.19672131147541,84.0,8.655737704918034,9999.0,9999.0,0,0,0.0,0.0,0,0,285.0,60.22222222222222,54,54,1
güemes,Salta,NOA,2025-2026,-24.6744733,-65.0467556,236.84560033089105,-0.14,0,0,0.6,13.773913043478261,8.382608695652173,33,1,0,367.3,0.0,65.1413043478261,23.900000000000002,3,6.868478260869565,29.9,0.40217391304347827,21.336065573770494,14.934426229508198,29,17,691.4999999999999,47.65573770491803,50.70000000000001,8.555737704918032,0.0,0.0,20,38,285.0,60.22222222222222,1,54,,,0,0,0
helvecia,Santa Fe,CENTRO NORTE,2024-2025,-31.1017987,-60.0888941,689.8268029259392,0.08,0,0,1.7,13.891304347826088,10.290217391304347,45,13,5,393.0,0.0,76.09782608695652,109.3,11,13.928260869565218,44.8,0.1956521739130435,20.377049180327862,15.595081967213114,35,17,633.0000000000001,68.29508196721312,122.80000000000001,15.570491803278689,9999.0,9999.0,0,0,0.0,0.0,0,0,30.0,3.15,40,7,1
helvecia,Santa Fe,CENTRO NORTE,2025-2026,-31.1017987,-60.0888941,689.8268029259392,-0.14,0,0,1.6,12.880434782608695,9.232608695652175,36,4,0,291.50000000000006,0.0,78.31521739130434,200.5,11,11.32934782608696,41.2,0.1956521739130435,18.662295081967212,14.331147540983608,25,9,528.6,70.75409836065573,195.39999999999998,13.111475409836064,0.0,58.30625872601713,17,59,30.0,1.575,1,7,6.0,2.833333333333333,6,6,1
helvecia,Santa Fe,LITORAL,2024-2025,-31.1017987,-60.0888941,689.8268029259392,0.08,0,0,1.7,13.891304347826088,10.290217391304347,45,13,5,393.0,0.0,76.09782608695652,109.3,11,13.928260869565218,44.8,0.1956521739130435,20.377049180327862,15.595081967213114,35,17,633.0000000000001,68.29508196721312,122.80000000000001,15.570491803278689,9999.0,9999.0,0,0,0.0,0.0,0,0,0.0,0.0,1,0,0
henderson,Buenos Aires,CENTRO SUR,2024-2025,-36.301954,-61.7139204,1106.7586282409372,0.08,17,0,-3.7,8.78804347826087,4.289130434782609,6,2,0,96.09999999999998,-34.0,72.15217391304348,79.8,14,12.486956521739133,33.4,0.3804347826086957,16.139344262295083,10.183606557377047,8,4,375.59999999999997,61.47540983606557,106.5,13.263934426229508,9999.0,9999.0,0,0,0.0,0.0,0,0,2.0,0.0350877192982456,57,1,0
henderson,Buenos Aires,CENTRO SUR,2025-2026,-36.301954,-61.7139204,1106.7586282409372,-0.14,5,0,-4.1,9.16413043478261,4.758695652173913,5,0,0,81.89999999999999,-10.399999999999999,72.5,133.4,15,11.873913043478264,34.7,0.41304347826086957,14.998360655737708,9.40327868852459,5,0,317.19999999999993,65.52459016393442,244.0,13.783606557377048,65.54764716331293,284.97842128462526,1,5,2.0,0.0350877192982456,0,1,2.0,0.08,50,2,0
hernando,Córdoba,CENTRO NORTE,2024-2025,-32.4279251,-63.7343423,641.6105961928558,0.08,10,0,-2.7,10.435869565217393,5.565217391304348,11,2,0,153.59999999999997,-15.5,67.47826086956522,29.1,8,10.006521739130434,27.8,0.5217391304347826,18.463934426229507,12.349180327868849,15,4,516.3,55.32786885245902,152.20000000000002,11.499999999999998,9999.0,9999.0,0,0,0.0,0.0,0,0,2.0,0.4871794871794871,39,13,0
hernando,Córdoba,CENTRO NORTE,2025-2026,-32.4279251,-63.7343423,641.6105961928558,-0.14,3,0,-2.3,10.67282608695652,6.015217391304349,9,0,0,138.3,-4.7,68.83695652173913,169.6,15,12.53913043478261,40.7,0.532608695652174,17.20983606557377,11.086885245901643,10,1,444.59999999999997,59.31147540983606,67.89999999999999,14.773770491803278,17.913089644393214,62.24475621757969,18,67,2.0,0.4871794871794871,0,13,3.0,0.8611111111111112,36,18,0
hersilia,Santa Fe,NEA,2024-2025,-30.0008702,-61.831678,484.93802261970984,0.08,3,0,-0.9,14.214130434782609,9.665217391304347,40,13,8,431.49999999999994,-1.3,66.6195652173913,18.5,6,12.745652173913047,36.7,0.20652173913043478,21.85737704918033,15.83934426229508,35,18,723.3,54.868852459016395,86.9,14.81967213114754,9999.0,9999.0,0,0,0.0,0.0,0,0,581.0,42.23529411764706,51,34,1
hersilia,Santa Fe,NEA,2025-2026,-30.0008702,-61.831678,484.93802261970984,-0.14,1,0,-0.9,13.25869565217391,8.528260869565218,32,5,2,331.3,-0.9,70.98913043478261,161.6,16,12.022826086956524,36.7,0.2608695652173913,19.924590163934425,13.832786885245898,25,12,606.1,57.98360655737705,84.4,14.368852459016393,0.0,0.0,7,50,581.0,42.23529411764706,1,34,581.0,44.8,30,19,1
hinojal,Entre Ríos,LITORAL,2024-2025,-32.3840166,-60.1450092,789.9513324652736,0.08,5,0,-2.8,12.301086956521738,8.208695652173915,33,10,4,300.3,-7.0,73.79347826086956,125.7,13,13.317391304347826,41.7,0.2608695652173913,19.081967213114755,13.660655737704916,24,6,553.9999999999999,63.32786885245902,104.8,14.736065573770489,9999.0,9999.0,0,0,0.0,0.0,0,0,118.0,11.09433962264151,53,12,1
hinojal,Entre Ríos,LITORAL,2025-2026,-32.3840166,-60.1450092,789.9513324652736,-0.14,3,0,-2.0,11.417391304347827,7.319565217391306,16,3,0,198.6,-4.0,77.15217391304348,275.9,18,12.315217391304348,32.6,0.391304347826087,17.195081967213113,11.90655737704918,14,4,444.5,67.49180327868852,172.7,13.69016393442623,0.0,0.0,31,84,118.0,11.09433962264151,1,12,121.0,11.212765957446807,47,24,1
horcones,Salta,NOA,2024-2025,-25.7199736,-64.9040735,123.6657014494114,0.08,1,0,-0.2,13.11521739130435,7.878260869565217,26,0,0,328.8,-0.2,62.84782608695652,27.200000000000003,9,7.750000000000001,39.0,0.33695652173913043,21.61147540983606,15.401639344262293,31,18,708.3,52.868852459016395,153.3,9.94590163934426,9999.0,9999.0,0,0,0.0,0.0,0,0,283.0,57.977777777777774,45,30,1
horcones,Salta,NOA,2025-2026,-25.7199736,-64.9040735,123.6657014494114,-0.14,0,0,0.1,12.967391304347826,8.055434782608694,27,0,0,304.09999999999997,0.0,66.8586956521739,49.0,8,7.765217391304348,33.0,0.4673913043478261,20.157377049180326,14.16065573770492,27,9,619.6,51.57377049180328,83.79999999999998,9.649180327868853,0.0,0.0,19,62,283.0,57.977777777777774,1,30,260.0,30.659574468085108,47,22,1
huasa pampa,Tucumán,NOA,2024-2025,-27.2416098,-65.4845131,56.61761572388553,0.08,1,0,-0.6,12.29782608695652,7.311956521739131,22,0,0,262.7,-0.6,70.71739130434783,13.7,4,7.067391304347825,22.1,0.010869565217391304,20.306557377049177,14.778688524590164,27,15,628.7,63.0,325.90000000000003,8.727868852459016,9999.0,9999.0,0,0,0.0,0.0,0,0,212.0,9.383333333333333,60,33,1
huasa pampa,Tucumán,NOA,2025-2026,-27.2416098,-65.4845131,56.61761572388553,-0.14,0,0,1.1,12.672826086956523,7.667391304347827,16,1,0,272.8,0.0,70.26086956521739,52.99999999999999,13,6.4347826086956506,24.3,0.06521739130434782,19.580327868852464,13.555737704918032,25,7,584.4,57.26229508196721,143.3,8.70327868852459,0.0,0.0,31,49,212.0,9.383333333333333,1,33,407.0,56.32,50,35,1
hughes,Santa Fe,CENTRO SUR,2024-2025,-33.8345362,-61.3810914,863.6337648835331,0.08,7,0,-3.2,10.980434782608697,6.750000000000001,18,4,3,205.1,-12.700000000000001,70.48913043478261,91.6,14,12.76195652173913,35.3,0.33695652173913043,18.406557377049175,12.801639344262295,17,5,512.8000000000001,58.950819672131146,133.7,14.108196721311474,9999.0,9999.0,0,0,0.0,0.0,0,0,16.0,1.0166666666666666,60,10,1
hughes,Santa Fe,CENTRO SUR,2025-2026,-33.8345362,-61.3810914,863.6337648835331,-0.14,3,0,-0.8,10.500000000000002,6.657608695652174,15,0,0,135.39999999999998,-1.4000000000000001,75.58695652173913,185.3,13,12.13804347826087,39.4,0.40217391304347827,16.144262295081965,11.254098360655735,9,3,381.1000000000001,69.1311475409836,194.70000000000002,13.940983606557376,0.0,53.068294455583896,17,56,16.0,1.0166666666666666,1,10,1.0,0.0909090909090909,44,4,0
huinca renanco,Córdoba,CENTRO SUR,2024-2025,-34.8410441,-64.3749321,897.5760535063088,0.08,11,0,-3.4,9.557608695652174,4.88804347826087,8,1,0,106.79999999999998,-18.5,67.34782608695652,49.199999999999996,12,10.246739130434781,28.4,0.30434782608695654,18.25081967213115,12.122950819672129,15,4,503.3,50.540983606557376,62.8,12.891803278688524,9999.0,9999.0,0,0,0.0,0.0,0,0,3.0,0.6730769230769231,52,20,0
huinca renanco,Córdoba,CENTRO SUR,2025-2026,-34.8410441,-64.3749321,897.5760535063088,-0.14,9,0,-3.2,9.679347826086957,4.905434782608696,5,0,0,97.30000000000001,-12.4,69.81521739130434,81.6,10,11.283695652173913,36.2,0.42391304347826086,16.795081967213115,10.78360655737705,9,0,421.2,57.63934426229508,140.70000000000002,14.891803278688524,74.6963198987478,140.9005026515282,2,20,3.0,0.6730769230769231,0,20,2.0,0.7777777777777778,9,4,0
humboldt,Santa Fe,CENTRO NORTE,2024-2025,-32.8946516,-60.8588767,796.3757278038046,0.08,7,0,-3.1,11.771739130434783,7.328260869565218,23,8,3,260.2,-11.5,71.40217391304348,105.7,11,12.01195652173913,39.6,0.25,18.978688524590165,13.265573770491802,21,5,547.6999999999999,61.50819672131148,131.0,13.22295081967213,9999.0,9999.0,0,0,0.0,0.0,0,0,6.0,0.7368421052631579,57,9,1
humboldt,Santa Fe,CENTRO NORTE,2025-2026,-32.8946516,-60.8588767,796.3757278038046,-0.14,3,0,-3.8,10.968478260869563,6.694565217391304,16,2,0,171.60000000000002,-6.299999999999999,77.41304347826087,249.5,15,10.90326086956522,39.8,0.30434782608695654,16.831147540983604,11.501639344262296,11,3,422.30000000000007,69.01639344262296,181.0,12.737704918032788,0.0,4.851036382749133,34,85,6.0,0.7368421052631579,1,9,4.0,0.96,50,14,0
idiazabal,Córdoba,CENTRO SUR,2024-2025,-32.8125067,-63.0324333,700.4501785860439,0.08,13,0,-4.0,10.414130434782608,5.480434782608696,11,2,2,167.1,-28.2,71.68478260869566,34.4,7,10.170652173913043,30.6,0.391304347826087,18.291803278688526,12.039344262295081,15,3,505.9,58.98360655737705,177.1,11.670491803278688,9999.0,9999.0,0,0,0.0,0.0,0,0,4.0,0.6981132075471698,53,20,0
idiazabal,Córdoba,CENTRO SUR,2025-2026,-32.8125067,-63.0324333,700.4501785860439,-0.14,4,0,-2.5,10.716304347826087,6.229347826086956,16,0,0,145.10000000000002,-5.200000000000001,72.1413043478261,249.79999999999998,14,12.030434782608697,39.8,0.4891304347826087,17.098360655737704,11.118032786885243,10,4,437.8,63.114754098360656,121.5,14.188524590163937,30.09510457916777,72.3573396868065,16,75,4.0,0.6981132075471698,0,20,2.0,0.8,10,4,0
inés indart,Buenos Aires,CENTRO SUR,2024-2025,-34.3974645,-60.5414165,954.9182494379003,0.08,13,0,-3.5,10.417391304347825,5.7576086956521735,14,4,3,183.5,-27.1,72.16304347826087,100.99999999999999,14,12.742391304347828,34.3,0.29347826086956524,17.940983606557374,11.914754098360653,11,4,484.6,60.09836065573771,112.1,13.66065573770492,9999.0,9999.0,0,0,0.0,0.0,0,0,0.0,0.0,46,0,0
inés indart,Buenos Aires,CENTRO SUR,2025-2026,-34.3974645,-60.5414165,954.9182494379003,-0.14,3,0,-3.7,10.291304347826086,5.910869565217392,15,0,0,131.0,-6.9,74.84782608695652,226.89999999999998,12,11.33695652173913,34.1,0.34782608695652173,15.850819672131145,10.48360655737705,9,1,365.40000000000003,67.62295081967213,224.1,13.014754098360655,54.114553321752524,104.25195255581471,9,40,0.0,0.0,0,0,0.0,0.0,35,0,0
iriarte,Santa Fe,CENTRO SUR,2024-2025,-32.8777252,-60.6900679,803.473381324562,0.08,3,0,-1.8,11.941304347826087,7.802173913043479,26,9,3,264.90000000000003,-3.2,75.07608695652173,79.4,13,11.731521739130434,38.8,0.25,18.872131147540983,13.618032786885246,27,6,541.1999999999999,66.47540983606558,96.6,12.626229508196722,9999.0,9999.0,0,0,0.0,0.0,0,0,0.0,0.0,58,0,0
iriarte,Santa Fe,CENTRO SUR,2025-2026,-32.8777252,-60.6900679,803.473381324562,-0.14,3,0,-1.1,11.320652173913043,7.444565217391306,18,2,0,186.29999999999998,-1.9000000000000001,79.25,258.3,15,9.690217391304348,35.3,0.31521739130434784,17.249180327868853,12.475409836065571,12,3,445.2000000000001,70.68852459016394,168.1,11.427868852459019,3.135997557269491,3.135997557269491,35,84,0.0,0.0,0,0,0.0,0.0,42,0,0
isca yacu,Santiago Del Estero,NOA,2024-2025,-27.0261757,-64.6117067,63.52102820999805,0.08,0,0,0.4,14.178260869565218,8.97608695652174,40,6,0,411.6,0.0,64.30434782608695,11.4,2,8.38804347826087,27.0,0.25,22.854098360655737,16.837704918032784,42,24,784.0999999999998,53.73770491803279,163.59999999999997,10.140983606557375,9999.0,9999.0,0,0,0.0,0.0,0,0,3061.0,118.12727272727273,110,65,1
isca yacu,Santiago Del Estero,NOA,2025-2026,-27.0261757,-64.6117067,63.52102820999805,-0.14,0,0,1.1,14.339130434782613,9.052173913043477,43,3,0,410.49999999999994,0.0,65.92391304347827,47.900000000000006,7,9.872826086956522,36.1,0.358695652173913,22.375409836065568,16.167213114754098,36,26,754.9000000000001,47.42622950819672,71.10000000000001,13.10655737704918,0.0,0.0,34,61,3061.0,118.12727272727273,1,65,3061.0,91.1304347826087,46,24,1
isla baja,Santiago Del Estero,NEA,2024-2025,-29.0178961,-62.3133464,375.83931969305837,0.08,1,0,-0.1,15.193478260869565,10.408695652173913,50,16,9,507.8,-0.1,62.46739130434783,15.300000000000002,5,13.793478260869565,37.7,0.1956521739130435,22.92459016393443,16.918032786885245,41,26,788.4000000000002,53.114754098360656,169.6,16.08688524590164,9999.0,9999.0,0,0,0.0,0.0,0,0,1805.0,224.84444444444443,45,25,1
isla baja,Santiago Del Estero,NEA,2025-2026,-29.0178961,-62.3133464,375.83931969305837,-0.14,1,0,-0.4,14.56195652173913,9.60217391304348,43,9,2,438.49999999999994,-0.4,65.95652173913044,149.70000000000002,13,12.55978260869565,37.5,0.2391304347826087,21.201639344262293,15.144262295081965,30,19,683.3000000000001,54.950819672131146,68.0,15.167213114754098,0.0,0.0,8,30,1805.0,224.84444444444443,1,25,1670.0,50.41025641025641,39,14,1
isletas,Entre Ríos,LITORAL,2024-2025,-32.1977701,-60.2894315,765.3385129640856,0.08,7,0,-2.2,12.157608695652174,8.169565217391304,31,10,4,293.8,-7.300000000000001,74.82608695652173,118.89999999999999,14,13.027173913043475,38.5,0.2391304347826087,18.995081967213117,13.59344262295082,24,6,548.6999999999999,63.91803278688525,123.69999999999999,14.395081967213113,9999.0,9999.0,0,0,0.0,0.0,0,0,12.0,0.7959183673469388,49,15,1
isletas,Entre Ríos,LITORAL,2025-2026,-32.1977701,-60.2894315,765.3385129640856,-0.14,3,0,-2.4,11.341304347826085,7.119565217391303,16,3,0,196.5,-5.5,77.06521739130434,266.8,17,12.384782608695653,35.7,0.34782608695652173,17.231147540983606,11.796721311475412,13,4,447.3,66.85245901639344,187.99999999999997,13.881967213114756,0.0,24.762524542407927,33,87,12.0,0.7959183673469388,1,15,64.0,4.604166666666667,48,11,1
ismael cortinas,,URUGUAY,2024-2025,-33.9609458,-57.0862754,1112.6321337493548,0.08,4,0,-2.0,10.967391304347824,7.286956521739133,24,7,2,214.0,-4.2,78.92391304347827,152.10000000000002,14,14.635869565217394,36.9,0.2608695652173913,16.527868852459015,11.485245901639345,10,2,398.2000000000001,73.09836065573771,89.10000000000001,14.785245901639344,9999.0,9999.0,0,0,0.0,0.0,0,0,,,0,0,0
ismael cortinas,Uruguay,URUGUAY,2024-2025,-33.9609458,-57.0862754,1112.6321337493548,0.08,4,0,-2.0,10.967391304347824,7.286956521739133,24,7,2,214.0,-4.2,78.92391304347827,152.10000000000002,14,14.635869565217394,36.9,0.2608695652173913,16.527868852459015,11.485245901639345,10,2,398.2000000000001,73.09836065573771,89.10000000000001,14.785245901639344,9999.0,9999.0,0,0,0.0,0.0,0,0,0.0,0.0,3,0,0
ituzaingo,Corrientes,LITORAL,2024-2025,-27.5896182,-56.6893413,846.1253422660087,0.08,0,0,2.4,17.541304347826088,13.844565217391304,63,46,28,708.9000000000001,0.0,77.09782608695652,260.5,21,12.696739130434782,34.6,0.2717391304347826,22.313114754098358,17.749180327868856,44,30,751.1000000000001,73.57377049180327,272.9,13.319672131147543,9999.0,9999.0,0,0,0.0,0.0,0,0,41.0,9.533333333333331,30,13,1
ituzaingo,Corrientes,LITORAL,2025-2026,-27.5896182,-56.6893413,846.1253422660087,-0.14,0,0,1.2,15.504347826086958,11.37608695652174,57,15,8,520.5999999999999,0.0,80.27173913043478,454.7,29,11.015217391304349,31.6,0.13043478260869565,20.304918032786887,16.050819672131148,34,22,628.6,74.81967213114754,391.59999999999997,12.593442622950821,0.0,194.7498830273951,2,3,41.0,9.533333333333331,1,13,18.0,4.0,9,2,1
ituzaingó,Corrientes,LITORAL,2024-2025,-27.5896182,-56.6893413,846.1253422660087,0.08,0,0,2.4,17.541304347826088,13.844565217391304,63,46,28,708.9000000000001,0.0,77.09782608695652,260.5,21,12.696739130434782,34.6,0.2717391304347826,22.313114754098358,17.749180327868856,44,30,751.1000000000001,73.57377049180327,272.9,13.319672131147543,9999.0,9999.0,0,0,0.0,0.0,0,0,19.0,18.0,2,2,1
j v gonzales,Salta,NOA,2024-2025,-24.7251482,-65.4948839,232.59485776582122,0.08,7,0,-3.1,11.088043478260868,5.61086956521739,7,0,0,219.20000000000005,-11.0,62.52173913043478,60.9,13,5.348913043478261,24.5,0.2826086956521739,17.655737704918028,12.178688524590164,17,1,467.00000000000006,61.32786885245902,182.30000000000004,5.285245901639345,9999.0,9999.0,0,0,0.0,0.0,0,0,2030.0,173.85106382978722,47,28,1
j v gonzales,Salta,NOA,2025-2026,-24.7251482,-65.4948839,232.59485776582122,-0.14,3,0,-2.1,10.955434782608695,6.663043478260868,6,0,0,161.10000000000002,-3.9000000000000004,64.72826086956522,58.699999999999996,13,4.288043478260869,18.4,0.1956521739130435,16.354098360655737,11.17704918032787,9,2,393.90000000000003,58.704918032786885,145.4,5.404918032786886,0.0,0.0,9,33,2030.0,173.85106382978722,1,28,2030.0,142.68085106382978,47,29,1
j. b. molina,Santa Fe,CENTRO SUR,2024-2025,-33.4938205,-60.5108701,869.9489040292099,0.08,8,0,-3.5,11.294565217391304,6.968478260869565,20,7,3,233.4,-17.1,72.43478260869566,138.5,14,12.410869565217391,37.0,0.25,18.373770491803274,12.847540983606557,17,5,510.8,62.9344262295082,99.80000000000001,13.468852459016393,9999.0,9999.0,0,0,0.0,0.0,0,0,23.0,5.108695652173913,46,17,1
j. b. molina,Santa Fe,CENTRO SUR,2025-2026,-33.4938205,-60.5108701,869.9489040292099,-0.14,3,0,-3.1,10.544565217391305,6.292391304347827,15,1,0,147.7,-6.0,77.67391304347827,215.20000000000002,15,11.444565217391306,35.8,0.32608695652173914,16.19672131147541,10.9672131147541,10,3,385.5,70.57377049180327,129.5,12.99344262295082,0.0,40.58245415598641,29,67,23.0,5.108695652173913,1,17,25.0,2.6382978723404253,47,12,1
jesus maría,Córdoba,CENTRO NORTE,2024-2025,-30.9764132,-64.0957082,476.66817239506884,0.08,9,0,-3.5,10.94782608695652,5.840217391304347,15,2,1,197.3,-15.5,61.5,22.2,7,10.903260869565216,29.2,0.4782608695652174,18.77213114754099,12.773770491803282,18,2,535.1,52.90163934426229,229.90000000000003,12.178688524590166,9999.0,9999.0,0,0,0.0,0.0,0,0,650.0,41.1875,48,17,1
jesus maría,Córdoba,CENTRO NORTE,2025-2026,-30.9764132,-64.0957082,476.66817239506884,-0.14,5,0,-2.8,10.929347826086955,5.9576086956521745,8,0,0,157.4,-7.5,64.56521739130434,129.9,12,11.366304347826087,37.6,0.4891304347826087,17.24098360655738,11.118032786885246,10,2,449.90000000000003,55.85245901639344,39.2,12.60655737704918,0.0,0.0,18,44,650.0,41.1875,1,17,650.0,37.22222222222222,45,33,1
jesús maría,Córdoba,CENTRO NORTE,2024-2025,-30.9764132,-64.0957082,476.66817239506884,0.08,9,0,-3.5,10.94782608695652,5.840217391304347,15,2,1,197.3,-15.5,61.5,22.2,7,10.903260869565216,29.2,0.4782608695652174,18.77213114754099,12.773770491803282,18,2,535.1,52.90163934426229,229.90000000000003,12.178688524590166,9999.0,9999.0,0,0,0.0,0.0,0,0,2.0,0.6666666666666666,3,1,0
jesús maría,Córdoba,CENTRO NORTE,2025-2026,-30.9764132,-64.0957082,476.66817239506884,-0.14,5,0,-2.8,10.929347826086955,5.9576086956521745,8,0,0,157.4,-7.5,64.56521739130434,129.9,12,11.366304347826087,37.6,0.4891304347826087,17.24098360655738,11.118032786885246,10,2,449.90000000000003,55.85245901639344,39.2,12.60655737704918,0.0,0.0,18,44,2.0,0.6666666666666666,0,1,3.0,1.5,2,1,0
jovita,Córdoba,CENTRO SUR,2024-2025,-34.518857,-63.9440228,866.6386919922375,0.08,11,0,-3.5,9.869565217391305,5.247826086956522,8,1,0,122.39999999999999,-16.4,68.31521739130434,31.1,8,10.285869565217391,28.3,0.33695652173913043,18.283606557377052,12.29672131147541,16,6,505.3,52.950819672131146,125.2,12.670491803278688,9999.0,9999.0,0,0,0.0,0.0,0,0,0.0,0.0,59,0,0
jovita,Córdoba,CENTRO SUR,2025-2026,-34.518857,-63.9440228,866.6386919922375,-0.14,7,0,-3.1,10.079347826086956,5.359782608695652,8,0,0,114.09999999999998,-10.7,69.28260869565217,131.39999999999998,14,11.926086956521738,32.2,0.4782608695652174,16.860655737704917,11.086885245901641,11,2,425.0,59.049180327868854,132.60000000000002,15.186885245901639,49.50273557541011,97.95177470073955,7,23,0.0,0.0,0,0,0.0,0.0,46,0,0
juan jorba,San Luis,CENTRO SUR,2024-2025,-33.6128728,-65.2728081,757.5891232755005,0.08,9,0,-2.1,9.743478260869566,5.044565217391304,8,0,0,133.0,-12.8,62.31521739130435,24.099999999999998,8,11.308695652173913,36.8,0.391304347826087,18.196721311475407,12.28032786885246,15,5,500.00000000000006,49.32786885245902,171.8,13.950819672131148,9999.0,9999.0,0,0,0.0,0.0,0,0,5.0,3.0,2,2,1
juan jorba,San Luís,CENTRO SUR,2024-2025,-33.6128728,-65.2728081,757.5891232755005,0.08,9,0,-2.1,9.743478260869566,5.044565217391304,8,0,0,133.0,-12.8,62.31521739130435,24.099999999999998,8,11.308695652173913,36.8,0.391304347826087,18.196721311475407,12.28032786885246,15,5,500.00000000000006,49.32786885245902,171.8,13.950819672131148,9999.0,9999.0,0,0,0.0,0.0,0,0,32.0,3.4482758620689653,58,16,1
juan jorba,San Luís,CENTRO SUR,2025-2026,-33.6128728,-65.2728081,757.5891232755005,-0.14,5,0,-4.3,10.328260869565216,5.339130434782609,5,0,0,138.60000000000002,-10.299999999999999,60.380434782608695,125.70000000000002,13,11.853260869565215,33.0,0.42391304347826086,16.926229508196716,10.727868852459016,10,2,432.8999999999999,51.459016393442624,71.30000000000001,15.537704918032786,0.0,77.9655481513299,9,26,32.0,3.4482758620689653,1,16,32.0,2.0,40,9,1
juan josé castelli,Chaco,NEA,2024-2025,-25.9467092,-60.6200235,465.99491499656114,0.08,0,0,1.9,17.713043478260868,13.190217391304348,61,39,20,720.0,0.0,67.54347826086956,158.50000000000003,9,12.056521739130435,37.6,0.25,23.89016393442623,18.34262295081967,48,30,847.3,63.24590163934426,112.80000000000001,13.013114754098364,9999.0,9999.0,0,0,0.0,0.0,0,0,116.0,9.333333333333334,90,57,1
juan josé castelli,Chaco,NEA,2025-2026,-25.9467092,-60.6200235,465.99491499656114,-0.14,0,0,0.8,16.316304347826087,11.276086956521738,56,20,4,595.1999999999998,0.0,71.8913043478261,213.9,16,10.367391304347827,33.2,0.11956521739130435,21.778688524590162,16.298360655737707,36,21,718.5000000000001,64.8688524590164,235.29999999999998,12.418032786885247,0.0,0.0,8,20,116.0,9.333333333333334,1,57,446.0,73.40816326530613,49,43,1
junín,Buenos Aires,CENTRO SUR,2024-2025,-34.5934412,-60.9461678,957.0071219049298,0.08,12,0,-3.3,10.443478260869565,5.958695652173914,13,5,3,181.70000000000002,-24.2,71.3913043478261,104.1,15,12.552173913043477,33.6,0.32608695652173914,17.986885245901636,12.075409836065576,12,6,487.6,58.9344262295082,93.30000000000001,13.778688524590162,9999.0,9999.0,0,0,0.0,0.0,0,0,1.0,0.0178571428571428,56,1,0
junín,Buenos Aires,CENTRO SUR,2025-2026,-34.5934412,-60.9461678,957.0071219049298,-0.14,4,0,-2.5,10.390217391304347,6.160869565217391,14,0,0,131.20000000000002,-4.6,74.03260869565217,199.60000000000002,14,11.757608695652172,35.1,0.358695652173913,15.919672131147543,10.734426229508198,8,2,368.5,67.50819672131148,256.3,13.175409836065572,54.78228113979821,119.093632247116,6,38,1.0,0.0178571428571428,0,1,1.0,0.04,50,2,0
justiniano posse,Córdoba,CENTRO SUR,2024-2025,-32.883489,-62.6797946,718.7224560521241,0.08,8,0,-2.5,11.226086956521739,6.677173913043481,15,5,2,214.10000000000002,-9.7,69.53260869565217,36.4,6,10.250000000000002,30.8,0.3695652173913043,18.845901639344262,12.960655737704919,21,5,539.6,57.26229508196721,175.3,11.762295081967212,9999.0,9999.0,0,0,0.0,0.0,0,0,2.0,0.2285714285714285,35,5,0
justiniano posse,Córdoba,CENTRO SUR,2025-2026,-32.883489,-62.6797946,718.7224560521241,-0.14,3,0,-2.7,10.911956521739128,6.466304347826087,16,1,0,157.8,-4.9,72.17391304347827,221.5,15,11.984782608695651,41.0,0.44565217391304346,17.104918032786887,11.270491803278688,11,3,438.2,63.81967213114754,132.6,14.27049180327869,21.278505166461,57.739717823846924,14,87,2.0,0.2285714285714285,0,5,1.0,1.0,1,1,0
kempe,Chaco,NEA,2024-2025,-26.7855991,-60.4393954,472.4999059774187,0.08,0,0,0.9,17.31521739130435,12.700000000000001,57,38,17,686.2,0.0,67.32608695652173,114.49999999999999,10,12.270652173913044,38.6,0.2391304347826087,22.91475409836066,17.359016393442623,41,27,787.8,66.37704918032787,128.7,13.050819672131146,9999.0,9999.0,0,0,0.0,0.0,0,0,34.0,1.807692307692308,52,10,1
kempe,Chaco,NEA,2025-2026,-26.7855991,-60.4393954,472.4999059774187,-0.14,0,0,1.2,15.97717391304348,11.132608695652175,55,18,5,564.9999999999999,0.0,71.91304347826087,132.4,14,10.783695652173913,32.6,0.11956521739130435,21.054098360655743,15.862295081967215,34,19,674.3,67.54098360655738,226.7,12.368852459016392,0.0,24.195076965667393,10,29,34.0,1.807692307692308,1,10,152.0,75.57142857142857,7,6,1
la angelina,San Luís,CENTRO SUR,2024-2025,-34.3817392,-65.4538409,843.3999505960993,0.08,14,0,-2.5,9.245652173913044,4.1163043478260875,5,0,0,100.59999999999998,-21.5,62.94565217391305,43.699999999999996,8,11.627173913043478,33.4,0.25,18.306557377049177,11.54098360655738,14,3,506.70000000000005,47.63934426229508,145.79999999999998,14.573770491803279,9999.0,9999.0,0,0,0.0,0.0,0,0,0.0,0.0,56,0,0
la angelina,San Luís,CENTRO SUR,2025-2026,-34.3817392,-65.4538409,843.3999505960993,-0.14,10,0,-4.3,9.583695652173912,4.143478260869565,2,0,0,101.5,-20.4,64.17391304347827,63.3,11,10.552173913043477,36.5,0.3695652173913043,16.800000000000004,9.926229508196723,4,0,422.3,52.967213114754095,69.9,14.108196721311476,45.66597628043336,161.01205603021018,4,17,0.0,0.0,0,0,0.0,0.0,46,0,0
la bajada,Tucumán,NOA,2024-2025,-26.78,-65.22,2.9810610282812844,0.08,4,0,-1.5,12.025000000000002,6.643478260869566,18,0,0,243.60000000000002,-3.4,73.15217391304348,29.5,8,5.535869565217391,21.2,0.2826086956521739,20.268852459016394,14.272131147540984,27,11,626.4,63.36065573770492,170.2,7.014754098360657,9999.0,9999.0,0,0,0.0,0.0,0,0,224.0,26.63157894736842,57,57,1
la bajada,Tucumán,NOA,2025-2026,-26.78,-65.22,2.9810610282812844,-0.14,0,0,0.1,12.358695652173912,7.240217391304348,13,0,0,245.40000000000003,0.0,72.92391304347827,61.300000000000004,11,4.890217391304347,23.6,0.30434782608695654,19.540983606557376,13.245901639344261,22,7,581.9999999999999,59.114754098360656,96.59999999999998,6.447540983606559,0.0,0.0,34,54,224.0,26.63157894736842,1,57,224.0,17.88,50,50,1
la camila,Santa Fe,CENTRO NORTE,2024-2025,-30.0792473,-60.5632036,581.6954710580894,0.08,2,0,-0.8,14.492391304347828,10.117391304347827,49,16,9,457.0,-0.9,70.84782608695652,30.1,10,12.693478260869565,39.5,0.21739130434782608,21.21475409836066,15.390163934426226,33,15,684.0999999999999,62.278688524590166,78.00000000000001,14.390163934426228,9999.0,9999.0,0,0,0.0,0.0,0,0,1583.0,116.32203389830508,59,30,1
la camila,Santa Fe,CENTRO NORTE,2025-2026,-30.0792473,-60.5632036,581.6954710580894,-0.14,2,0,-1.5,13.309782608695652,8.636956521739132,31,3,2,337.9,-2.1,73.96739130434783,195.5,18,12.020652173913042,35.3,0.2391304347826087,19.204918032786885,13.570491803278692,22,8,562.4000000000001,65.31147540983606,187.2,13.695081967213119,0.0,0.0,10,43,1583.0,116.32203389830508,1,30,1583.0,152.25,28,16,1
la carlota,Córdoba,CENTRO SUR,2024-2025,-33.4179364,-63.2934951,758.3381288461258,0.08,11,0,-2.5,10.370652173913042,5.964130434782608,11,2,1,155.79999999999998,-11.6,70.90217391304348,35.49999999999999,9,10.244565217391305,28.4,0.41304347826086957,18.5,12.642622950819671,17,6,518.7,56.22950819672131,185.60000000000002,12.33606557377049,9999.0,9999.0,0,0,0.0,0.0,0,0,13.0,1.2833333333333334,60,29,1
la carlota,Córdoba,CENTRO SUR,2025-2026,-33.4179364,-63.2934951,758.3381288461258,-0.14,5,0,-2.5,10.466304347826087,5.986956521739131,8,0,0,128.99999999999997,-6.0,71.83695652173913,234.7,13,12.416304347826086,36.4,0.5,16.82622950819672,11.136065573770491,10,2,421.7,63.21311475409836,163.7,14.785245901639346,0.0,58.01907544568093,10,49,13.0,1.2833333333333334,1,29,13.0,0.4042553191489361,47,4,1
la cocha,Tucumán,NOA,2024-2025,-27.77,-65.5884,114.48476808076713,0.08,2,0,-1.6,11.63804347826087,6.5804347826086955,18,0,0,216.9,-1.7000000000000002,72.29347826086956,44.9,9,5.245652173913043,15.6,0.0,19.711475409836066,14.332786885245902,25,12,592.4000000000001,64.81967213114754,261.0,6.381967213114752,9999.0,9999.0,0,0,0.0,0.0,0,0,1040.0,94.17543859649123,57,57,1
la cocha,Tucumán,NOA,2025-2026,-27.77,-65.5884,114.48476808076713,-0.14,0,0,0.2,12.234782608695651,7.684782608695652,18,1,0,235.5,0.0,70.20652173913044,74.5,12,4.961956521739131,20.8,0.07608695652173914,18.931147540983602,13.436065573770492,22,7,544.7999999999998,59.459016393442624,95.6,6.552459016393443,0.0,0.0,17,44,1040.0,94.17543859649123,1,57,1040.0,90.4375,48,48,1
la cruz,Tucumán,NOA,2024-2025,-26.6322766,-64.8817717,36.69977387117889,0.08,1,0,-0.2,13.23804347826087,8.326086956521738,35,2,0,339.79999999999995,-0.2,64.91304347826087,25.7,8,7.003260869565217,25.7,0.1956521739130435,21.391803278688528,15.422950819672133,39,17,694.9000000000001,56.295081967213115,183.5,8.965573770491803,9999.0,9999.0,0,0,0.0,0.0,0,0,2450.0,180.3703703703704,54,54,1
la cruz,Tucumán,NOA,2025-2026,-26.6322766,-64.8817717,36.69977387117889,-0.14,1,0,-0.6,13.217391304347826,8.707608695652175,32,1,0,318.8,-0.6,67.02173913043478,56.400000000000006,10,7.157608695652174,32.3,0.10869565217391304,20.64262295081967,14.472131147540983,30,10,649.2,50.73770491803279,70.2,10.385245901639342,0.0,0.0,36,58,2450.0,180.3703703703704,1,54,2450.0,307.225,40,31,1
la invernada,Tucumán,NOA,2024-2025,-27.631565,-65.5768528,99.692308054245,0.08,1,0,-2.2,11.405434782608696,6.259782608695653,14,0,0,198.49999999999997,-2.2,74.79347826086956,47.8,8,5.306521739130434,14.7,0.0,19.5,13.898360655737706,23,12,579.4999999999999,68.22950819672131,237.2,6.339344262295083,9999.0,9999.0,0,0,0.0,0.0,0,0,244.0,35.5,60,48,1
la invernada,Tucumán,NOA,2025-2026,-27.631565,-65.5768528,99.692308054245,-0.14,0,0,0.2,12.201086956521738,7.5782608695652165,15,1,0,234.0,0.0,72.48913043478261,61.800000000000004,13,5.115217391304348,18.5,0.021739130434782608,18.8327868852459,13.40655737704918,22,6,538.7999999999998,63.09836065573771,97.9,6.745901639344262,0.0,0.0,21,45,244.0,35.5,1,48,1065.0,112.4255319148936,47,41,1
la maria,Santa Fe,NEA,2024-2025,-32.969953,-60.6862133,812.2022680477602,0.08,5,0,-2.2,11.877173913043476,7.638043478260869,25,9,3,262.50000000000006,-4.9,74.8804347826087,83.5,12,11.784782608695652,37.7,0.25,18.801639344262295,13.501639344262298,27,5,536.9000000000001,66.39344262295081,124.80000000000001,12.62295081967213,9999.0,9999.0,0,0,0.0,0.0,0,0,1.0,0.6,5,3,0
la maría,Santa Fe,NEA,2024-2025,-32.969953,-60.6862133,812.2022680477602,0.08,5,0,-2.2,11.877173913043476,7.638043478260869,25,9,3,262.50000000000006,-4.9,74.8804347826087,83.5,12,11.784782608695652,37.7,0.25,18.801639344262295,13.501639344262298,27,5,536.9000000000001,66.39344262295081,124.80000000000001,12.62295081967213,9999.0,9999.0,0,0,0.0,0.0,0,0,176.0,23.84210526315789,57,28,1
la maría,Santa Fe,NEA,2025-2026,-32.969953,-60.6862133,812.2022680477602,-0.14,2,0,-1.7,11.441304347826087,7.68804347826087,21,3,0,194.20000000000002,-1.9,78.67391304347827,254.0,14,9.71304347826087,34.3,0.31521739130434784,17.337704918032784,12.550819672131148,16,3,450.9,69.81967213114754,165.29999999999998,11.2672131147541,0.0,0.0,33,82,176.0,23.84210526315789,1,28,799.0,40.609756097560975,41,18,1
la niña,Buenos Aires,CENTRO SUR,2024-2025,-35.40865,-61.2077017,1029.658089213947,0.08,13,0,-3.5,9.705434782608695,5.225,11,3,1,140.0,-26.5,72.18478260869566,86.9,12,12.601086956521739,33.4,0.33695652173913043,17.403278688524583,11.354098360655739,11,5,452.20000000000005,59.26229508196721,86.60000000000001,13.657377049180326,9999.0,9999.0,0,0,0.0,0.0,0,0,0.0,0.0,50,0,0
la niña,Buenos Aires,CENTRO SUR,2025-2026,-35.40865,-61.2077017,1029.658089213947,-0.14,4,0,-4.1,9.82391304347826,5.65108695652174,11,0,0,104.2,-8.6,74.1304347826087,310.70000000000005,17,11.932608695652176,36.7,0.42391304347826086,15.555737704918034,10.326229508196722,7,1,347.9,67.47540983606558,239.3,13.485245901639344,52.497483734264335,197.37771631781956,1,12,0.0,0.0,0,0,0.0,0.0,4,0,0
la paloma,Santiago Del Estero,NEA,2024-2025,-26.4088165,-63.3052732,193.33118926509442,0.08,0,0,1.6,17.022826086956524,11.72391304347826,60,19,8,653.4,0.0,55.92391304347826,5.0,1,14.605434782608693,44.3,0.2717391304347826,25.268852459016394,19.201639344262293,54,37,931.4000000000001,47.622950819672134,93.19999999999999,16.386885245901638,9999.0,9999.0,0,0,0.0,0.0,0,0,0.0,0.0,1,0,0
la paloma,Santiago Del Estero,NEA,2025-2026,-26.4088165,-63.3052732,193.33118926509442,-0.14,0,0,0.9,15.697826086956523,10.541304347826085,49,10,5,534.0,0.0,64.25,36.8,10,10.55978260869565,30.4,0.3804347826086957,22.852459016393443,16.440983606557374,38,23,784.0,50.85245901639344,68.89999999999999,12.108196721311474,49.57680661070502,49.57680661070502,6,60,0.0,0.0,0,0,,,0,0,0
la paz,Entre Ríos,LITORAL,2024-2025,-30.7422896,-59.6439325,696.5279978712206,0.08,2,0,-0.3,14.356521739130432,10.354347826086956,46,17,10,444.1,-0.4,72.72826086956522,63.8,11,13.76304347826087,38.8,0.22826086956521738,20.62131147540984,15.22459016393443,32,14,647.9000000000001,64.95081967213115,96.1,14.952459016393442,9999.0,9999.0,0,0,0.0,0.0,0,0,121.0,5.051948051948052,154,38,1
la paz,Entre Ríos,LITORAL,2025-2026,-30.7422896,-59.6439325,696.5279978712206,-0.14,2,0,-1.0,12.740217391304347,8.673913043478262,32,3,1,288.9,-1.2,78.68478260869566,182.39999999999998,16,12.357608695652173,38.9,0.20652173913043478,18.55245901639344,13.49344262295082,18,7,523.9,69.19672131147541,216.60000000000002,14.072131147540984,0.0,0.0,8,41,121.0,5.051948051948052,1,38,59.0,7.675675675675675,111,63,1
la pelada,Santa Fe,NEA,2024-2025,-30.8663481,-60.9683813,611.7204328885888,0.08,5,0,-1.4,13.589130434782613,9.12391304347826,38,12,5,386.7999999999999,-2.2,70.69565217391305,50.5,9,12.170652173913044,36.0,0.21739130434782608,21.175409836065576,14.98032786885246,30,12,681.7,57.36065573770492,136.9,13.939344262295084,9999.0,9999.0,0,0,0.0,0.0,0,0,586.0,91.84444444444443,45,25,1
la pelada,Santa Fe,NEA,2025-2026,-30.8663481,-60.9683813,611.7204328885888,-0.14,3,0,-2.8,12.438043478260871,7.666304347826087,26,3,1,271.49999999999994,-5.199999999999999,74.71739130434783,211.40000000000003,16,11.242391304347828,37.5,0.29347826086956524,18.908196721311477,12.842622950819672,17,10,545.5,63.0655737704918,170.29999999999998,13.383606557377052,0.0,0.0,16,63,586.0,91.84444444444443,1,25,586.0,37.020833333333336,48,19,1
la penca,Santa Fe,NEA,2024-2025,-30.3481641,-60.5206904,603.5745747630982,0.08,2,0,-0.6,14.146739130434785,9.927173913043479,44,17,9,429.90000000000003,-0.8,72.20652173913044,52.8,10,13.257608695652172,40.4,0.22826086956521738,21.029508196721306,15.257377049180327,32,13,672.8000000000001,62.22950819672131,76.0,15.136065573770493,9999.0,9999.0,0,0,0.0,0.0,0,0,2.0,0.3333333333333333,6,1,0
la penca y caraguatá,Santa Fe,NEA,2024-2025,-30.3481641,-60.5206904,603.5745747630982,0.08,2,0,-0.6,14.146739130434785,9.927173913043479,44,17,9,429.90000000000003,-0.8,72.20652173913044,52.8,10,13.257608695652172,40.4,0.22826086956521738,21.029508196721306,15.257377049180327,32,13,672.8000000000001,62.22950819672131,76.0,15.136065573770493,9999.0,9999.0,0,0,0.0,0.0,0,0,1675.0,325.47058823529414,51,32,1
la penca y caraguatá,Santa Fe,NEA,2025-2026,-30.3481641,-60.5206904,603.5745747630982,-0.14,3,0,-1.9,13.015217391304349,8.246739130434781,30,3,1,315.4,-3.8,74.1086956521739,170.3,17,12.189130434782607,37.1,0.2391304347826087,19.009836065573772,13.262295081967213,19,8,550.8000000000001,65.44262295081967,157.79999999999998,14.060655737704918,0.0,0.0,12,50,1675.0,325.47058823529414,1,32,547.0,33.14,50,38,1
la playosa,Córdoba,CENTRO SUR,2024-2025,-32.0994456,-63.032641,625.475033675502,0.08,9,0,-1.5,11.481521739130434,6.858695652173912,19,3,2,226.50000000000003,-7.7,67.51086956521739,42.1,8,10.521739130434783,28.4,0.358695652173913,19.296721311475416,13.434426229508198,22,7,567.1,55.78688524590164,140.0,11.980327868852463,9999.0,9999.0,0,0,0.0,0.0,0,0,87.0,12.132075471698114,53,21,1
la playosa,Córdoba,CENTRO SUR,2025-2026,-32.0994456,-63.032641,625.475033675502,-0.14,3,0,-2.5,11.093478260869565,6.634782608695652,16,1,0,168.0,-4.5,71.28260869565217,177.3,13,12.201086956521742,41.3,0.43478260869565216,17.66393442622951,11.540983606557376,14,4,471.50000000000006,60.67213114754098,119.60000000000001,14.267213114754098,0.0,26.520694382001178,20,81,87.0,12.132075471698114,1,21,31.0,2.021276595744681,47,12,1
la rosita,Santiago Del Estero,NEA,2024-2025,-27.7377285,-64.2607721,139.60498906669235,0.08,0,0,1.1,15.325000000000001,10.223913043478262,48,13,4,507.4999999999999,0.0,58.07608695652174,8.799999999999999,6,10.208695652173914,30.2,0.2717391304347826,24.255737704918037,18.024590163934427,48,30,869.6000000000003,46.73770491803279,91.0,12.681967213114755,9999.0,9999.0,0,0,0.0,0.0,0,0,17.0,1.891304347826087,46,13,1
la rosita,Santiago Del Estero,NEA,2025-2026,-27.7377285,-64.2607721,139.60498906669235,-0.14,0,0,1.1,14.810869565217393,9.879347826086958,47,7,2,452.3,0.0,63.0,47.8,10,10.23804347826087,39.1,0.3695652173913043,22.975409836065577,16.501639344262294,37,29,791.5000000000001,45.52459016393443,53.39999999999999,13.075409836065573,0.0,65.23953689096648,12,54,17.0,1.891304347826087,1,13,130.0,4.53125,32,8,1
la sarita,Santa Fe,NEA,2024-2025,-28.973039,-59.8504271,578.5447061444775,0.08,0,0,0.7,15.631521739130436,11.515217391304349,55,23,10,546.7999999999998,0.0,72.07608695652173,121.7,8,14.219565217391304,41.3,0.20652173913043478,21.0983606557377,15.988524590163934,37,20,677.0,70.73770491803279,223.9,15.081967213114755,9999.0,9999.0,0,0,0.0,0.0,0,0,453.0,98.92105263157896,38,32,1
la sarita,Santa Fe,NEA,2025-2026,-28.973039,-59.8504271,578.5447061444775,-0.14,1,0,-0.2,13.868478260869566,9.406521739130437,41,7,2,383.7,-0.2,77.46739130434783,287.7,21,11.670652173913046,35.8,0.18478260869565216,19.26065573770492,14.173770491803277,25,11,565.1999999999998,71.29508196721312,230.9,13.167213114754102,0.0,0.0,6,26,453.0,98.92105263157896,1,32,1089.0,151.1,50,41,1
la toma,San Luis,CENTRO NORTE,2024-2025,-33.0534553,-65.6214721,696.5353908220692,0.08,16,0,-2.8,8.825,4.022826086956521,3,0,0,89.80000000000001,-23.1,60.41304347826087,26.3,8,13.354347826086956,40.3,0.5978260869565217,16.918032786885245,11.044262295081968,9,1,422.00000000000006,50.0655737704918,123.8,15.727868852459016,9999.0,9999.0,0,0,0.0,0.0,0,0,4.0,0.2352941176470588,51,6,0
la toma,San Luis,CENTRO NORTE,2025-2026,-33.0534553,-65.6214721,696.5353908220692,-0.14,9,0,-5.9,9.039130434782608,4.054347826086956,3,0,0,74.9,-18.200000000000003,61.15217391304348,74.5,13,12.705434782608696,41.6,0.6847826086956522,15.76393442622951,9.3,6,0,368.8,49.47540983606557,55.0,15.862295081967211,27.785933680320674,27.785933680320674,8,25,4.0,0.2352941176470588,0,6,4.0,0.18,50,3,0
la violeta,Buenos Aires,CENTRO SUR,2024-2025,-33.7330396,-60.1685881,909.4997807706493,0.08,9,0,-3.8,11.182608695652174,6.8815217391304335,20,7,3,226.1,-19.0,73.03260869565217,129.9,12,12.710869565217392,35.4,0.2391304347826087,18.19836065573771,12.64590163934426,16,5,500.1,63.36065573770492,103.0,13.665573770491802,9999.0,9999.0,0,0,0.0,0.0,0,0,26.0,3.877551020408163,49,13,1
la violeta,Buenos Aires,CENTRO SUR,2025-2026,-33.7330396,-60.1685881,909.4997807706493,-0.14,5,0,-3.3,10.511956521739132,6.193478260869566,12,1,0,144.5,-6.3999999999999995,77.65217391304348,213.3,17,11.401086956521738,37.6,0.32608695652173914,16.1672131147541,10.854098360655737,11,1,384.29999999999995,69.63934426229508,161.0,12.988524590163935,0.0,75.80147102111326,19,54,26.0,3.877551020408163,1,13,16.0,0.8979591836734694,49,9,1
la virginia,Tucumán,NOA,2024-2025,-26.745486,-64.7867557,41.47015570143902,0.08,0,0,0.2,13.81195652173913,8.695652173913045,40,1,0,378.3,0.0,63.23913043478261,15.3,4,8.69891304347826,30.1,0.20652173913043478,22.30819672131147,16.191803278688525,40,21,750.8000000000001,54.52459016393443,155.2,10.82622950819672,9999.0,9999.0,0,0,0.0,0.0,0,0,530.0,88.08333333333333,60,45,1
la virginia,Tucumán,NOA,2025-2026,-26.745486,-64.7867557,41.47015570143902,-0.14,0,0,1.9,13.761956521739126,8.855434782608695,33,1,0,361.4000000000001,0.0,66.90217391304348,34.7,7,9.06413043478261,37.9,0.25,21.624590163934425,15.447540983606554,33,16,709.1,48.81967213114754,75.70000000000002,12.175409836065576,0.0,0.0,36,60,530.0,88.08333333333333,1,45,610.0,91.1086956521739,46,30,1
laguna de robles,Tucumán,NOA,2024-2025,-26.2561581,-64.6494651,81.5891805836737,0.08,0,0,0.7,14.764130434782608,9.517391304347827,44,6,2,460.90000000000003,0.0,58.18478260869565,8.5,2,11.318478260869565,37.5,0.41304347826086957,23.072131147540986,17.08852459016393,44,26,797.4000000000001,50.442622950819676,105.5,13.049180327868852,9999.0,9999.0,0,0,0.0,0.0,0,0,2793.0,184.1851851851852,54,32,1
laguna de robles,Tucumán,NOA,2025-2026,-26.2561581,-64.6494651,81.5891805836737,-0.14,0,0,1.5,14.506521739130434,9.23586956521739,41,5,0,427.5,0.0,62.70652173913044,19.6,4,11.495652173913046,34.7,0.5,21.795081967213118,15.729508196721312,35,20,719.5000000000001,47.40983606557377,25.000000000000004,13.124590163934426,0.0,0.0,29,67,2793.0,184.1851851851852,1,32,2793.0,238.8409090909091,44,35,1
laguna larga,Córdoba,CENTRO NORTE,2024-2025,-31.7757039,-63.800346,569.6610360905582,0.08,10,0,-2.9,10.799999999999999,5.789130434782609,11,2,1,176.5,-13.5,66.77173913043478,20.6,5,9.957608695652175,27.8,0.4782608695652174,18.80819672131148,12.814754098360657,21,3,537.3000000000001,55.67213114754098,272.5,11.28032786885246,9999.0,9999.0,0,0,0.0,0.0,0,0,35.0,3.192982456140351,57,21,1
laguna larga,Córdoba,CENTRO NORTE,2025-2026,-31.7757039,-63.800346,569.6610360905582,-0.14,3,0,-3.2,10.834782608695653,6.0,11,0,0,148.2,-5.199999999999999,67.96739130434783,159.1,15,12.129347826086954,40.7,0.5,17.46393442622951,11.124590163934426,12,4,460.4,58.21311475409836,81.3,14.067213114754097,0.0,9.252173929578401,28,64,35.0,3.192982456140351,1,21,35.0,2.5294117647058822,34,10,1
landeta,Santa Fe,CENTRO NORTE,2024-2025,-32.0106546,-62.0601572,654.2801580770383,0.08,8,0,-3.4,12.217391304347826,7.471739130434783,25,9,3,288.4,-10.600000000000001,67.8586956521739,69.8,7,11.81521739130435,33.7,0.33695652173913043,19.724590163934426,13.795081967213115,25,9,593.2000000000002,56.114754098360656,95.1,13.50327868852459,9999.0,9999.0,0,0,0.0,0.0,0,0,185.0,27.810344827586206,58,19,1
landeta,Santa Fe,CENTRO NORTE,2025-2026,-32.0106546,-62.0601572,654.2801580770383,-0.14,3,0,-3.0,11.628260869565217,7.072826086956522,20,3,0,208.4,-5.2,72.02173913043478,184.4,16,11.753260869565217,41.1,0.391304347826087,17.878688524590164,11.92622950819672,14,5,483.8000000000001,61.85245901639344,117.9,13.929508196721311,0.0,0.0,24,100,185.0,27.810344827586206,1,19,92.0,7.255813953488372,43,11,1
las armas,Buenos Aires,CENTRO SUR,2024-2025,-37.0863026,-57.829146,1337.514834735466,0.08,12,0,-3.8,8.997826086956522,4.979347826086956,10,2,1,97.3,-23.3,77.52173913043478,171.4,20,13.458695652173914,41.8,0.25,14.954098360655738,9.232786885245902,6,1,304.1,70.70491803278688,99.89999999999999,12.878688524590162,9999.0,9999.0,0,0,0.0,0.0,0,0,0.0,0.0,48,0,0
las armas,Buenos Aires,CENTRO SUR,2025-2026,-37.0863026,-57.829146,1337.514834735466,-0.14,4,0,-3.2,8.941304347826087,5.185869565217391,8,0,0,64.3,-4.3,79.65217391304348,163.9,16,12.916304347826086,41.4,0.358695652173913,13.714754098360656,8.777049180327868,2,0,244.6,76.14754098360656,216.7,13.473770491803279,168.45338104450383,449.559530150394,0,1,0.0,0.0,0,0,0.0,0.0,10,0,0
las astillas,Córdoba,CENTRO NORTE,2024-2025,-30.9064179,-63.8807881,474.32961052228836,0.08,2,0,-1.5,12.129347826086958,7.481521739130433,20,3,1,271.2,-3.0,58.67391304347826,41.599999999999994,7,12.613043478260868,35.3,0.42391304347826086,19.557377049180328,13.811475409836065,21,8,583.0000000000001,52.114754098360656,206.4,13.534426229508197,9999.0,9999.0,0,0,0.0,0.0,0,0,553.0,57.833333333333336,54,30,1
las astillas,Córdoba,CENTRO NORTE,2025-2026,-30.9064179,-63.8807881,474.32961052228836,-0.14,2,0,-1.4,11.670652173913044,7.357608695652174,18,0,0,205.20000000000002,-1.7999999999999998,64.16304347826087,206.20000000000002,15,12.252173913043478,41.4,0.45652173913043476,18.018032786885247,12.211475409836067,17,4,494.0,55.14754098360656,47.8,13.426229508196723,0.0,0.0,23,47,553.0,57.833333333333336,1,30,553.0,24.387755102040817,49,32,1
las bajadas,Córdoba,CENTRO NORTE,2024-2025,-32.0971007,-64.3307876,594.9851760414623,0.08,6,0,-1.3,10.419565217391305,5.854347826086957,10,2,0,152.09999999999997,-5.4,62.34782608695652,27.2,6,9.290217391304347,30.7,0.5652173913043478,18.378688524590167,12.468852459016393,16,2,511.09999999999997,51.81967213114754,209.39999999999998,11.545901639344264,9999.0,9999.0,0,0,0.0,0.0,0,0,49.0,4.428571428571429,56,29,1
las bajadas,Córdoba,CENTRO NORTE,2025-2026,-32.0971007,-64.3307876,594.9851760414623,-0.14,2,0,-2.8,10.433695652173913,6.146739130434784,7,0,0,120.8,-4.699999999999999,64.30434782608695,154.39999999999998,14,9.93804347826087,38.2,0.5652173913043478,16.572131147540983,11.001639344262292,9,0,408.59999999999997,57.34426229508197,97.39999999999999,13.01311475409836,0.0,15.411922111128163,16,56,49.0,4.428571428571429,1,29,49.0,4.844444444444444,45,31,1
las breñas,Chaco,NEA,2024-2025,-27.0863246,-61.0859456,409.02965345230103,0.08,0,0,1.0,17.261956521739133,12.515217391304349,57,32,17,681.9000000000001,0.0,63.619565217391305,71.0,8,13.13478260869565,42.4,0.25,23.721311475409838,17.80491803278688,43,30,837.0000000000001,59.50819672131148,107.3,14.486885245901636,9999.0,9999.0,0,0,0.0,0.0,0,0,480.0,42.53125,96,42,1
las breñas,Chaco,NEA,2025-2026,-27.0863246,-61.0859456,409.02965345230103,-0.14,0,0,0.9,15.81304347826087,10.891304347826088,55,18,4,550.0,0.0,69.53260869565217,139.4,16,11.615217391304347,34.5,0.15217391304347827,21.163934426229506,15.606557377049182,36,21,680.9999999999999,64.32786885245902,189.20000000000005,13.249180327868853,0.0,0.0,15,35,480.0,42.53125,1,42,1358.0,98.85057471264368,87,53,1
las cejas,Tucumán,NOA,2024-2025,-26.8884593,-64.7411658,46.57252170759843,0.08,0,0,0.2,14.007608695652175,8.771739130434783,40,3,0,395.3,0.0,62.47826086956522,21.1,4,9.395652173913044,32.6,0.16304347826086957,22.604918032786887,16.41147540983607,39,24,768.9000000000002,53.31147540983606,143.2,11.31967213114754,9999.0,9999.0,0,0,0.0,0.0,0,0,4800.0,805.2666666666667,60,60,1
las cejas,Tucumán,NOA,2025-2026,-26.8884593,-64.7411658,46.57252170759843,-0.14,0,0,0.8,13.677173913043477,8.528260869565216,28,2,0,353.6,0.0,68.09782608695652,45.2,5,9.223913043478264,32.4,0.2391304347826087,21.61639344262295,15.470491803278687,35,19,708.5999999999999,49.42622950819672,70.99999999999999,12.393442622950818,0.0,0.0,36,61,4800.0,805.2666666666667,1,60,4760.0,355.30232558139534,43,40,1
las chilcas,Córdoba,CENTRO NORTE,2024-2025,-30.0673866,-64.3263432,373.22002392819564,0.08,0,0,0.8,14.114130434782606,10.1,47,11,5,414.6000000000001,0.0,51.05434782608695,9.4,3,15.752173913043482,44.3,0.21739130434782608,21.644262295081965,16.652459016393443,40,21,710.3,44.59016393442623,129.3,19.67049180327869,9999.0,9999.0,0,0,0.0,0.0,0,0,75.0,12.117647058823527,51,21,1
las chilcas,Córdoba,CENTRO NORTE,2025-2026,-30.0673866,-64.3263432,373.22002392819564,-0.14,0,0,1.5,13.39130434782609,9.683695652173915,42,7,0,339.7,0.0,56.20652173913044,85.30000000000001,11,18.817391304347826,49.7,0.25,20.242622950819673,14.855737704918031,30,15,626.7,44.68852459016394,25.5,24.599999999999998,0.0,48.240562389658166,10,29,75.0,12.117647058823527,1,21,67.0,15.72972972972973,37,20,1
las chilcas,San Luis,CENTRO NORTE,2024-2025,-32.416667,-65.316667,624.646549941941,0.08,8,0,-2.9,10.381521739130434,5.2956521739130435,7,0,0,150.00000000000003,-10.5,57.32608695652174,16.0,4,10.908695652173913,43.2,0.06521739130434782,18.685245901639345,12.43606557377049,16,3,529.8000000000001,48.59016393442623,130.79999999999998,12.398360655737704,9999.0,9999.0,0,0,0.0,0.0,0,0,37.0,37.0,1,1,1
las delicias,Santiago Del Estero,NOA,2024-2025,-26.6777429,-64.0072692,119.22059877464686,0.08,1,0,-0.2,16.07608695652174,10.29565217391304,54,10,4,572.3999999999999,-0.2,56.68478260869565,7.0,1,12.009782608695653,36.9,0.30434782608695654,24.69180327868852,18.383606557377043,47,33,896.2,47.278688524590166,104.70000000000002,13.577049180327867,9999.0,9999.0,0,0,0.0,0.0,0,0,3300.0,278.2888888888889,45,21,1
las delicias,Santiago Del Estero,NOA,2025-2026,-26.6777429,-64.0072692,119.22059877464686,-0.14,0,0,1.4,15.17173913043478,9.844565217391304,49,7,2,484.7000000000001,0.0,63.94565217391305,44.99999999999999,10,10.38804347826087,32.2,0.4673913043478261,22.732786885245904,16.108196721311476,37,26,776.7,48.67213114754098,72.79999999999998,12.106557377049182,0.0,0.0,19,63,3300.0,278.2888888888889,1,21,1025.0,258.45454545454544,11,11,1
las garzas,Corrientes,LITORAL,2024-2025,-28.455352,-58.947382,642.7984230751287,0.08,0,0,0.6,16.44891304347826,12.284782608695652,57,35,19,618.7,0.0,72.65217391304348,140.0,17,14.76521739130435,42.9,0.2391304347826087,21.41475409836066,16.447540983606558,41,21,696.3000000000001,72.32786885245902,205.4,15.147540983606559,9999.0,9999.0,0,0,0.0,0.0,0,0,0.0,0.0,2,0,0
las garzas,Entre Ríos,LITORAL,2024-2025,-32.449963,-58.2581601,918.7351359459269,0.08,5,0,-2.1,12.605434782608697,8.553260869565218,39,11,5,323.9,-5.6,78.06521739130434,163.79999999999998,15,12.54782608695652,40.0,0.22826086956521738,18.01475409836066,13.019672131147543,19,6,488.8999999999999,74.98360655737704,152.3,12.82131147540984,9999.0,9999.0,0,0,0.0,0.0,0,0,517.0,96.188679245283,53,31,1
las garzas,Entre Ríos,LITORAL,2025-2026,-32.449963,-58.2581601,918.7351359459269,-0.14,3,0,-2.2,11.30108695652174,6.968478260869565,17,1,1,183.4,-2.9000000000000004,78.3804347826087,222.5,15,10.92282608695652,30.7,0.29347826086956524,17.28360655737705,11.908196721311475,12,1,448.0000000000001,69.11475409836065,205.1,12.531147540983609,0.0,0.0,6,16,517.0,96.188679245283,1,31,40.0,5.851063829787234,47,26,1
las lajitas,Salta,NOA,2024-2025,-24.7269289,-64.1953709,251.5087646112776,0.08,0,0,1.9,15.730434782608697,10.48586956521739,55,10,3,539.9,0.0,59.0,10.500000000000002,3,10.319565217391304,28.4,0.32608695652173914,23.859016393442623,17.724590163934423,47,28,845.4,49.73770491803279,87.4,11.385245901639342,9999.0,9999.0,0,0,0.0,0.0,0,0,1656.0,131.08247422680412,97,62,1
las lajitas,Salta,NOA,2025-2026,-24.7269289,-64.1953709,251.5087646112776,-0.14,0,0,1.5,14.97282608695652,10.153260869565218,49,7,0,470.0,0.0,65.92391304347827,32.6,6,11.534782608695652,41.2,0.4782608695652174,22.513114754098364,16.554098360655736,41,23,763.3,48.18032786885246,46.300000000000004,13.222950819672132,0.0,0.0,16,39,1656.0,131.08247422680412,1,62,1656.0,165.67441860465115,43,39,1
las lomitas,Formosa,NEA,2024-2025,-24.7075268,-60.5942732,516.5639111982558,0.08,0,0,1.9,18.720652173913045,14.07934782608696,62,42,26,808.6,0.0,66.1086956521739,83.80000000000001,15,12.84021739130435,44.1,0.2826086956521739,25.929508196721308,19.977049180327867,53,36,971.7,54.98360655737705,97.9,14.475409836065575,9999.0,9999.0,0,0,0.0,0.0,0,0,6.0,0.8108108108108109,37,11,1
las lomitas,Formosa,NEA,2025-2026,-24.7075268,-60.5942732,516.5639111982558,-0.14,0,0,2.5,17.019565217391307,12.380434782608695,62,27,8,654.1999999999998,0.0,73.68478260869566,197.1,21,10.276086956521738,31.1,0.13043478260869565,22.809836065573766,17.398360655737704,40,30,781.4,64.14754098360656,135.09999999999997,12.470491803278687,0.0,114.63954518037765,1,5,6.0,0.8108108108108109,1,11,233.0,63.59375,32,32,1
las numancias,Buenos Aires,CENTRO SUR,2024-2025,-37.7233852,-59.1005337,1342.372206456662,0.08,11,0,-3.6,7.940217391304348,4.515217391304348,9,1,0,66.5,-12.900000000000002,74.96739130434783,155.39999999999998,16,16.433695652173913,42.8,0.30434782608695654,13.918032786885245,8.721311475409836,6,1,249.3,67.54098360655738,80.9,15.240983606557378,9999.0,9999.0,0,0,0.0,0.0,0,0,0.0,0.0,36,0,0
las piedritas,Chaco,NEA,2024-2025,-26.8236989,-61.5657582,360.66181403961156,0.08,0,0,0.6,16.98369565217391,11.959782608695651,58,30,15,658.0,0.0,63.23913043478261,24.8,7,13.18260869565217,43.1,0.2717391304347826,24.291803278688523,18.057377049180328,45,31,871.8,55.85245901639344,134.3,15.093442622950821,9999.0,9999.0,0,0,0.0,0.0,0,0,0.0,0.0,50,0,0
las piedritas,Chaco,NEA,2025-2026,-26.8236989,-61.5657582,360.66181403961156,-0.14,0,0,0.8,15.788043478260867,10.796739130434782,51,17,4,547.5,0.0,68.71739130434783,100.3,13,11.502173913043478,36.4,0.22826086956521738,21.706557377049176,15.788524590163934,37,22,714.1000000000001,60.39344262295082,140.2,13.640983606557377,19.471154495144763,19.471154495144763,14,33,0.0,0.0,0,0,32.0,4.488888888888889,45,29,1
las rosas,Santa Fe,CENTRO SUR,2024-2025,-32.4756443,-61.5761736,721.6271752234995,0.08,8,0,-3.0,11.927173913043475,7.410869565217392,26,9,3,268.1,-10.2,69.06521739130434,60.7,9,12.442391304347824,39.7,0.29347826086956524,19.268852459016387,13.454098360655736,23,5,565.4,58.09836065573771,75.8,14.029508196721313,9999.0,9999.0,0,0,0.0,0.0,0,0,0.0,0.0,52,0,0
las rosas,Santa Fe,CENTRO SUR,2025-2026,-32.4756443,-61.5761736,721.6271752234995,-0.14,3,0,-3.1,11.12391304347826,6.856521739130434,17,2,0,178.10000000000002,-5.8,74.98913043478261,203.10000000000002,16,11.589130434782609,45.4,0.33695652173913043,17.15737704918033,11.504918032786884,10,3,441.5,65.70491803278688,109.3,13.526229508196721,25.462411016948028,25.462411016948028,38,96,0.0,0.0,0,0,0.0,0.0,10,0,0
lavalle,Santiago Del Estero,NOA,2024-2025,-25.9337138,-62.7066135,266.4243388671096,0.08,0,0,1.9,17.586956521739133,12.42608695652174,62,28,15,703.8,0.0,57.55434782608695,12.1,5,12.764130434782608,40.4,0.2826086956521739,25.778688524590162,19.486885245901636,53,37,962.4999999999999,47.950819672131146,108.1,14.655737704918034,9999.0,9999.0,0,0,0.0,0.0,0,0,797.0,54.294117647058826,51,21,1
lavalle,Santiago Del Estero,NOA,2025-2026,-25.9337138,-62.7066135,266.4243388671096,-0.14,0,0,1.8,16.118478260869566,11.225,52,19,5,571.9000000000001,0.0,66.40217391304348,44.4,9,10.402173913043478,33.4,0.34782608695652173,23.01147540983607,16.808196721311475,42,25,793.7000000000002,53.08196721311475,68.4,12.324590163934426,0.0,0.0,5,32,797.0,54.294117647058826,1,21,1.0,0.5,18,9,0
leales,Tucumán,NOA,2024-2025,-27.1937478,-65.310329,45.12671091932089,0.08,0,0,0.3,12.564130434782607,7.015217391304349,20,0,0,281.1,0.0,70.43478260869566,19.099999999999998,6,5.641304347826086,22.5,0.0,20.965573770491805,14.845901639344262,29,15,668.9000000000001,62.9344262295082,222.1,6.51639344262295,9999.0,9999.0,0,0,0.0,0.0,0,0,1388.0,185.33333333333331,39,22,1
leales,Tucumán,NOA,2025-2026,-27.1937478,-65.310329,45.12671091932089,-0.14,0,0,0.2,12.793478260869568,7.498913043478261,18,0,0,281.69999999999993,0.0,71.77173913043478,34.7,6,4.642391304347826,21.5,0.0,20.101639344262296,13.581967213114757,23,8,616.2,58.39344262295082,96.1,5.980327868852459,0.0,0.0,33,52,1388.0,185.33333333333331,1,22,1388.0,109.48837209302326,43,26,1
leandro n. alem,Buenos Aires,CENTRO SUR,2024-2025,-34.6029769,-58.3697268,1085.2609641828074,0.08,7,0,-1.4,11.025,7.591304347826087,27,6,2,200.79999999999998,-6.799999999999999,78.30434782608695,231.2,20,14.789130434782608,39.9,0.20652173913043478,17.280327868852456,13.101639344262294,19,7,444.09999999999997,72.85245901639344,94.1,15.47049180327869,9999.0,9999.0,0,0,0.0,0.0,0,0,1.0,0.0892857142857142,56,5,0
leandro n. alem,Buenos Aires,CENTRO SUR,2025-2026,-34.6029769,-58.3697268,1085.2609641828074,-0.14,1,0,-0.3,11.468478260869563,8.229347826086956,24,1,0,181.9,-0.3,73.79347826086956,189.39999999999998,13,10.746739130434781,33.5,0.2717391304347826,17.14098360655738,13.157377049180328,16,7,437.5,63.90163934426229,189.50000000000003,12.04098360655738,98.8380414920606,169.28500115579106,2,11,1.0,0.0892857142857142,0,5,0.0,0.0,50,0,0
lecueder,Córdoba,CENTRO SUR,2024-2025,-34.4955295,-64.8096741,856.5156182549582,0.08,13,0,-3.3,9.317391304347826,4.360869565217391,4,0,0,99.4,-24.6,66.3804347826087,39.199999999999996,11,10.167391304347829,27.5,0.2391304347826087,18.144262295081965,11.557377049180326,15,3,496.8,50.73770491803279,110.80000000000001,12.847540983606557,9999.0,9999.0,0,0,0.0,0.0,0,0,0.0,0.0,51,0,0
lecueder,Córdoba,CENTRO SUR,2025-2026,-34.4955295,-64.8096741,856.5156182549582,-0.14,10,0,-4.1,9.933695652173913,4.693478260869566,5,0,0,112.30000000000001,-18.099999999999998,65.30434782608695,95.10000000000001,11,11.27282608695652,33.4,0.391304347826087,17.270491803278688,10.819672131147541,9,1,449.0,53.08196721311475,103.39999999999999,15.027868852459017,19.913621326514516,127.48450892725906,6,19,0.0,0.0,0,0,0.0,0.0,34,0,0
lilo viejo,Santiago Del Estero,NEA,2024-2025,-26.9368803,-62.9504737,223.6483829230618,0.08,0,0,1.2,16.786956521739132,11.682608695652174,60,22,12,636.9999999999999,0.0,57.73913043478261,14.8,4,12.954347826086956,40.9,0.2391304347826087,24.89672131147541,18.683606557377058,49,35,908.7,49.47540983606557,93.9,14.872131147540982,9999.0,9999.0,0,0,0.0,0.0,0,0,850.0,45.52173913043478,46,14,1
lilo viejo,Santiago Del Estero,NEA,2025-2026,-26.9368803,-62.9504737,223.6483829230618,-0.14,0,0,1.5,15.505434782608695,10.700000000000001,49,13,4,517.6,0.0,67.19565217391305,63.599999999999994,13,11.088043478260868,32.7,0.2391304347826087,22.41803278688524,16.218032786885246,37,23,757.4999999999999,54.22950819672131,92.5,13.463934426229509,0.0,0.0,8,53,850.0,45.52173913043478,1,14,850.0,59.18421052631579,38,13,1
llambi,Santa Fe,NEA,2024-2025,-31.1853754,-60.7509283,651.7906254376178,0.08,4,0,-1.4,13.253260869565214,8.960869565217392,37,11,4,363.8,-2.7,72.82608695652173,71.6,11,12.258695652173913,35.2,0.22826086956521738,20.76885245901639,14.718032786885246,28,11,656.9,58.950819672131146,111.89999999999999,14.127868852459015,9999.0,9999.0,0,0,0.0,0.0,0,0,0.0,0.0,6,0,0
llambi campbell,Santa Fe,NEA,2024-2025,-31.1863587,-60.745736,652.2059396539747,0.08,4,0,-1.4,13.253260869565214,8.960869565217392,37,11,4,363.8,-2.7,72.82608695652173,71.6,11,12.258695652173913,35.2,0.22826086956521738,20.76885245901639,14.718032786885246,28,11,656.9,58.950819672131146,111.89999999999999,14.127868852459015,9999.0,9999.0,0,0,0.0,0.0,0,0,0.0,0.0,3,0,0
llambí campbell,Santa Fe,NEA,2024-2025,-31.1863587,-60.745736,652.2059396539747,0.08,4,0,-1.4,13.253260869565214,8.960869565217392,37,11,4,363.8,-2.7,72.82608695652173,71.6,11,12.258695652173913,35.2,0.22826086956521738,20.76885245901639,14.718032786885246,28,11,656.9,58.950819672131146,111.89999999999999,14.127868852459015,9999.0,9999.0,0,0,0.0,0.0,0,0,10.0,2.083333333333333,36,12,1
logroño,Santa Fe,CENTRO NORTE,2024-2025,-29.5038105,-61.6961816,456.448187158665,0.08,2,0,-0.6,14.867391304347828,10.340217391304348,51,19,9,484.9,-0.8,66.02173913043478,21.2,5,11.830434782608695,34.9,0.1956521739130435,22.54590163934426,16.43934426229508,40,23,765.3,54.32786885245902,67.5,13.701639344262292,9999.0,9999.0,0,0,0.0,0.0,0,0,0.0,0.0,2,0,0
logroño,Santa Fe,NEA,2024-2025,-29.5038105,-61.6961816,456.448187158665,0.08,2,0,-0.6,14.867391304347828,10.340217391304348,51,19,9,484.9,-0.8,66.02173913043478,21.2,5,11.830434782608695,34.9,0.1956521739130435,22.54590163934426,16.43934426229508,40,23,765.3,54.32786885245902,67.5,13.701639344262292,9999.0,9999.0,0,0,0.0,0.0,0,0,3217.0,212.69135802469137,81,26,1
logroño,Santa Fe,NEA,2025-2026,-29.5038105,-61.6961816,456.448187158665,-0.14,1,0,-0.6,13.847826086956522,9.10108695652174,35,7,2,378.6,-0.6,70.32608695652173,167.5,18,12.395652173913044,34.8,0.22826086956521738,20.306557377049177,14.391803278688524,26,14,628.9999999999999,59.01639344262295,105.80000000000001,14.616393442622952,0.0,0.0,8,35,3217.0,106.34567901234568,1,26,3217.0,76.56,50,24,1
los altos,Catamarca,NOA,2024-2025,-28.0468719,-65.4997332,141.76667414541572,0.08,3,0,-2.0,11.468478260869563,6.290217391304347,18,0,0,206.70000000000005,-4.4,67.96739130434783,33.6,6,5.317391304347825,25.8,0.09782608695652174,19.845901639344266,13.857377049180327,23,12,600.6000000000001,58.80327868852459,152.39999999999998,6.311475409836066,9999.0,9999.0,0,0,0.0,0.0,0,0,256.0,21.385964912280706,57,27,1
los altos,Catamarca,NOA,2025-2026,-28.0468719,-65.4997332,141.76667414541572,-0.14,1,0,-0.9,11.547826086956523,6.7749999999999995,8,0,0,188.10000000000002,-0.9,70.3804347826087,43.3,14,5.313043478260869,43.7,0.1956521739130435,18.8672131147541,13.047540983606558,19,6,541.1999999999998,55.278688524590166,68.2,6.824590163934427,0.0,0.0,14,40,256.0,21.385964912280706,1,27,1043.0,176.52,50,41,1
los frentones,Chaco,NEA,2024-2025,-26.4088995,-61.4131341,378.9844503356617,0.08,0,0,0.7,17.208695652173912,12.320652173913043,58,31,15,677.4999999999999,0.0,64.92391304347827,42.2,8,12.27717391304348,37.6,0.2391304347826087,24.290163934426236,18.19672131147541,47,31,871.7,57.967213114754095,109.0,13.781967213114754,9999.0,9999.0,0,0,0.0,0.0,0,0,126.0,8.411764705882353,68,29,1
los juries,Santiago Del Estero,NEA,2024-2025,-28.4633987,-62.1100222,356.1669701316446,0.08,0,0,0.3,15.964130434782607,11.147826086956524,54,22,9,571.3,0.0,61.358695652173914,11.5,3,13.821739130434784,40.1,0.17391304347826086,23.345901639344266,17.29672131147541,43,25,814.1,54.59016393442623,200.5,15.955737704918032,9999.0,9999.0,0,0,0.0,0.0,0,0,880.0,92.7816091954023,87,39,1
los juries,Santiago Del Estero,NEA,2025-2026,-28.4633987,-62.1100222,356.1669701316446,-0.14,0,0,0.9,14.69130434782609,9.834782608695651,46,9,3,447.8999999999999,0.0,68.45652173913044,125.4,15,12.044565217391304,36.3,0.1956521739130435,21.191803278688525,15.18360655737705,30,19,682.6999999999998,57.622950819672134,75.5,14.427868852459017,0.0,0.0,13,30,880.0,92.7816091954023,1,39,957.0,75.1063829787234,47,28,1
los molles,San Luis,CENTRO SUR,2024-2025,-32.4388986,-65.0097867,627.2860227954352,0.08,6,0,-1.6,10.208695652173915,5.713043478260869,9,0,0,147.2,-4.4,54.91304347826087,12.5,5,6.5271739130434785,21.8,0.3804347826086957,18.388524590163936,12.688524590163933,15,3,511.7,47.131147540983605,74.3,8.944262295081968,9999.0,9999.0,0,0,0.0,0.0,0,0,4.0,2.5,2,2,0
los molles,San Luís,CENTRO SUR,2024-2025,-32.4388986,-65.0097867,627.2860227954352,0.08,6,0,-1.6,10.208695652173915,5.713043478260869,9,0,0,147.2,-4.4,54.91304347826087,12.5,5,6.5271739130434785,21.8,0.3804347826086957,18.388524590163936,12.688524590163933,15,3,511.7,47.131147540983605,74.3,8.944262295081968,9999.0,9999.0,0,0,0.0,0.0,0,0,823.0,25.05172413793104,58,25,1
los molles,San Luís,CENTRO SUR,2025-2026,-32.4388986,-65.0097867,627.2860227954352,-0.14,4,0,-4.4,9.809782608695654,5.986956521739131,7,0,0,97.69999999999999,-8.8,59.05434782608695,67.5,6,5.922826086956523,31.9,0.532608695652174,16.35573770491803,10.778688524590164,12,0,394.7999999999999,50.73770491803279,39.0,9.30983606557377,0.0,0.0,10,43,823.0,25.05172413793104,1,25,823.0,216.22222222222223,9,8,1
los pereyra,Tucumán,NOA,2024-2025,-26.9462385,-64.8820143,35.48509013759683,0.08,0,0,0.3,13.307608695652174,7.693478260869565,27,2,0,338.9,0.0,65.25,8.0,1,8.027173913043478,25.2,0.18478260869565216,21.99836065573771,15.654098360655736,36,17,731.9000000000002,55.721311475409834,114.10000000000001,9.76393442622951,9999.0,9999.0,0,0,0.0,0.0,0,0,996.0,99.48076923076924,52,37,1
los pereyra,Tucumán,NOA,2025-2026,-26.9462385,-64.8820143,35.48509013759683,-0.14,0,0,0.8,13.420652173913046,7.96086956521739,26,0,0,331.4,0.0,67.92391304347827,43.89999999999999,5,8.114130434782608,34.5,0.18478260869565216,21.581967213114755,15.062295081967214,30,14,706.5,48.77049180327869,61.699999999999996,11.624590163934426,0.0,0.0,35,58,996.0,99.48076923076924,1,37,996.0,97.59183673469389,49,39,1
los puestos,Tucumán,NOA,2024-2025,-27.2808347,-65.0175023,56.43880646026563,0.08,0,0,0.2,13.40978260869565,7.726086956521739,30,1,0,348.6,0.0,65.43478260869566,16.599999999999998,3,6.846739130434783,26.2,0.18478260869565216,22.039344262295085,15.567213114754098,35,19,734.4,56.704918032786885,114.80000000000001,8.314754098360655,9999.0,9999.0,0,0,0.0,0.0,0,0,169.0,17.228070175438596,57,27,1
los puestos,Tucumán,NOA,2025-2026,-27.2808347,-65.0175023,56.43880646026563,-0.14,0,0,0.5,12.994565217391305,7.639130434782608,20,0,0,295.29999999999995,0.0,72.1304347826087,35.2,6,5.761956521739131,35.2,0.2608695652173913,21.072131147540976,14.681967213114755,30,12,675.4000000000001,53.459016393442624,81.30000000000003,8.678688524590166,0.0,0.0,35,52,169.0,17.228070175438596,1,27,520.0,27.272727272727277,44,18,1
los toldos,Buenos Aires,CENTRO SUR,2024-2025,-35.0002026,-61.0384006,994.2349770918088,0.08,13,0,-3.5,10.132608695652175,5.646739130434782,13,3,2,165.39999999999998,-27.5,70.97826086956522,90.39999999999999,14,12.475,34.6,0.34782608695652173,17.826229508196718,11.852459016393444,13,6,477.8,58.557377049180324,132.2,13.673770491803277,9999.0,9999.0,0,0,0.0,0.0,0,0,0.0,0.0,57,0,0
los toldos,Buenos Aires,CENTRO SUR,2025-2026,-35.0002026,-61.0384006,994.2349770918088,-0.14,4,0,-4.0,10.121739130434785,5.7771739130434785,13,0,0,118.2,-7.9,73.71739130434783,318.8,17,11.579347826086956,36.2,0.43478260869565216,15.781967213114754,10.498360655737704,8,1,360.99999999999994,66.73770491803279,258.90000000000003,13.078688524590163,93.61259438620561,163.3263048731529,3,23,0.0,0.0,0,0,0.0,0.0,47,0,0
lujan,Buenos Aires,CENTRO SUR,2024-2025,-34.5661734,-59.1152598,1040.7490190015694,0.08,9,0,-3.8,10.674999999999999,6.441304347826088,17,5,2,192.50000000000003,-19.799999999999997,75.16304347826087,152.29999999999998,13,12.67608695652174,35.4,0.2717391304347826,17.47049180327869,11.94590163934426,11,4,455.7,66.21311475409836,76.3,13.213114754098356,9999.0,9999.0,0,0,0.0,0.0,0,0,0.0,0.0,9,0,0
lópez,Santa Fe,CENTRO NORTE,2024-2025,-31.9037969,-61.2770597,682.9616090631757,0.08,4,0,-2.0,12.616304347826086,8.220652173913043,29,10,4,315.3,-4.9,70.02173913043478,54.199999999999996,8,12.775000000000002,36.4,0.2717391304347826,20.24590163934426,14.372131147540982,25,10,625.0,56.557377049180324,131.0,14.704918032786887,9999.0,9999.0,0,0,0.0,0.0,0,0,68.0,6.407407407407407,54,12,1
lópez,Santa Fe,CENTRO NORTE,2025-2026,-31.9037969,-61.2770597,682.9616090631757,-0.14,3,0,-2.2,11.590217391304344,7.177173913043478,19,3,0,210.49999999999997,-4.6000000000000005,75.78260869565217,261.5,18,11.358695652173912,44.2,0.31521739130434784,17.72622950819672,12.06393442622951,13,4,475.00000000000006,65.77049180327869,71.1,13.245901639344266,0.0,14.558700070862775,35,92,68.0,6.407407407407407,1,12,68.0,5.836734693877551,49,18,1
macachín,La Pampa,CENTRO SUR,2024-2025,-37.1369966,-63.6667496,1158.4321683977569,0.08,16,1,-6.1,8.43695652173913,3.883695652173913,4,0,0,66.29999999999998,-31.0,68.65217391304348,52.10000000000001,12,11.257608695652175,27.4,0.42391304347826086,16.098360655737707,10.147540983606557,7,4,372.0,55.18032786885246,80.39999999999999,12.249180327868853,9999.0,9999.0,0,0,0.0,0.0,0,0,0.0,0.0,49,0,0
macachín,La Pampa,CENTRO SUR,2025-2026,-37.1369966,-63.6667496,1158.4321683977569,-0.14,5,0,-3.2,9.111956521739131,4.680434782608696,5,0,0,75.6,-8.4,68.48913043478261,69.4,9,12.817391304347824,36.6,0.41304347826086957,15.362295081967213,9.816393442622951,6,0,335.6,58.81967213114754,163.6,15.150819672131151,74.32001120383828,389.4701988807483,1,4,0.0,0.0,0,0,0.0,0.0,42,0,0
macapillo,Salta,NOA,2024-2025,-25.4031119,-63.9820685,197.27034512474052,0.08,0,0,1.8,15.945652173913047,10.86413043478261,55,12,4,556.0999999999999,0.0,60.73913043478261,10.700000000000001,3,10.271739130434785,28.1,0.358695652173913,24.318032786885247,18.363934426229505,50,30,873.4000000000001,50.32786885245902,145.5,11.427868852459019,9999.0,9999.0,0,0,0.0,0.0,0,0,159.0,23.48148148148148,27,27,1
maipú,Buenos Aires,CENTRO SUR,2024-2025,-34.5129556,-58.4874923,1070.7068354444043,0.08,6,0,-1.7,11.139130434782611,7.706521739130434,29,6,2,208.8,-6.9,76.8695652173913,217.1,18,15.259782608695653,41.6,0.1956521739130435,17.391803278688528,13.16393442622951,20,7,450.90000000000003,71.44262295081967,108.39999999999999,15.962295081967213,9999.0,9999.0,0,0,0.0,0.0,0,0,0.0,0.0,1,0,0
malabrigo,Santa Fe,NEA,2024-2025,-29.3489728,-59.9700883,586.0877031643083,0.08,0,0,0.3,15.22391304347826,11.123913043478261,55,23,10,514.6,0.0,72.45652173913044,86.8,9,13.054347826086957,38.4,0.1956521739130435,21.05081967213115,15.788524590163936,36,18,674.1,68.70491803278688,131.9,14.172131147540984,9999.0,9999.0,0,0,0.0,0.0,0,0,207.0,36.42105263157895,57,27,1
malabrigo,Santa Fe,NEA,2025-2026,-29.3489728,-59.9700883,586.0877031643083,-0.14,2,0,-0.9,13.849999999999998,9.124999999999998,37,5,2,381.80000000000007,-1.0,74.25,206.3,20,11.984782608695653,34.4,0.18478260869565216,19.427868852459017,14.095081967213114,24,10,575.5,67.37704918032787,235.50000000000006,13.5327868852459,0.0,0.0,9,26,207.0,36.42105263157895,1,27,218.0,39.56,50,38,1
manfredi,Córdoba,CENTRO NORTE,2024-2025,-31.8457855,-63.747563,578.4438051641517,0.08,9,0,-2.3,10.997826086956522,6.126086956521739,13,2,1,187.7,-8.6,66.6304347826087,25.6,6,10.016304347826086,27.7,0.45652173913043476,18.908196721311473,13.045901639344262,21,4,543.3999999999999,55.85245901639344,215.1,11.39016393442623,9999.0,9999.0,0,0,0.0,0.0,0,0,1872.0,97.8,55,19,1
manfredi,Córdoba,CENTRO NORTE,2025-2026,-31.8457855,-63.747563,578.4438051641517,-0.14,2,0,-2.8,10.922826086956523,6.192391304347825,12,0,0,153.79999999999995,-4.8,68.1304347826087,144.9,12,12.206521739130435,40.1,0.4891304347826087,17.518032786885247,11.3,12,4,464.09999999999997,58.59016393442623,93.4,14.222950819672134,0.0,0.0,25,66,1872.0,97.8,1,19,1872.0,41.7,50,21,1
marcos juarez,Córdoba,CENTRO SUR,2024-2025,-32.6946933,-62.104385,720.264917390277,0.08,10,0,-3.2,11.453260869565215,6.8086956521739115,19,5,3,237.9,-14.700000000000001,69.26086956521739,60.099999999999994,9,11.642391304347825,36.4,0.3804347826086957,18.995081967213114,13.137704918032787,22,5,548.6999999999999,57.442622950819676,115.30000000000001,13.368852459016392,9999.0,9999.0,0,0,0.0,0.0,0,0,123.0,9.34375,64,18,1
marcos juarez,Córdoba,CENTRO SUR,2025-2026,-32.6946933,-62.104385,720.264917390277,-0.14,3,0,-3.2,11.016304347826088,6.63913043478261,15,1,0,168.29999999999998,-5.8,73.45652173913044,221.1,15,11.918478260869565,40.6,0.391304347826087,17.126229508196722,11.349180327868854,12,3,439.69999999999993,64.37704918032787,158.5,14.019672131147537,0.0,0.0,17,94,123.0,9.34375,1,18,123.0,10.636363636363637,44,17,1
margarita,Santa Fe,NEA,2024-2025,-32.9124814,-60.8114526,800.446193424536,0.08,5,0,-2.5,11.92608695652174,7.66195652173913,25,10,3,267.3,-6.300000000000001,71.94565217391305,79.49999999999999,12,11.942391304347826,36.7,0.2608695652173913,18.97049180327869,13.545901639344262,26,5,547.1999999999999,62.77049180327869,132.4,12.975409836065573,9999.0,9999.0,0,0,0.0,0.0,0,0,279.0,36.37037037037037,54,21,1
margarita,Santa Fe,NEA,2025-2026,-32.9124814,-60.8114526,800.446193424536,-0.14,3,0,-3.0,11.167391304347827,6.9576086956521745,16,2,0,183.19999999999996,-4.8,76.48913043478261,257.1,15,9.873913043478261,36.4,0.31521739130434784,17.145901639344263,11.895081967213113,12,3,440.4,67.49180327868852,181.5,11.552459016393442,0.0,0.0,33,85,279.0,36.37037037037037,1,21,141.0,15.326086956521738,46,22,1
maria juana,Santa Fe,CENTRO NORTE,2024-2025,-31.6755638,-61.7516598,636.9643141548554,0.08,6,0,-2.9,12.49891304347826,7.992391304347826,29,9,3,307.4000000000001,-7.2,68.95652173913044,51.8,8,12.693478260869565,37.4,0.2717391304347826,20.185245901639345,14.240983606557378,25,9,621.3000000000001,55.704918032786885,92.00000000000001,14.53934426229508,9999.0,9999.0,0,0,0.0,0.0,0,0,127.0,7.6,50,9,1
maria juana,Santa Fe,CENTRO NORTE,2025-2026,-31.6755638,-61.7516598,636.9643141548554,-0.14,3,0,-2.4,11.733695652173912,7.3836956521739125,20,4,0,217.10000000000002,-4.6,73.97826086956522,266.90000000000003,16,11.860869565217389,44.3,0.3695652173913043,17.886885245901638,12.131147540983605,13,4,484.79999999999995,63.721311475409834,152.0,13.857377049180327,0.0,0.0,27,97,127.0,7.6,1,9,127.0,9.936170212765957,47,12,1
maria teresa,Santa Fe,CENTRO SUR,2024-2025,-34.010723,-61.9195385,861.1495041129035,0.08,9,0,-2.8,10.904347826086957,6.456521739130436,15,4,3,203.8,-15.0,68.46739130434783,67.1,13,12.780434782608696,37.9,0.3695652173913043,18.681967213114753,12.881967213114754,17,6,529.6,55.49180327868852,132.89999999999998,14.585245901639345,9999.0,9999.0,0,0,0.0,0.0,0,0,0.0,0.0,41,0,0
maria teresa,Santa Fe,CENTRO SUR,2025-2026,-34.010723,-61.9195385,861.1495041129035,-0.14,4,0,-3.2,10.27391304347826,6.178260869565216,11,0,0,125.69999999999999,-5.0,75.06521739130434,201.40000000000003,12,12.181521739130435,38.8,0.42391304347826086,16.121311475409836,10.924590163934427,8,3,381.40000000000003,67.9672131147541,193.29999999999998,14.373770491803278,29.602756424442234,29.602756424442234,10,52,0.0,0.0,0,0,0.0,0.0,14,0,0
marull,Córdoba,CENTRO NORTE,2024-2025,-30.9945073,-62.8247511,520.5344903266024,0.08,2,0,-1.9,12.964130434782609,8.751086956521739,34,10,2,320.9,-2.1,67.67391304347827,38.4,8,12.351086956521737,34.9,0.25,20.739344262295084,15.568852459016396,32,19,655.1,57.68852459016394,112.8,14.127868852459013,9999.0,9999.0,0,0,0.0,0.0,0,0,125.0,13.875,32,6,1
marull,Córdoba,CENTRO NORTE,2025-2026,-30.9945073,-62.8247511,520.5344903266024,-0.14,1,0,-0.2,12.34673913043478,8.691304347826087,30,4,0,249.0,-0.2,74.48913043478261,184.6,17,11.906521739130433,43.1,0.32608695652173914,18.89180327868852,13.97377049180328,26,12,543.4000000000001,62.73770491803279,57.9,14.386885245901638,0.0,0.0,16,75,125.0,13.875,1,6,2.0,0.6,10,3,0
melo,Córdoba,CENTRO SUR,2024-2025,-34.3487625,-63.445206,855.9813591829335,0.08,10,0,-3.0,10.165217391304349,5.5076086956521735,10,1,0,143.89999999999998,-17.5,67.65217391304348,44.8,11,11.55,31.0,0.358695652173913,18.760655737704916,12.572131147540983,19,6,534.4000000000001,51.34426229508197,93.4,14.52295081967213,9999.0,9999.0,0,0,0.0,0.0,0,0,5.0,0.7833333333333333,60,24,1
melo,Córdoba,CENTRO SUR,2025-2026,-34.3487625,-63.445206,855.9813591829335,-0.14,6,0,-2.7,10.056521739130435,5.66195652173913,8,0,0,111.1,-9.0,71.71739130434783,167.8,12,12.292391304347825,36.6,0.4673913043478261,16.37377049180328,10.983606557377048,11,2,395.99999999999994,63.950819672131146,166.39999999999998,15.162295081967212,0.0,88.90632008451196,5,29,5.0,0.7833333333333333,1,24,5.0,0.3777777777777777,45,7,1
mercedes,,URUGUAY,2024-2025,-33.2484204,-58.0298671,994.7273032835553,0.08,7,0,-1.9,11.998913043478263,8.029347826086957,33,10,2,278.5,-7.300000000000001,77.53260869565217,143.20000000000002,13,12.991304347826087,34.8,0.20652173913043478,17.914754098360653,12.596721311475411,15,5,482.8,70.59016393442623,123.0,13.591803278688527,9999.0,9999.0,0,0,0.0,0.0,0,0,0.0,0.0,6,0,0
mercedes,,URUGUAY,2025-2026,-33.2484204,-58.0298671,994.7273032835553,-0.14,3,0,-2.5,10.81195652173913,6.608695652173912,13,1,1,147.9,-4.2,79.02173913043478,203.70000000000002,12,10.596739130434782,33.3,0.2717391304347826,16.337704918032784,11.077049180327867,9,0,393.5,71.8688524590164,166.29999999999995,11.881967213114756,69.90871977593916,70.11588778760459,4,14,0.0,0.0,0,0,2.0,0.4444444444444444,9,2,0
mercedes,Corrientes,LITORAL,2024-2025,-29.1835645,-58.0799951,747.4655165913475,0.08,0,0,0.6,15.61195652173913,11.63586956521739,55,31,12,552.1,0.0,75.32608695652173,243.40000000000003,16,15.134782608695653,38.3,0.22826086956521738,20.431147540983606,15.59016393442623,34,17,636.3,74.70491803278688,251.60000000000002,15.185245901639345,9999.0,9999.0,0,0,0.0,0.0,0,0,559.0,72.33333333333333,102,85,1
mercedes,Corrientes,LITORAL,2025-2026,-29.1835645,-58.0799951,747.4655165913475,-0.14,2,0,-0.8,13.631521739130434,9.447826086956521,39,9,2,366.00000000000006,-0.9,78.8586956521739,285.2,20,13.971739130434784,39.9,0.11956521739130435,18.719672131147547,14.101639344262296,27,11,533.3000000000001,73.11475409836065,350.6,15.181967213114755,0.0,0.0,1,13,559.0,72.33333333333333,1,85,266.0,33.06185567010309,97,72,1
mercedes,Uruguay,URUGUAY,2024-2025,-32.4864848,-58.226709,923.633513550224,0.08,4,0,-1.5,12.602173913043481,8.626086956521737,39,11,4,320.59999999999997,-3.6,78.70652173913044,172.20000000000002,15,12.555434782608694,38.5,0.22826086956521738,18.060655737704923,13.124590163934425,19,5,491.7,75.1311475409836,176.70000000000002,12.849180327868854,9999.0,9999.0,0,0,0.0,0.0,0,0,0.0,0.0,29,0,0
mercedes,Uruguay,URUGUAY,2025-2026,-32.4864848,-58.226709,923.633513550224,-0.14,2,0,-1.8,11.382608695652175,7.071739130434783,17,1,1,187.20000000000005,-2.4,78.30434782608695,220.7,17,10.516304347826088,29.4,0.30434782608695654,17.31639344262295,11.965573770491805,12,1,449.50000000000006,69.1311475409836,194.69999999999996,12.08032786885246,0.5189831891089987,5.019740666204625,6,15,0.0,0.0,0,0,15.0,1.8333333333333333,18,6,1
metan,Salta,NOA,2024-2025,-25.4971644,-64.9709701,146.66120000253179,0.08,0,0,0.9,13.023913043478263,8.319565217391306,32,1,0,325.5999999999999,0.0,65.3695652173913,53.2,13,5.991304347826087,25.7,0.2826086956521739,21.057377049180328,15.644262295081967,36,17,674.4999999999999,54.967213114754095,159.29999999999998,8.332786885245902,9999.0,9999.0,0,0,0.0,0.0,0,0,2564.0,189.13223140495867,121,67,1
metan,Salta,NOA,2025-2026,-25.4971644,-64.9709701,146.66120000253179,-0.14,0,0,0.3,12.979347826086958,8.664130434782608,29,1,0,305.3999999999999,0.0,66.44565217391305,56.6,7,5.990217391304349,30.4,0.25,19.655737704918035,14.018032786885247,26,9,589.0,53.57377049180328,89.5,8.539344262295081,0.0,0.0,17,59,2564.0,189.13223140495867,1,67,2564.0,178.80459770114942,87,68,1
metán,Salta,NOA,2024-2025,-25.4971644,-64.9709701,146.66120000253179,0.08,0,0,0.9,13.023913043478263,8.319565217391306,32,1,0,325.5999999999999,0.0,65.3695652173913,53.2,13,5.991304347826087,25.7,0.2826086956521739,21.057377049180328,15.644262295081967,36,17,674.4999999999999,54.967213114754095,159.29999999999998,8.332786885245902,9999.0,9999.0,0,0,0.0,0.0,0,0,966.0,173.68,50,29,1
metán,Salta,NOA,2025-2026,-25.4971644,-64.9709701,146.66120000253179,-0.14,0,0,0.3,12.979347826086958,8.664130434782608,29,1,0,305.3999999999999,0.0,66.44565217391305,56.6,7,5.990217391304349,30.4,0.25,19.655737704918035,14.018032786885247,26,9,589.0,53.57377049180328,89.5,8.539344262295081,0.0,0.0,17,59,966.0,173.68,1,29,359.0,18.7,50,27,1
mi granja,Córdoba,CENTRO NORTE,2024-2025,-31.3504301,-64.0002537,519.231049909928,0.08,6,0,-3.2,10.917391304347825,5.86086956521739,11,2,1,187.10000000000002,-10.700000000000001,65.8804347826087,21.9,7,9.872826086956522,27.1,0.4782608695652174,18.80819672131148,13.003278688524587,22,5,537.3,55.83606557377049,227.0,11.29344262295082,9999.0,9999.0,0,0,0.0,0.0,0,0,200.0,31.74418604651163,43,15,1
mi granja,Córdoba,CENTRO NORTE,2025-2026,-31.3504301,-64.0002537,519.231049909928,-0.14,3,0,-2.8,10.958695652173914,6.047826086956523,10,0,0,153.99999999999997,-3.8,66.1195652173913,155.4,12,11.296739130434782,37.3,0.4891304347826087,17.596721311475406,11.37704918032787,11,2,468.40000000000003,56.540983606557376,66.10000000000001,13.078688524590163,0.0,0.0,25,54,200.0,31.74418604651163,1,15,152.0,10.525,40,16,1
miguelete,,URUGUAY,2024-2025,-34.0068496,-57.6472815,1079.4644882843775,0.08,8,0,-2.5,11.19891304347826,7.2576086956521735,26,8,2,228.5,-14.6,77.41304347826087,161.0,14,13.883695652173914,38.7,0.29347826086956524,16.981967213114753,11.637704918032787,12,4,425.90000000000003,71.11475409836065,89.89999999999999,14.27377049180328,9999.0,9999.0,0,0,0.0,0.0,0,0,0.0,0.0,2,0,0
miguelete,Uruguay,URUGUAY,2024-2025,-34.0068496,-57.6472815,1079.4644882843775,0.08,8,0,-2.5,11.19891304347826,7.2576086956521735,26,8,2,228.5,-14.6,77.41304347826087,161.0,14,13.883695652173914,38.7,0.29347826086956524,16.981967213114753,11.637704918032787,12,4,425.90000000000003,71.11475409836065,89.89999999999999,14.27377049180328,9999.0,9999.0,0,0,0.0,0.0,0,0,2.0,0.2857142857142857,14,3,0
moctezuma,Buenos Aires,CENTRO SUR,2024-2025,-35.4778726,-61.4956816,1027.0754295731356,0.08,13,0,-3.3,9.628260869565217,5.268478260869566,11,3,1,132.9,-22.1,71.65217391304348,75.4,11,12.607608695652175,34.5,0.358695652173913,17.34918032786885,11.49016393442623,11,5,448.9,58.83606557377049,86.39999999999999,13.690163934426227,9999.0,9999.0,0,0,0.0,0.0,0,0,1.0,0.1052631578947368,57,6,0
moctezuma,Buenos Aires,CENTRO SUR,2025-2026,-35.4778726,-61.4956816,1027.0754295731356,-0.14,4,0,-3.6,9.60108695652174,5.5260869565217385,8,0,0,93.4,-8.0,75.23913043478261,219.9,16,11.896739130434783,35.2,0.41304347826086957,15.306557377049181,10.232786885245902,7,1,334.59999999999997,69.27868852459017,226.50000000000003,13.508196721311474,29.789772653310898,197.1949476971268,2,10,1.0,0.1052631578947368,0,6,1.0,0.2727272727272727,11,3,0
moisés ville,Santa Fe,CENTRO NORTE,2024-2025,-30.7155114,-61.469608,567.173008723638,0.08,4,0,-1.5,13.533695652173913,9.019565217391303,37,11,6,379.6,-2.5,68.78260869565217,46.2,7,12.667391304347825,33.4,0.20652173913043478,21.01967213114754,14.955737704918034,28,13,672.2,56.540983606557376,130.50000000000003,14.513114754098359,9999.0,9999.0,0,0,0.0,0.0,0,0,113.0,15.084745762711863,59,24,1
moisés ville,Santa Fe,CENTRO NORTE,2025-2026,-30.7155114,-61.469608,567.173008723638,-0.14,3,0,-2.5,12.422826086956524,7.835869565217391,24,4,1,267.9,-4.0,74.21739130434783,216.20000000000002,18,11.531521739130433,39.2,0.2826086956521739,18.631147540983605,12.775409836065574,18,8,528.6999999999999,63.91803278688525,135.7,13.581967213114757,0.0,0.0,18,63,113.0,15.084745762711863,1,24,62.0,7.795454545454546,44,25,1
molina,Santa Fe,CENTRO SUR,2024-2025,-32.8965154,-60.7045697,804.4550279069075,0.08,3,0,-1.8,11.941304347826087,7.802173913043479,26,9,3,264.90000000000003,-3.2,75.07608695652173,79.4,13,11.731521739130434,38.8,0.25,18.872131147540983,13.618032786885246,27,6,541.1999999999999,66.47540983606558,96.6,12.626229508196722,9999.0,9999.0,0,0,0.0,0.0,0,0,1.0,0.375,8,3,0
molino doll,Entre Ríos,LITORAL,2024-2025,-32.3061868,-60.4254498,766.6815941976855,0.08,4,0,-1.4,12.45434782608696,8.47608695652174,32,10,5,306.9,-3.3,73.6413043478261,150.6,15,12.613043478260868,36.9,0.29347826086956524,19.395081967213116,14.09344262295082,25,7,573.1,62.16393442622951,115.79999999999998,14.155737704918034,9999.0,9999.0,0,0,0.0,0.0,0,0,86.0,1.7037037037037035,54,7,1
molino doll,Entre Ríos,LITORAL,2025-2026,-32.3061868,-60.4254498,766.6815941976855,-0.14,3,0,-2.2,11.669565217391305,7.6173913043478265,22,3,0,213.89999999999998,-3.3000000000000003,76.46739130434783,292.3,17,12.468478260869562,36.9,0.41304347826086957,17.427868852459014,12.331147540983608,14,3,456.90000000000003,67.24590163934427,205.0,13.878688524590162,0.0,27.730187157665913,40,87,86.0,1.7037037037037035,1,7,4.0,0.4888888888888889,45,9,0
mollinedo,Salta,NOA,2024-2025,-24.5399351,-64.1007255,274.3906593409379,0.08,2,0,-0.6,15.83586956521739,10.145652173913044,50,11,4,551.6,-0.8999999999999999,60.03260869565217,8.2,2,10.339130434782607,28.1,0.34782608695652173,24.024590163934434,17.631147540983612,45,28,855.4999999999999,50.36065573770492,83.89999999999999,11.247540983606557,9999.0,9999.0,0,0,0.0,0.0,0,0,3600.0,413.8474576271187,59,34,1
mollinedo,Salta,NOA,2025-2026,-24.5399351,-64.1007255,274.3906593409379,-0.14,0,0,0.8,15.209782608695656,10.180434782608698,49,10,0,490.8999999999999,0.0,65.8695652173913,33.7,5,11.616304347826086,39.3,0.43478260869565216,22.781967213114758,16.57377049180328,41,23,779.6999999999999,48.16393442622951,77.49999999999999,12.78688524590164,0.0,0.0,13,37,3600.0,413.8474576271187,1,34,2640.0,163.53333333333333,45,31,1
monte buey,Córdoba,CENTRO SUR,2024-2025,-32.919699,-62.4559927,730.0253402553262,0.08,10,0,-2.7,11.251086956521737,6.751086956521741,18,5,2,219.60000000000002,-12.899999999999999,69.79347826086956,36.0,9,10.175,31.4,0.33695652173913043,18.737704918032787,12.936065573770492,20,5,533.0,58.442622950819676,164.2,11.578688524590163,9999.0,9999.0,0,0,0.0,0.0,0,0,93.0,4.588235294117647,51,12,1
monte buey,Córdoba,CENTRO SUR,2025-2026,-32.919699,-62.4559927,730.0253402553262,-0.14,5,0,-3.1,10.815217391304346,6.342391304347826,15,1,0,154.20000000000002,-6.8,73.1086956521739,229.5,15,11.627173913043478,40.1,0.391304347826087,16.998360655737706,11.181967213114753,12,3,432.30000000000007,64.37704918032787,139.60000000000002,13.927868852459016,0.0,41.30150067137865,14,89,93.0,4.588235294117647,1,12,93.0,4.815789473684211,38,14,1
monte de los gauchos,Córdoba,CENTRO SUR,2024-2025,-33.6391139,-63.8894972,770.8041736378842,0.08,9,0,-2.2,10.125000000000002,5.856521739130434,11,2,0,133.70000000000002,-8.9,69.1195652173913,29.9,7,10.450000000000001,29.1,0.43478260869565216,18.291803278688526,12.500000000000002,17,5,505.8,55.459016393442624,187.7,12.71967213114754,9999.0,9999.0,0,0,0.0,0.0,0,0,270.0,24.816666666666663,60,42,1
monte de los gauchos,Córdoba,CENTRO SUR,2025-2026,-33.6391139,-63.8894972,770.8041736378842,-0.14,4,0,-2.6,10.31304347826087,5.8336956521739145,8,0,0,117.3,-6.1,69.6086956521739,162.5,13,12.620652173913042,36.0,0.5108695652173914,16.865573770491803,11.134426229508197,10,2,424.20000000000005,60.47540983606557,138.99999999999997,15.591803278688523,0.0,0.0,14,41,270.0,24.816666666666663,1,42,102.0,20.416666666666668,12,6,1
monte de oca,Santa Fe,CENTRO SUR,2024-2025,-30.65,-60.59,620.6231967611636,0.08,1,0,-0.2,13.82391304347826,9.729347826086956,42,16,7,404.19999999999993,-0.2,72.06521739130434,57.400000000000006,10,13.11413043478261,38.0,0.22826086956521738,21.00491803278689,15.18360655737705,31,14,671.3000000000001,60.08196721311475,80.6,14.875409836065574,9999.0,9999.0,0,0,0.0,0.0,0,0,0.0,0.0,55,0,0
monte de oca,Santa Fe,CENTRO SUR,2025-2026,-30.65,-60.59,620.6231967611636,-0.14,3,0,-1.8,12.70326086956522,8.08695652173913,26,3,1,289.49999999999994,-3.5,74.90217391304348,222.2,15,11.643478260869566,37.8,0.30434782608695654,18.791803278688526,13.08688524590164,19,8,538.0,64.9672131147541,194.49999999999997,13.45573770491803,9.144225662285907,9.144225662285907,15,60,0.0,0.0,0,0,0.0,0.0,29,0,0
monte del rosario,Córdoba,CENTRO NORTE,2024-2025,-30.9822469,-63.6019485,490.3574754285816,0.08,9,0,-4.2,12.095652173913045,6.980434782608696,20,4,1,262.8,-11.9,64.09782608695652,34.6,9,10.423913043478262,30.1,0.3804347826086957,20.111475409836064,13.862295081967215,25,9,616.7999999999998,54.295081967213115,166.3,11.56885245901639,9999.0,9999.0,0,0,0.0,0.0,0,0,1727.0,146.42105263157896,57,42,1
monte del rosario,Córdoba,CENTRO NORTE,2025-2026,-30.9822469,-63.6019485,490.3574754285816,-0.14,4,0,-1.6,11.816304347826089,6.956521739130434,19,1,0,214.39999999999998,-4.1000000000000005,67.82608695652173,147.9,15,11.13804347826087,40.1,0.3695652173913043,18.71311475409836,12.304918032786883,16,6,533.6000000000001,56.91803278688525,53.8,12.998360655737706,0.0,0.0,26,54,1727.0,146.42105263157896,1,42,1727.0,120.25,48,39,1
montecristo,Córdoba,CENTRO NORTE,2024-2025,-31.3886599,-64.1396496,520.5230847434904,0.08,10,0,-3.2,10.746739130434783,5.445652173913044,10,2,1,174.6,-14.299999999999999,65.96739130434783,12.900000000000002,4,9.38586956521739,26.6,0.4782608695652174,18.87049180327869,12.673770491803278,21,3,541.1,55.26229508196721,171.0,10.854098360655737,9999.0,9999.0,0,0,0.0,0.0,0,0,591.0,68.9298245614035,57,39,1
montecristo,Córdoba,CENTRO NORTE,2025-2026,-31.3886599,-64.1396496,520.5230847434904,-0.14,4,0,-3.6,10.969565217391304,5.858695652173913,11,0,0,157.0,-4.9,66.17391304347827,133.5,8,9.765217391304347,32.4,0.4891304347826087,17.77704918032787,11.549180327868852,13,6,479.0,55.442622950819676,66.8,11.649180327868851,0.0,0.0,22,52,591.0,68.9298245614035,1,39,312.0,12.159090909090908,44,26,1
montes de oca,Santa Fe,CENTRO NORTE,2024-2025,-32.566261,-61.7683388,721.6776579943916,0.08,5,0,-2.7,11.90217391304348,7.467391304347826,23,7,3,265.59999999999997,-5.2,68.42391304347827,57.800000000000004,10,13.351086956521737,37.4,0.33695652173913043,19.213114754098356,13.51639344262295,23,6,562.0,57.34426229508197,85.9,15.403278688524589,9999.0,9999.0,0,0,0.0,0.0,0,0,0.0,0.0,1,0,0
montoya,Entre Ríos,LITORAL,2024-2025,-32.4557816,-59.8862934,811.6832638090593,0.08,6,0,-3.0,12.199999999999996,8.038043478260871,32,10,3,291.2000000000001,-10.2,74.08695652173913,138.00000000000003,12,13.020652173913048,41.4,0.2608695652173913,18.80163934426229,13.354098360655739,22,7,536.9,65.34426229508196,98.7,14.077049180327872,9999.0,9999.0,0,0,0.0,0.0,0,0,38.0,1.7894736842105263,38,8,1
morse,Buenos Aires,CENTRO SUR,2024-2025,-34.7600669,-60.8445036,977.736182326539,0.08,13,0,-3.2,10.317391304347824,5.8489130434782615,13,5,3,174.8,-23.0,71.30434782608695,99.20000000000002,12,12.720652173913043,34.2,0.32608695652173914,17.839344262295082,11.922950819672131,13,6,478.59999999999997,59.278688524590166,146.5,13.795081967213115,9999.0,9999.0,0,0,0.0,0.0,0,0,1.0,0.0638297872340425,47,3,0
morse,Buenos Aires,CENTRO SUR,2025-2026,-34.7600669,-60.8445036,977.736182326539,-0.14,4,0,-3.8,10.268478260869564,5.895652173913043,13,0,0,125.0,-6.8999999999999995,73.58695652173913,265.9,17,11.82717391304348,35.8,0.41304347826086957,15.799999999999997,10.562295081967212,7,2,361.80000000000007,67.11475409836065,291.40000000000003,13.252459016393443,75.35637238103097,137.94588086022634,3,29,1.0,0.0638297872340425,0,3,0.0,0.0,45,0,0
morse junín,Buenos Aires,CENTRO SUR,2024-2025,-34.7600669,-60.8445036,977.736182326539,0.08,13,0,-3.2,10.317391304347824,5.8489130434782615,13,5,3,174.8,-23.0,71.30434782608695,99.20000000000002,12,12.720652173913043,34.2,0.32608695652173914,17.839344262295082,11.922950819672131,13,6,478.59999999999997,59.278688524590166,146.5,13.795081967213115,9999.0,9999.0,0,0,0.0,0.0,0,0,0.0,0.0,9,0,0
morteros,Córdoba,CENTRO NORTE,2024-2025,-30.7107038,-62.0067058,534.7141790729868,0.08,5,0,-2.2,13.392391304347825,8.660869565217391,34,11,6,370.9,-6.8999999999999995,67.1195652173913,44.2,10,12.946739130434784,37.4,0.21739130434782608,21.118032786885244,15.12950819672131,28,13,678.1999999999998,54.65573770491803,128.7,14.968852459016393,9999.0,9999.0,0,0,0.0,0.0,0,0,141.0,17.283333333333335,60,24,1
morteros,Córdoba,CENTRO NORTE,2025-2026,-30.7107038,-62.0067058,534.7141790729868,-0.14,3,0,-3.1,12.34891304347826,7.759782608695651,22,4,0,265.6,-4.5,73.5,198.60000000000002,14,11.86413043478261,37.1,0.2717391304347826,19.101639344262292,12.949180327868852,20,9,557.9,59.704918032786885,73.9,14.378688524590165,0.0,0.0,14,70,141.0,17.283333333333335,1,24,252.0,30.32,50,27,1
mosconi,Salta,NOA,2024-2025,-25.4968588,-64.9821133,146.5255710520327,0.08,0,0,0.7,12.792391304347827,8.067391304347826,26,1,0,309.7,0.0,65.34782608695652,53.2,13,5.991304347826087,25.7,0.2826086956521739,20.821311475409836,15.398360655737704,33,17,660.1,54.91803278688525,159.29999999999998,8.332786885245902,9999.0,9999.0,0,0,0.0,0.0,0,0,26.0,6.388888888888889,36,28,1
mosconi,Salta,NOA,2025-2026,-25.4968588,-64.9821133,146.5255710520327,-0.14,0,0,0.1,12.764130434782608,8.413043478260871,28,1,0,288.6,0.0,66.40217391304348,56.6,7,5.990217391304349,30.4,0.25,19.42295081967213,13.767213114754098,23,8,574.8,53.557377049180324,89.5,8.539344262295081,0.0,1.1189078599940525,16,59,26.0,6.388888888888889,1,28,34.0,6.354166666666667,48,28,1
máximo paz,Santa Fe,CENTRO SUR,2024-2025,-33.5224068,-60.9472367,851.7727056743878,0.08,9,0,-3.5,11.15108695652174,6.697826086956524,19,5,3,224.4,-18.0,71.53260869565217,97.70000000000002,14,13.26086956521739,40.2,0.2608695652173913,18.401639344262296,12.726229508196722,17,5,512.5,61.16393442622951,114.60000000000001,14.708196721311477,9999.0,9999.0,0,0,0.0,0.0,0,0,152.0,13.69811320754717,53,15,1
máximo paz,Santa Fe,CENTRO SUR,2025-2026,-33.5224068,-60.9472367,851.7727056743878,-0.14,3,0,-3.1,10.405434782608696,6.208695652173914,14,1,0,140.0,-6.0,77.6304347826087,254.89999999999998,16,11.760869565217389,39.2,0.358695652173913,16.145901639344263,10.799999999999999,8,3,383.1,69.73770491803279,163.19999999999996,13.675409836065572,0.0,0.0,32,67,152.0,13.69811320754717,1,15,152.0,6.111111111111111,36,16,1
naschel,San Luis,CENTRO SUR,2024-2025,-32.916652,-65.3721781,680.3429298069038,0.08,14,0,-2.5,8.833695652173914,4.056521739130434,4,0,0,84.29999999999998,-20.900000000000002,59.57608695652174,22.5,5,12.806521739130433,35.0,0.41304347826086957,16.813114754098358,10.868852459016393,8,0,415.69999999999993,51.114754098360656,120.80000000000001,15.285245901639342,9999.0,9999.0,0,0,0.0,0.0,0,0,0.0,0.0,1,0,0
naschel,San Luís,CENTRO SUR,2024-2025,-32.916652,-65.3721781,680.3429298069038,0.08,14,0,-2.5,8.833695652173914,4.056521739130434,4,0,0,84.29999999999998,-20.900000000000002,59.57608695652174,22.5,5,12.806521739130433,35.0,0.41304347826086957,16.813114754098358,10.868852459016393,8,0,415.69999999999993,51.114754098360656,120.80000000000001,15.285245901639342,9999.0,9999.0,0,0,0.0,0.0,0,0,102.0,12.169811320754716,53,18,1
naschel,San Luís,CENTRO SUR,2025-2026,-32.916652,-65.3721781,680.3429298069038,-0.14,10,1,-6.6,8.544565217391305,3.590217391304348,1,0,0,53.4,-23.1,62.891304347826086,81.8,12,10.939130434782607,36.0,0.40217391304347827,15.404918032786886,8.742622950819674,3,0,347.69999999999993,51.08196721311475,57.300000000000004,13.245901639344263,0.0,0.0,10,29,102.0,12.169811320754716,1,18,72.0,7.166666666666667,30,12,1
necochea,Buenos Aires,CENTRO SUR,2024-2025,-38.5545494,-58.7392624,1439.111538874691,0.08,3,0,-0.9,9.17282608695652,6.2076086956521745,8,0,0,78.9,-1.5,74.52173913043478,221.3,25,17.37608695652174,47.8,0.2826086956521739,14.060655737704916,9.183606557377049,3,2,252.6,70.70491803278688,54.4,16.211475409836066,9999.0,9999.0,0,0,0.0,0.0,0,0,1.0,0.008695652173913,115,1,0
necochea,Buenos Aires,CENTRO SUR,2025-2026,-38.5545494,-58.7392624,1439.111538874691,-0.14,2,0,-0.4,9.477173913043478,6.3804347826086945,8,0,0,69.10000000000001,-0.6000000000000001,75.75,192.79999999999998,20,16.580434782608698,55.0,0.34782608695652173,13.0327868852459,9.201639344262297,1,0,202.4,76.50819672131148,200.9,17.75573770491803,337.09895524305847,593.667724359117,0,0,1.0,0.008695652173913,0,1,0.0,0.0,62,0,0
nogoya,Entre Ríos,LITORAL,2024-2025,-32.3985574,-59.787777,812.9477795714732,0.08,7,0,-3.0,12.317391304347824,7.982608695652174,33,10,3,306.0,-12.7,74.55434782608695,163.7,13,12.698913043478262,39.5,0.25,18.877049180327866,13.318032786885244,22,7,541.5,65.90163934426229,88.20000000000002,13.895081967213113,9999.0,9999.0,0,0,0.0,0.0,0,0,109.0,18.087719298245613,57,25,1
nogoya,Entre Ríos,LITORAL,2025-2026,-32.3985574,-59.787777,812.9477795714732,-0.14,3,0,-3.4,11.308695652173911,6.758695652173913,16,3,0,193.60000000000002,-6.3999999999999995,77.6086956521739,249.89999999999998,13,11.681521739130435,34.2,0.32608695652173914,17.388524590163936,11.708196721311472,13,4,456.70000000000005,66.55737704918033,158.79999999999998,13.440983606557378,0.0,0.0,16,71,109.0,18.087719298245613,1,25,162.0,13.297872340425531,47,13,1
nuestra señora de talavera,Salta,NOA,2024-2025,-25.4605474,-63.7805985,205.57264847266993,0.08,0,0,0.9,16.154347826086955,10.884782608695652,53,14,5,576.2,0.0,59.34782608695652,5.7,3,10.668478260869565,28.6,0.33695652173913043,24.439344262295084,18.416393442622947,49,32,880.8,49.622950819672134,125.8,11.745901639344263,9999.0,9999.0,0,0,0.0,0.0,0,0,1106.0,98.25,44,12,1
nuestra señora de talavera,Salta,NOA,2025-2026,-25.4605474,-63.7805985,205.57264847266993,-0.14,0,0,0.7,15.430434782608693,10.18804347826087,49,13,2,509.50000000000006,0.0,64.91304347826087,33.1,8,11.35217391304348,38.0,0.4891304347826087,23.249180327868853,16.837704918032784,38,27,808.1999999999999,47.77049180327869,57.49999999999999,13.26393442622951,0.0,0.0,11,51,1106.0,98.25,1,12,323.0,40.63636363636363,44,33,1
nueva esperanza,Santiago Del Estero,NOA,2024-2025,-26.2004067,-64.2402756,116.47300736987516,0.08,0,0,1.5,15.927173913043477,10.530434782608696,52,11,3,558.3000000000001,0.0,56.41304347826087,8.5,3,12.236956521739133,37.6,0.391304347826087,24.30491803278689,18.30819672131148,50,30,872.6,48.60655737704918,134.6,13.568852459016394,9999.0,9999.0,0,0,0.0,0.0,0,0,743.0,60.05357142857143,56,32,1
nueva esperanza,Santiago Del Estero,NOA,2025-2026,-26.2004067,-64.2402756,116.47300736987516,-0.14,0,0,1.4,15.201086956521737,10.229347826086956,51,7,1,488.00000000000006,0.0,64.1304347826087,33.099999999999994,8,11.666304347826088,36.0,0.4891304347826087,22.64590163934426,16.50327868852459,39,26,771.3999999999999,48.24590163934426,24.5,13.131147540983605,0.0,0.0,19,62,743.0,60.05357142857143,1,32,743.0,47.13636363636363,22,16,1
nueva galia,San Luís,CENTRO SUR,2024-2025,-35.1152181,-65.2587163,924.626956365113,0.08,19,0,-3.5,8.590217391304346,3.5597826086956523,4,0,0,74.10000000000001,-38.400000000000006,67.0,42.1,7,9.709782608695653,27.0,0.29347826086956524,17.419672131147543,10.811475409836063,12,3,452.6,50.80327868852459,109.80000000000001,11.80327868852459,9999.0,9999.0,0,0,0.0,0.0,0,0,0.0,0.0,56,0,0
nueva galia,San Luís,CENTRO SUR,2025-2026,-35.1152181,-65.2587163,924.626956365113,-0.14,10,0,-4.6,9.38804347826087,4.26304347826087,2,0,0,90.30000000000001,-19.0,66.29347826086956,76.1,8,11.672826086956524,46.1,0.358695652173913,16.770491803278688,10.178688524590164,7,0,421.09999999999997,52.622950819672134,99.29999999999998,15.385245901639342,39.73870613684758,206.70748569714303,2,12,0.0,0.0,0,0,0.0,0.0,36,0,0
obispo trejo,Córdoba,CENTRO NORTE,2024-2025,-30.7810682,-63.4101362,475.77285614247677,0.08,9,0,-2.8,12.645652173913042,7.369565217391305,26,3,1,300.5,-11.0,63.858695652173914,16.6,5,11.15326086956522,32.9,0.2608695652173913,20.82622950819672,14.526229508196723,25,14,660.4000000000001,53.59016393442623,116.9,12.739344262295079,9999.0,9999.0,0,0,0.0,0.0,0,0,10.0,1.2708333333333333,48,15,1
obispo trejo,Córdoba,CENTRO NORTE,2025-2026,-30.7810682,-63.4101362,475.77285614247677,-0.14,3,0,-1.5,12.070652173913043,7.01195652173913,22,1,0,233.29999999999998,-3.3,69.5,181.2,16,9.990217391304347,40.3,0.34782608695652173,19.18688524590163,12.63934426229508,19,8,561.4999999999999,57.442622950819676,50.099999999999994,12.139344262295086,0.0,28.904734981728247,22,57,10.0,1.2708333333333333,1,15,5.0,1.1290322580645162,31,20,1
olivero,Santa Fe,CENTRO NORTE,2024-2025,-31.6742087,-60.7618564,692.0645983401166,0.08,1,0,-0.2,13.104347826086956,9.111956521739131,39,10,3,340.50000000000006,-0.2,73.77173913043478,108.7,13,11.583695652173914,35.1,0.20652173913043478,20.298360655737707,14.909836065573769,29,11,628.1999999999999,61.83606557377049,127.6,13.239344262295084,9999.0,9999.0,0,0,0.0,0.0,0,0,0.0,0.0,5,0,0
ordoñez,Córdoba,CENTRO SUR,2024-2025,-32.8410457,-62.8659311,708.4016267676935,0.08,11,0,-3.7,10.881521739130434,6.2576086956521735,13,5,2,191.8,-18.700000000000003,70.08695652173913,28.799999999999997,5,10.173913043478263,30.6,0.391304347826087,18.591803278688527,12.639344262295081,21,5,524.0999999999999,57.49180327868852,151.3,11.821311475409836,9999.0,9999.0,0,0,0.0,0.0,0,0,2.0,0.1153846153846153,52,3,0
ordoñez,Córdoba,CENTRO SUR,2025-2026,-32.8410457,-62.8659311,708.4016267676935,-0.14,4,0,-2.4,10.808695652173911,6.352173913043478,16,1,0,151.10000000000002,-4.9,71.97826086956522,225.10000000000002,14,12.033695652173913,40.0,0.4782608695652174,17.160655737704918,11.275409836065576,11,4,441.5,62.967213114754095,112.60000000000001,14.373770491803278,34.604234538855394,65.59166223138405,16,81,2.0,0.1153846153846153,0,3,4.0,0.1818181818181818,44,2,0
orense,Buenos Aires,CENTRO SUR,2024-2025,-38.6882222,-59.7807284,1414.9934840548044,0.08,7,0,-2.5,8.778260869565218,4.978260869565218,6,0,0,78.6,-8.100000000000001,72.98913043478261,121.6,19,14.858695652173916,40.8,0.34782608695652173,14.595081967213115,8.919672131147541,3,3,287.0,64.95081967213115,61.5,14.375409836065574,9999.0,9999.0,0,0,0.0,0.0,0,0,0.0,0.0,54,0,0
orense,Buenos Aires,CENTRO SUR,2025-2026,-38.6882222,-59.7807284,1414.9934840548044,-0.14,7,0,-3.0,8.967391304347828,4.981521739130434,5,0,0,69.3,-7.2,73.93478260869566,186.2,19,14.244565217391306,43.1,0.40217391304347827,13.23606557377049,8.327868852459016,4,0,217.6,72.54098360655738,222.89999999999998,15.134426229508195,259.0682246228955,583.3067427205574,0,0,0.0,0.0,0,0,0.0,0.0,47,0,0
otumpa,Santiago Del Estero,NEA,2024-2025,-27.3282875,-62.2249069,300.38142124853067,0.08,0,0,0.8,16.85217391304348,11.848913043478262,57,25,13,645.1000000000001,0.0,59.08695652173913,10.4,3,14.278260869565216,41.7,0.21739130434782608,24.29508196721311,18.155737704918035,43,33,872.0000000000001,52.81967213114754,154.6,16.704918032786882,9999.0,9999.0,0,0,0.0,0.0,0,0,35.0,2.8955223880597014,67,23,1
otumpa,Santiago Del Estero,NEA,2025-2026,-27.3282875,-62.2249069,300.38142124853067,-0.14,0,0,1.0,15.453260869565218,10.618478260869566,47,16,3,515.8,0.0,67.25,84.7,13,12.131521739130434,37.0,0.21739130434782608,21.85901639344262,15.785245901639342,35,23,723.3999999999999,56.65573770491803,143.99999999999997,14.701639344262297,0.0,35.90318957041428,15,36,35.0,2.8955223880597014,1,23,6.0,3.0,11,8,1
palmitas,,URUGUAY,2024-2025,-33.5091893,-57.8006663,1030.2142224969894,0.08,9,0,-2.8,11.572826086956523,7.532608695652174,30,10,2,256.2,-11.6,77.92391304347827,147.3,15,13.28804347826087,35.4,0.2391304347826087,17.347540983606557,12.01639344262295,12,3,448.2,71.93442622950819,93.20000000000002,13.827868852459014,9999.0,9999.0,0,0,0.0,0.0,0,0,1.0,0.3333333333333333,6,2,0
palmitas,,URUGUAY,2025-2026,-33.5091893,-57.8006663,1030.2142224969894,-0.14,3,0,-3.2,10.198913043478262,5.860869565217392,12,1,0,119.3,-6.6,80.19565217391305,180.79999999999998,12,11.718478260869569,37.3,0.30434782608695654,15.704918032786885,10.304918032786883,9,0,358.2,73.55737704918033,172.10000000000002,12.996721311475412,98.38559560088086,99.81250815295775,3,12,0.0,0.0,0,0,0.0,0.0,9,0,0
palmitas,Uruguay,URUGUAY,2024-2025,-33.5091893,-57.8006663,1030.2142224969894,0.08,9,0,-2.8,11.572826086956523,7.532608695652174,30,10,2,256.2,-11.6,77.92391304347827,147.3,15,13.28804347826087,35.4,0.2391304347826087,17.347540983606557,12.01639344262295,12,3,448.2,71.93442622950819,93.20000000000002,13.827868852459014,9999.0,9999.0,0,0,0.0,0.0,0,0,1.0,0.0344827586206896,29,1,0
palmitas,Uruguay,URUGUAY,2025-2026,-33.5091893,-57.8006663,1030.2142224969894,-0.14,3,0,-3.2,10.198913043478262,5.860869565217392,12,1,0,119.3,-6.6,80.19565217391305,180.79999999999998,12,11.718478260869569,37.3,0.30434782608695654,15.704918032786885,10.304918032786883,9,0,358.2,73.55737704918033,172.10000000000002,12.996721311475412,98.38559560088086,99.81250815295775,3,12,1.0,0.0344827586206896,0,1,8.0,0.8888888888888888,18,3,1
palpala,Jujuy,NOA,2024-2025,-24.2554935,-65.2093985,282.93778478271594,0.08,8,0,-3.4,11.840217391304344,5.551086956521739,9,0,0,250.1,-14.200000000000001,63.95652173913044,7.199999999999999,2,8.01304347826087,22.7,0.5108695652173914,19.56885245901639,12.981967213114753,22,3,583.7000000000002,58.21311475409836,132.09999999999997,8.767213114754098,9999.0,9999.0,0,0,0.0,0.0,0,0,147.0,36.98039215686274,51,36,1
palpala,Jujuy,NOA,2025-2026,-24.2554935,-65.2093985,282.93778478271594,-0.14,4,0,-1.2,11.027173913043478,5.427173913043478,8,0,0,164.2,-3.8,74.1413043478261,42.3,7,7.271739130434782,24.0,0.4782608695652174,17.765573770491805,11.475409836065573,13,1,474.3,60.049180327868854,121.0,8.986885245901638,0.0,0.0,10,30,147.0,36.98039215686274,1,36,860.0,669.2,5,5,1
pampa,Chaco,NEA,2024-2025,-27.4546394,-58.9864301,619.1387570030054,0.08,0,0,1.9,17.136956521739133,13.198913043478262,60,41,22,668.9,0.0,73.72826086956522,166.50000000000003,16,13.129347826086958,39.3,0.22826086956521738,22.201639344262293,17.475409836065573,43,26,744.2999999999998,72.8688524590164,223.09999999999997,13.614754098360654,9999.0,9999.0,0,0,0.0,0.0,0,0,1.0,1.0,1,1,0
pampa cejas,Chaco,NEA,2024-2025,-26.9661386,-61.4515534,372.20921497109094,0.08,0,0,0.9,17.30869565217391,12.332608695652175,58,32,17,685.3999999999997,0.0,62.15217391304348,36.7,6,13.838043478260868,44.7,0.2608695652173913,24.332786885245905,18.181967213114753,46,32,874.3000000000002,56.19672131147541,137.7,15.860655737704919,9999.0,9999.0,0,0,0.0,0.0,0,0,1440.0,95.19565217391305,46,10,1
pampa cejas,Chaco,NEA,2025-2026,-26.9661386,-61.4515534,372.20921497109094,-0.14,0,0,0.9,15.779347826086955,10.908695652173915,53,18,4,546.6,0.0,69.80434782608695,143.50000000000003,13,11.369565217391301,33.5,0.20652173913043478,21.513114754098364,15.719672131147542,36,20,702.3,62.57377049180328,168.59999999999997,13.30655737704918,0.0,0.0,15,34,1440.0,95.19565217391305,1,10,,,0,0,0
pampa de los guanacos,Chaco,NEA,2024-2025,-26.2315682,-61.8345299,340.76052204931176,0.08,0,0,1.5,17.510869565217387,12.514130434782611,59,32,17,701.6999999999999,0.0,61.391304347826086,36.199999999999996,6,13.07282608695652,40.8,0.22826086956521738,25.008196721311474,18.788524590163938,51,35,915.5,53.40983606557377,129.0,15.131147540983605,9999.0,9999.0,0,0,0.0,0.0,0,0,3.0,0.2045454545454545,44,7,0
pampa de los guanacos,Santiago Del Estero,NEA,2024-2025,-26.2315682,-61.8345299,340.76052204931176,0.08,0,0,1.5,17.510869565217387,12.514130434782611,59,32,17,701.6999999999999,0.0,61.391304347826086,36.199999999999996,6,13.07282608695652,40.8,0.22826086956521738,25.008196721311474,18.788524590163938,51,35,915.5,53.40983606557377,129.0,15.131147540983605,9999.0,9999.0,0,0,0.0,0.0,0,0,2600.0,243.45,40,33,1
pampa de los guanacos,Santiago Del Estero,NEA,2025-2026,-26.2315682,-61.8345299,340.76052204931176,-0.14,0,0,1.5,16.208695652173912,11.28913043478261,53,21,4,583.3000000000001,0.0,68.04347826086956,108.5,13,11.256521739130436,33.8,0.17391304347826086,22.242622950819676,16.395081967213113,37,25,746.8000000000001,59.0655737704918,92.6,13.154098360655736,0.0,0.0,9,32,2600.0,243.45,1,33,2600.0,176.08510638297872,47,38,1
pampa del infierno,Chaco,NEA,2024-2025,-26.5034702,-61.1764799,401.1990124510567,0.08,0,0,1.0,17.481521739130432,12.7,59,37,17,700.3,0.0,64.08695652173913,70.39999999999999,8,13.614130434782606,42.8,0.21739130434782608,24.24918032786885,18.28196721311475,48,31,869.2,58.68852459016394,108.30000000000001,15.227868852459016,9999.0,9999.0,0,0,0.0,0.0,0,0,512.0,11.713235294117649,136,81,1
pampa del infierno,Chaco,NEA,2025-2026,-26.5034702,-61.1764799,401.1990124510567,-0.14,0,0,1.5,16.132608695652173,11.342391304347826,56,18,4,577.8000000000001,0.0,70.56521739130434,125.99999999999999,12,11.415217391304349,35.2,0.14130434782608695,21.603278688524593,16.02950819672131,36,23,707.8000000000001,63.950819672131146,171.79999999999998,13.183606557377049,0.0,0.0,13,34,512.0,11.713235294117649,1,81,802.0,55.293103448275865,116,90,1
pampa pozo,Santiago Del Estero,NOA,2024-2025,-26.49377,-64.5158346,76.04503739613604,0.08,0,0,0.4,15.253260869565219,10.181521739130435,52,7,3,502.8,0.0,57.56521739130435,14.9,2,12.181521739130433,41.0,0.40217391304347827,23.563934426229505,17.716393442622948,49,28,827.4,49.80327868852459,160.89999999999998,14.160655737704918,9999.0,9999.0,0,0,0.0,0.0,0,0,1925.0,259.18333333333334,60,36,1
pampa pozo,Santiago Del Estero,NOA,2025-2026,-26.49377,-64.5158346,76.04503739613604,-0.14,0,0,1.6,14.707608695652175,9.748913043478263,49,3,0,444.2,0.0,63.76086956521739,35.2,6,12.327173913043476,35.3,0.5,22.20491803278689,16.27377049180328,37,27,744.5,47.19672131147541,45.0,14.449180327868854,0.0,0.0,28,63,1925.0,259.18333333333334,1,36,1925.0,151.97297297297297,37,27,1
pampa toloza,Chaco,NEA,2024-2025,-26.0714048,-60.7397234,451.4021271311082,0.08,0,0,1.5,17.67608695652174,12.90217391304348,60,38,18,716.3,0.0,66.51086956521739,119.9,9,11.54565217391304,36.1,0.25,24.08852459016393,18.219672131147544,46,31,859.4000000000001,61.67213114754098,104.69999999999999,12.599999999999998,9999.0,9999.0,0,0,0.0,0.0,0,0,,,0,0,0
parana,Entre Ríos,LITORAL,2024-2025,-31.7330145,-60.5298511,711.2149728535527,0.08,5,0,-1.3,12.853260869565217,8.983695652173912,41,10,4,332.0,-3.7,74.66304347826087,103.39999999999999,13,12.532608695652174,38.1,0.1956521739130435,19.767213114754096,14.62295081967213,30,9,595.8,63.9344262295082,161.1,14.227868852459016,9999.0,9999.0,0,0,0.0,0.0,0,0,357.0,94.21428571428572,42,30,1
parana,Entre Ríos,LITORAL,2025-2026,-31.7330145,-60.5298511,711.2149728535527,-0.14,1,0,-0.7,12.280434782608692,8.511956521739132,30,4,0,250.79999999999995,-0.7,77.0,242.29999999999998,16,11.65326086956522,41.6,0.2608695652173913,18.34590163934427,13.462295081967213,19,7,510.8999999999999,65.75409836065573,130.99999999999997,13.488524590163932,0.0,0.0,28,83,357.0,94.21428571428572,1,30,1023.0,85.22448979591837,49,21,1
paraná,Entre Ríos,LITORAL,2024-2025,-31.7330145,-60.5298511,711.2149728535527,0.08,5,0,-1.3,12.853260869565217,8.983695652173912,41,10,4,332.0,-3.7,74.66304347826087,103.39999999999999,13,12.532608695652174,38.1,0.1956521739130435,19.767213114754096,14.62295081967213,30,9,595.8,63.9344262295082,161.1,14.227868852459016,9999.0,9999.0,0,0,0.0,0.0,0,0,0.0,0.0,9,0,0
pasman,Buenos Aires,CENTRO SUR,2024-2025,-37.2244756,-62.1630242,1193.7845044313367,0.08,19,0,-3.1,7.983695652173913,3.720652173913044,5,0,0,62.00000000000001,-32.2,71.46739130434783,67.00000000000001,13,12.892391304347827,35.8,0.32608695652173914,15.296721311475409,9.518032786885248,6,1,324.50000000000006,59.85245901639344,106.1,13.337704918032788,9999.0,9999.0,0,0,0.0,0.0,0,0,0.0,0.0,57,0,0
pasman,Buenos Aires,CENTRO SUR,2025-2026,-37.2244756,-62.1630242,1193.7845044313367,-0.14,7,0,-3.7,8.318478260869567,4.064130434782608,3,0,0,52.19999999999999,-11.700000000000001,72.6304347826087,87.1,11,12.441304347826089,38.1,0.3695652173913043,13.967213114754097,8.621311475409836,2,0,259.8,66.01639344262296,156.70000000000002,14.491803278688524,47.07723377376922,387.0241645292157,1,3,0.0,0.0,0,0,0.0,0.0,50,0,0
paso de las piedras,Entre Ríos,LITORAL,2024-2025,-31.692676,-60.111681,734.4156606786217,0.08,4,0,-1.9,12.869565217391306,8.694565217391306,37,10,5,344.5999999999999,-4.8,74.01086956521739,102.19999999999999,10,13.318478260869563,40.4,0.2391304347826087,19.58360655737705,14.01311475409836,25,6,584.6,63.885245901639344,178.1,14.760655737704917,9999.0,9999.0,0,0,0.0,0.0,0,0,126.0,17.017543859649123,57,24,1
paso de las piedras,Entre Ríos,LITORAL,2025-2026,-31.692676,-60.111681,734.4156606786217,-0.14,3,0,-2.2,12.150000000000004,7.585869565217393,24,3,0,249.20000000000002,-4.800000000000001,74.19565217391305,221.4,15,12.531521739130433,36.8,0.32608695652173914,18.106557377049178,12.342622950819674,16,5,498.3,63.40983606557377,138.79999999999998,14.324590163934428,0.0,0.0,23,77,126.0,17.017543859649123,1,24,434.0,21.7,50,22,1
pehuajó,Buenos Aires,CENTRO SUR,2024-2025,-35.8104933,-61.899055,1049.6484384488294,0.08,13,0,-3.7,9.219565217391304,4.7945652173913045,8,3,0,111.50000000000001,-28.4,72.56521739130434,63.8,13,11.46521739130435,29.2,0.34782608695652173,16.83606557377049,10.909836065573773,9,5,417.70000000000005,60.19672131147541,68.2,12.532786885245903,9999.0,9999.0,0,0,0.0,0.0,0,0,0.0,0.0,96,0,0
pehuajó,Buenos Aires,CENTRO SUR,2025-2026,-35.8104933,-61.899055,1049.6484384488294,-0.14,4,0,-3.2,9.690217391304348,5.4902173913043475,7,0,0,97.9,-6.800000000000001,72.68478260869566,201.89999999999998,15,12.176086956521738,36.6,0.41304347826086957,15.563934426229508,10.304918032786887,6,0,348.8999999999999,66.1639344262295,173.9,14.21639344262295,24.90299868012506,229.4780975149531,2,6,0.0,0.0,0,0,4.0,0.0579710144927536,69,1,0
pergamino,Buenos Aires,CENTRO SUR,2024-2025,-33.897495,-60.575046,905.1319837693143,0.08,9,0,-3.7,10.798913043478262,6.28695652173913,19,4,3,206.29999999999998,-24.0,72.42391304347827,122.3,12,12.920652173913044,37.7,0.2717391304347826,18.101639344262296,12.29016393442623,12,5,494.20000000000005,61.77049180327869,77.4,14.096721311475413,9999.0,9999.0,0,0,0.0,0.0,0,0,60.0,3.911392405063291,158,27,1
pergamino,Buenos Aires,CENTRO SUR,2025-2026,-33.897495,-60.575046,905.1319837693143,-0.14,5,0,-3.3,10.416304347826088,6.220652173913043,16,0,0,139.3,-6.099999999999999,77.1086956521739,261.2,15,11.577173913043477,34.7,0.3804347826086957,15.991803278688524,10.801639344262295,9,3,374.0,69.77049180327869,160.9,13.131147540983607,0.0,54.08103677990418,15,52,60.0,3.911392405063291,1,27,40.0,1.7181818181818185,110,14,1
perin,Formosa,NEA,2024-2025,-25.5671358,-59.9655158,539.9606326135788,0.08,0,0,2.1,18.13478260869565,13.705434782608691,60,43,26,758.0000000000001,0.0,69.56521739130434,91.69999999999999,18,12.464130434782609,37.9,0.25,24.3688524590164,18.78852459016393,50,32,876.5000000000001,62.81967213114754,171.4,13.708196721311475,9999.0,9999.0,0,0,0.0,0.0,0,0,218.0,54.696969696969695,33,31,1
perin,Formosa,NEA,2025-2026,-25.5671358,-59.9655158,539.9606326135788,-0.14,0,0,1.7,16.670652173913044,11.692391304347824,57,19,6,624.5,0.0,73.29347826086956,199.10000000000002,19,9.891304347826088,32.5,0.13043478260869565,21.92950819672131,16.60983606557377,36,27,727.6999999999999,67.22950819672131,224.5,11.463934426229507,0.0,0.0,4,13,218.0,54.696969696969695,1,31,241.0,48.41025641025641,39,36,1
piaggio-2,Santa Fe,CENTRO NORTE,2024-2025,-32.8850597,-60.6917317,804.0636839693516,0.08,3,0,-1.8,11.941304347826087,7.802173913043479,26,9,3,264.90000000000003,-3.2,75.07608695652173,79.4,13,11.731521739130434,38.8,0.25,18.872131147540983,13.618032786885246,27,6,541.1999999999999,66.47540983606558,96.6,12.626229508196722,9999.0,9999.0,0,0,0.0,0.0,0,0,0.0,0.0,2,0,0
piamonte,Santa Fe,CENTRO NORTE,2024-2025,-32.1439613,-61.980515,670.8875339859728,0.08,8,0,-3.2,12.185869565217388,7.534782608695654,25,9,3,285.80000000000007,-8.7,67.54347826086956,63.8,5,11.918478260869568,34.1,0.32608695652173914,19.640983606557377,13.801639344262298,25,9,588.1,56.08196721311475,116.4,13.69672131147541,9999.0,9999.0,0,0,0.0,0.0,0,0,117.0,13.258620689655173,58,19,1
piamonte,Santa Fe,CENTRO NORTE,2025-2026,-32.1439613,-61.980515,670.8875339859728,-0.14,3,0,-2.7,11.590217391304348,7.0489130434782625,20,3,0,205.49999999999994,-5.2,71.79347826086956,205.8,18,12.139130434782611,41.9,0.3804347826086957,17.711475409836062,11.827868852459016,15,4,474.0,62.36065573770492,111.30000000000001,14.308196721311477,0.0,0.0,27,101,117.0,13.258620689655173,1,19,22.0,2.604651162790698,43,14,1
pichanal,Salta,NOA,2024-2025,-23.3220599,-64.2269308,398.9503437655982,0.08,0,0,1.8,17.01413043478261,11.121739130434781,60,19,2,648.0,0.0,61.77173913043478,10.4,3,5.8489130434782615,24.6,0.18478260869565216,25.198360655737705,18.72131147540984,48,36,927.0999999999999,52.52459016393443,82.3,7.3754098360655735,9999.0,9999.0,0,0,0.0,0.0,0,0,300.0,39.301886792452834,53,44,1
pichanal,Salta,NOA,2025-2026,-23.3220599,-64.2269308,398.9503437655982,-0.14,0,0,2.3,15.793478260869568,10.671739130434785,53,10,1,540.3999999999999,0.0,72.70652173913044,30.6,7,4.921739130434782,39.8,0.21739130434782608,23.78032786885246,17.763934426229508,44,30,840.5999999999999,52.39344262295082,50.6,7.655737704918033,0.0,0.0,6,21,300.0,39.301886792452834,1,44,280.0,35.44444444444444,45,22,1
piedra buena,Tucumán,NOA,2024-2025,-27.1,-65.5,44.68784413439879,0.08,1,0,-0.2,12.633695652173913,7.952173913043478,31,1,0,289.9,-0.2,70.79347826086956,64.7,12,5.785869565217391,19.1,0.16304347826086957,20.511475409836066,15.363934426229509,32,16,641.2000000000002,64.65573770491804,322.49999999999994,6.572131147540984,9999.0,9999.0,0,0,0.0,0.0,0,0,569.0,336.0,2,2,1
piedrabuena,Tucumán,NOA,2024-2025,-26.8184342,-65.183807,2.604653141051386,0.08,3,0,-0.9,12.349999999999998,6.756521739130435,18,0,0,265.1000000000001,-1.9,71.53260869565217,24.299999999999997,9,5.656521739130436,23.2,0.14130434782608695,20.80819672131147,14.496721311475412,27,14,659.3000000000002,62.47540983606557,198.4,7.216393442622952,9999.0,9999.0,0,0,0.0,0.0,0,0,569.0,49.96363636363636,55,28,1
piedrabuena,Tucumán,NOA,2025-2026,-26.8184342,-65.183807,2.604653141051386,-0.14,0,0,0.3,13.415217391304349,8.284782608695652,28,1,0,330.2,0.0,67.18478260869566,47.2,9,5.280434782608695,23.8,0.15217391304347827,20.69180327868853,14.52622950819672,28,12,652.1999999999999,55.63934426229508,103.60000000000001,6.718032786885247,0.0,0.0,35,54,569.0,49.96363636363636,1,28,320.0,26.08695652173913,46,23,1
pigüé,Buenos Aires,CENTRO SUR,2024-2025,-37.6027951,-62.4023096,1229.536292530051,0.08,19,0,-3.5,7.302173913043478,3.2250000000000005,5,0,0,49.00000000000001,-32.0,71.20652173913044,70.39999999999999,15,14.068478260869563,39.7,0.34782608695652173,14.514754098360653,8.700000000000001,5,1,282.5,58.18032786885246,85.80000000000001,13.95245901639344,9999.0,9999.0,0,0,0.0,0.0,0,0,5.0,0.2452830188679245,53,5,1
pigüé,Buenos Aires,CENTRO SUR,2025-2026,-37.6027951,-62.4023096,1229.536292530051,-0.14,9,0,-4.7,7.585869565217393,3.5760869565217397,1,0,0,35.8,-16.3,72.8586956521739,78.7,11,13.689130434782605,42.8,0.34782608695652173,13.078688524590163,7.857377049180329,0,0,215.9,65.81967213114754,157.3,15.649180327868853,0.0,430.4795095408858,1,2,5.0,0.2452830188679245,1,5,0.0,0.0,49,0,0
piquete cabado,Salta,NOA,2024-2025,-24.8199213,-64.1779238,242.78157219617128,0.08,0,0,1.4,15.74891304347826,10.618478260869566,56,13,3,541.3,0.0,58.22826086956522,12.5,4,10.15108695652174,26.6,0.41304347826086957,23.954098360655735,18.034426229508203,48,31,851.2,48.85245901639344,96.00000000000001,11.344262295081968,9999.0,9999.0,0,0,0.0,0.0,0,0,2680.0,247.14678899082568,109,79,1
piquete cabado,Salta,NOA,2025-2026,-24.8199213,-64.1779238,242.78157219617128,-0.14,0,0,1.0,15.045652173913044,10.243478260869567,49,9,0,475.7,0.0,64.91304347826087,42.3,6,11.505434782608694,39.6,0.5108695652173914,22.601639344262296,16.647540983606557,43,24,768.7,47.36065573770492,39.79999999999999,13.398360655737706,0.0,0.0,16,42,2680.0,247.14678899082568,1,79,2680.0,319.2888888888889,90,67,1
piquillin,Córdoba,CENTRO NORTE,2024-2025,-31.300212,-63.7586562,519.6261202995288,0.08,6,0,-1.8,11.334782608695651,6.376086956521738,14,1,1,208.90000000000003,-6.199999999999999,66.3695652173913,33.4,10,10.045652173913043,25.9,0.40217391304347827,19.134426229508197,13.22622950819672,22,6,557.2,56.68852459016394,202.5,11.132786885245903,9999.0,9999.0,0,0,0.0,0.0,0,0,0.0,0.0,1,0,0
piquillin,Córdoba,CENTRO NORTE,2025-2026,-31.300212,-63.7586562,519.6261202995288,-0.14,2,0,-2.2,11.22065217391304,6.51413043478261,14,0,0,172.1,-3.4000000000000004,67.65217391304348,174.7,14,11.895652173913042,38.7,0.45652173913043476,17.978688524590165,11.637704918032789,13,4,490.69999999999993,57.19672131147541,87.29999999999998,13.609836065573774,0.0,0.0,26,57,0.0,0.0,0,0,738.0,124.44444444444444,9,8,1
piquillín,Córdoba,CENTRO NORTE,2024-2025,-31.300212,-63.7586562,519.6261202995288,0.08,6,0,-1.8,11.334782608695651,6.376086956521738,14,1,1,208.90000000000003,-6.199999999999999,66.3695652173913,33.4,10,10.045652173913043,25.9,0.40217391304347827,19.134426229508197,13.22622950819672,22,6,557.2,56.68852459016394,202.5,11.132786885245903,9999.0,9999.0,0,0,0.0,0.0,0,0,738.0,29.0188679245283,53,15,1
piquillín,Córdoba,CENTRO NORTE,2025-2026,-31.300212,-63.7586562,519.6261202995288,-0.14,2,0,-2.2,11.22065217391304,6.51413043478261,14,0,0,172.1,-3.4000000000000004,67.65217391304348,174.7,14,11.895652173913042,38.7,0.45652173913043476,17.978688524590165,11.637704918032789,13,4,490.69999999999993,57.19672131147541,87.29999999999998,13.609836065573774,0.0,0.0,26,57,738.0,29.0188679245283,1,15,738.0,22.04878048780488,41,19,1
pirovano,Buenos Aires,CENTRO SUR,2024-2025,-36.5126379,-61.5559247,1133.4614272192396,0.08,15,0,-3.5,8.781521739130437,4.443478260869566,8,1,0,93.5,-28.7,71.42391304347827,64.3,15,12.205434782608695,33.2,0.3695652173913043,16.209836065573775,10.306557377049181,9,4,379.9,59.57377049180328,107.19999999999999,12.973770491803279,9999.0,9999.0,0,0,0.0,0.0,0,0,0.0,0.0,50,0,0
pirovano,Buenos Aires,CENTRO SUR,2025-2026,-36.5126379,-61.5559247,1133.4614272192396,-0.14,5,0,-4.4,9.11195652173913,4.793478260869565,3,0,0,78.7,-9.3,72.17391304347827,137.70000000000002,14,11.925,35.5,0.41304347826086957,14.88688524590164,9.324590163934426,3,0,309.9,65.49180327868852,263.90000000000003,13.750819672131147,89.11585848001076,309.7381467641771,1,4,0.0,0.0,0,0,0.0,0.0,50,0,0
piñeyro,Buenos Aires,CENTRO SUR,2024-2025,-34.6697461,-58.3883434,1089.9997298645915,0.08,7,0,-1.9,10.88913043478261,7.363043478260869,24,6,2,194.8,-9.5,78.48913043478261,224.6,20,13.968478260869562,38.8,0.1956521739130435,17.186885245901642,12.80327868852459,16,7,438.40000000000003,72.32786885245902,71.6,14.583606557377049,9999.0,9999.0,0,0,0.0,0.0,0,0,0.0,0.0,1,0,0
pozo del toba,Santiago Del Estero,NEA,2024-2025,-27.9510875,-61.997122,341.161931363975,0.08,0,0,0.9,16.425,11.671739130434785,56,24,13,609.9999999999999,0.0,61.358695652173914,12.299999999999999,3,13.023913043478256,39.7,0.1956521739130435,23.503278688524592,17.686885245901642,41,29,823.7,56.131147540983605,162.1,15.101639344262297,9999.0,9999.0,0,0,0.0,0.0,0,0,35.0,4.382352941176471,34,11,1
pozo hondo,Santiago Del Estero,NOA,2024-2025,-27.1670114,-64.4908677,81.2586682034885,0.08,0,0,0.4,14.577173913043477,9.496739130434783,45,7,2,444.90000000000003,0.0,62.68478260869565,9.5,3,9.236956521739131,27.3,0.25,23.272131147540982,17.349180327868847,45,26,809.6000000000001,51.16393442622951,167.8,11.147540983606559,9999.0,9999.0,0,0,0.0,0.0,0,0,1820.0,58.1,60,27,1
pozo hondo,Santiago Del Estero,NOA,2025-2026,-27.1670114,-64.4908677,81.2586682034885,-0.14,0,0,1.4,14.703260869565218,9.740217391304347,46,3,1,442.1,0.0,64.76086956521739,37.00000000000001,9,10.959782608695651,34.9,0.34782608695652173,22.491803278688526,16.304918032786887,36,26,762.0,47.90163934426229,88.6,14.103278688524588,0.0,0.0,31,57,1820.0,58.1,1,27,1820.0,121.80555555555556,36,30,1
progreso,Santa Fe,CENTRO NORTE,2024-2025,-33.0362082,-60.6113577,822.20215622422,0.08,4,0,-2.2,11.73913043478261,7.484782608695652,24,9,3,253.00000000000003,-4.7,75.27173913043478,87.19999999999999,11,11.558695652173913,36.1,0.25,18.62459016393443,13.344262295081966,22,5,526.0999999999999,67.04918032786885,119.8,12.39016393442623,9999.0,9999.0,0,0,0.0,0.0,0,0,268.0,40.526315789473685,57,21,1
progreso,Santa Fe,CENTRO NORTE,2025-2026,-33.0362082,-60.6113577,822.20215622422,-0.14,2,0,-2.1,11.401086956521738,7.585869565217393,19,3,0,192.2,-2.4,78.25,270.3,15,9.990217391304347,34.3,0.31521739130434784,17.227868852459014,12.431147540983606,15,3,444.5,69.9672131147541,165.9,11.529508196721311,0.0,0.0,33,81,268.0,40.526315789473685,1,21,237.0,46.14,50,24,1
puan,Buenos Aires,CENTRO SUR,2024-2025,-34.623559,-58.448639,1082.54877738663,0.08,7,0,-1.4,11.025,7.591304347826087,27,6,2,200.79999999999998,-6.799999999999999,78.30434782608695,231.2,20,14.789130434782608,39.9,0.20652173913043478,17.280327868852456,13.101639344262294,19,7,444.09999999999997,72.85245901639344,94.1,15.47049180327869,9999.0,9999.0,0,0,0.0,0.0,0,0,0.0,0.0,53,0,0
puan,Buenos Aires,CENTRO SUR,2025-2026,-34.623559,-58.448639,1082.54877738663,-0.14,1,0,-0.3,11.468478260869563,8.229347826086956,24,1,0,181.9,-0.3,73.79347826086956,189.39999999999998,13,10.746739130434781,33.5,0.2717391304347826,17.14098360655738,13.157377049180328,16,7,437.5,63.90163934426229,189.50000000000003,12.04098360655738,103.0372080854244,170.11157528968187,0,11,0.0,0.0,0,0,0.0,0.0,48,0,0
pueblo uranga,Santa Fe,CENTRO SUR,2024-2025,-33.2637886,-60.7059966,838.6468133648959,0.08,9,0,-3.5,11.307608695652174,6.929347826086956,21,8,3,235.49999999999997,-17.5,73.0,128.1,14,12.26630434782609,36.7,0.25,18.37377049180328,12.850819672131147,18,5,510.79999999999995,63.704918032786885,144.2,13.434426229508194,9999.0,9999.0,0,0,0.0,0.0,0,0,31.0,4.076923076923077,52,14,1
pueblo uranga,Santa Fe,CENTRO SUR,2025-2026,-33.2637886,-60.7059966,838.6468133648959,-0.14,3,0,-3.3,10.655434782608696,6.415217391304347,15,2,0,153.4,-5.9,77.51086956521739,261.9,17,11.267391304347825,36.0,0.31521739130434784,16.249180327868856,11.060655737704918,10,3,388.7,71.01639344262296,160.2,12.811475409836065,0.0,26.79569497716342,29,77,31.0,4.076923076923077,1,14,31.0,3.2285714285714286,35,6,1
pujato,Santa Fe,CENTRO SUR,2024-2025,-33.0176021,-61.0430978,798.8674711071166,0.08,8,0,-3.2,11.51195652173913,7.1000000000000005,21,8,3,245.2,-13.399999999999999,71.97826086956522,114.39999999999999,11,12.166304347826086,38.7,0.2717391304347826,18.85409836065574,13.07377049180328,19,5,540.1,60.65573770491803,153.0,13.68032786885246,9999.0,9999.0,0,0,0.0,0.0,0,0,27.0,4.552631578947368,38,12,1
pujato,Santa Fe,CENTRO SUR,2025-2026,-33.0176021,-61.0430978,798.8674711071166,-0.14,3,0,-3.2,10.757608695652175,6.4728260869565215,16,2,0,159.89999999999998,-6.200000000000001,76.77173913043478,304.1,16,11.320652173913043,41.2,0.33695652173913043,16.68688524590164,11.168852459016394,10,3,414.4,67.81967213114754,186.1,13.26393442622951,0.0,24.569453170964774,32,81,27.0,4.552631578947368,1,12,19.0,2.1842105263157894,38,7,1
puna,Santiago Del Estero,NEA,2024-2025,-27.7980544,-62.5224391,286.8944029045275,0.08,0,0,0.8,16.30217391304348,11.415217391304349,57,22,11,597.9000000000001,0.0,59.25,12.399999999999999,4,14.139130434782608,42.9,0.25,24.04590163934426,18.037704918032787,45,28,856.7999999999998,52.21311475409836,136.20000000000002,16.59016393442623,9999.0,9999.0,0,0,0.0,0.0,0,0,0.0,0.0,27,0,0
puna,Santiago Del Estero,NEA,2025-2026,-27.7980544,-62.5224391,286.8944029045275,-0.14,0,0,1.4,15.084782608695654,10.403260869565218,47,11,4,481.70000000000005,0.0,68.1304347826087,99.4,16,11.620652173913042,37.4,0.25,21.945901639344267,15.832786885245902,36,22,728.7000000000002,55.14754098360656,85.19999999999999,14.265573770491804,19.941198229305968,19.941198229305968,13,34,0.0,0.0,0,0,1100.0,63.16216216216216,37,22,1
punta del agua,Córdoba,CENTRO SUR,2024-2025,-32.5757687,-63.8102121,656.0949517693102,0.08,10,0,-2.4,10.4,5.642391304347826,10,2,0,151.2,-12.100000000000001,67.8804347826087,26.5,10,9.950000000000001,27.7,0.5217391304347826,18.46393442622951,12.447540983606558,15,3,516.3,55.73770491803279,164.49999999999997,11.319672131147541,9999.0,9999.0,0,0,0.0,0.0,0,0,94.0,5.666666666666667,54,21,1
punta del agua,Córdoba,CENTRO SUR,2025-2026,-32.5757687,-63.8102121,656.0949517693102,-0.14,3,0,-2.7,10.494565217391303,5.744565217391305,8,0,0,128.4,-5.800000000000001,69.1413043478261,147.2,14,12.197826086956523,40.3,0.5108695652173914,17.114754098360656,10.886885245901642,8,2,438.40000000000003,59.32786885245902,73.10000000000001,14.37377049180328,0.0,69.93354156303474,18,63,94.0,5.666666666666667,1,21,94.0,10.166666666666666,18,9,1
pálpala,Jujuy,NOA,2024-2025,-24.2554935,-65.2093985,282.93778478271594,0.08,8,0,-3.4,11.840217391304344,5.551086956521739,9,0,0,250.1,-14.200000000000001,63.95652173913044,7.199999999999999,2,8.01304347826087,22.7,0.5108695652173914,19.56885245901639,12.981967213114753,22,3,583.7000000000002,58.21311475409836,132.09999999999997,8.767213114754098,9999.0,9999.0,0,0,0.0,0.0,0,0,147.0,112.0,2,2,1
quemu quemu,La Pampa,CENTRO SUR,2024-2025,-36.0548131,-63.5659467,1040.648715144256,0.08,12,0,-3.3,9.185869565217393,4.475,6,0,0,101.5,-21.0,66.6413043478261,41.099999999999994,12,11.177173913043477,28.6,0.33695652173913043,17.50655737704918,11.421311475409837,11,4,457.9,51.36065573770492,105.30000000000001,12.888524590163934,9999.0,9999.0,0,0,0.0,0.0,0,0,2.0,0.1463414634146341,41,3,0
quemu quemu,La Pampa,CENTRO SUR,2025-2026,-36.0548131,-63.5659467,1040.648715144256,-0.14,4,0,-3.2,9.275,4.817391304347827,4,0,0,78.7,-8.2,71.29347826086956,96.6,8,11.82717391304348,41.5,0.391304347826087,15.7672131147541,10.254098360655737,7,0,361.30000000000007,62.114754098360656,125.1,14.840983606557378,47.26926978545998,270.2307612366249,3,6,2.0,0.1463414634146341,0,3,0.0,0.0,6,0,0
quemú quemú,La Pampa,CENTRO SUR,2024-2025,-36.0548131,-63.5659467,1040.648715144256,0.08,12,0,-3.3,9.185869565217393,4.475,6,0,0,101.5,-21.0,66.6413043478261,41.099999999999994,12,11.177173913043477,28.6,0.33695652173913043,17.50655737704918,11.421311475409837,11,4,457.9,51.36065573770492,105.30000000000001,12.888524590163934,9999.0,9999.0,0,0,0.0,0.0,0,0,3.0,0.1785714285714285,56,6,0
quemú quemú,La Pampa,CENTRO SUR,2025-2026,-36.0548131,-63.5659467,1040.648715144256,-0.14,4,0,-3.2,9.275,4.817391304347827,4,0,0,78.7,-8.2,71.29347826086956,96.6,8,11.82717391304348,41.5,0.391304347826087,15.7672131147541,10.254098360655737,7,0,361.30000000000007,62.114754098360656,125.1,14.840983606557378,47.26926978545998,270.2307612366249,3,6,3.0,0.1785714285714285,0,6,3.0,0.2340425531914893,47,6,0
quimili,Santiago Del Estero,NEA,2024-2025,-27.6446881,-62.4174351,290.7171607430212,0.08,0,0,0.8,16.4804347826087,11.639130434782611,58,24,11,613.3000000000002,0.0,59.44565217391305,16.2,3,14.298913043478262,44.1,0.2391304347826087,24.162295081967212,18.06393442622951,45,29,863.9,52.131147540983605,147.6,16.65081967213115,9999.0,9999.0,0,0,0.0,0.0,0,0,2600.0,811.8333333333334,6,3,1
quimilí,Santiago Del Estero,NEA,2024-2025,-27.6446881,-62.4174351,290.7171607430212,0.08,0,0,0.8,16.4804347826087,11.639130434782611,58,24,11,613.3000000000002,0.0,59.44565217391305,16.2,3,14.298913043478262,44.1,0.2391304347826087,24.162295081967212,18.06393442622951,45,29,863.9,52.131147540983605,147.6,16.65081967213115,9999.0,9999.0,0,0,0.0,0.0,0,0,2600.0,79.97727272727273,44,27,1
quimilí,Santiago Del Estero,NEA,2025-2026,-27.6446881,-62.4174351,290.7171607430212,-0.14,0,0,1.1,15.330434782608696,10.447826086956521,48,12,5,504.0,0.0,66.01086956521739,89.6,13,12.390217391304347,38.3,0.2391304347826087,21.92950819672131,15.772131147540984,35,22,727.6999999999999,55.032786885245905,127.4,14.904918032786886,0.0,0.0,12,37,2600.0,79.97727272727273,1,27,2600.0,222.525,40,23,1
quines,San Luís,CENTRO SUR,2024-2025,-32.2328371,-65.8050739,606.9303838068771,0.08,2,0,-0.2,12.52391304347826,7.401086956521741,22,2,0,292.0,-0.4,48.141304347826086,7.0,3,7.320652173913042,46.8,0.11956521739130435,20.926229508196727,14.7327868852459,29,11,666.5000000000001,41.295081967213115,107.3,11.442622950819672,9999.0,9999.0,0,0,0.0,0.0,0,0,718.0,43.47727272727273,44,18,1
quines,San Luís,CENTRO SUR,2025-2026,-32.2328371,-65.8050739,606.9303838068771,-0.14,3,0,-1.3,12.224999999999998,7.763043478260869,24,2,0,251.89999999999998,-2.6,53.69565217391305,48.7,4,6.645652173913044,60.8,0.22826086956521738,19.272131147540982,12.950819672131148,19,7,567.0999999999999,43.885245901639344,32.0,11.821311475409836,0.0,0.0,5,25,718.0,43.47727272727273,1,18,718.0,15.617021276595745,47,11,1
quitilipi,Chaco,NEA,2024-2025,-26.870771,-60.2150144,494.6411691411414,0.08,0,0,1.1,17.332608695652176,12.78913043478261,58,39,19,688.1000000000003,0.0,67.95652173913044,144.7,9,12.480434782608693,38.2,0.22826086956521738,23.05245901639344,17.531147540983607,43,26,796.1999999999999,65.62295081967213,150.9,13.401639344262296,9999.0,9999.0,0,0,0.0,0.0,0,0,481.0,11.186046511627907,43,1,1
rafaela,Santa Fe,CENTRO NORTE,2024-2025,-31.2526923,-61.4916758,612.3754856590261,0.08,5,0,-2.5,12.85,8.285869565217391,30,9,3,332.99999999999994,-5.8,69.68478260869566,48.300000000000004,9,12.57391304347826,35.9,0.2608695652173913,20.578688524590167,14.436065573770493,24,11,645.3000000000001,55.885245901639344,169.6,14.254098360655737,9999.0,9999.0,0,0,0.0,0.0,0,0,1175.0,157.2,55,27,1
rafaela,Santa Fe,CENTRO NORTE,2025-2026,-31.2526923,-61.4916758,612.3754856590261,-0.14,3,0,-2.8,11.997826086956522,7.6184782608695665,21,3,0,236.39999999999998,-4.7,74.75,239.8,16,11.763043478260867,43.7,0.33695652173913043,17.940983606557378,12.321311475409834,14,3,487.69999999999993,65.75409836065573,138.1,13.318032786885245,0.0,0.0,24,80,1175.0,157.2,1,27,1175.0,103.35416666666669,48,22,1
ramallo,Buenos Aires,CENTRO SUR,2024-2025,-33.4849394,-60.0044551,895.280586508756,0.08,6,0,-3.0,11.546739130434782,7.3673913043478265,24,8,3,241.1,-8.4,74.34782608695652,154.7,15,12.419565217391305,35.1,0.2391304347826087,18.250819672131147,12.988524590163934,19,5,503.30000000000007,66.85245901639344,95.0,12.999999999999998,9999.0,9999.0,0,0,0.0,0.0,0,0,4.0,0.3529411764705882,51,9,0
ramallo,Buenos Aires,CENTRO SUR,2025-2026,-33.4849394,-60.0044551,895.280586508756,-0.14,3,0,-2.9,10.802173913043479,6.708695652173914,12,2,0,156.6,-4.7,78.33695652173913,217.4,15,10.81195652173913,34.3,0.31521739130434784,16.557377049180328,11.572131147540983,11,2,405.40000000000003,70.40983606557377,109.3,12.481967213114755,23.102867443829382,74.42595475179675,24,62,4.0,0.3529411764705882,0,9,1.0,0.1428571428571428,21,3,0
ramayon,Santa Fe,NEA,2024-2025,-30.6742315,-60.4986423,628.9016583689,0.08,1,0,-0.9,13.738043478260868,9.463043478260872,42,14,4,399.49999999999994,-0.9,72.79347826086956,68.3,10,12.801086956521738,36.3,0.22826086956521738,20.85737704918033,14.980327868852457,30,14,662.3,61.31147540983606,77.89999999999999,14.509836065573769,9999.0,9999.0,0,0,0.0,0.0,0,0,0.0,0.0,6,0,0
ramayón,Santa Fe,NEA,2024-2025,-30.6742315,-60.4986423,628.9016583689,0.08,1,0,-0.9,13.738043478260868,9.463043478260872,42,14,4,399.49999999999994,-0.9,72.79347826086956,68.3,10,12.801086956521738,36.3,0.22826086956521738,20.85737704918033,14.980327868852457,30,14,662.3,61.31147540983606,77.89999999999999,14.509836065573769,9999.0,9999.0,0,0,0.0,0.0,0,0,1054.0,89.41176470588235,51,24,1
ramayón,Santa Fe,NEA,2025-2026,-30.6742315,-60.4986423,628.9016583689,-0.14,3,0,-1.9,12.542391304347827,7.763043478260869,26,3,1,277.7,-4.4,75.65217391304348,215.5,13,11.282608695652174,38.8,0.30434782608695654,18.61311475409836,12.768852459016394,18,8,527.1999999999999,66.11475409836065,188.70000000000002,12.991803278688524,0.0,0.0,15,60,1054.0,89.41176470588235,1,24,1054.0,59.22,50,33,1
rapelli,Tucumán,NOA,2024-2025,-26.3946871,-64.5034556,82.62876854203559,0.08,1,0,-0.3,15.330434782608695,10.092391304347828,53,8,3,510.79999999999995,-0.3,57.92391304347826,12.5,2,12.00978260869565,39.2,0.3804347826086957,23.647540983606557,17.64262295081967,46,28,832.5000000000001,50.0655737704918,142.0,13.457377049180327,9999.0,9999.0,0,0,0.0,0.0,0,0,3290.0,245.67924528301887,53,44,1
rapelli,Tucumán,NOA,2025-2026,-26.3946871,-64.5034556,82.62876854203559,-0.14,0,0,1.6,14.917391304347825,9.813043478260868,47,3,1,462.59999999999997,0.0,63.08695652173913,28.499999999999996,6,12.169565217391304,34.1,0.4891304347826087,22.454098360655742,16.304918032786883,38,27,759.7,46.459016393442624,31.7,13.927868852459019,0.0,0.0,28,63,3290.0,245.67924528301887,1,44,3290.0,110.56756756756756,37,21,1
rayo cortado,Córdoba,CENTRO NORTE,2024-2025,-30.0762926,-63.8251324,388.30637784817446,0.08,6,0,-2.8,12.380434782608695,7.709782608695653,27,5,2,297.29999999999995,-5.1,57.34782608695652,24.3,5,13.933695652173911,47.3,0.33695652173913043,19.621311475409836,13.855737704918033,21,8,586.9,52.31147540983606,147.6,15.60655737704918,9999.0,9999.0,0,0,0.0,0.0,0,0,285.0,39.22222222222222,54,30,1
rayo cortado,Córdoba,CENTRO NORTE,2025-2026,-30.0762926,-63.8251324,388.30637784817446,-0.14,2,0,-1.3,11.626086956521737,7.745652173913045,23,0,0,205.79999999999995,-2.0,65.59782608695652,123.9,14,12.244565217391305,40.4,0.358695652173913,18.031147540983604,12.137704918032787,15,5,497.90000000000003,55.0655737704918,24.5,13.609836065573772,0.0,0.0,11,36,285.0,39.22222222222222,1,30,186.0,20.851063829787236,47,39,1
reconquista,Santa Fe,NEA,2024-2025,-29.1443478,-59.6437728,604.6128552941826,0.08,0,0,0.8,15.560869565217393,11.421739130434782,54,24,12,541.3,0.0,73.08695652173913,102.89999999999999,8,12.57934782608696,36.9,0.20652173913043478,20.972131147540985,15.940983606557378,36,17,669.2999999999998,71.72131147540983,213.60000000000002,13.222950819672132,9999.0,9999.0,0,0,0.0,0.0,0,0,1314.0,274.0,53,36,1
reconquista,Santa Fe,NEA,2025-2026,-29.1443478,-59.6437728,604.6128552941826,-0.14,0,0,0.4,14.125000000000002,9.541304347826086,40,8,2,404.7,0.0,75.45652173913044,223.39999999999998,20,11.454347826086954,34.2,0.17391304347826086,19.573770491803284,14.436065573770492,27,11,584.0000000000001,69.04918032786885,209.5,12.836065573770494,0.0,0.0,8,20,1314.0,274.0,1,36,545.0,83.64,50,36,1
reduccion,Córdoba,CENTRO SUR,2024-2025,-33.2031613,-63.8625063,723.53035019722,0.08,8,0,-2.2,10.11630434782609,5.796739130434782,11,2,0,134.89999999999998,-8.3,69.17391304347827,29.1,6,10.320652173913043,27.2,0.4782608695652174,18.218032786885246,12.457377049180327,17,5,501.30000000000007,56.01639344262295,157.5,12.421311475409835,9999.0,9999.0,0,0,0.0,0.0,0,0,147.0,5.372549019607843,51,21,1
reduccion,Córdoba,CENTRO SUR,2025-2026,-33.2031613,-63.8625063,723.53035019722,-0.14,5,0,-2.5,10.34673913043478,5.879347826086956,7,0,0,118.8,-5.699999999999999,69.22826086956522,190.1,13,13.053260869565218,37.6,0.5108695652173914,16.942622950819672,11.021311475409837,9,3,429.2,59.67213114754098,121.5,15.888524590163934,0.0,0.0,15,47,147.0,5.372549019607843,1,21,147.0,33.22222222222222,9,5,1
reducción,Córdoba,CENTRO SUR,2024-2025,-33.2031613,-63.8625063,723.53035019722,0.08,8,0,-2.2,10.11630434782609,5.796739130434782,11,2,0,134.89999999999998,-8.3,69.17391304347827,29.1,6,10.320652173913043,27.2,0.4782608695652174,18.218032786885246,12.457377049180327,17,5,501.30000000000007,56.01639344262295,157.5,12.421311475409835,9999.0,9999.0,0,0,0.0,0.0,0,0,147.0,41.44444444444444,9,9,1
rincón de ávila,Santa Fe,CENTRO NORTE,2024-2025,-31.3238541,-60.8673227,655.880023913763,0.08,3,0,-1.7,13.126086956521736,8.688043478260868,36,11,4,353.6000000000001,-3.0,72.79347826086956,92.1,10,12.272826086956526,35.0,0.21739130434782608,20.586885245901634,14.53934426229508,27,12,645.8000000000001,59.540983606557376,146.70000000000002,14.162295081967214,9999.0,9999.0,0,0,0.0,0.0,0,0,286.0,53.851851851851855,54,22,1
rincón de ávila,Santa Fe,CENTRO NORTE,2025-2026,-31.3238541,-60.8673227,655.880023913763,-0.14,3,0,-5.0,11.964130434782607,7.31195652173913,24,3,0,238.50000000000003,-7.9,77.06521739130434,247.2,16,10.882608695652175,41.3,0.2717391304347826,18.15901639344262,12.277049180327868,15,4,500.4,66.78688524590164,169.1,12.681967213114753,0.0,0.0,32,83,286.0,53.851851851851855,1,22,207.0,18.615384615384617,39,17,1
rio dulce,Santiago Del Estero,NEA,2024-2025,-27.7615606,-64.2640886,141.37401005034752,0.08,0,0,2.0,15.083695652173912,10.16195652173913,51,11,4,484.9000000000001,0.0,59.65217391304348,12.399999999999999,4,9.817391304347826,29.8,0.2608695652173913,23.995081967213117,17.92295081967213,46,30,853.7,47.81967213114754,97.0,12.447540983606554,9999.0,9999.0,0,0,0.0,0.0,0,0,52.0,6.875,48,42,1
rio dulce,Santiago Del Estero,NEA,2025-2026,-27.7615606,-64.2640886,141.37401005034752,-0.14,0,0,1.5,14.523913043478261,9.829347826086956,48,4,1,427.2,0.0,65.71739130434783,52.7,10,10.394565217391303,40.8,0.3695652173913043,22.80983606557377,16.501639344262294,38,24,781.4000000000001,46.32786885245902,51.199999999999996,13.381967213114756,0.0,66.07738468177129,12,54,52.0,6.875,1,42,19.0,18.33333333333333,3,3,1
rio piedras,Salta,NOA,2024-2025,-25.3142011,-64.9103052,167.72830522380164,0.08,1,0,-1.0,13.609782608695653,8.05978260869565,30,1,0,369.59999999999997,-1.0,61.891304347826086,23.5,8,8.358695652173912,26.0,0.44565217391304346,21.92786885245902,15.568852459016394,33,17,727.6,52.19672131147541,126.3,9.477049180327867,9999.0,9999.0,0,0,0.0,0.0,0,0,240.0,42.85714285714285,35,34,1
rio piedras,Salta,NOA,2025-2026,-25.3142011,-64.9103052,167.72830522380164,-0.14,1,0,-0.7,13.458695652173914,8.15,31,0,0,342.50000000000006,-0.7,66.32608695652173,27.900000000000002,7,8.253260869565219,29.3,0.532608695652174,20.609836065573766,14.239344262295083,30,11,647.2,49.90163934426229,36.4,9.352459016393441,0.0,0.0,16,50,240.0,42.85714285714285,1,34,12.0,4.789473684210527,19,19,1
rio seco,Córdoba,CENTRO SUR,2024-2025,-30.802268,-64.5354592,449.7143996994199,0.08,5,0,-2.0,11.228260869565217,6.85217391304348,16,3,0,211.79999999999995,-5.800000000000001,59.22826086956522,11.7,4,9.081521739130435,33.2,0.2717391304347826,18.71475409836065,13.437704918032788,21,4,531.6000000000001,51.01639344262295,169.6,12.245901639344263,9999.0,9999.0,0,0,0.0,0.0,0,0,295.0,27.392857142857142,56,17,1
rio seco,Córdoba,CENTRO SUR,2025-2026,-30.802268,-64.5354592,449.7143996994199,-0.14,3,0,-2.3,10.822826086956523,6.879347826086956,13,1,0,152.69999999999996,-4.5,62.59782608695652,96.3,12,9.208695652173912,43.4,0.32608695652173914,17.15737704918033,11.647540983606557,13,5,445.7,52.83606557377049,35.8,13.368852459016393,0.0,0.0,15,37,295.0,27.392857142857142,1,17,220.0,55.333333333333336,12,9,1
rio segundo,Córdoba,CENTRO NORTE,2024-2025,-31.4534384,-63.1656553,553.8480036110667,0.08,8,0,-1.9,11.95217391304348,7.163043478260868,21,5,2,256.9,-8.9,66.43478260869566,40.900000000000006,7,11.407608695652174,32.1,0.358695652173913,19.819672131147538,13.904918032786886,26,11,599.0,55.0,99.0,12.836065573770489,9999.0,9999.0,0,0,0.0,0.0,0,0,1.0,1.0,1,1,0
rivadavia,Salta,NOA,2024-2025,-23.6194993,-62.8101767,427.6104543155749,0.08,0,0,3.0,18.26739130434783,13.583695652173912,68,39,16,760.8,0.0,62.02173913043478,28.7,6,10.068478260869567,30.7,0.20652173913043478,26.4655737704918,20.583606557377053,54,41,1004.4000000000001,50.704918032786885,90.7,11.088524590163933,9999.0,9999.0,0,0,0.0,0.0,0,0,368.0,37.54385964912281,57,48,1
rivadavia,Salta,NOA,2025-2026,-23.6194993,-62.8101767,427.6104543155749,-0.14,0,0,2.2,17.389130434782608,12.524999999999997,60,31,9,685.5000000000001,0.0,66.90217391304348,50.0,14,10.817391304347826,37.7,0.22826086956521738,24.71147540983607,18.78032786885246,49,32,897.4000000000002,50.32786885245902,96.30000000000001,13.763934426229508,0.0,0.0,1,12,368.0,37.54385964912281,1,48,1235.0,176.8421052631579,38,33,1
roberts,Buenos Aires,CENTRO SUR,2024-2025,-35.1429018,-61.970349,977.2737691132313,0.08,12,0,-3.3,10.031521739130435,5.4554347826086955,10,2,2,155.7,-25.3,68.17391304347827,51.3,11,12.580434782608696,34.2,0.358695652173913,17.855737704918035,11.949180327868852,12,6,479.6,55.60655737704918,78.0,14.168852459016392,9999.0,9999.0,0,0,0.0,0.0,0,0,3.0,0.0526315789473684,57,1,0
roberts,Buenos Aires,CENTRO SUR,2025-2026,-35.1429018,-61.970349,977.2737691132313,-0.14,4,0,-3.4,9.675,5.582608695652173,8,0,0,95.90000000000002,-7.4,74.6304347826087,257.3,14,12.081521739130432,36.2,0.44565217391304346,15.49016393442623,10.331147540983606,8,1,345.20000000000005,69.01639344262296,231.0,14.154098360655738,49.297428099889146,155.15990262747374,3,15,3.0,0.0526315789473684,0,1,3.0,0.12,50,2,0
rocha,,URUGUAY,2024-2025,-34.0,-54.0,1338.1897470536464,0.08,1,0,-0.2,11.254347826086958,7.592391304347826,27,6,1,217.29999999999995,-0.2,83.03260869565217,213.70000000000002,20,14.175,38.6,0.22826086956521738,15.586885245901641,11.195081967213115,9,0,342.2,82.90163934426229,190.3,14.565573770491802,9999.0,9999.0,0,0,0.0,0.0,0,0,0.0,0.0,2,0,0
rocha,Uruguay,URUGUAY,2024-2025,-34.0,-54.0,1338.1897470536464,0.08,1,0,-0.2,11.254347826086958,7.592391304347826,27,6,1,217.29999999999995,-0.2,83.03260869565217,213.70000000000002,20,14.175,38.6,0.22826086956521738,15.586885245901641,11.195081967213115,9,0,342.2,82.90163934426229,190.3,14.565573770491802,9999.0,9999.0,0,0,0.0,0.0,0,0,0.0,0.0,5,0,0
rolón,,URUGUAY,2024-2025,-32.6364823,-56.8934673,1031.14875449736,0.08,5,0,-2.3,12.203260869565218,8.357608695652175,35,13,4,305.4,-5.699999999999999,80.26086956521739,191.3,17,14.859782608695651,40.6,0.2608695652173913,17.078688524590163,12.267213114754098,11,3,431.8000000000001,78.36065573770492,196.2,14.577049180327869,9999.0,9999.0,0,0,0.0,0.0,0,0,0.0,0.0,1,0,0
rolón,Uruguay,URUGUAY,2024-2025,-32.6364823,-56.8934673,1031.14875449736,0.08,5,0,-2.3,12.203260869565218,8.357608695652175,35,13,4,305.4,-5.699999999999999,80.26086956521739,191.3,17,14.859782608695651,40.6,0.2608695652173913,17.078688524590163,12.267213114754098,11,3,431.8000000000001,78.36065573770492,196.2,14.577049180327869,9999.0,9999.0,0,0,0.0,0.0,0,0,0.0,0.0,5,0,0
rosario,,URUGUAY,2024-2025,-34.3115588,-57.3512918,1122.7513008014762,0.08,7,0,-3.2,11.29782608695652,7.364130434782608,22,7,3,223.2,-9.100000000000001,77.70652173913044,188.0,16,13.195652173913041,38.8,0.2608695652173913,16.900000000000002,11.565573770491806,12,3,420.90000000000003,72.49180327868852,102.6,13.188524590163937,9999.0,9999.0,0,0,0.0,0.0,0,0,6.0,2.833333333333333,6,3,1
rosario,Uruguay,URUGUAY,2024-2025,-34.3115588,-57.3512918,1122.7513008014762,0.08,7,0,-3.2,11.29782608695652,7.364130434782608,22,7,3,223.2,-9.100000000000001,77.70652173913044,188.0,16,13.195652173913041,38.8,0.2608695652173913,16.900000000000002,11.565573770491806,12,3,420.90000000000003,72.49180327868852,102.6,13.188524590163937,9999.0,9999.0,0,0,0.0,0.0,0,0,6.0,1.5862068965517242,29,12,1
rosario de la frontera,Salta,NOA,2024-2025,-25.7985752,-64.9739247,113.6109008616172,0.08,3,0,-2.0,12.868478260869562,7.360869565217393,19,0,0,316.5000000000001,-3.7,61.75,13.899999999999999,5,8.663043478260871,32.9,0.05434782608695652,20.99508196721311,14.708196721311474,31,14,670.6999999999999,53.60655737704918,108.6,10.255737704918035,9999.0,9999.0,0,0,0.0,0.0,0,0,18.0,2.707317073170732,41,23,1
rosello,Santiago Del Estero,NEA,2024-2025,-27.92,-63.9,178.86008312739588,0.08,0,0,0.9,15.332608695652173,10.120652173913046,49,11,4,509.7,0.0,58.84782608695652,13.1,2,10.25869565217391,27.9,0.22826086956521738,24.00327868852459,17.668852459016392,45,27,854.2,48.18032786885246,136.9,12.995081967213116,9999.0,9999.0,0,0,0.0,0.0,0,0,13.0,1.391304347826087,46,16,1
rosello,Santiago Del Estero,NEA,2025-2026,-27.92,-63.9,178.86008312739588,-0.14,0,0,1.0,14.905434782608692,9.55108695652174,44,7,2,460.4,0.0,62.630434782608695,70.3,13,11.544565217391304,39.8,0.32608695652173914,22.37049180327869,15.714754098360654,36,22,754.6000000000001,49.32786885245902,35.2,14.327868852459014,0.0,101.99999901498222,3,58,13.0,1.391304347826087,1,16,13.0,6.5,2,1,1
roversi,Santiago Del Estero,NEA,2024-2025,-27.5911418,-61.945006,333.7172035305679,0.08,0,0,0.9,16.52608695652174,11.677173913043477,55,26,11,618.8,0.0,60.59782608695652,12.700000000000001,4,13.266304347826088,39.9,0.18478260869565216,23.770491803278688,17.685245901639348,41,27,840.0,54.68852459016394,147.5,15.28196721311475,9999.0,9999.0,0,0,0.0,0.0,0,0,816.0,97.42372881355932,59,32,1
roversi,Santiago Del Estero,NEA,2025-2026,-27.5911418,-61.945006,333.7172035305679,-0.14,0,0,0.3,15.203260869565218,10.327173913043477,47,13,3,494.8,0.0,67.84782608695652,169.39999999999998,13,12.5445652173913,39.4,0.18478260869565216,21.344262295081972,15.483606557377048,33,19,692.0000000000002,58.59016393442623,149.20000000000002,14.763934426229508,0.0,0.0,15,36,816.0,97.42372881355932,1,32,1154.0,150.09756097560975,41,30,1
rumi punco,Tucumán,NOA,2024-2025,-27.62,-65.48,95.29127348480444,0.08,2,0,-1.7,11.761956521739126,6.624999999999999,20,0,0,227.50000000000003,-2.3,74.54347826086956,39.2,9,5.86086956521739,17.9,0.021739130434782608,19.90983606557377,14.342622950819672,26,13,604.5,66.98360655737704,246.49999999999997,7.008196721311475,9999.0,9999.0,0,0,0.0,0.0,0,0,1530.0,118.46666666666668,60,57,1
rumi punco,Tucumán,NOA,2025-2026,-27.62,-65.48,95.29127348480444,-0.14,0,0,0.1,12.194565217391306,7.53478260869565,21,1,0,234.39999999999998,0.0,74.84782608695652,51.8,11,5.466304347826087,28.3,0.043478260869565216,19.085245901639347,13.408196721311473,23,8,554.1999999999999,63.68852459016394,110.1,6.824590163934427,0.0,0.0,23,45,1530.0,118.46666666666668,1,57,1530.0,92.84,50,50,1
río ceballos,Córdoba,CENTRO NORTE,2024-2025,-31.1709088,-64.3160951,493.5615235177056,0.08,11,0,-3.8,9.829347826086957,5.197826086956522,9,2,0,141.0,-14.3,62.67391304347826,36.2,10,8.924999999999999,33.6,0.4891304347826087,17.39344262295082,11.727868852459016,12,2,451.6,54.950819672131146,202.60000000000002,11.152459016393443,9999.0,9999.0,0,0,0.0,0.0,0,0,220.0,14.46808510638298,47,17,1
río ceballos,Córdoba,CENTRO NORTE,2025-2026,-31.1709088,-64.3160951,493.5615235177056,-0.14,7,0,-4.8,9.880434782608697,5.151086956521739,6,0,0,107.39999999999999,-12.9,64.1413043478261,142.70000000000002,12,8.765217391304349,27.5,0.43478260869565216,15.839344262295079,9.904918032786886,6,0,372.0,57.049180327868854,76.9,11.375409836065577,0.0,0.0,20,48,220.0,14.46808510638298,1,17,220.0,12.75,44,27,1
río colorado,Tucumán,NOA,2024-2025,-27.1503766,-65.3557946,41.9075786950146,0.08,0,0,0.3,12.564130434782607,7.015217391304349,20,0,0,281.1,0.0,70.43478260869566,19.099999999999998,6,5.641304347826086,22.5,0.0,20.965573770491805,14.845901639344262,29,15,668.9000000000001,62.9344262295082,222.1,6.51639344262295,9999.0,9999.0,0,0,0.0,0.0,0,0,286.0,34.483333333333334,60,39,1
río colorado,Tucumán,NOA,2025-2026,-27.1503766,-65.3557946,41.9075786950146,-0.14,0,0,0.2,12.793478260869568,7.498913043478261,18,0,0,281.69999999999993,0.0,71.77173913043478,34.7,6,4.642391304347826,21.5,0.0,20.101639344262296,13.581967213114757,23,8,616.2,58.39344262295082,96.1,5.980327868852459,0.0,0.0,31,52,286.0,34.483333333333334,1,39,132.0,27.52083333333333,48,45,1
río segundo-,Córdoba,CENTRO NORTE,2024-2025,-31.4534319,-63.1656483,553.8475730142978,0.08,8,0,-1.9,11.95217391304348,7.163043478260868,21,5,2,256.9,-8.9,66.43478260869566,40.900000000000006,7,11.407608695652174,32.1,0.358695652173913,19.819672131147538,13.904918032786886,26,11,599.0,55.0,99.0,12.836065573770489,9999.0,9999.0,0,0,0.0,0.0,0,0,202.0,7.951219512195122,41,28,1
río segundo-,Córdoba,CENTRO NORTE,2025-2026,-31.4534319,-63.1656483,553.8475730142978,-0.14,2,0,-2.1,11.590217391304348,7.108695652173913,16,2,0,198.89999999999998,-4.1,70.30434782608695,161.20000000000002,16,11.822826086956523,39.4,0.43478260869565216,18.18196721311476,12.168852459016392,15,6,501.79999999999995,59.73770491803279,93.60000000000001,13.736065573770492,0.0,0.0,23,73,202.0,7.951219512195122,1,28,171.0,20.5,28,12,1
río segundo-t1,Córdoba,CENTRO NORTE,2024-2025,-31.6501467,-63.9116179,553.5975512897198,0.08,12,0,-4.1,10.846739130434784,5.58804347826087,12,2,1,183.2,-20.7,65.27173913043478,23.3,6,9.946739130434784,27.6,0.4782608695652174,18.954098360655735,12.768852459016392,21,4,546.1999999999999,54.08196721311475,278.20000000000005,11.391803278688522,9999.0,9999.0,0,0,0.0,0.0,0,0,202.0,63.13333333333333,15,10,1
río segundo-t1,Córdoba,CENTRO NORTE,2025-2026,-31.6501467,-63.9116179,553.5975512897198,-0.14,2,0,-2.5,11.095652173913043,6.429347826086955,12,0,0,163.70000000000002,-3.7,66.84782608695652,161.4,14,11.924999999999999,37.5,0.4782608695652174,17.714754098360658,11.581967213114757,13,4,474.59999999999997,57.01639344262295,72.60000000000001,13.767213114754101,0.0,0.0,23,60,202.0,63.13333333333333,1,10,0.0,0.0,16,0,0
sacanta,Córdoba,CENTRO NORTE,2024-2025,-31.6634501,-63.0479142,579.6648608060915,0.08,8,0,-1.9,11.877173913043478,7.121739130434782,20,6,2,254.5,-8.4,66.48913043478261,41.5,8,10.846739130434782,29.2,0.358695652173913,19.69344262295082,13.768852459016394,24,9,591.3000000000001,55.08196721311475,131.10000000000002,12.28688524590164,9999.0,9999.0,0,0,0.0,0.0,0,0,11.0,1.4,40,13,1
sacanta,Córdoba,CENTRO NORTE,2025-2026,-31.6634501,-63.0479142,579.6648608060915,-0.14,2,0,-2.2,11.515217391304347,7.013043478260869,16,2,0,194.5,-4.2,70.47826086956522,219.5,15,12.07391304347826,41.0,0.43478260869565216,18.057377049180328,11.996721311475408,15,5,494.70000000000005,59.83606557377049,124.2,14.072131147540981,0.0,24.015643070965467,24,76,11.0,1.4,1,13,20.0,3.6666666666666665,33,14,1
sachayoj,Santiago Del Estero,NEA,2024-2025,-26.6749136,-61.8153369,336.3939382330953,0.08,0,0,1.4,17.155434782608697,12.373913043478264,59,29,16,670.2,0.0,61.108695652173914,37.2,6,12.505434782608694,37.1,0.20652173913043478,24.50491803278689,18.373770491803274,49,34,884.8,53.90163934426229,121.7,14.452459016393444,9999.0,9999.0,0,0,0.0,0.0,0,0,481.0,37.64655172413793,116,36,1
sachayoj,Santiago Del Estero,NEA,2025-2026,-26.6749136,-61.8153369,336.3939382330953,-0.14,0,0,1.4,16.05217391304348,11.156521739130433,58,18,3,570.2,0.0,65.76086956521739,81.19999999999999,11,12.632608695652175,34.7,0.25,22.172131147540984,16.20327868852459,37,23,742.5000000000001,56.52459016393443,94.3,14.940983606557378,0.0,0.0,13,31,481.0,37.64655172413793,1,36,480.0,24.91176470588235,68,48,1
saladero mariano cabal,Santa Fe,CENTRO NORTE,2024-2025,-30.8795361,-60.037479,677.0428993244899,0.08,0,0,2.0,14.208695652173915,10.480434782608697,45,16,6,425.49999999999994,0.0,73.57608695652173,55.00000000000001,10,13.094565217391304,39.5,0.21739130434782608,20.9672131147541,15.822950819672132,37,18,669.0000000000001,63.90163934426229,101.6,14.804918032786885,9999.0,9999.0,0,0,0.0,0.0,0,0,3.0,1.0,6,4,0
saladero mariano cabal,Santa Fe,CENTRO NORTE,2025-2026,-30.8795361,-60.037479,677.0428993244899,-0.14,1,0,-1.2,13.001086956521737,8.76304347826087,31,4,1,305.8,-1.2,76.06521739130434,232.7,14,11.255434782608695,35.7,0.20652173913043478,18.88688524590164,14.024590163934425,22,9,542.3000000000001,67.72131147540983,219.7,12.801639344262297,25.19573045124009,34.739992819203714,12,56,3.0,1.0,0,4,8.0,3.125,8,4,1
salto,Buenos Aires,CENTRO SUR,2024-2025,-34.2917828,-60.2544888,957.901883612872,0.08,11,0,-3.5,10.583695652173914,6.0608695652173905,15,4,3,192.10000000000002,-22.3,72.66304347826087,139.20000000000002,14,12.820652173913043,36.8,0.29347826086956524,17.89344262295082,12.047540983606558,11,4,481.5,61.42622950819672,89.89999999999999,13.744262295081967,9999.0,9999.0,0,0,0.0,0.0,0,0,0.0,0.0,56,0,0
salto,Buenos Aires,CENTRO SUR,2025-2026,-34.2917828,-60.2544888,957.901883612872,-0.14,5,0,-3.5,10.18913043478261,5.906521739130435,11,0,0,126.9,-7.300000000000001,76.94565217391305,230.90000000000003,14,11.169565217391304,34.1,0.32608695652173914,15.665573770491804,10.398360655737708,7,1,354.90000000000003,69.73770491803279,237.39999999999998,12.611475409836064,28.314832304907217,106.79831979491594,11,38,0.0,0.0,0,0,2.0,0.1428571428571428,42,3,0
san agustín,Tucumán,NOA,2024-2025,-26.8369326,-64.8504348,34.931282877176955,0.08,0,0,0.2,13.586956521739133,8.472826086956522,35,1,0,359.99999999999994,0.0,64.1413043478261,13.0,3,8.432608695652174,25.8,0.14130434782608695,22.086885245901637,15.9,38,19,737.3,55.19672131147541,146.0,10.6672131147541,9999.0,9999.0,0,0,0.0,0.0,0,0,200.0,38.5,60,48,1
san agustín,Tucumán,NOA,2025-2026,-26.8369326,-64.8504348,34.931282877176955,-0.14,0,0,1.0,13.391304347826088,8.347826086956522,29,1,0,329.9,0.0,68.6413043478261,39.7,6,8.420652173913044,37.3,0.16304347826086957,21.431147540983606,14.955737704918032,30,14,697.2999999999998,49.34426229508197,65.2,11.642622950819673,0.0,0.0,36,57,200.0,38.5,1,48,200.0,25.22,50,38,1
san andrés de giles,Buenos Aires,CENTRO SUR,2024-2025,-34.4423682,-59.4475148,1012.0054508929737,0.08,9,0,-3.9,10.734782608695653,6.466304347826087,17,5,3,195.60000000000002,-19.4,73.92391304347827,154.70000000000002,13,12.932608695652174,35.7,0.2826086956521739,17.639344262295083,12.022950819672133,10,3,466.00000000000006,64.40983606557377,80.30000000000001,13.498360655737704,9999.0,9999.0,0,0,0.0,0.0,0,0,1.0,0.0714285714285714,42,3,0
san andrés de giles,Buenos Aires,CENTRO SUR,2025-2026,-34.4423682,-59.4475148,1012.0054508929737,-0.14,3,0,-3.4,10.139130434782608,5.9173913043478255,11,0,0,119.9,-6.1000000000000005,77.8586956521739,207.6,13,11.620652173913042,36.2,0.33695652173913043,15.452459016393442,10.334426229508196,8,1,342.3,72.40983606557377,204.09999999999997,12.596721311475411,22.21529558586837,144.2127610627994,5,24,1.0,0.0714285714285714,0,3,0.0,0.0,6,0,0
san antonio de areco,Buenos Aires,CENTRO SUR,2024-2025,-34.2437294,-59.4734187,992.4990623746609,0.08,9,0,-4.0,10.892391304347825,6.543478260869565,19,5,3,205.5,-20.6,73.66304347826087,128.8,13,12.756521739130434,34.4,0.25,17.681967213114753,12.037704918032787,11,5,468.6,65.06557377049181,96.1,13.32950819672131,9999.0,9999.0,0,0,0.0,0.0,0,0,36.0,4.479166666666667,48,24,1
san antonio de areco,Buenos Aires,CENTRO SUR,2025-2026,-34.2437294,-59.4734187,992.4990623746609,-0.14,4,0,-3.7,10.179347826086955,5.903260869565217,11,0,0,123.19999999999999,-6.6000000000000005,78.3913043478261,199.29999999999998,12,11.309782608695652,36.0,0.34782608695652173,15.531147540983607,10.336065573770494,9,1,347.2,72.63934426229508,198.7,12.449180327868852,0.0,122.49843457488588,6,34,36.0,4.479166666666667,1,24,36.0,2.1041666666666665,48,9,1
san carlos norte,Santa Fe,CENTRO NORTE,2024-2025,-31.6228596,-61.0707849,669.3266468595411,0.08,4,0,-2.5,12.700000000000001,8.294565217391305,30,9,5,323.2,-5.699999999999999,72.18478260869566,61.699999999999996,13,12.319565217391306,37.2,0.25,20.400000000000002,14.447540983606558,26,12,634.4,57.98360655737705,124.5,14.244262295081969,9999.0,9999.0,0,0,0.0,0.0,0,0,5.0,0.5263157894736842,57,9,1
san carlos norte,Santa Fe,CENTRO NORTE,2025-2026,-31.6228596,-61.0707849,669.3266468595411,-0.14,3,0,-2.6,11.718478260869562,7.340217391304347,19,3,0,218.60000000000002,-4.6000000000000005,77.1195652173913,268.3,18,11.275000000000002,44.6,0.32608695652173914,17.826229508196725,12.145901639344261,14,4,480.8999999999999,67.09836065573771,161.59999999999997,13.108196721311474,0.0,2.1201531480322973,34,90,5.0,0.5263157894736842,1,9,315.0,11.14,50,15,1
san fabián,Santa Fe,CENTRO NORTE,2024-2025,-32.1382161,-60.9844823,720.1600431768583,0.08,0,0,0.0,12.719565217391303,8.832608695652175,37,10,3,312.1,0.0,72.83695652173913,87.60000000000001,13,12.84021739130435,39.2,0.25,20.036065573770493,14.865573770491803,27,12,612.2,61.40983606557377,109.5,14.698360655737703,9999.0,9999.0,0,0,0.0,0.0,0,0,28.0,4.689655172413793,58,31,1
san fabián,Santa Fe,CENTRO NORTE,2025-2026,-32.1382161,-60.9844823,720.1600431768583,-0.14,2,0,-1.3,11.788043478260867,7.835869565217391,21,4,0,216.1,-1.8,77.40217391304348,240.60000000000002,18,11.53804347826087,44.2,0.358695652173913,17.819672131147538,12.949180327868854,16,5,478.6,68.8688524590164,134.4,13.413114754098357,0.0,16.329882175870033,45,89,28.0,4.689655172413793,1,31,51.0,2.36734693877551,49,11,1
san francisco,Córdoba,CENTRO NORTE,2024-2025,-31.4249815,-62.0840299,596.6648088960133,0.08,7,0,-2.8,12.717391304347826,8.034782608695652,29,9,3,321.3,-6.6,67.34782608695652,59.400000000000006,9,12.714130434782607,36.1,0.2717391304347826,20.33934426229508,14.468852459016393,25,10,630.7,55.26229508196721,134.7,14.318032786885245,9999.0,9999.0,0,0,0.0,0.0,0,0,2.0,0.3508771929824561,57,13,0
san francisco,Córdoba,CENTRO NORTE,2025-2026,-31.4249815,-62.0840299,596.6648088960133,-0.14,3,0,-2.8,11.96521739130435,7.566304347826088,21,4,0,231.89999999999998,-4.5,72.83695652173913,189.0,18,11.860869565217392,40.3,0.32608695652173914,18.155737704918028,12.413114754098363,14,5,500.70000000000005,62.65573770491803,117.60000000000001,13.718032786885244,21.224322791366397,21.224322791366397,26,86,2.0,0.3508771929824561,0,13,12.0,0.6379310344827587,58,18,1
san guillermo,Santa Fe,CENTRO NORTE,2024-2025,-32.8999251,-60.710782,804.4483854994403,0.08,3,0,-1.8,11.941304347826087,7.802173913043479,26,9,3,264.90000000000003,-3.2,75.07608695652173,79.4,13,11.731521739130434,38.8,0.25,18.872131147540983,13.618032786885246,27,6,541.1999999999999,66.47540983606558,96.6,12.626229508196722,9999.0,9999.0,0,0,0.0,0.0,0,0,611.0,121.43859649122808,57,27,1
san guillermo,Santa Fe,CENTRO NORTE,2025-2026,-32.8999251,-60.710782,804.4483854994403,-0.14,3,0,-1.1,11.320652173913043,7.444565217391306,18,2,0,186.29999999999998,-1.9000000000000001,79.25,258.3,15,9.690217391304348,35.3,0.31521739130434784,17.249180327868853,12.475409836065571,12,3,445.2000000000001,70.68852459016394,168.1,11.427868852459019,0.0,0.0,34,84,611.0,121.43859649122808,1,27,438.0,70.58,50,32,1
san javier,Santa Fe,NEA,2024-2025,-30.5815988,-59.9280841,664.1011857671122,0.08,0,0,0.9,14.434782608695654,10.571739130434782,48,19,8,444.9,0.0,73.94565217391305,55.999999999999986,13,12.05978260869565,38.2,0.21739130434782608,20.750819672131147,15.590163934426227,35,14,655.8000000000001,66.27868852459017,93.29999999999998,13.285245901639348,9999.0,9999.0,0,0,0.0,0.0,0,0,2152.0,596.9090909090909,33,21,1
san javier,Santa Fe,NEA,2025-2026,-30.5815988,-59.9280841,664.1011857671122,-0.14,0,0,0.4,13.148913043478261,8.879347826086956,31,3,1,319.09999999999997,0.0,76.33695652173913,197.0,15,11.106521739130432,35.2,0.22826086956521738,18.82950819672131,13.804918032786881,20,7,539.1,68.8360655737705,170.8,12.51639344262295,0.0,0.0,11,44,2152.0,596.9090909090909,1,21,983.0,56.224489795918366,49,29,1
san jerónimo norte,Santa Fe,CENTRO NORTE,2024-2025,-31.6198414,-61.092894,667.7801212001091,0.08,4,0,-2.3,12.730434782608697,8.356521739130436,30,10,5,325.0,-5.1,71.92391304347827,65.3,13,12.361956521739133,35.9,0.25,20.4,14.450819672131148,26,10,634.3999999999999,57.885245901639344,131.8,14.242622950819671,9999.0,9999.0,0,0,0.0,0.0,0,0,244.0,32.05,60,27,1
san jerónimo norte,Santa Fe,CENTRO NORTE,2025-2026,-31.6198414,-61.092894,667.7801212001091,-0.14,3,0,-1.9,11.707608695652175,7.372826086956523,20,3,0,217.2,-3.9999999999999996,77.1413043478261,275.8,19,11.256521739130436,44.3,0.31521739130434784,17.767213114754096,12.127868852459015,14,5,477.40000000000003,67.49180327868852,145.7,13.011475409836065,0.0,0.0,34,90,244.0,32.05,1,27,1104.0,69.28,50,47,1
san jerónimo sur,Santa Fe,CENTRO SUR,2024-2025,-32.8758681,-61.0347379,785.8336078032895,0.08,7,0,-3.4,11.81413043478261,7.322826086956524,23,7,3,262.9,-13.100000000000001,70.52173913043478,103.6,10,12.396739130434783,39.6,0.2717391304347826,19.12459016393443,13.285245901639344,21,5,556.6000000000001,59.950819672131146,129.5,13.849180327868849,9999.0,9999.0,0,0,0.0,0.0,0,0,34.0,3.3833333333333333,60,30,1
san jerónimo sur,Santa Fe,CENTRO SUR,2025-2026,-32.8758681,-61.0347379,785.8336078032895,-0.14,3,0,-3.8,10.880434782608694,6.5782608695652165,16,2,0,167.3,-6.7,77.25,262.0,16,11.180434782608694,42.7,0.32608695652173914,16.89016393442623,11.336065573770494,10,3,426.20000000000005,67.78688524590164,180.2,13.308196721311475,0.0,21.241412839454988,35,84,34.0,3.3833333333333333,1,30,7.0,1.3095238095238095,42,18,1
san jorge,Santa Fe,CENTRO NORTE,2024-2025,-31.8962813,-61.8597235,652.5342146892524,0.08,7,0,-3.2,12.389130434782608,7.765217391304348,27,9,3,300.7,-9.6,68.0,77.5,7,12.392391304347823,35.9,0.2717391304347826,19.909836065573767,13.921311475409837,25,9,604.5,56.049180327868854,95.30000000000001,14.055737704918032,9999.0,9999.0,0,0,0.0,0.0,0,0,1.0,0.0769230769230769,52,4,0
san jorge,Santa Fe,CENTRO NORTE,2025-2026,-31.8962813,-61.8597235,652.5342146892524,-0.14,3,0,-2.8,11.583695652173914,7.147826086956522,18,2,0,206.3,-5.1,73.78260869565217,223.99999999999997,18,11.721739130434784,42.2,0.33695652173913043,17.72295081967213,11.883606557377048,13,5,474.99999999999994,63.950819672131146,131.39999999999998,13.773770491803282,22.788954134087582,22.788954134087582,28,98,1.0,0.0769230769230769,0,4,1.0,0.0408163265306122,49,2,0
san justo,Santa Fe,CENTRO NORTE,2024-2025,-32.0001305,-60.9254825,711.034888607286,0.08,0,0,0.9,12.797826086956523,9.169565217391305,39,9,3,308.09999999999997,0.0,76.16304347826087,81.7,13,12.706521739130435,40.0,0.2608695652173913,19.885245901639344,15.03606557377049,30,13,603.0000000000001,65.18032786885246,118.6,14.288524590163936,9999.0,9999.0,0,0,0.0,0.0,0,0,572.0,100.02272727272728,44,30,1
san justo,Santa Fe,CENTRO NORTE,2025-2026,-32.0001305,-60.9254825,711.034888607286,-0.14,0,0,0.6,12.091304347826085,8.604347826086958,29,4,0,231.20000000000002,0.0,79.1413043478261,226.0,18,11.833695652173914,47.0,0.3804347826086957,18.116393442622954,13.675409836065572,20,8,495.7,70.54098360655738,135.0,13.673770491803278,0.0,0.0,36,86,572.0,33.37794612794613,1,34,572.0,84.88636363636364,44,24,1
san justo,Santa Fe,CENTRO SUR,2024-2025,-32.0001305,-60.9254825,711.034888607286,0.08,0,0,0.9,12.797826086956523,9.169565217391305,39,9,3,308.09999999999997,0.0,76.16304347826087,81.7,13,12.706521739130435,40.0,0.2608695652173913,19.885245901639344,15.03606557377049,30,13,603.0000000000001,65.18032786885246,118.6,14.288524590163936,9999.0,9999.0,0,0,0.0,0.0,0,0,0.0,0.0,2,0,0
san justo,Santa Fe,NEA,2024-2025,-32.0001305,-60.9254825,711.034888607286,0.08,0,0,0.9,12.797826086956523,9.169565217391305,39,9,3,308.09999999999997,0.0,76.16304347826087,81.7,13,12.706521739130435,40.0,0.2608695652173913,19.885245901639344,15.03606557377049,30,13,603.0000000000001,65.18032786885246,118.6,14.288524590163936,9999.0,9999.0,0,0,0.0,0.0,0,0,1.0,0.1111111111111111,36,4,0
san luis,San Luís,CENTRO SUR,2024-2025,-33.3020736,-66.3369577,731.2144524118412,0.08,5,0,-1.2,10.919565217391305,5.952173913043477,12,0,0,196.6,-4.1,49.608695652173914,12.1,2,13.860869565217389,43.7,0.45652173913043476,19.54590163934426,13.686885245901639,22,9,582.2999999999998,40.67213114754098,64.5,18.645901639344263,9999.0,9999.0,0,0,0.0,0.0,0,0,0.0,0.0,46,0,0
san luis,San Luís,CENTRO SUR,2025-2026,-33.3020736,-66.3369577,731.2144524118412,-0.14,4,0,-3.6,11.354347826086956,6.770652173913043,10,1,0,199.70000000000002,-8.4,52.40217391304348,94.3,11,11.995652173913042,41.8,0.5,18.277049180327875,12.308196721311475,21,7,512.9,43.114754098360656,46.80000000000001,16.8,99.5558038974666,99.5558038974666,1,15,0.0,0.0,0,0,0.0,0.0,44,0,0
san martin,Buenos Aires,CENTRO SUR,2024-2025,-34.5771577,-58.5377237,1073.4491730942095,0.08,12,0,-3.5,10.77717391304348,6.763043478260869,21,6,2,199.7,-20.799999999999997,77.3913043478261,195.5,17,13.354347826086952,36.2,0.20652173913043478,17.134426229508197,12.02295081967213,13,5,435.2,71.49180327868852,95.19999999999999,13.847540983606558,9999.0,9999.0,0,0,0.0,0.0,0,0,1.0,0.2222222222222222,9,2,0
san martin de las escobas,Santa Fe,CENTRO NORTE,2024-2025,-31.857828,-61.5697407,663.3129094258444,0.08,7,0,-2.8,12.47173913043478,7.9195652173913045,30,9,3,306.50000000000006,-9.0,69.51086956521739,63.0,9,12.348913043478262,37.7,0.2717391304347826,20.15737704918033,14.111475409836064,25,10,619.6000000000001,56.31147540983606,104.39999999999998,14.173770491803275,9999.0,9999.0,0,0,0.0,0.0,0,0,840.0,67.85,60,27,1
san martin de las escobas,Santa Fe,CENTRO NORTE,2025-2026,-31.857828,-61.5697407,663.3129094258444,-0.14,3,0,-2.5,11.558695652173913,7.078260869565218,18,3,0,207.10000000000002,-4.800000000000001,75.40217391304348,246.60000000000002,18,11.246739130434783,46.1,0.32608695652173914,17.718032786885246,11.877049180327871,13,4,474.70000000000005,65.39344262295081,105.69999999999999,13.262295081967217,0.0,0.0,31,92,840.0,67.85,1,27,840.0,23.818181818181817,44,9,1
san martín,San Luís,CENTRO SUR,2024-2025,-32.4106063,-65.6756429,625.5607091205234,0.08,6,0,-1.8,9.834782608695651,5.886956521739131,11,0,0,130.1,-4.800000000000001,55.31521739130435,9.1,2,13.460869565217388,40.3,0.16304347826086957,17.509836065573772,12.155737704918035,11,2,458.1,48.049180327868854,201.6,16.18032786885246,9999.0,9999.0,0,0,0.0,0.0,0,0,161.0,12.395833333333334,48,16,1
san martín,San Luís,CENTRO SUR,2025-2026,-32.4106063,-65.6756429,625.5607091205234,-0.14,6,0,-4.3,9.314130434782609,5.558695652173912,4,0,0,80.9,-9.0,62.119565217391305,85.9,9,12.684782608695652,50.4,0.15217391304347827,15.562295081967214,9.981967213114755,6,0,355.79999999999995,52.32786885245902,86.4,16.09672131147541,0.0,0.0,5,26,161.0,12.395833333333334,1,16,161.0,17.583333333333332,12,3,1
san miguel de arcángel,Buenos Aires,CENTRO SUR,2024-2025,-34.5434585,-58.7110316,1060.7587055697961,0.08,9,0,-3.2,10.67608695652174,6.618478260869564,19,6,2,192.5,-18.9,77.23913043478261,183.2,16,12.583695652173914,34.4,0.22826086956521738,16.960655737704915,11.719672131147538,11,4,424.5999999999999,71.68852459016394,98.1,12.795081967213113,9999.0,9999.0,0,0,0.0,0.0,0,0,1.0,0.0526315789473684,57,3,0
san miguel de arcángel,Buenos Aires,CENTRO SUR,2025-2026,-34.5434585,-58.7110316,1060.7587055697961,-0.14,2,0,-2.0,10.46195652173913,6.352173913043478,13,0,0,132.5,-3.9,77.95652173913044,210.20000000000002,13,8.90108695652174,31.7,0.30434782608695654,15.985245901639345,11.02622950819672,10,2,372.8,71.14754098360656,176.89999999999998,9.814754098360657,77.48662109257381,158.73517379566462,1,13,1.0,0.0526315789473684,0,3,0.0,0.0,50,0,0
san pedro,Buenos Aires,CENTRO SUR,2024-2025,-33.6760716,-59.6629342,931.0148924001822,0.08,6,0,-3.0,11.51521739130435,7.391304347826086,25,7,3,237.4,-9.7,73.72826086956522,129.4,15,12.129347826086954,35.3,0.2391304347826087,18.280327868852456,12.995081967213114,16,5,505.09999999999997,65.45901639344262,99.30000000000001,12.680327868852459,9999.0,9999.0,0,0,0.0,0.0,0,0,36.0,5.725490196078432,51,23,1
san pedro,Buenos Aires,CENTRO SUR,2025-2026,-33.6760716,-59.6629342,931.0148924001822,-0.14,2,0,-3.0,10.870652173913044,6.771739130434781,12,1,0,159.49999999999997,-4.1,77.25,229.6,13,11.352173913043476,32.8,0.32608695652173914,16.611475409836068,11.562295081967214,11,3,408.4,68.75409836065573,149.1,12.954098360655738,0.0,66.97206354532946,9,47,36.0,5.725490196078432,1,23,25.0,1.9130434782608696,46,12,1
san pedro de guasayán,Santiago Del Estero,NEA,2025-2026,-27.9546106,-65.1665606,128.42928940264994,-0.14,0,0,1.0,13.892391304347827,9.167391304347825,39,1,0,372.7,0.0,63.17391304347826,33.5,6,8.116304347826087,36.0,0.43478260869565216,22.080327868852457,16.021311475409835,35,19,736.9,45.59016393442623,62.4,11.608196721311476,0.0,0.0,22,44,644.0,46.264150943396224,1,47,35.0,6.769230769230769,13,13,1
san pedro de guasayán,Santiago Del Estero,NOA,2024-2025,-27.9546106,-65.1665606,128.42928940264994,0.08,1,0,-0.2,14.115217391304347,8.957608695652173,39,4,1,402.1000000000001,-0.2,58.391304347826086,8.3,3,7.857608695652175,32.0,0.33695652173913043,22.563934426229505,16.54590163934426,41,23,766.3999999999999,50.75409836065574,108.40000000000002,9.944262295081966,9999.0,9999.0,0,0,0.0,0.0,0,0,644.0,46.264150943396224,53,47,1
san pedro de guasayán,Santiago Del Estero,NOA,2025-2026,-27.9546106,-65.1665606,128.42928940264994,-0.14,0,0,1.0,13.892391304347827,9.167391304347825,39,1,0,372.7,0.0,63.17391304347826,33.5,6,8.116304347826087,36.0,0.43478260869565216,22.080327868852457,16.021311475409835,35,19,736.9,45.59016393442623,62.4,11.608196721311476,0.0,0.0,22,44,644.0,46.264150943396224,1,47,644.0,60.36585365853659,41,38,1
san vicente,Santa Fe,CENTRO NORTE,2024-2025,-31.6981627,-61.5716039,648.3872361500169,0.08,7,0,-2.7,12.523913043478261,7.979347826086956,30,9,3,310.50000000000006,-8.2,69.17391304347827,58.8,8,12.451086956521738,37.2,0.2717391304347826,20.25409836065574,14.206557377049181,25,10,625.5,55.77049180327869,118.19999999999999,14.30327868852459,9999.0,9999.0,0,0,0.0,0.0,0,0,430.0,59.96666666666667,60,21,1
san vicente,Santa Fe,CENTRO NORTE,2025-2026,-31.6981627,-61.5716039,648.3872361500169,-0.14,3,0,-2.0,11.656521739130437,7.214130434782609,18,3,0,213.3,-4.300000000000001,74.65217391304348,244.1,17,11.377173913043478,45.4,0.33695652173913043,17.727868852459014,11.934426229508194,13,4,475.20000000000005,65.21311475409836,130.5,13.288524590163934,0.0,0.0,32,94,430.0,59.96666666666667,1,21,409.0,31.02,50,24,1
sanchez,,URUGUAY,2024-2025,-34.6538556,-54.1831619,1366.4127041658287,0.08,0,0,1.3,11.715217391304344,8.95,37,5,2,212.8,0.0,81.05434782608695,239.19999999999996,28,17.530434782608697,46.6,0.22826086956521738,15.352459016393444,12.045901639344264,9,0,326.7,83.18032786885246,159.0,16.52950819672131,9999.0,9999.0,0,0,0.0,0.0,0,0,0.0,0.0,3,0,0
sanchez,Uruguay,URUGUAY,2024-2025,-34.6538556,-54.1831619,1366.4127041658287,0.08,0,0,1.3,11.715217391304344,8.95,37,5,2,212.8,0.0,81.05434782608695,239.19999999999996,28,17.530434782608697,46.6,0.22826086956521738,15.352459016393444,12.045901639344264,9,0,326.7,83.18032786885246,159.0,16.52950819672131,9999.0,9999.0,0,0,0.0,0.0,0,0,1.0,0.1052631578947368,19,2,0
santa catalina,Córdoba,CENTRO NORTE,2024-2025,-33.2053017,-64.437917,715.9997950401028,0.08,8,0,-1.4,9.816304347826087,5.14891304347826,6,1,0,118.89999999999999,-7.5,66.46739130434783,23.400000000000002,5,10.36195652173913,27.7,0.5217391304347826,17.96065573770492,12.129508196721309,14,4,485.6000000000001,54.19672131147541,288.90000000000003,12.824590163934426,9999.0,9999.0,0,0,0.0,0.0,0,0,632.0,44.96491228070175,57,21,1
santa catalina,Córdoba,CENTRO NORTE,2025-2026,-33.2053017,-64.437917,715.9997950401028,-0.14,7,0,-3.0,10.071739130434782,5.20108695652174,6,0,0,109.19999999999999,-8.6,66.51086956521739,119.0,12,12.346739130434784,33.8,0.532608695652174,16.742622950819673,10.624590163934426,8,1,419.00000000000006,57.01639344262295,95.7,15.904918032786885,0.0,0.0,15,41,632.0,44.96491228070175,1,21,632.0,40.5,48,19,1
santa clara,Jujuy,NOA,2024-2025,-24.3100735,-64.6619555,282.0779339747111,0.08,0,0,1.0,15.101086956521744,9.871739130434783,49,6,0,489.99999999999994,0.0,60.17391304347826,14.1,2,5.6521739130434785,17.6,0.09782608695652174,23.54918032786885,17.35737704918033,44,28,826.4999999999999,48.622950819672134,27.400000000000002,6.872131147540983,9999.0,9999.0,0,0,0.0,0.0,0,0,68.0,10.15686274509804,51,36,1
santa clara,Jujuy,NOA,2025-2026,-24.3100735,-64.6619555,282.0779339747111,-0.14,0,0,1.2,14.466304347826087,9.880434782608695,47,4,0,428.5,0.0,67.21739130434783,36.900000000000006,7,4.817391304347827,26.4,0.1956521739130435,22.263934426229508,16.365573770491803,40,22,748.0999999999999,48.01639344262295,26.2,7.144262295081967,0.0,43.969996336389336,17,32,68.0,10.15686274509804,1,36,43.0,6.72,50,34,1
santa clara de saguier,Santa Fe,CENTRO NORTE,2024-2025,-31.3348439,-61.8266395,601.3683239880179,0.08,5,0,-2.2,12.753260869565217,8.165217391304346,31,10,3,326.3,-5.5,68.54347826086956,40.800000000000004,8,12.786956521739132,35.5,0.25,20.445901639344267,14.522950819672133,24,10,637.2,55.721311475409834,153.4,14.534426229508195,9999.0,9999.0,0,0,0.0,0.0,0,0,15.0,1.6181818181818182,55,12,1
santa clara de saguier,Santa Fe,CENTRO NORTE,2025-2026,-31.3348439,-61.8266395,601.3683239880179,-0.14,3,0,-2.9,11.855434782608697,7.446739130434781,21,4,0,227.10000000000002,-4.9,74.31521739130434,228.5,18,11.752173913043476,42.0,0.33695652173913043,18.04098360655738,12.28360655737705,14,5,494.0999999999999,63.83606557377049,150.0,13.783606557377048,0.0,16.08177373059599,27,86,15.0,1.6181818181818182,1,12,8.0,0.7727272727272727,44,12,1
santa elena,Entre Ríos,LITORAL,2024-2025,-30.9478684,-59.7844127,700.3687217430856,0.08,1,0,-0.1,14.106521739130434,10.316304347826089,46,16,9,420.4,-0.1,74.70652173913044,64.1,13,13.003260869565217,39.4,0.20652173913043478,20.60327868852459,15.45081967213115,35,14,646.8,65.90163934426229,78.6,14.42622950819672,9999.0,9999.0,0,0,0.0,0.0,0,0,1.0,0.1836734693877551,49,9,0
santa elena,Entre Ríos,LITORAL,2025-2026,-30.9478684,-59.7844127,700.3687217430856,-0.14,2,0,-0.4,12.725,8.793478260869566,32,3,1,284.09999999999997,-0.6000000000000001,78.43478260869566,182.1,12,12.030434782608697,41.3,0.25,18.444262295081966,13.62950819672131,22,6,516.6,70.54098360655738,229.6,13.555737704918032,26.503010560533575,26.503010560533575,9,48,1.0,0.1836734693877551,0,9,313.0,25.05263157894737,38,14,1
santa rosa,La Pampa,CENTRO SUR,2024-2025,-36.6203503,-64.2905765,1095.3387870335619,0.08,17,0,-3.4,8.414130434782608,3.8989130434782613,4,0,0,65.49999999999999,-23.4,68.32608695652173,61.099999999999994,11,10.621739130434783,27.4,0.3695652173913043,16.400000000000002,10.657377049180326,8,4,390.40000000000003,53.21311475409836,69.60000000000001,11.875409836065574,9999.0,9999.0,0,0,0.0,0.0,0,0,0.0,0.0,55,0,0
santa rosa,La Pampa,CENTRO SUR,2025-2026,-36.6203503,-64.2905765,1095.3387870335619,-0.14,5,0,-3.3,9.346739130434784,4.948913043478261,4,0,0,80.1,-8.799999999999999,68.15217391304348,48.2,5,12.678260869565218,42.4,0.3804347826086957,15.663934426229508,10.042622950819673,5,0,354.0,57.91803278688525,164.79999999999998,15.4,27.290784443796934,333.49783654140145,1,4,0.0,0.0,0,0,0.0,0.0,41,0,0
santo domingo,Salta,NOA,2024-2025,-24.7678118,-63.7013762,271.2423595429744,0.08,0,0,2.7,16.628260869565214,11.58586956521739,59,21,6,614.3000000000002,0.0,59.92391304347826,9.5,2,10.155434782608696,29.1,0.33695652173913043,24.645901639344256,18.57704918032787,48,33,893.4,50.77049180327869,67.3,10.67049180327869,9999.0,9999.0,0,0,0.0,0.0,0,0,2320.0,189.23809523809524,42,21,1
santo domingo,Salta,NOA,2025-2026,-24.7678118,-63.7013762,271.2423595429744,-0.14,0,0,1.5,15.819565217391306,10.89891304347826,52,13,3,542.8000000000001,0.0,66.65217391304348,60.7,5,12.408695652173915,50.5,0.4891304347826087,23.537704918032787,17.288524590163938,43,27,825.8,48.704918032786885,43.1,14.257377049180327,0.0,0.0,12,38,2320.0,189.23809523809524,1,21,2320.0,251.27083333333331,48,33,1
saravia,Salta,NOA,2024-2025,-24.5444364,-64.3121457,266.1199978906258,0.08,0,0,1.7,14.480434782608693,9.466304347826085,45,6,0,434.20000000000005,0.0,63.19565217391305,30.9,6,8.075000000000001,25.1,0.358695652173913,22.350819672131145,16.421311475409837,39,22,753.3999999999999,54.01639344262295,120.8,9.693442622950819,9999.0,9999.0,0,0,0.0,0.0,0,0,1540.0,163.98,50,24,1
saravia,Salta,NOA,2025-2026,-24.5444364,-64.3121457,266.1199978906258,-0.14,0,0,0.9,14.39021739130435,9.65,42,5,0,419.7,0.0,65.81521739130434,64.0,11,8.069565217391306,26.5,0.2826086956521739,21.480327868852456,15.406557377049179,34,17,700.3,49.721311475409834,97.09999999999998,10.306557377049181,0.0,0.0,18,37,1540.0,163.98,1,24,1540.0,165.04255319148936,47,26,1
sastre,Santa Fe,CENTRO NORTE,2024-2025,-31.7675113,-61.8288888,641.7639609106576,0.08,7,0,-3.0,12.467391304347826,7.976086956521739,29,9,3,304.90000000000003,-7.3999999999999995,68.22826086956522,65.6,9,12.682608695652174,35.9,0.29347826086956524,20.04262295081967,14.10327868852459,26,9,612.6,55.98360655737705,98.30000000000001,14.424590163934425,9999.0,9999.0,0,0,0.0,0.0,0,0,2.0,0.4150943396226415,53,15,0
sastre,Santa Fe,CENTRO NORTE,2025-2026,-31.7675113,-61.8288888,641.7639609106576,-0.14,3,0,-2.7,11.677173913043475,7.327173913043478,20,4,0,213.0,-5.0,73.70652173913044,247.5,16,12.045652173913046,43.6,0.3695652173913043,17.82131147540984,12.0672131147541,15,4,480.9,63.83606557377049,147.40000000000003,14.00983606557377,12.56541226345474,12.56541226345474,28,98,2.0,0.4150943396226415,0,15,4.0,0.8780487804878049,41,22,0
sauce,Corrientes,LITORAL,2024-2025,-30.0832901,-58.7884026,725.244608199344,0.08,1,0,-0.2,14.882608695652175,10.77608695652174,50,24,10,489.20000000000005,-0.2,74.3913043478261,108.4,11,14.194565217391306,37.0,0.22826086956521738,20.199999999999996,15.01639344262295,31,16,622.1999999999999,71.57377049180327,177.1,14.508196721311478,9999.0,9999.0,0,0,0.0,0.0,0,0,24.0,4.857142857142857,42,28,1
sauce,Corrientes,LITORAL,2025-2026,-30.0832901,-58.7884026,725.244608199344,-0.14,2,0,-1.2,12.907608695652174,8.660869565217391,33,4,1,306.9,-1.5,79.83695652173913,239.70000000000002,21,13.319565217391302,39.2,0.17391304347826086,18.544262295081964,13.452459016393442,21,9,523.7,71.52459016393442,271.3,15.00655737704918,0.0,101.89569999786107,2,19,24.0,4.857142857142857,1,28,27.0,8.409090909090908,44,25,1
sauce pinto,Entre Ríos,LITORAL,2024-2025,-31.8423583,-60.373615,730.0728193735481,0.08,5,0,-1.9,12.666304347826085,8.516304347826088,35,10,4,325.80000000000007,-6.4,74.1195652173913,114.19999999999999,13,12.79782608695652,38.0,0.22826086956521738,19.51639344262296,13.942622950819672,25,8,580.5,63.557377049180324,163.9,14.288524590163934,9999.0,9999.0,0,0,0.0,0.0,0,0,357.0,10.4,35,8,1
sebastián el cano,Córdoba,CENTRO NORTE,2024-2025,-30.1603346,-63.5927172,405.31533042310093,0.08,7,0,-2.3,13.273913043478261,7.802173913043478,28,6,2,352.3,-9.3,58.22826086956522,23.299999999999997,6,12.007608695652175,36.8,0.33695652173913043,21.008196721311478,14.595081967213115,27,13,671.5000000000001,51.377049180327866,144.29999999999998,13.552459016393442,9999.0,9999.0,0,0,0.0,0.0,0,0,291.0,51.98,50,41,1
sebastián el cano,Córdoba,CENTRO NORTE,2025-2026,-30.1603346,-63.5927172,405.31533042310093,-0.14,3,0,-0.9,12.36413043478261,7.522826086956522,23,1,0,254.39999999999998,-1.7,66.54347826086956,140.1,15,10.301086956521738,40.5,0.34782608695652173,19.5327868852459,12.829508196721312,20,7,582.2,53.885245901639344,58.2,12.29344262295082,0.0,0.0,12,42,291.0,51.98,1,41,251.0,19.416666666666668,36,20,1
sebastián elcano,Córdoba,CENTRO NORTE,2024-2025,-30.1603346,-63.5927172,405.31533042310093,0.08,7,0,-2.3,13.273913043478261,7.802173913043478,28,6,2,352.3,-9.3,58.22826086956522,23.299999999999997,6,12.007608695652175,36.8,0.33695652173913043,21.008196721311478,14.595081967213115,27,13,671.5000000000001,51.377049180327866,144.29999999999998,13.552459016393442,9999.0,9999.0,0,0,0.0,0.0,0,0,144.0,144.0,1,1,1
sebastián elcano,Córdoba,CENTRO NORTE,2025-2026,-30.1603346,-63.5927172,405.31533042310093,-0.14,3,0,-0.9,12.36413043478261,7.522826086956522,23,1,0,254.39999999999998,-1.7,66.54347826086956,140.1,15,10.301086956521738,40.5,0.34782608695652173,19.5327868852459,12.829508196721312,20,7,582.2,53.885245901639344,58.2,12.29344262295082,0.0,0.0,12,42,144.0,144.0,1,1,1387.0,710.1111111111111,9,9,1
sinsacate,Córdoba,CENTRO NORTE,2024-2025,-30.942822,-64.0939374,473.07322999013223,0.08,9,0,-3.5,10.94782608695652,5.840217391304347,15,2,1,197.3,-15.5,61.5,22.2,7,10.903260869565216,29.2,0.4782608695652174,18.77213114754099,12.773770491803282,18,2,535.1,52.90163934426229,229.90000000000003,12.178688524590166,9999.0,9999.0,0,0,0.0,0.0,0,0,143.0,17.70909090909091,55,31,1
sinsacate,Córdoba,CENTRO NORTE,2025-2026,-30.942822,-64.0939374,473.07322999013223,-0.14,5,0,-2.8,10.929347826086955,5.9576086956521745,8,0,0,157.4,-7.5,64.56521739130434,129.9,12,11.366304347826087,37.6,0.4891304347826087,17.24098360655738,11.118032786885246,10,2,449.90000000000003,55.85245901639344,39.2,12.60655737704918,0.0,0.0,22,43,143.0,17.70909090909091,1,31,22.0,5.022222222222222,45,35,1
soledad,Santa Fe,NEA,2024-2025,-30.0,-60.3,596.8057245711514,0.08,1,0,-0.3,14.500000000000002,10.268478260869566,48,18,9,457.69999999999993,-0.3,72.3913043478261,48.4,9,13.463043478260868,39.7,0.18478260869565216,20.82131147540984,15.298360655737708,32,14,660.1000000000001,65.77049180327869,89.10000000000001,14.811475409836067,9999.0,9999.0,0,0,0.0,0.0,0,0,11.0,2.0961538461538463,52,21,1
soledad,Santa Fe,NEA,2025-2026,-30.0,-60.3,596.8057245711514,-0.14,2,0,-1.5,13.307608695652174,8.57173913043478,30,4,1,337.59999999999997,-2.2,74.28260869565217,163.49999999999997,19,11.706521739130435,32.6,0.18478260869565216,19.131147540983605,13.537704918032786,22,8,557.8,66.21311475409836,241.29999999999998,13.144262295081969,0.0,26.824422570064034,9,38,11.0,2.0961538461538463,1,21,799.0,25.897959183673468,49,12,1
susana,Santa Fe,CENTRO NORTE,2024-2025,-32.3765536,-61.0836514,736.660703643114,0.08,6,0,-2.8,12.299999999999999,7.928260869565217,31,8,3,293.3,-7.5,71.25,85.9,13,11.906521739130433,36.5,0.2608695652173913,19.78524590163934,14.045901639344262,24,8,596.9000000000001,59.049180327868854,109.3,13.657377049180326,9999.0,9999.0,0,0,0.0,0.0,0,0,45.0,1.5333333333333334,45,3,1
susana,Santa Fe,CENTRO NORTE,2025-2026,-32.3765536,-61.0836514,736.660703643114,-0.14,3,0,-3.5,11.294565217391304,6.920652173913043,17,3,0,190.90000000000003,-5.6,77.59782608695652,291.3,18,10.98913043478261,42.3,0.34782608695652173,17.378688524590167,11.854098360655739,13,3,454.09999999999997,67.75409836065573,150.20000000000002,12.898360655737706,0.0,31.769128293157447,42,94,45.0,1.5333333333333334,1,3,45.0,6.321428571428571,28,15,1
sylvina,Chaco,NEA,2024-2025,-27.8315753,-61.1360183,417.54122762269833,0.08,0,0,0.3,16.485869565217392,11.801086956521742,56,29,12,619.4000000000001,0.0,65.16304347826087,23.299999999999997,5,11.783695652173913,38.1,0.18478260869565216,23.01639344262295,17.39016393442623,39,26,794.0,60.98360655737705,133.5,13.145901639344261,9999.0,9999.0,0,0,0.0,0.0,0,0,147.0,22.4375,32,18,1
sylvina,Chaco,NEA,2025-2026,-27.8315753,-61.1360183,417.54122762269833,-0.14,0,0,0.4,15.169565217391304,10.180434782608698,48,12,3,493.90000000000003,0.0,70.54347826086956,166.7,19,11.595652173913043,32.8,0.14130434782608695,20.850819672131145,15.173770491803278,32,16,661.9,63.39344262295082,203.39999999999998,13.501639344262296,0.0,0.0,9,37,147.0,22.4375,1,18,246.0,29.6,45,27,1
tacanas,Tucumán,NOA,2024-2025,-27.1383027,-64.8100112,53.9333626550823,0.08,0,0,0.7,13.830434782608696,8.684782608695654,39,3,0,381.2,0.0,62.67391304347826,19.8,5,9.054347826086955,25.9,0.20652173913043478,22.373770491803278,16.555737704918034,43,22,754.8,52.885245901639344,166.6,11.095081967213112,9999.0,9999.0,0,0,0.0,0.0,0,0,310.0,42.65384615384615,52,28,1
tacanas,Tucumán,NOA,2025-2026,-27.1383027,-64.8100112,53.9333626550823,-0.14,0,0,1.5,13.67608695652174,8.905434782608694,34,1,0,353.19999999999993,0.0,67.26086956521739,35.099999999999994,5,9.291304347826088,36.4,0.2826086956521739,21.58196721311475,15.80983606557377,36,22,706.5,48.721311475409834,87.2,13.065573770491802,0.0,0.0,36,54,310.0,42.65384615384615,1,28,265.0,23.229166666666668,48,37,1
tacañitas,Santiago Del Estero,NEA,2024-2025,-28.6233155,-62.6050617,326.1072657140587,0.08,0,0,0.4,15.486956521739133,10.68804347826087,51,17,9,528.1,0.0,60.73913043478261,13.7,5,14.905434782608696,41.9,0.1956521739130435,23.339344262295075,17.340983606557376,44,28,813.7,52.16393442622951,186.20000000000005,17.237704918032787,9999.0,9999.0,0,0,0.0,0.0,0,0,320.0,17.711111111111112,45,10,1
tacañitas,Santiago Del Estero,NEA,2025-2026,-28.6233155,-62.6050617,326.1072657140587,-0.14,0,0,0.3,14.713043478260866,9.806521739130433,46,9,3,449.40000000000003,0.0,65.45652173913044,157.0,13,13.38804347826087,40.2,0.21739130434782608,21.62622950819672,15.495081967213117,34,19,709.2,53.32786885245902,40.6,15.962295081967214,0.0,0.0,9,32,320.0,17.711111111111112,1,10,380.0,59.69047619047619,42,27,1
taco ralo,Tucumán,NOA,2024-2025,-27.5,-65.27,78.14397733002254,0.08,1,0,-0.9,13.518478260869566,8.09891304347826,34,2,0,358.0,-0.9,63.05434782608695,14.0,4,6.680434782608694,24.7,0.010869565217391304,21.459016393442624,15.299999999999999,30,16,698.9999999999999,59.36065573770492,237.29999999999998,7.629508196721311,9999.0,9999.0,0,0,0.0,0.0,0,0,2005.0,81.01351351351352,74,65,1
taco ralo,Tucumán,NOA,2025-2026,-27.5,-65.27,78.14397733002254,-0.14,0,0,0.3,13.041304347826086,8.134782608695653,27,1,0,300.70000000000005,0.0,72.53260869565217,45.5,9,6.023913043478261,32.4,0.05434782608695652,20.660655737704914,14.390163934426232,28,10,650.3000000000001,57.34426229508197,76.89999999999999,7.491803278688525,0.0,0.0,30,48,2005.0,81.01351351351352,1,65,2005.0,108.04,50,50,1
tala norte,Córdoba,CENTRO NORTE,2024-2025,-31.1166205,-63.6001301,504.572152802156,0.08,6,0,-3.5,11.803260869565216,6.70978260869565,17,3,1,242.1,-8.100000000000001,64.92391304347827,47.800000000000004,7,10.072826086956521,28.2,0.391304347826087,19.737704918032787,13.568852459016394,24,8,594.0,54.868852459016395,202.79999999999995,11.28688524590164,9999.0,9999.0,0,0,0.0,0.0,0,0,39.0,4.208333333333333,48,21,1
tala norte,Córdoba,CENTRO NORTE,2025-2026,-31.1166205,-63.6001301,504.572152802156,-0.14,4,0,-1.4,11.666304347826086,6.975,16,1,0,201.8,-3.6,67.78260869565217,186.1,14,11.047826086956523,37.3,0.40217391304347827,18.559016393442622,12.291803278688526,16,6,524.6,56.63934426229508,69.19999999999999,13.001639344262294,0.0,14.942666714291315,25,57,39.0,4.208333333333333,1,21,102.0,13.704545454545457,44,27,1
tancacha,Córdoba,CENTRO NORTE,2024-2025,-32.2374827,-63.9798348,616.0231681943038,0.08,14,0,-3.8,10.407608695652174,5.0978260869565215,10,2,1,155.9,-25.4,65.53260869565217,31.000000000000004,7,10.420652173913044,29.5,0.5217391304347826,18.581967213114755,12.219672131147544,18,3,523.5000000000001,53.868852459016395,185.1,11.801639344262297,9999.0,9999.0,0,0,0.0,0.0,0,0,35.0,3.313725490196078,51,15,1
tancacha,Córdoba,CENTRO NORTE,2025-2026,-32.2374827,-63.9798348,616.0231681943038,-0.14,3,0,-2.5,10.60108695652174,5.741304347826087,10,0,0,134.3,-5.6,67.54347826086956,163.9,15,11.327173913043477,42.5,0.5,17.28032786885246,11.029508196721311,11,2,449.2,57.721311475409834,91.8,13.95081967213115,0.0,31.05835795161546,20,64,35.0,3.313725490196078,1,15,35.0,3.021276595744681,47,18,1
tandil,Buenos Aires,CENTRO SUR,2024-2025,-37.3282887,-59.1356957,1301.9182436029691,0.08,17,0,-4.0,7.7239130434782615,3.953260869565218,9,1,0,60.99999999999999,-25.8,75.93478260869566,96.60000000000001,18,14.828260869565215,45.7,0.20652173913043478,13.968852459016393,8.434426229508198,5,1,249.8,67.78688524590164,121.5,13.555737704918034,9999.0,9999.0,0,0,0.0,0.0,0,0,1.0,0.0714285714285714,42,3,0
tandil,Buenos Aires,CENTRO SUR,2025-2026,-37.3282887,-59.1356957,1301.9182436029691,-0.14,7,0,-3.0,7.918478260869565,4.129347826086955,2,0,0,35.5,-12.1,77.30434782608695,160.7,18,13.446739130434787,43.7,0.30434782608695654,12.724590163934424,7.670491803278689,0,0,197.60000000000002,73.63934426229508,194.1,14.075409836065573,218.89286879588056,453.88435404930965,0,0,1.0,0.0714285714285714,0,3,0.0,0.0,5,0,0
teodelina,Santa Fe,CENTRO SUR,2024-2025,-34.1895388,-61.5265613,893.6865414072071,0.08,13,0,-3.8,10.470652173913043,5.883695652173915,15,4,2,184.9,-26.5,70.97826086956522,69.5,14,12.307608695652174,33.2,0.33695652173913043,18.16393442622951,12.088524590163933,11,6,498.20000000000005,58.67213114754098,109.8,13.852459016393444,9999.0,9999.0,0,0,0.0,0.0,0,0,4.0,0.048780487804878,82,1,0
teodelina,Santa Fe,CENTRO SUR,2025-2026,-34.1895388,-61.5265613,893.6865414072071,-0.14,5,0,-2.8,10.179347826086957,5.928260869565217,11,0,0,124.7,-5.8999999999999995,75.44565217391305,204.39999999999998,16,11.705434782608696,36.8,0.43478260869565216,15.90983606557377,10.644262295081969,9,3,368.8,68.91803278688525,247.39999999999998,13.714754098360656,36.82790226288885,63.80143150524647,9,48,4.0,0.048780487804878,0,1,4.0,0.4313725490196078,51,8,0
termas de río hondo,Santiago Del Estero,NOA,2024-2025,-27.4959255,-64.8640783,84.21939416283526,0.08,0,0,1.8,14.804347826086957,9.761956521739132,44,7,0,458.3,0.0,59.858695652173914,11.5,3,8.340217391304348,27.7,0.2391304347826087,23.57213114754099,17.649180327868848,48,26,827.8999999999999,50.22950819672131,130.10000000000002,10.763934426229513,9999.0,9999.0,0,0,0.0,0.0,0,0,371.0,70.5,36,18,1
termas de río hondo,Santiago Del Estero,NOA,2025-2026,-27.4959255,-64.8640783,84.21939416283526,-0.14,0,0,1.2,14.091304347826087,9.392391304347827,47,1,0,387.29999999999995,0.0,68.66304347826087,33.8,7,7.853260869565218,32.0,0.2391304347826087,22.37704918032787,16.42950819672131,37,24,755.0,48.557377049180324,83.69999999999999,12.344262295081965,0.0,0.0,34,50,371.0,70.5,1,18,603.0,26.63636363636364,44,21,1
timbo viejo,Tucumán,NOA,2024-2025,-26.6640852,-65.1309335,16.596686768627233,0.08,4,0,-1.8,11.736956521739133,6.652173913043477,16,0,0,228.9,-3.9,72.8913043478261,31.6,8,6.654347826086956,19.3,0.4891304347826087,19.816393442622953,13.940983606557378,26,7,598.8000000000001,63.91803278688525,217.2,7.475409836065575,9999.0,9999.0,0,0,0.0,0.0,0,0,2628.0,419.81666666666666,60,48,1
timbo viejo,Tucumán,NOA,2025-2026,-26.6640852,-65.1309335,16.596686768627233,-0.14,1,0,-0.5,12.00978260869565,7.382608695652174,13,0,0,218.79999999999995,-0.5,73.80434782608695,48.20000000000001,10,6.51086956521739,25.9,0.532608695652174,19.15901639344262,13.155737704918035,20,6,558.6999999999999,58.9344262295082,83.39999999999999,7.66065573770492,0.0,0.0,34,56,2628.0,419.81666666666666,1,48,2120.0,156.16,50,47,1
timbúes,Santa Fe,CENTRO SUR,2024-2025,-32.6674546,-60.7957434,778.5702457740738,0.08,3,0,-1.9,12.298913043478263,8.131521739130434,29,9,3,288.3999999999999,-3.0,71.43478260869566,73.7,12,11.792391304347827,34.6,0.2391304347826087,19.444262295081966,14.132786885245903,28,6,576.0999999999999,61.60655737704918,70.1,12.9327868852459,9999.0,9999.0,0,0,0.0,0.0,0,0,27.0,2.2666666666666666,60,27,1
timbúes,Santa Fe,CENTRO SUR,2025-2026,-32.6674546,-60.7957434,778.5702457740738,-0.14,3,0,-2.4,11.242391304347825,7.230434782608696,16,3,0,186.7,-4.3,77.75,244.0,16,10.666304347826088,39.3,0.33695652173913043,17.249180327868856,12.070491803278689,13,3,445.7,68.75409836065573,140.7,12.491803278688524,0.0,27.04222960952162,39,87,27.0,2.2666666666666666,1,27,114.0,5.340425531914893,47,27,1
tolloche,Salta,NOA,2024-2025,-25.5264141,-63.5225949,219.26789329493792,0.08,0,0,1.5,16.62608695652174,11.608695652173916,59,19,7,617.6999999999999,0.0,59.25,8.8,4,10.898913043478261,31.7,0.30434782608695654,24.77377049180328,18.837704918032788,50,34,901.1999999999999,49.73770491803279,111.2,11.840983606557376,9999.0,9999.0,0,0,0.0,0.0,0,0,1202.0,134.4,50,35,1
tolloche,Salta,NOA,2025-2026,-25.5264141,-63.5225949,219.26789329493792,-0.14,0,0,1.2,15.733695652173912,10.596739130434784,50,14,5,535.3,0.0,65.29347826086956,39.9,8,11.518478260869566,34.7,0.43478260869565216,23.17704918032787,16.90655737704918,41,26,803.8000000000001,49.950819672131146,34.49999999999999,13.098360655737704,0.0,0.0,7,44,1202.0,134.4,1,35,244.0,24.88636363636364,44,27,1
tomás young,Santiago Del Estero,NEA,2024-2025,-28.6,-62.183333,358.1181064226197,0.08,0,0,0.0,15.59891304347826,10.819565217391304,51,19,9,540.5000000000001,0.0,61.84782608695652,11.500000000000002,3,13.62391304347826,38.9,0.21739130434782608,23.21639344262295,17.172131147540984,43,25,806.2000000000002,53.885245901639344,219.9,15.850819672131149,9999.0,9999.0,0,0,0.0,0.0,0,0,1172.0,138.625,48,35,1
tomás young,Santiago Del Estero,NEA,2025-2026,-28.6,-62.183333,358.1181064226197,-0.14,0,0,0.4,14.704347826086956,9.681521739130437,45,9,3,449.80000000000007,0.0,66.41304347826087,120.20000000000002,13,12.556521739130437,36.1,0.22826086956521738,21.368852459016395,15.218032786885246,30,20,693.5,55.34426229508197,73.5,15.086885245901641,0.0,0.0,10,30,1172.0,138.625,1,35,1172.0,37.74468085106383,47,22,1
tosquita,Córdoba,CENTRO SUR,2024-2025,-33.8197314,-64.457836,783.7949244735662,0.08,9,0,-2.2,9.94891304347826,5.158695652173913,5,0,0,125.10000000000001,-11.3,66.47826086956522,26.2,7,10.148913043478261,27.5,0.40217391304347827,18.43606557377049,12.32459016393443,19,5,514.5999999999999,52.67213114754098,122.69999999999999,12.521311475409837,9999.0,9999.0,0,0,0.0,0.0,0,0,17.0,1.0566037735849056,53,6,1
tosquita,Córdoba,CENTRO SUR,2025-2026,-33.8197314,-64.457836,783.7949244735662,-0.14,8,0,-3.2,9.997826086956522,5.163043478260869,7,0,0,110.39999999999999,-10.1,68.71739130434783,122.20000000000002,14,11.981521739130434,32.7,0.42391304347826086,17.003278688524592,10.860655737704915,10,2,433.1,57.98360655737705,91.10000000000001,15.6672131147541,0.0,56.26490037327195,13,31,17.0,1.0566037735849056,1,6,17.0,2.0,29,12,1
trancas,Tucumán,NOA,2024-2025,-26.230956,-65.2835347,63.81835731294636,0.08,6,0,-2.8,12.040217391304349,6.251086956521741,14,1,0,262.8,-7.5,64.92391304347827,17.0,3,10.095652173913043,38.9,0.21739130434782608,21.02950819672131,14.713114754098363,30,11,672.8000000000001,52.52459016393443,72.8,12.159016393442622,9999.0,9999.0,0,0,0.0,0.0,0,0,439.0,66.26666666666667,60,36,1
trancas,Tucumán,NOA,2025-2026,-26.230956,-65.2835347,63.81835731294636,-0.14,3,0,-0.8,11.602173913043476,5.88695652173913,5,0,0,197.10000000000002,-1.7999999999999998,71.59782608695652,38.2,6,8.96304347826087,38.2,0.31521739130434784,19.203278688524588,12.606557377049182,18,3,562.3000000000001,53.21311475409836,29.6,11.498360655737702,0.0,0.0,24,59,439.0,66.26666666666667,1,36,439.0,26.72093023255814,43,28,1
treinta de agosto,Buenos Aires,CENTRO SUR,2024-2025,-36.2787547,-62.5451145,1083.460216236499,0.08,14,0,-3.8,8.847826086956523,4.264130434782608,7,2,0,92.7,-31.5,69.90217391304348,58.5,12,12.384782608695655,32.0,0.34782608695652173,16.677049180327867,10.7,11,4,407.8999999999999,57.34426229508197,132.8,13.52622950819672,9999.0,9999.0,0,0,0.0,0.0,0,0,3.0,0.0526315789473684,57,1,0
treinta de agosto,Buenos Aires,CENTRO SUR,2025-2026,-36.2787547,-62.5451145,1083.460216236499,-0.14,6,0,-4.3,9.019565217391305,4.5804347826086955,4,0,0,74.50000000000001,-10.0,72.20652173913044,104.9,12,12.18913043478261,36.1,0.42391304347826086,15.149180327868855,9.721311475409838,6,0,325.20000000000005,64.9672131147541,190.6,14.818032786885245,95.99012838346941,286.329259487306,2,6,3.0,0.0526315789473684,0,1,3.0,0.5454545454545454,11,2,0
trenque lauquen,Buenos Aires,CENTRO SUR,2024-2025,-35.9731074,-62.7328794,1046.4225395578178,0.08,13,0,-3.1,9.286956521739132,4.651086956521739,10,1,0,112.8,-25.0,69.07608695652173,60.300000000000004,16,11.543478260869563,29.0,0.34782608695652173,17.275409836065574,11.413114754098359,11,5,444.2,55.868852459016395,91.39999999999999,13.13606557377049,9999.0,9999.0,0,0,0.0,0.0,0,0,3.0,0.3,60,9,0
trenque lauquen,Buenos Aires,CENTRO SUR,2025-2026,-35.9731074,-62.7328794,1046.4225395578178,-0.14,6,0,-3.6,9.345652173913043,4.989130434782609,6,0,0,85.1,-9.2,73.34782608695652,122.89999999999999,9,11.621739130434783,39.6,0.42391304347826086,15.447540983606558,10.085245901639345,7,0,343.0,66.49180327868852,151.70000000000002,14.078688524590163,58.10868703716878,257.1311392707166,3,7,3.0,0.3,0,9,1.0,0.0681818181818181,44,3,0
tres arroyos,Buenos Aires,CENTRO SUR,2024-2025,-38.3770014,-60.2755685,1366.8769843979935,0.08,9,0,-2.2,8.421739130434782,4.680434782608694,7,0,0,73.9,-10.3,72.09782608695652,132.4,16,15.619565217391301,40.9,0.40217391304347827,14.642622950819671,9.068852459016393,4,3,289.7,63.24590163934426,61.699999999999996,15.065573770491806,9999.0,9999.0,0,0,0.0,0.0,0,0,0.0,0.0,56,0,0
tres arroyos,Buenos Aires,CENTRO SUR,2025-2026,-38.3770014,-60.2755685,1366.8769843979935,-0.14,7,0,-3.6,8.761956521739132,4.977173913043478,6,0,0,63.300000000000004,-9.0,72.66304347826087,137.4,15,15.279347826086955,41.8,0.45652173913043476,13.265573770491802,8.454098360655738,2,0,221.8,71.26229508196721,187.39999999999998,15.890163934426228,205.29093644426334,536.7445923662739,0,0,0.0,0.0,0,0,0.0,0.0,47,0,0
tres isletas,Chaco,NEA,2024-2025,-26.3403492,-60.4313372,476.9665544696219,0.08,0,0,1.0,17.606521739130436,12.968478260869563,59,38,21,711.2,0.0,67.26086956521739,108.89999999999999,10,11.140217391304349,34.8,0.2391304347826087,23.56065573770492,17.860655737704917,44,29,827.2,64.09836065573771,140.7,12.0,9999.0,9999.0,0,0,0.0,0.0,0,0,475.0,19.95555555555556,90,74,1
tres isletas,Chaco,NEA,2025-2026,-26.3403492,-60.4313372,476.9665544696219,-0.14,0,0,1.1,16.202173913043474,11.306521739130437,56,19,4,584.6,0.0,71.65217391304348,171.2,18,10.729347826086956,33.0,0.11956521739130435,21.30327868852459,16.036065573770493,36,22,689.5,67.11475409836065,184.40000000000003,12.491803278688524,0.0,0.0,10,24,475.0,19.95555555555556,1,74,180.0,22.68235294117647,85,84,1
urdinarrain,Entre Ríos,LITORAL,2024-2025,-32.6910946,-58.8885673,894.2281400784387,0.08,5,0,-2.4,12.252173913043476,8.190217391304348,35,10,5,299.6,-6.699999999999999,75.76086956521739,187.99999999999997,14,13.370652173913042,37.6,0.22826086956521738,18.455737704918032,13.163934426229508,18,6,515.8,68.24590163934427,93.4,14.370491803278691,9999.0,9999.0,0,0,0.0,0.0,0,0,83.0,24.285714285714285,21,12,1
urdinarrain,Entre Ríos,LITORAL,2025-2026,-32.6910946,-58.8885673,894.2281400784387,-0.14,3,0,-2.7,11.130434782608694,6.7956521739130435,12,2,1,177.4,-5.1,77.1195652173913,230.89999999999998,12,12.753260869565219,34.0,0.30434782608695654,16.852459016393443,11.418032786885243,11,2,424.3,68.8688524590164,112.8,14.388524590163934,0.0,48.67066142508463,8,43,83.0,24.285714285714285,1,12,83.0,3.5319148936170213,47,13,1
urundel,Salta,NOA,2024-2025,-23.5582035,-64.3978211,369.39523194825114,0.08,0,0,2.2,16.821739130434786,11.28913043478261,58,24,2,630.7,0.0,59.119565217391305,6.5,1,7.01195652173913,20.4,0.13043478260869565,24.69836065573771,18.601639344262292,48,36,896.6000000000001,52.73770491803279,96.4,7.72622950819672,9999.0,9999.0,0,0,0.0,0.0,0,0,1280.0,110.80357142857144,56,38,1
urundel,Salta,NOA,2025-2026,-23.5582035,-64.3978211,369.39523194825114,-0.14,0,0,1.4,15.784782608695652,10.869565217391305,55,16,0,542.7,0.0,69.6413043478261,33.0,7,6.529347826086956,32.8,0.22826086956521738,23.62950819672131,17.562295081967207,43,30,831.4,50.131147540983605,60.9,8.357377049180329,0.0,0.0,8,23,1280.0,110.80357142857144,1,38,701.0,29.325,40,25,1
vedia,Buenos Aires,CENTRO SUR,2024-2025,-34.4888613,-61.5384391,923.7277039831407,0.08,12,0,-3.8,10.617391304347827,6.05108695652174,14,4,3,192.2,-22.799999999999997,68.43478260869566,70.5,11,12.746739130434783,35.6,0.358695652173913,18.418032786885245,12.385245901639342,14,6,513.6,55.78688524590164,98.60000000000001,14.406557377049179,9999.0,9999.0,0,0,0.0,0.0,0,0,4.0,0.0862068965517241,58,2,0
vedia,Buenos Aires,CENTRO SUR,2025-2026,-34.4888613,-61.5384391,923.7277039831407,-0.14,4,0,-2.8,10.080434782608695,5.935869565217391,11,0,0,117.5,-6.0,75.44565217391305,237.10000000000002,13,11.76086956521739,34.1,0.43478260869565216,15.755737704918033,10.595081967213115,8,2,359.9,69.14754098360656,191.79999999999998,13.552459016393444,54.87647804640663,91.41493593067979,6,44,4.0,0.0862068965517241,0,2,6.0,1.3,20,5,1
venado tuerto,Santa Fe,CENTRO SUR,2024-2025,-33.7456906,-61.9690915,832.1713204283475,0.08,11,0,-4.0,10.911956521739128,6.322826086956521,17,5,3,207.8,-20.2,69.3804347826087,65.10000000000001,11,13.018478260869566,38.5,0.3804347826086957,18.572131147540983,12.69016393442623,18,4,523.0,57.114754098360656,138.5,14.726229508196718,9999.0,9999.0,0,0,0.0,0.0,0,0,28.0,0.8909090909090909,55,7,1
venado tuerto,Santa Fe,CENTRO SUR,2025-2026,-33.7456906,-61.9690915,832.1713204283475,-0.14,4,0,-3.5,10.455434782608696,6.306521739130437,14,1,0,135.3,-5.5,74.92391304347827,209.7,13,11.996739130434786,37.8,0.42391304347826086,16.331147540983604,10.988524590163935,9,3,393.50000000000006,67.68852459016394,172.69999999999996,14.111475409836066,0.0,0.2411093938698242,12,62,28.0,0.8909090909090909,1,7,28.0,1.3333333333333333,42,2,1
vera y pintado,Santa Fe,NEA,2024-2025,-32.9231469,-60.691351,807.6030329932141,0.08,5,0,-2.2,11.877173913043476,7.638043478260869,25,9,3,262.50000000000006,-4.9,74.8804347826087,83.5,12,11.784782608695652,37.7,0.25,18.801639344262295,13.501639344262298,27,5,536.9000000000001,66.39344262295081,124.80000000000001,12.62295081967213,9999.0,9999.0,0,0,0.0,0.0,0,0,490.0,58.38,50,26,1
vera y pintado,Santa Fe,NEA,2025-2026,-32.9231469,-60.691351,807.6030329932141,-0.14,2,0,-1.7,11.441304347826087,7.68804347826087,21,3,0,194.20000000000002,-1.9,78.67391304347827,254.0,14,9.71304347826087,34.3,0.31521739130434784,17.337704918032784,12.550819672131148,16,3,450.9,69.81967213114754,165.29999999999998,11.2672131147541,0.0,0.0,34,83,490.0,58.38,1,26,490.0,32.82978723404256,47,24,1
vergara,,URUGUAY,2024-2025,-32.9376731,-53.9377544,1281.3629189361939,0.08,0,0,0.2,12.549999999999999,8.692391304347828,39,10,1,308.6,0.0,81.43478260869566,256.8,20,13.943478260869567,39.3,0.2608695652173913,16.93934426229508,12.503278688524588,17,2,423.30000000000007,81.62295081967213,301.6,14.288524590163933,9999.0,9999.0,0,0,0.0,0.0,0,0,0.0,0.0,1,0,0
vergara,Uruguay,URUGUAY,2024-2025,-35.3828153,-57.8041006,1185.1794889629239,0.08,11,0,-3.5,10.17282608695652,6.230434782608698,16,6,2,161.0,-19.1,78.1195652173913,237.9,18,13.099999999999998,36.4,0.2608695652173913,16.313114754098358,11.142622950819673,8,1,385.59999999999997,72.70491803278688,92.4,13.163934426229508,9999.0,9999.0,0,0,0.0,0.0,0,0,0.0,0.0,12,0,0
viale,Entre Ríos,LITORAL,2024-2025,-31.8720895,-60.0129648,755.3393860623153,0.08,5,0,-2.0,12.65326086956522,8.459782608695651,36,10,4,328.3999999999999,-5.800000000000001,73.97826086956522,100.2,14,13.295652173913044,36.9,0.22826086956521738,19.234426229508195,13.668852459016392,25,7,563.3000000000001,64.65573770491804,145.2,14.647540983606554,9999.0,9999.0,0,0,0.0,0.0,0,0,5.0,0.6,55,21,1
viale,Entre Ríos,LITORAL,2025-2026,-31.8720895,-60.0129648,755.3393860623153,-0.14,3,0,-2.7,11.929347826086959,7.390217391304348,20,3,0,232.9,-5.5,74.22826086956522,256.1,14,12.513043478260867,34.1,0.2826086956521739,18.068852459016394,12.265573770491802,14,5,496.09999999999997,62.40983606557377,127.6,14.331147540983608,0.0,22.024113520732513,19,79,5.0,0.6,1,21,2.0,0.5319148936170213,47,19,0
viboras,Buenos Aires,CENTRO SUR,2024-2025,-37.6943991,-62.8060699,1232.0072866402493,0.08,17,0,-3.0,7.77391304347826,3.6532608695652176,5,0,0,56.3,-25.200000000000003,69.8695652173913,73.4,10,14.835869565217392,36.2,0.45652173913043476,15.265573770491805,9.836065573770492,8,3,322.7,55.77049180327869,70.3,15.52295081967213,9999.0,9999.0,0,0,0.0,0.0,0,0,0.0,0.0,54,0,0
viboras,Buenos Aires,CENTRO SUR,2025-2026,-37.6943991,-62.8060699,1232.0072866402493,-0.14,6,0,-3.5,8.186956521739129,4.273913043478261,2,0,0,49.099999999999994,-11.200000000000001,70.83695652173913,61.30000000000001,10,15.463043478260868,40.0,0.4673913043478261,13.698360655737707,8.478688524590163,2,0,246.29999999999998,63.81967213114754,139.39999999999998,17.25245901639344,36.97799570122025,445.3451122298501,1,2,0.0,0.0,0,0,0.0,0.0,43,0,0
viclos,Tucumán,NOA,2024-2025,-27.1922739,-64.9137221,52.029994433140345,0.08,0,0,0.9,13.683695652173913,8.167391304347825,36,1,0,368.4,0.0,63.380434782608695,15.4,6,7.578260869565219,25.0,0.18478260869565216,22.26393442622951,15.998360655737706,41,18,748.1,54.14754098360656,117.69999999999999,9.349180327868853,9999.0,9999.0,0,0,0.0,0.0,0,0,92.0,7.595744680851064,47,24,1
viclos,Tucumán,NOA,2025-2026,-27.1922739,-64.9137221,52.029994433140345,-0.14,0,0,1.5,13.284782608695652,8.269565217391303,27,0,0,319.1,0.0,70.09782608695652,31.299999999999997,5,7.26195652173913,35.6,0.22826086956521738,21.400000000000006,15.349180327868853,35,16,695.4,50.442622950819676,79.00000000000001,10.739344262295083,0.0,11.88631811401966,35,53,92.0,7.595744680851064,1,24,245.0,39.333333333333336,42,38,1
victoria,Entre Ríos,LITORAL,2024-2025,-32.874961,-60.3386655,822.0289273939255,0.08,5,0,-1.2,12.306521739130433,8.031521739130437,28,10,3,286.9000000000001,-4.199999999999999,74.43478260869566,104.9,17,10.51086956521739,35.4,0.22826086956521738,19.05737704918033,13.739344262295084,25,6,552.4999999999999,65.29508196721312,80.9,11.465573770491803,9999.0,9999.0,0,0,0.0,0.0,0,0,413.0,15.245283018867925,53,22,1
victoria,Entre Ríos,LITORAL,2025-2026,-32.874961,-60.3386655,822.0289273939255,-0.14,2,0,-0.8,11.31086956521739,7.336956521739131,16,3,0,184.70000000000002,-1.0,79.84782608695652,265.1,15,11.193478260869565,34.9,0.33695652173913043,17.103278688524586,12.32295081967213,13,3,436.20000000000005,71.9672131147541,132.1,13.00983606557377,0.0,0.0,33,81,413.0,15.245283018867925,1,22,7.0,1.608695652173913,46,21,1
vicuña mackenna,Córdoba,CENTRO SUR,2024-2025,-33.9156871,-64.3898493,795.0275564753418,0.08,11,0,-2.2,9.895652173913044,5.027173913043478,6,0,0,123.2,-13.700000000000001,66.84782608695652,29.700000000000003,10,10.11413043478261,27.3,0.3695652173913043,18.36393442622951,12.175409836065574,18,5,510.20000000000005,53.18032786885246,103.89999999999998,12.485245901639344,9999.0,9999.0,0,0,0.0,0.0,0,0,15.0,1.5862068965517242,58,25,1
vicuña mackenna,Córdoba,CENTRO SUR,2025-2026,-33.9156871,-64.3898493,795.0275564753418,-0.14,8,0,-3.3,9.972826086956523,5.036956521739129,7,0,0,110.69999999999999,-11.3,68.72826086956522,113.6,14,12.175,32.5,0.42391304347826086,16.955737704918032,10.81639344262295,10,1,430.09999999999997,58.14754098360656,91.19999999999999,15.685245901639345,0.0,55.53737566326227,14,28,15.0,1.5862068965517242,1,25,7.0,1.0,45,19,1
vila,Santa Fe,CENTRO NORTE,2024-2025,-31.1903062,-61.8325798,587.7693856247109,0.08,4,0,-2.5,12.970652173913045,8.236956521739131,30,10,3,340.6,-4.6,67.5,39.4,10,12.791304347826088,36.6,0.2717391304347826,20.66393442622951,14.698360655737703,26,12,650.5,54.98360655737705,205.70000000000002,14.495081967213116,9999.0,9999.0,0,0,0.0,0.0,0,0,222.0,42.85,60,24,1
vila,Santa Fe,CENTRO NORTE,2025-2026,-31.1903062,-61.8325798,587.7693856247109,-0.14,3,0,-3.0,12.015217391304343,7.55108695652174,21,4,0,237.6,-4.9,73.6304347826087,192.8,18,11.805434782608698,40.5,0.33695652173913043,18.281967213114754,12.41967213114754,15,8,508.50000000000006,62.704918032786885,113.3,13.908196721311475,0.0,0.0,25,83,222.0,42.85,1,24,385.0,37.34,50,30,1
villa angela,Chaco,NEA,2024-2025,-27.5768225,-60.7112067,452.276850476706,0.08,0,0,0.6,16.844565217391306,12.257608695652172,57,33,16,647.0,0.0,65.79347826086956,64.7,6,13.097826086956522,43.7,0.22826086956521738,23.270491803278688,17.613114754098362,42,28,809.5,61.36065573770492,149.0,14.229508196721314,9999.0,9999.0,0,0,0.0,0.0,0,0,49.0,27.666666666666668,9,8,1
villa angela,Chaco,NEA,2025-2026,-27.5768225,-60.7112067,452.276850476706,-0.14,0,0,0.9,15.486956521739133,10.644565217391303,54,16,3,521.6999999999999,0.0,70.93478260869566,193.69999999999996,18,11.470652173913045,31.6,0.11956521739130435,20.942622950819676,15.478688524590163,33,18,667.4999999999999,64.65573770491804,266.1,13.227868852459016,0.0,50.512113281394896,9,38,49.0,27.666666666666668,1,8,89.0,16.09090909090909,44,32,1
villa cañas,Santa Fe,CENTRO SUR,2024-2025,-34.005494,-61.6059937,872.0212358706547,0.08,10,0,-1.8,10.96195652173913,6.744565217391305,19,4,3,205.29999999999998,-8.0,69.96739130434783,78.30000000000001,16,12.519565217391307,35.8,0.358695652173913,18.501639344262298,13.059016393442622,18,6,518.5999999999999,58.278688524590166,92.8,14.050819672131148,9999.0,9999.0,0,0,0.0,0.0,0,0,0.0,0.0,47,0,0
villa cañas,Santa Fe,CENTRO SUR,2025-2026,-34.005494,-61.6059937,872.0212358706547,-0.14,3,0,-1.8,10.457608695652175,6.560869565217389,15,0,0,134.60000000000002,-2.5,75.02173913043478,200.3,16,12.243478260869564,39.3,0.43478260869565216,16.22950819672131,11.262295081967213,9,3,386.5,68.18032786885246,275.00000000000006,14.267213114754096,28.14274083875994,44.020660873516306,12,49,0.0,0.0,0,0,0.0,0.0,9,0,0
villa de maria,Córdoba,CENTRO NORTE,2024-2025,-29.9065473,-63.7226242,374.4515160128012,0.08,3,0,-2.0,12.77608695652174,8.007608695652175,26,6,2,320.59999999999997,-3.7,58.52173913043478,30.9,7,12.647826086956524,40.8,0.33695652173913043,20.247540983606555,14.255737704918031,24,9,625.0999999999999,52.442622950819676,198.2,14.33934426229508,9999.0,9999.0,0,0,0.0,0.0,0,0,148.0,19.02439024390244,41,12,1
villa de maria,Córdoba,CENTRO NORTE,2025-2026,-29.9065473,-63.7226242,374.4515160128012,-0.14,2,0,-1.3,12.23152173913044,7.781521739130433,25,0,0,247.3,-2.2,64.3695652173913,136.8,15,11.157608695652174,38.2,0.3804347826086957,18.893442622950815,12.465573770491805,17,6,546.1999999999999,53.68852459016394,30.599999999999998,12.713114754098358,0.0,0.0,8,37,148.0,19.02439024390244,1,12,137.0,9.81578947368421,38,16,1
villa de maría,Córdoba,CENTRO NORTE,2024-2025,-29.9065473,-63.7226242,374.4515160128012,0.08,3,0,-2.0,12.77608695652174,8.007608695652175,26,6,2,320.59999999999997,-3.7,58.52173913043478,30.9,7,12.647826086956524,40.8,0.33695652173913043,20.247540983606555,14.255737704918031,24,9,625.0999999999999,52.442622950819676,198.2,14.33934426229508,9999.0,9999.0,0,0,0.0,0.0,0,0,0.0,0.0,3,0,0
villa de maría,Córdoba,CENTRO NORTE,2025-2026,-29.9065473,-63.7226242,374.4515160128012,-0.14,2,0,-1.3,12.23152173913044,7.781521739130433,25,0,0,247.3,-2.2,64.3695652173913,136.8,15,11.157608695652174,38.2,0.3804347826086957,18.893442622950815,12.465573770491805,17,6,546.1999999999999,53.68852459016394,30.599999999999998,12.713114754098358,0.0,0.0,8,37,0.0,0.0,0,0,1.0,0.5,2,1,0
villa general savio,Buenos Aires,CENTRO SUR,2024-2025,-33.4350116,-60.1459721,883.2075285609649,0.08,6,0,-3.0,11.539130434782608,7.27391304347826,23,8,3,241.90000000000003,-8.9,73.76086956521739,138.1,16,11.826086956521742,35.4,0.2391304347826087,18.368852459016395,13.042622950819675,20,5,510.5,65.55737704918033,110.69999999999999,12.519672131147543,9999.0,9999.0,0,0,0.0,0.0,0,0,2.0,0.1481481481481481,54,6,0
villa general savio,Buenos Aires,CENTRO SUR,2025-2026,-33.4350116,-60.1459721,883.2075285609649,-0.14,4,0,-3.3,10.744565217391303,6.506521739130435,13,2,0,156.60000000000002,-5.399999999999999,78.06521739130434,237.7,16,10.428260869565216,33.2,0.30434782608695654,16.568852459016394,11.452459016393442,11,3,406.5,69.88524590163935,102.3,12.103278688524593,26.418889341624567,61.967162294941,25,63,2.0,0.1481481481481481,0,6,2.0,0.2978723404255319,47,8,0
villa hernandarias,Entre Ríos,LITORAL,2024-2025,-31.228855,-59.9876093,706.4937512669937,0.08,0,0,0.3,13.731521739130438,10.089130434782607,46,15,6,390.59999999999997,0.0,74.52173913043478,84.99999999999999,12,13.313043478260864,40.8,0.21739130434782608,20.257377049180324,15.185245901639345,33,12,625.7,64.95081967213115,124.10000000000001,14.783606557377048,9999.0,9999.0,0,0,0.0,0.0,0,0,84.0,12.456140350877194,57,24,1
villa hernandarias,Entre Ríos,LITORAL,2025-2026,-31.228855,-59.9876093,706.4937512669937,-0.14,1,0,-0.8,12.75652173913043,8.742391304347825,32,3,0,285.70000000000005,-0.8,75.65217391304348,185.3,15,12.422826086956523,39.9,0.2608695652173913,18.580327868852464,13.621311475409835,21,5,524.5,66.39344262295081,182.3,14.268852459016394,0.0,52.900089461494126,15,57,84.0,12.456140350877194,1,24,484.0,43.38,50,15,1
villa lila,Entre Ríos,LITORAL,2024-2025,-33.116667,-58.766667,936.2595780692936,0.08,8,0,-2.5,11.93260869565217,7.843478260869564,31,10,3,274.7,-11.8,76.33695652173913,170.2,14,13.17173913043478,37.5,0.2391304347826087,18.173770491803282,12.904918032786885,17,5,498.59999999999997,69.01639344262296,123.10000000000001,13.778688524590164,9999.0,9999.0,0,0,0.0,0.0,0,0,112.0,8.244897959183673,49,18,1
villa lila,Entre Ríos,LITORAL,2025-2026,-33.116667,-58.766667,936.2595780692936,-0.14,2,0,-2.4,11.053260869565218,6.815217391304348,11,2,0,169.1,-4.699999999999999,76.90217391304348,194.2,14,12.882608695652175,35.5,0.33695652173913043,16.722950819672132,11.436065573770492,9,1,416.2,68.91803278688525,133.60000000000002,14.249180327868853,0.0,0.0,6,39,112.0,8.244897959183673,1,18,4.0,1.4285714285714286,7,5,0
villa maría,Córdoba,CENTRO NORTE,2024-2025,-32.4106245,-63.2435809,651.8708027896461,0.08,8,0,-2.3,11.13369565217391,6.496739130434783,16,3,2,201.3,-7.699999999999999,67.67391304347827,22.3,6,10.055434782608698,27.8,0.40217391304347827,19.047540983606563,13.134426229508193,23,5,551.9000000000001,55.540983606557376,128.6,11.49344262295082,9999.0,9999.0,0,0,0.0,0.0,0,0,47.0,1.851851851851852,54,4,1
villa maría,Córdoba,CENTRO NORTE,2025-2026,-32.4106245,-63.2435809,651.8708027896461,-0.14,3,0,-2.3,10.797826086956523,6.364130434782608,14,0,0,146.89999999999998,-4.6,71.3804347826087,178.7,15,11.97717391304348,41.5,0.4782608695652174,17.39672131147541,11.318032786885245,12,4,455.4,60.81967213114754,119.5,13.936065573770492,0.0,61.13473273017423,16,81,68.0,7.053832902670113,1,22,47.0,3.292682926829268,41,9,1
villa maría,Córdoba,CENTRO SUR,2024-2025,-32.4106245,-63.2435809,651.8708027896461,0.08,8,0,-2.3,11.13369565217391,6.496739130434783,16,3,2,201.3,-7.699999999999999,67.67391304347827,22.3,6,10.055434782608698,27.8,0.40217391304347827,19.047540983606563,13.134426229508193,23,5,551.9000000000001,55.540983606557376,128.6,11.49344262295082,9999.0,9999.0,0,0,0.0,0.0,0,0,68.0,12.255813953488373,43,18,1
villa maría,Córdoba,CENTRO SUR,2025-2026,-32.4106245,-63.2435809,651.8708027896461,-0.14,3,0,-2.3,10.797826086956523,6.364130434782608,14,0,0,146.89999999999998,-4.6,71.3804347826087,178.7,15,11.97717391304348,41.5,0.4782608695652174,17.39672131147541,11.318032786885245,12,4,455.4,60.81967213114754,119.5,13.936065573770492,0.0,61.13473273017423,16,81,68.0,7.053832902670113,1,22,26.0,1.6595744680851063,47,9,1
villa minetti,Santa Fe,NEA,2024-2025,-28.6021389,-61.6650062,401.556812545172,0.08,1,0,-0.2,15.731521739130434,10.98804347826087,55,22,9,554.8000000000001,-0.2,64.07608695652173,21.500000000000004,8,13.346739130434784,40.5,0.1956521739130435,22.842622950819674,16.89344262295082,38,24,783.4000000000001,57.278688524590166,169.20000000000002,15.344262295081965,9999.0,9999.0,0,0,0.0,0.0,0,0,2080.0,201.04444444444445,90,46,1
villa minetti,Santa Fe,NEA,2025-2026,-28.6021389,-61.6650062,401.556812545172,-0.14,0,0,0.3,14.344565217391304,9.607608695652173,42,9,2,420.59999999999997,0.0,70.8913043478261,115.8,16,12.239130434782604,36.9,0.16304347826086957,20.447540983606554,14.77704918032787,27,16,637.2999999999998,61.78688524590164,108.00000000000001,14.111475409836064,0.0,0.0,10,31,2080.0,201.04444444444445,1,46,730.0,34.8433734939759,83,36,1
villa mugueta,Santa Fe,CENTRO SUR,2024-2025,-33.3119003,-61.0563641,826.4291240631959,0.08,9,0,-3.7,11.333695652173912,6.827173913043477,19,7,3,236.8,-17.5,71.1304347826087,77.1,13,12.807608695652174,40.0,0.2608695652173913,18.649180327868855,12.921311475409839,18,5,527.6,60.442622950819676,148.89999999999998,14.377049180327871,9999.0,9999.0,0,0,0.0,0.0,0,0,9.0,0.8305084745762712,59,9,1
villa mugueta,Santa Fe,CENTRO SUR,2025-2026,-33.3119003,-61.0563641,826.4291240631959,-0.14,3,0,-3.3,10.583695652173912,6.282608695652173,15,2,0,150.6,-6.5,76.98913043478261,256.8,16,11.41413043478261,40.5,0.3695652173913043,16.34754098360656,10.862295081967215,10,3,394.59999999999997,69.11475409836065,173.0,13.208196721311472,0.0,25.504579202264217,32,76,9.0,0.8305084745762712,1,9,9.0,0.9534883720930232,43,6,1
villa saralegui,Santa Fe,NEA,2024-2025,-30.5412066,-60.7483797,601.2755832988396,0.08,1,0,-1.0,13.894565217391309,9.540217391304349,41,14,6,410.09999999999985,-1.0,71.30434782608695,53.900000000000006,7,12.370652173913046,37.5,0.20652173913043478,21.340983606557376,15.240983606557378,30,14,691.8,58.40983606557377,80.89999999999999,14.363934426229509,9999.0,9999.0,0,0,0.0,0.0,0,0,85.0,9.954545454545457,44,21,1
villa sta. rosa,Córdoba,CENTRO NORTE,2024-2025,-31.1534891,-63.3993819,514.7714339303228,0.08,6,0,-2.9,12.03804347826087,7.103260869565216,21,3,1,255.70000000000002,-7.4,66.08695652173913,54.7,8,11.185869565217393,32.6,0.32608695652173914,20.052459016393442,13.906557377049177,25,11,613.1999999999999,55.295081967213115,111.2,12.742622950819673,9999.0,9999.0,0,0,0.0,0.0,0,0,422.0,67.03508771929825,57,33,1
villa sta. rosa,Córdoba,CENTRO NORTE,2025-2026,-31.1534891,-63.3993819,514.7714339303228,-0.14,3,0,-2.0,11.798913043478262,7.031521739130433,17,1,0,212.60000000000005,-3.8,68.91304347826087,184.39999999999998,16,11.183695652173913,39.4,0.3695652173913043,18.639344262295083,12.385245901639346,15,7,529.3,58.278688524590166,81.2,13.185245901639341,0.0,0.0,24,65,422.0,67.03508771929825,1,33,284.0,25.64,50,27,1
villa trinidad,Santa Fe,CENTRO NORTE,2024-2025,-30.2155492,-61.8780747,499.537678877444,0.08,2,0,-1.1,14.068478260869567,9.52282608695652,38,12,7,417.59999999999997,-1.3,65.84782608695652,37.2,8,13.442391304347824,39.3,0.20652173913043478,21.729508196721312,15.76065573770492,35,16,715.4999999999999,54.032786885245905,124.5,15.591803278688523,9999.0,9999.0,0,0,0.0,0.0,0,0,37.0,4.394736842105263,38,8,1
villa valeria,Córdoba,CENTRO SUR,2024-2025,-34.3416235,-64.9206789,839.0152909700928,0.08,12,0,-2.6,9.541304347826088,4.568478260869566,4,0,0,108.60000000000001,-17.1,64.94565217391305,36.7,9,10.926086956521738,31.1,0.22826086956521738,18.337704918032788,11.786885245901642,16,3,508.59999999999997,50.50819672131148,157.4,13.565573770491802,9999.0,9999.0,0,0,0.0,0.0,0,0,6.0,0.1842105263157894,114,8,1
villa valeria,Córdoba,CENTRO SUR,2025-2026,-34.3416235,-64.9206789,839.0152909700928,-0.14,12,0,-4.2,9.808695652173913,4.375000000000001,4,0,0,108.39999999999999,-22.5,65.57608695652173,81.4,11,11.497826086956524,33.5,0.3695652173913043,17.19836065573771,10.55737704918033,9,2,445.4,53.377049180327866,105.4,15.301639344262297,0.0,123.04469898505147,8,20,6.0,0.1842105263157894,1,8,6.0,0.1058823529411764,85,4,1
villada,Santa Fe,CENTRO SUR,2024-2025,-33.3501978,-61.4468301,812.7869263665159,0.08,9,0,-3.7,11.226086956521739,6.628260869565219,19,6,3,227.7,-18.6,69.78260869565217,75.89999999999999,9,12.528260869565216,40.5,0.33695652173913043,18.680327868852455,12.852459016393444,20,4,529.5,58.704918032786885,153.2,14.116393442622952,9999.0,9999.0,0,0,0.0,0.0,0,0,53.0,7.160714285714286,56,15,1
villada,Santa Fe,CENTRO SUR,2025-2026,-33.3501978,-61.4468301,812.7869263665159,-0.14,3,0,-3.0,10.605434782608697,6.391304347826087,16,1,0,148.49999999999997,-5.800000000000001,75.41304347826087,262.5,17,11.82826086956522,41.7,0.3804347826086957,16.57704918032787,10.947540983606556,9,3,408.50000000000006,66.40983606557377,191.60000000000002,13.957377049180332,0.0,50.15734036475307,32,78,53.0,7.160714285714286,1,15,53.0,2.25531914893617,47,9,1
vinará,Santiago Del Estero,NOA,2024-2025,-27.3762449,-64.7961142,75.52711581563159,0.08,1,0,-0.6,14.218478260869563,8.72282608695652,36,3,0,414.29999999999995,-0.6,61.48913043478261,13.600000000000001,2,8.584782608695653,27.8,0.2608695652173913,23.191803278688518,16.940983606557378,44,26,804.6999999999999,50.21311475409836,146.4,10.904918032786885,9999.0,9999.0,0,0,0.0,0.0,0,0,603.0,48.36363636363637,55,55,1
vinará,Santiago Del Estero,NOA,2025-2026,-27.3762449,-64.7961142,75.52711581563159,-0.14,0,0,0.5,13.9,8.742391304347828,35,2,0,373.49999999999994,0.0,68.31521739130434,31.1,6,8.458695652173914,32.7,0.32608695652173914,22.170491803278686,15.857377049180329,35,24,742.3999999999999,48.65573770491803,104.90000000000002,12.655737704918032,0.0,0.0,33,50,603.0,48.36363636363637,1,55,603.0,50.765957446808514,47,44,1
virasoro,Corrientes,LITORAL,2024-2025,-27.456452,-58.6585875,651.3757806844029,0.08,0,0,1.2,17.041304347826088,13.258695652173913,61,42,20,662.1999999999999,0.0,75.0,161.40000000000003,11,13.368478260869566,39.7,0.22826086956521738,22.059016393442622,17.408196721311473,42,26,735.6,73.1639344262295,284.09999999999997,13.836065573770494,9999.0,9999.0,0,0,0.0,0.0,0,0,782.0,28.857142857142858,42,31,1
virasoro,Corrientes,LITORAL,2025-2026,-27.456452,-58.6585875,651.3757806844029,-0.14,0,0,1.0,15.386956521739132,11.11413043478261,55,17,6,511.5999999999999,0.0,77.56521739130434,377.8,21,10.59891304347826,31.7,0.10869565217391304,20.265573770491805,15.813114754098363,34,19,626.1999999999999,73.19672131147541,363.20000000000005,12.01639344262295,0.0,0.0,5,14,782.0,28.857142857142858,1,31,28.0,6.94,50,35,1
weisburd,Santiago Del Estero,NEA,2024-2025,-27.3219324,-62.5882757,265.04309532029805,0.08,0,0,0.9,16.617391304347827,11.68260869565217,59,24,12,623.1,0.0,59.19565217391305,9.2,3,14.068478260869565,42.6,0.21739130434782608,24.355737704918035,18.300000000000004,44,31,875.6999999999999,51.868852459016395,130.7,16.329508196721314,9999.0,9999.0,0,0,0.0,0.0,0,0,1900.0,64.81188118811882,101,57,1
weisburd,Santiago Del Estero,NEA,2025-2026,-27.3219324,-62.5882757,265.04309532029805,-0.14,0,0,1.5,15.498913043478263,10.84673913043478,52,14,6,518.3,0.0,66.90217391304348,62.899999999999984,12,12.441304347826083,33.8,0.25,22.17868852459016,16.15573770491803,38,22,742.9000000000001,55.08196721311475,100.89999999999999,14.731147540983608,0.0,0.0,14,39,1900.0,64.81188118811882,1,57,1900.0,110.8688524590164,61,46,1
wheelright,Santa Fe,CENTRO SUR,2024-2025,-33.7129778,-61.0480619,865.7381281262047,0.08,9,0,-3.6,10.98586956521739,6.540217391304347,19,4,3,215.00000000000003,-20.3,70.8804347826087,80.19999999999999,12,13.096739130434784,37.2,0.29347826086956524,18.288524590163934,12.536065573770493,16,5,505.59999999999997,60.278688524590166,89.30000000000001,14.555737704918032,9999.0,9999.0,0,0,0.0,0.0,0,0,22.0,0.4150943396226415,53,1,1
wheelright,Santa Fe,CENTRO SUR,2025-2026,-33.7129778,-61.0480619,865.7381281262047,-0.14,3,0,-2.5,10.355434782608697,6.208695652173914,15,0,0,136.9,-5.4,76.8695652173913,257.7,15,11.880434782608695,38.0,0.3804347826086957,16.01967213114754,10.76393442622951,7,3,376.19999999999993,69.68852459016394,191.5,13.760655737704917,0.0,23.156044951915828,28,61,22.0,0.4150943396226415,1,1,22.0,1.0,46,4,1
young,,URUGUAY,2024-2025,-32.6995318,-57.6341992,981.1680609260736,0.08,5,0,-2.3,12.27282608695652,8.356521739130434,36,12,5,308.00000000000006,-6.999999999999999,79.70652173913044,156.50000000000003,18,13.18586956521739,37.6,0.25,17.554098360655736,12.486885245901638,13,4,460.80000000000007,75.55737704918033,207.79999999999998,13.255737704918035,9999.0,9999.0,0,0,0.0,0.0,0,0,0.0,0.0,4,0,0
young,,URUGUAY,2025-2026,-32.6995318,-57.6341992,981.1680609260736,-0.14,3,0,-2.0,10.906521739130435,6.542391304347827,15,2,1,163.6,-4.0,79.3586956521739,208.90000000000003,17,12.07282608695652,36.1,0.30434782608695654,16.678688524590164,11.237704918032787,12,0,414.2,71.0,178.19999999999996,13.616393442622954,60.86721651350156,64.71833346238297,3,9,0.0,0.0,0,0,16.0,6.285714285714286,7,6,1
young,Uruguay,URUGUAY,2024-2025,-34.8502609,-58.3072474,1110.3435116871424,0.08,11,0,-3.0,10.520652173913044,6.569565217391306,18,6,2,181.2,-19.0,77.71739130434783,216.09999999999997,20,12.927173913043477,37.7,0.17391304347826086,16.757377049180327,11.785245901639344,11,4,412.20000000000005,72.40983606557377,67.5,13.218032786885246,9999.0,9999.0,0,0,0.0,0.0,0,0,2.0,0.6,45,16,0
young,Uruguay,URUGUAY,2025-2026,-34.8502609,-58.3072474,1110.3435116871424,-0.14,2,0,-1.8,10.386956521739132,6.489130434782608,14,0,0,126.4,-3.1,78.68478260869566,168.7,15,9.65108695652174,35.1,0.2826086956521739,15.66885245901639,11.073770491803279,11,3,353.70000000000005,72.78688524590164,250.3,10.665573770491804,85.27069679919065,197.36534057328026,1,9,2.0,0.6,0,16,446.0,52.578947368421055,19,13,1
zavalla,Santa Fe,CENTRO SUR,2024-2025,-33.0185383,-60.8788584,806.9939468112041,0.08,7,0,-3.0,11.796739130434782,7.471739130434782,23,9,3,260.6,-9.7,71.32608695652173,111.7,13,12.066304347826089,38.0,0.25,18.906557377049182,13.395081967213113,23,5,543.3,61.90163934426229,146.5,13.278688524590166,9999.0,9999.0,0,0,0.0,0.0,0,0,61.0,8.466666666666667,60,22,1
zavalla,Santa Fe,CENTRO SUR,2025-2026,-33.0185383,-60.8788584,806.9939468112041,-0.14,3,0,-3.7,10.859782608695653,6.498913043478261,16,2,0,166.9,-6.300000000000001,77.40217391304348,251.59999999999997,16,10.666304347826088,38.0,0.30434782608695654,16.754098360655735,11.35409836065574,11,3,418.0,68.9672131147541,186.5,12.411475409836065,0.0,13.364846252319163,31,82,61.0,8.466666666666667,1,22,117.0,8.872340425531915,47,19,1
zavalía,Buenos Aires,CENTRO SUR,2024-2025,-34.8942943,-61.0060382,984.7895348447736,0.08,13,0,-3.7,10.218478260869565,5.706521739130436,13,4,2,171.3,-27.4,70.91304347826087,93.0,14,12.626086956521737,34.2,0.32608695652173914,17.819672131147538,11.868852459016393,13,6,477.4,58.73770491803279,130.8,13.77868852459016,9999.0,9999.0,0,0,0.0,0.0,0,0,0.0,0.0,51,0,0
zavalía,Buenos Aires,CENTRO SUR,2025-2026,-34.8942943,-61.0060382,984.7895348447736,-0.14,4,0,-4.2,10.164130434782608,5.803260869565217,14,0,0,120.9,-7.8,73.56521739130434,288.09999999999997,17,11.674999999999999,35.3,0.43478260869565216,15.801639344262293,10.51967213114754,7,1,361.99999999999994,66.65573770491804,263.00000000000006,13.093442622950816,86.25569479744698,152.6427236412756,2,24,0.0,0.0,0,0,0.0,0.0,23,0,0
álvarez,Santa Fe,CENTRO SUR,2024-2025,-33.1305513,-60.8021185,821.3441350677433,0.08,7,0,-2.8,11.538043478260873,7.235869565217392,20,8,3,246.09999999999997,-11.1,72.3804347826087,141.6,12,12.3195652173913,39.6,0.2391304347826087,18.611475409836064,13.1,20,5,525.3,62.967213114754095,116.39999999999998,13.49016393442623,9999.0,9999.0,0,0,0.0,0.0,0,0,20.0,4.2631578947368425,57,25,1
álvarez,Santa Fe,CENTRO SUR,2025-2026,-33.1305513,-60.8021185,821.3441350677433,-0.14,3,0,-3.5,10.816304347826087,6.559782608695652,15,2,0,162.20000000000002,-6.1,77.17391304347827,242.60000000000002,15,11.416304347826086,37.5,0.30434782608695654,16.51967213114754,11.281967213114756,10,3,404.29999999999995,69.81967213114754,154.3,13.12950819672131,0.0,20.637832718917586,30,81,20.0,4.2631578947368425,1,25,20.0,1.8666666666666667,45,27,1
árbol blanco,Santiago Del Estero,NEA,2024-2025,-26.8372055,-61.9629214,321.24855691084485,0.08,0,0,0.2,17.18260869565217,12.00869565217391,57,29,14,673.0000000000001,0.0,60.08695652173913,31.3,10,11.382608695652175,35.2,0.21739130434782608,24.65081967213115,18.227868852459014,47,34,893.7000000000002,53.049180327868854,114.1,13.121311475409835,9999.0,9999.0,0,0,0.0,0.0,0,0,0.0,0.0,1,0,0
