region,institucion,provincia,localidad,informe,lectura_id,capturas_raw
NOA,CREA,Santiago Del Estero,Nueva Esperanza,1,1,2
NOA,CREA,Salta,Metan 1,1,1,6
NOA,CREA,Tucumán,Viclos,1,1,6
NOA,CREA,Santiago Del Estero,El Charco,1,1,7
NOA,CREA,Salta,Nstra Sra de,1,1,8
NOA,CREA,Tucumán,Trancas,1,1,8
NOA,CREA,Tucumán,Taco Ralo,1,1,9
NOA,CREA,Santiago Del Estero,San Pedro de,1,1,9
NOA,CREA,Tucumán,Acequiones,1,1,10
NOA,CREA,Tucumán,La Cocha 1,1,1,14
NOA,CREA,Tucumán,La Bajada,1,1,18
NOA,AAPRESID,Salta,Rivadavia,1,1,20
NOA,CREA,Tucumán,Rumi Punco,1,1,22
NOA,CREA,Salta,Tolloche,1,1,25
NOA,CREA,Salta,El Bordo,1,1,25
NOA,CREA,Salta,Las Lajitas,1,1,25
NOA,CREA,Santiago Del Estero,Temas de Río,1,1,25
NOA,CREA,Salta,Chaguaral,1,1,27
NOA,CREA,Catamarca,El Abra,1,1,27
NOA,CREA,Salta,Urundel,1,1,29
NOA,CREA,Santiago Del Estero,Pozo de Bedert,1,1,29
NOA,CREA,Salta,Ceibalito,1,1,30
NOA,AAPRESID,Santiago Del Estero,Roversi,1,1,0
NOA,AAPPCE,Santiago Del Estero,Bandera,1,1,1
NEA,AAPRESID,Chaco,Tres Isletas,1,1,5
NEA,AAPRESID,Entre Ríos,Viale,1,1,0
NEA,CREA,Entre Ríos,La Paz,1,1,0
NEA,AAPRESID,Entre Ríos,Don Cristóbal,1,1,0
NEA,AAPRESID,Corrientes,Mercedes,1,1,0
NEA,CREA,Entre Ríos,Molino Doll,1,1,1
NEA,CREA,Entre Ríos,Feliciano,1,1,1
NEA,AAPRESID,Corrientes,FCAUNNE,1,1,1
CENTRO NORTE,AAPRESID,Córdoba,San Francisco,1,1,0
CENTRO NORTE,AAPPCE,Córdoba,Freyre,1,1,0
CENTRO NORTE,AAPPCE,Córdoba,Morteros,1,1,0
CENTRO NORTE,CREA,Santa Fe,Ataliva,1,1,0
CENTRO NORTE,CREA,Santa Fe,Moisés Ville,1,1,0
CENTRO NORTE,CREA,Santa Fe,Esperanza,1,1,0
CENTRO NORTE,CREA,Santa Fe,San Jerónimo Norte,1,1,0
CENTRO NORTE,CREA,Santa Fe,San Martin de las Escobas,1,1,0
CENTRO NORTE,AAPPCE,Santa Fe,Vila,1,1,0
CENTRO NORTE,CREA,Santa Fe,Bernardo de Irigoyen,1,1,0
CENTRO NORTE,CREA,Santa Fe,San Fabián,1,1,0
CENTRO NORTE,AAPPCE,Santa Fe,San Vicente,1,1,0
CENTRO NORTE,AAPPCE,Santa Fe,El Fortín,1,1,0
CENTRO NORTE,AAPPCE,Santa Fe,Piamonte,1,1,0
CENTRO NORTE,AAPRESID,Santa Fe,Progreso,1,1,0
CENTRO NORTE,AAPRESID,Santa Fe,Gálvez,1,1,0
CENTRO NORTE,AAPRESID,Santa Fe,Montes de Oca,1,1,0
CENTRO NORTE,AAPPCE,Santa Fe,Landeta,1,1,1
CENTRO NORTE,AAPRESID,Santa Fe,La Camila,1,1,2
CENTRO NORTE,AAPPCE,Santa Fe,Ceres,1,1,3
CENTRO SUR,AAPRESID,Córdoba,Devoto,1,1,4
CENTRO SUR,AAPRESID,Córdoba,Capilla de Sitón,1,1,5
CENTRO SUR,AAPRESID,Santa Fe,Villa Trinidad,1,1,6
CENTRO SUR,AAPRESID,Córdoba,Cañada de Luque,1,1,11
CENTRO SUR,AAPRESID,Córdoba,Arroyito,1,1,12
CENTRO SUR,AAPPCE,Córdoba,Corralito,1,1,23
CENTRO SUR,CREA,Córdoba,General Levalle,1,1,0
CENTRO SUR,CREA,Córdoba,Cañada Seca,1,1,0
NOA,AAPRESID,Jujuy,Pálpala,2,1,147
NOA,AAPRESID,Jujuy,Pálpala,2,2,77
NOA,AAPRESID,Salta,Güemes,2,1,37
NOA,AAPRESID,Salta,Güemes,2,2,11
NOA,AAPRESID,Salta,Rivadavia,2,1,20
NOA,AAPRESID,Salta,Rivadavia,2,2,8
NOA,CREA,Salta,Ballivián,2,1,161
NOA,CREA,Salta,Ballivián,2,2,16
NOA,CREA,Salta,Ceibalito,2,1,30
NOA,CREA,Salta,Ceibalito,2,2,11
NOA,CREA,Salta,Chaguaral,2,1,27
NOA,CREA,Salta,Chaguaral,2,2,0
NOA,CREA,Salta,Copo Quiles,2,1,139
NOA,CREA,Salta,Copo Quiles,2,2,17
NOA,CREA,Salta,El Bordo,2,1,25
NOA,CREA,Salta,El Bordo,2,2,3
NOA,CREA,Salta,El Galpón,2,1,122
NOA,CREA,Salta,El Galpón,2,2,51
NOA,AAPRESID,Chaco,Tres Isletas,2,1,5
NOA,AAPRESID,Chaco,Tres Isletas,2,2,4
NOA,AAPRESID,Chaco,Pampa del Infierno,2,1,20
NOA,AAPRESID,Chaco,Pampa del Infierno,2,2,3
NOA,AAPRESID,Chaco,Concepción del Bermejo,2,1,0
NOA,AAPRESID,Chaco,Concepción del Bermejo,2,1,1
NOA,AAPRESID,Chaco,Campo Gallo,2,1,29
NOA,CREA,Chaco,Castelli,2,1,1
NOA,CREA,Chaco,Capdevilla,2,1,1
NOA,CREA,Chaco,Bermejo,2,1,6
NOA,AAPPCE,Santiago Del Estero,Weisburd,2,1,0
NOA,AAPPCE,Santiago Del Estero,Bandera,2,1,1
NOA,AAPPCE,Santiago Del Estero,Bandera,2,2,5
NOA,AAPRESID,Santiago Del Estero,Los Juries,2,1,3
NOA,AAPRESID,Santiago Del Estero,Los Juries,2,2,2
NOA,AAPRESID,Santiago Del Estero,Roversi,2,1,0
NOA,AAPRESID,Santiago Del Estero,Roversi,2,2,1
NOA,AAPRESID,Santiago Del Estero,Otumpas,2,1,0
NOA,AAPRESID,Santiago Del Estero,Tacañitas,2,1,0
NOA,AAPRESID,Santiago Del Estero,Sachayoj,2,1,3
NOA,AAPRESID,Santiago Del Estero,Sachayoj,2,1,0
NOA,CREA,Santiago Del Estero,Belgrano,2,1,0
NEA,AAPRESID,Corrientes,Mercedes,2,1,0
NEA,AAPRESID,Corrientes,Mercedes,2,2,0
NEA,AAPRESID,Corrientes,Corrientes,2,1,1
NEA,AAPRESID,Corrientes,Corrientes,2,2,0
NEA,CREA,Corrientes,Las Garzas,2,1,0
NEA,CREA,Corrientes,Las Garzas,2,2,0
NEA,AAPRESID,Entre Ríos,Viale,2,1,0
NEA,AAPRESID,Entre Ríos,Viale,2,2,2
NEA,AAPRESID,Entre Ríos,Sauce Pinto,2,1,1
NEA,AAPRESID,Entre Ríos,Gualeguay,2,1,0
NEA,AAPRESID,Entre Ríos,Gualeguay,2,2,0
NEA,AAPRESID,Entre Ríos,Don Cristóbal,2,1,0
NEA,AAPRESID,Entre Ríos,Don Cristóbal,2,2,0
NEA,CREA,Entre Ríos,Santa Elena,2,1,0
NEA,CREA,Entre Ríos,Santa Elena,2,2,1
NEA,CREA,Entre Ríos,Montoya,2,1,0
NEA,CREA,Entre Ríos,Montoya,2,2,0
NEA,CREA,Entre Ríos,La Paz,2,1,0
NEA,CREA,Entre Ríos,La Paz,2,2,0
NEA,CREA,Entre Ríos,Molino Doll,2,1,1
NEA,CREA,Entre Ríos,Molino Doll,2,2,0
NEA,CREA,Entre Ríos,Feliciano,2,1,1
NEA,CREA,Entre Ríos,Feliciano,2,2,0
NEA,CREA,Entre Ríos,Villa Lila,2,1,2
NEA,CREA,Entre Ríos,Villa Lila,2,2,0
NEA,CREA,Entre Ríos,Gualeguay,2,1,0
NEA,CREA,Entre Ríos,Victoria,2,1,5
NEA,CREA,Entre Ríos,Victoria,2,2,0
CENTRO NORTE,AAPRESID,San Luis,La Toma,2,1,0
CENTRO NORTE,CREA,San Luis,Las Chilcas,2,1,37
CENTRO NORTE,AAPRESID,Córdoba,San Francisco,2,1,0
CENTRO NORTE,AAPRESID,Córdoba,San Francisco,2,2,0
CENTRO NORTE,AAPPCE,Córdoba,Freyre,2,1,0
CENTRO NORTE,AAPPCE,Córdoba,Freyre,2,2,0
CENTRO NORTE,AAPPCE,Córdoba,Morteros,2,1,0
CENTRO NORTE,AAPPCE,Córdoba,Morteros,2,2,0
CENTRO NORTE,AAPRESID,Córdoba,Montecristo,2,1,4
CENTRO NORTE,AAPRESID,Córdoba,Montecristo,2,2,1
CENTRO NORTE,AAPRESID,Córdoba,Devoto,2,1,4
CENTRO NORTE,AAPRESID,Córdoba,Devoto,2,2,0
CENTRO NORTE,AAPRESID,Córdoba,Capilla de Sitón,2,1,5
CENTRO NORTE,AAPRESID,Córdoba,Capilla de Sitón,2,2,9
CENTRO NORTE,AAPRESID,Córdoba,Cañada de Luque,2,1,11
CENTRO NORTE,AAPRESID,Córdoba,Cañada de Luque,2,2,2
CENTRO NORTE,AAPRESID,Córdoba,Arroyito,2,1,12
CENTRO NORTE,AAPRESID,Córdoba,Arroyito,2,2,17
CENTRO NORTE,AAPPCE,Córdoba,Corralito,2,1,23
CENTRO NORTE,AAPPCE,Córdoba,Corralito,2,2,6
CENTRO NORTE,AAPPCE,Córdoba,Rayo Cortado,2,1,23
CENTRO NORTE,AAPRESID,Córdoba,Carrilobo,2,1,2
CENTRO NORTE,AAPRESID,Córdoba,Monte del Rosario,2,1,74
CENTRO NORTE,AAPRESID,Córdoba,Calamuchita,2,1,12
CENTRO NORTE,AAPRESID,Córdoba,Villa Sta. Rosa,2,1,2
CENTRO NORTE,AAPRESID,Córdoba,Laguna Larga,2,1,1
CENTRO NORTE,AAPRESID,Córdoba,Tancacha,2,1,16
CENTRO NORTE,AAPRESID,Córdoba,Rio segundo,2,1,1
CENTRO NORTE,AAPRESID,Córdoba,Villa María,2,1,0
CENTRO NORTE,AAPRESID,Córdoba,Obispo trejo,2,1,3
CENTRO NORTE,CREA,Córdoba,Colonia Tirolesa,2,1,1
CENTRO NORTE,CREA,Córdoba,Piquillín,2,1,0
CENTRO NORTE,CREA,Córdoba,Colón,2,1,0
CENTRO NORTE,CREA,Córdoba,Sebastián Elcano,2,1,144
CENTRO NORTE,CREA,Córdoba,Sacanta,2,1,0
CENTRO NORTE,CREA,Córdoba,Las Astillas,2,1,2
CENTRO NORTE,CREA,Córdoba,El Tío,2,1,4
CENTRO NORTE,CREA,Córdoba,Sinsacate,2,1,2
CENTRO NORTE,CREA,Córdoba,Tala Norte,2,1,2
CENTRO NORTE,AAPRESID,Córdoba,Santa Catalina,2,1,6
CENTRO NORTE,CREA,Santa Fe,Ataliva,2,1,0
CENTRO NORTE,CREA,Santa Fe,Ataliva,2,2,0
CENTRO NORTE,CREA,Santa Fe,Crispi,2,1,0
CENTRO SUR,AAPPCE,Córdoba,General Roca,2,14/08_al_17/08,0
CENTRO SUR,AAPPCE,Córdoba,Ana Zumaran,2,14/08_al_17/08,0
CENTRO SUR,AAPPCE,Córdoba,Ordoñez,2,14/08_al_17/08,0
CENTRO SUR,,Uruguay,Alido F. Chamizo,2,15/06_al_01/08,3
CENTRO SUR,,Uruguay,Gottero J. Colonia,2,15/06_al_01/08,6
CENTRO SUR,,Uruguay,Cimarelli N. Constancia,2,15/06_al_01/08,0
CENTRO SUR,,Uruguay,El Telegrafo Durazno,2,15/06_al_01/08,0
CENTRO SUR,,Uruguay,La Paloma Mercedes,2,15/06_al_01/08,0
CENTRO SUR,,Uruguay,UEDAP Palmitas,2,15/06_al_01/08,0
CENTRO NORTE,AAPRESID,Jujuy,Palpala,3,1,147
CENTRO NORTE,AAPRESID,Jujuy,Palpala,3,2,77
CENTRO NORTE,AAPRESID,Jujuy,Palpala,3,3,9
CENTRO NORTE,CREA,Jujuy,EL Carmen,3,1,186
CENTRO NORTE,CREA,Jujuy,EL Carmen,3,2,31
CENTRO NORTE,CREA,Jujuy,Fraile Pintado,3,1,7
CENTRO NORTE,CREA,Jujuy,Fraile Pintado,3,2,9
NOA,CREA,Formosa,Campo del Cielo,3,2,0
NOA,CREA,Formosa,Campo del Cielo,3,15/07_al_02/08,0
NOA,AAPRESID,Chaco,Tres Isletas,3,2,4
NOA,AAPRESID,Chaco,Tres Isletas,3,3,0
NOA,AAPRESID,Chaco,Tres Isletas,3,15/07_al_02/08,5
NOA,AAPRESID,Chaco,Pampa del Infierno,3,2,3
NOA,AAPRESID,Chaco,Pampa del Infierno,3,3,2
NOA,AAPRESID,Chaco,Pampa del Infierno,3,15/07_al_02/08,20
NOA,AAPRESID,Chaco,Concepcion del,3,2,0
NOA,AAPRESID,Chaco,Concepcion del,3,15/07_al_02/08,1
NOA,AAPRESID,Chaco,Campo Gallo,3,2,1
NOA,AAPRESID,Chaco,Campo Gallo,3,15/07_al_02/08,29
NOA,CREA,Chaco,Los Frentones,3,2,0
NOA,CREA,Chaco,Los Frentones,3,15/07_al_02/08,4
NOA,CREA,Chaco,Castelli,3,2,0
NOA,CREA,Chaco,Castelli,3,15/07_al_02/08,1
NOA,CREA,Chaco,El Timbo Pampa,3,2,0
NOA,CREA,Chaco,El Timbo Pampa,3,15/07_al_02/08,1
NOA,CREA,Chaco,El tocon Bermejo,3,2,0
NOA,CREA,Chaco,El tocon Bermejo,3,15/07_al_02/08,6
LITORAL,AAPRESID,Corrientes,Mercedes,3,1,0
LITORAL,AAPRESID,Corrientes,Mercedes,3,2,0
LITORAL,AAPRESID,Corrientes,Mercedes,3,3,1
LITORAL,AAPRESID,Corrientes,Corrientes,3,1,1
LITORAL,AAPRESID,Corrientes,Corrientes,3,2,0
LITORAL,AAPRESID,Corrientes,Corrientes,3,3,0
LITORAL,AAPPCE,Entre Ríos,Don Cristobal,3,1,0
LITORAL,AAPPCE,Entre Ríos,Don Cristobal,3,2,0
LITORAL,AAPPCE,Entre Ríos,De Isletas,3,1,0
LITORAL,AAPPCE,Entre Ríos,De Isletas,3,2,0
LITORAL,AAPPCE,Entre Ríos,La paz,3,1,0
LITORAL,AAPPCE,Entre Ríos,La paz,3,2,0
LITORAL,AAPPCE,Entre Ríos,Hinojal,3,1,0
LITORAL,AAPPCE,Entre Ríos,Hinojal,3,2,0
LITORAL,AAPRESID,Entre Ríos,Colonia Celina,3,1,0
LITORAL,AAPRESID,Entre Ríos,Viale,3,1,0
LITORAL,AAPRESID,Entre Ríos,Viale,3,2,2
LITORAL,AAPRESID,Entre Ríos,Viale,3,3,0
LITORAL,AAPRESID,Entre Ríos,Sauce Pinto,3,1,1
LITORAL,AAPRESID,Entre Ríos,Sauce Pinto,3,2,0
LITORAL,AAPRESID,Entre Ríos,Gualeguay,3,1,0
LITORAL,AAPRESID,Entre Ríos,Gualeguay,3,2,0
LITORAL,AAPRESID,Entre Ríos,Gualeguay,3,3,0
LITORAL,AAPRESID,Entre Ríos,Paso de las Piedras,3,1,0
LITORAL,AAPRESID,Entre Ríos,Paso de las Piedras,3,2,1
LITORAL,AAPRESID,Entre Ríos,Villa Hernandarias,3,1,0
LITORAL,AAPRESID,Entre Ríos,Villa Hernandarias,3,2,0
LITORAL,AAPRESID,Entre Ríos,Don Cristobal,3,1,0
LITORAL,AAPRESID,Entre Ríos,Don Cristobal,3,2,0
LITORAL,AAPRESID,Entre Ríos,Don Cristobal,3,3,0
LITORAL,CREA,Entre Ríos,Las Garzas,3,1,0
LITORAL,CREA,Entre Ríos,Las Garzas,3,2,0
LITORAL,CREA,Entre Ríos,Las Garzas,3,3,2
LITORAL,CREA,Entre Ríos,Santa Elena,3,1,0
LITORAL,CREA,Entre Ríos,Santa Elena,3,2,1
LITORAL,CREA,Entre Ríos,Santa Elena,3,3,0
LITORAL,CREA,Entre Ríos,Montoya,3,1,0
LITORAL,CREA,Entre Ríos,Montoya,3,2,0
LITORAL,CREA,Entre Ríos,Montoya,3,3,0
LITORAL,CREA,Entre Ríos,La Paz,3,1,0
LITORAL,CREA,Entre Ríos,La Paz,3,2,0
LITORAL,CREA,Entre Ríos,La Paz,3,3,0
LITORAL,CREA,Entre Ríos,Molino Doll,3,1,1
LITORAL,CREA,Entre Ríos,Molino Doll,3,2,0
LITORAL,CREA,Entre Ríos,Molino Doll,3,3,0
LITORAL,CREA,Entre Ríos,Feliciano,3,1,1
LITORAL,CREA,Entre Ríos,Feliciano,3,2,0
LITORAL,CREA,Entre Ríos,Feliciano,3,3,0
LITORAL,CREA,Entre Ríos,Villa Lila,3,1,2
LITORAL,CREA,Entre Ríos,Villa Lila,3,2,0
LITORAL,CREA,Entre Ríos,Villa Lila,3,3,0
LITORAL,CREA,Entre Ríos,Gualeguay,3,1,0
LITORAL,CREA,Entre Ríos,Gualeguay,3,2,1
LITORAL,CREA,Entre Ríos,Victoria,3,1,5
LITORAL,CREA,Entre Ríos,Victoria,3,2,0
LITORAL,CREA,Entre Ríos,Victoria,3,3,5
LITORAL,CREA,Entre Ríos,San Fernando,3,1,2
LITORAL,CREA,Entre Ríos,San Fernando,3,2,0
LITORAL,INTA,Entre Ríos,Nogoya,3,1,0
LITORAL,INTA,Entre Ríos,Nogoya,3,2,0
LITORAL,INTA,Entre Ríos,Parana,3,1,0
LITORAL,INTA,Entre Ríos,Gualeguaychú,3,1,0
LITORAL,INTA,Entre Ríos,Concepción del Uruguay,3,1,0
LITORAL,CREA,Entre Ríos,Arroyo Barú,3,1,0
LITORAL,AAPRESID,Corrientes,Ambosio,3,1,0
CENTRO NORTE,AAPRESID,San Luis,La Toma,3,2,0
CENTRO NORTE,AAPRESID,San Luis,La Toma,3,15/07_al_02/08,0
CENTRO NORTE,AAPPCE,Córdoba,Corralito,3,2,6
CENTRO NORTE,AAPPCE,Córdoba,Corralito,3,3,0
CENTRO NORTE,AAPPCE,Córdoba,Corralito,3,15/07_al_02/08,23
CENTRO NORTE,AAPPCE,Córdoba,Freyre,3,2,0
CENTRO NORTE,AAPPCE,Córdoba,Freyre,3,3,0
CENTRO NORTE,AAPPCE,Córdoba,Freyre,3,15/07_al_02/08,0
CENTRO NORTE,AAPPCE,Córdoba,Morteros,3,2,0
CENTRO NORTE,AAPPCE,Córdoba,Morteros,3,3,0
CENTRO NORTE,AAPPCE,Córdoba,Morteros,3,15/07_al_02/08,0
CENTRO NORTE,AAPPCE,Córdoba,Rayo Cortado,3,2,0
CENTRO NORTE,AAPPCE,Córdoba,Rayo Cortado,3,15/07_al_02/08,23
CENTRO NORTE,AAPPCE,Córdoba,Jesus María,3,15/07_al_02/08,2
CENTRO NORTE,AAPPCE,Córdoba,Río Ceballos,3,2,1
CENTRO NORTE,AAPPCE,Córdoba,Río Ceballos,3,15/07_al_02/08,13
CENTRO NORTE,AAPRESID,Córdoba,Arroyito,3,2,17
CENTRO NORTE,AAPRESID,Córdoba,Arroyito,3,3,6
CENTRO NORTE,AAPRESID,Córdoba,Arroyito,3,15/07_al_02/08,12
CENTRO NORTE,AAPRESID,Córdoba,Cañada de Luque,3,2,2
CENTRO NORTE,AAPRESID,Córdoba,Cañada de Luque,3,3,0
CENTRO NORTE,AAPRESID,Córdoba,Cañada de Luque,3,15/07_al_02/08,11
CENTRO SUR,AAPRESID,San Luís,La Angelina,3,1,0
CENTRO SUR,AAPRESID,San Luís,La Angelina,3,2,0
CENTRO SUR,AAPRESID,San Luís,Nueva Galia,3,1,0
CENTRO SUR,AAPRESID,San Luís,Nueva Galia,3,2,0
CENTRO SUR,CREA,San Luís,Buena Esperanza,3,1,0
CENTRO SUR,CREA,San Luís,Buena Esperanza,3,2,0
CENTRO SUR,CREA,San Luís,Juan Jorba,3,1,5
CENTRO SUR,CREA,San Luís,Juan Jorba,3,2,1
CENTRO SUR,CREA,San Luís,Juan Jorba,3,3,0
CENTRO SUR,CREA,San Luís,Los Molles,3,1,4
CENTRO SUR,CREA,San Luís,Los Molles,3,2,1
CENTRO SUR,CREA,San Luís,Los Molles,3,3,1
CENTRO SUR,CREA,San Luís,Naschel,3,1,0
CENTRO SUR,CREA,San Luís,Naschel,3,2,0
CENTRO SUR,AAPPCE,Córdoba,Ana Zumaran,3,1,0
CENTRO SUR,AAPPCE,Córdoba,Ana Zumaran,3,2,0
CENTRO SUR,AAPPCE,Córdoba,Cnel. Baigorria,3,1,37
CENTRO SUR,AAPPCE,Córdoba,Cnel. Baigorria,3,2,Sin datos
CENTRO SUR,AAPPCE,Córdoba,General Roca,3,1,0
CENTRO SUR,AAPPCE,Córdoba,General Roca,3,2,0
CENTRO SUR,AAPPCE,Córdoba,Gral. Cabrera,3,1,4
CENTRO SUR,AAPPCE,Córdoba,Gral. Cabrera,3,2,Sin datos
CENTRO SUR,AAPPCE,Córdoba,La playosa,3,1,0
CENTRO SUR,AAPPCE,Córdoba,La playosa,3,2,Sin datos
CENTRO SUR,AAPPCE,Córdoba,Ordoñez,3,1,0
CENTRO SUR,AAPPCE,Córdoba,Ordoñez,3,2,0
CENTRO SUR,AAPPCE,Córdoba,Villa María,3,1,0
CENTRO SUR,AAPRESID,Córdoba,Benjamín Gould,3,1,0
CENTRO SUR,AAPRESID,Córdoba,Benjamín Gould,3,2,0
CENTRO SUR,AAPRESID,Córdoba,Buchardo,3,1,0
CENTRO SUR,AAPRESID,Córdoba,Buchardo,3,2,0
CENTRO SUR,AAPRESID,Córdoba,Coronel Moldes,3,1,7
CENTRO SUR,AAPRESID,Córdoba,Coronel Moldes,3,2,5
CENTRO SUR,AAPRESID,Córdoba,Coronel Moldes,3,3,0
CENTRO SUR,AAPRESID,Córdoba,Corral de Bustos,3,1,0
CENTRO SUR,AAPRESID,Córdoba,Corral de Bustos,3,2,0
CENTRO SUR,AAPRESID,Córdoba,Guatimozin,3,1,0
CENTRO SUR,AAPRESID,Córdoba,Guatimozin,3,2,0
CENTRO SUR,AAPRESID,Córdoba,Guatimozin,3,3,0
CENTRO SUR,AAPRESID,Córdoba,Idiazabal,3,1,0
CENTRO SUR,AAPRESID,Córdoba,Idiazabal,3,2,0
CENTRO SUR,AAPRESID,Córdoba,Lecueder,3,1,0
CENTRO SUR,AAPRESID,Córdoba,Lecueder,3,2,0
CENTRO SUR,AAPRESID,Córdoba,Villa Valeria,3,1,0
CENTRO SUR,AAPRESID,Córdoba,Villa Valeria,3,2,0
CENTRO SUR,AAPRESID,Córdoba,Villa Valeria,3,3,0
CENTRO SUR,AAPRESID,Córdoba,Jovita,3,1,0
CENTRO SUR,AAPRESID,Córdoba,Jovita,3,2,0
CENTRO SUR,AAPRESID,Córdoba,Jovita,3,3,0
CENTRO SUR,AAPRESID,Córdoba,Adelia María,3,1,1
CENTRO SUR,AAPRESID,Córdoba,Adelia María,3,2,1
CENTRO SUR,AGTSA,,Vergara,3,15/07_al_02/08,0
CENTRO SUR,AGTSA,,Rosario,3,2,0
CENTRO SUR,AGTSA,,Rosario,3,15/07_al_02/08,6
CENTRO SUR,AGTSA,,Acegua,3,15/07_al_02/08,0
CENTRO SUR,AGTSA,,Chamizo,3,2,1
CENTRO SUR,AGTSA,,Chamizo,3,15/07_al_02/08,3
CENTRO SUR,AGTSA,,Colonia,3,2,0
CENTRO SUR,AGTSA,,Colonia,3,15/07_al_02/08,6
CENTRO SUR,AGTSA,,Young,3,2,2
CENTRO SUR,AGTSA,,Young,3,15/07_al_02/08,1
CENTRO SUR,AGTSA,,Mercedes,3,2,0
CENTRO SUR,AGTSA,,Mercedes,3,15/07_al_02/08,0
NOA,AAPRESID,Jujuy,Palpala,4,2,77
NOA,AAPRESID,Jujuy,Palpala,4,3,9
NOA,AAPRESID,Jujuy,Palpala,4,4,1
NOA,CREA,Jujuy,EL Carmen,4,2,186
NOA,CREA,Jujuy,EL Carmen,4,3,31
NOA,CREA,Jujuy,EL Carmen,4,4,9
NOA,CREA,Jujuy,Fraile Pintado,4,2,7
NOA,CREA,Jujuy,Fraile Pintado,4,3,9
NOA,CREA,Jujuy,Fraile Pintado,4,4,2
NOA,CREA,Jujuy,Santa Clara,4,2,11
NOA,CREA,Jujuy,Santa Clara,4,3,11
NOA,CREA,Jujuy,Santa Clara,4,4,2
NOA,INTA,Jujuy,El bananal,4,2,1
NOA,AAPPCE,Salta,Rio Piedras,4,2,120
NOA,AAPPCE,Salta,Rio Piedras,4,3,25
NOA,AAPPCE,Salta,Rio Piedras,4,4,5
NOA,AAPPCE,Salta,Macapillo,4,2,15
NOA,AAPPCE,Salta,Macapillo,4,3,3
NOA,AAPRESID,Salta,Güemes,4,2,11
NOA,AAPRESID,Salta,Güemes,4,3,12
NOA,AAPRESID,Salta,Güemes,4,4,5
NOA,AAPRESID,Salta,Rivadavia,4,2,8
NOA,AAPRESID,Salta,Rivadavia,4,3,4
NOA,AAPRESID,Salta,Rivadavia,4,4,2
NOA,AAPRESID,Salta,Piquete Cabado 1,4,2,49
NOA,AAPRESID,Salta,Piquete Cabado 1,4,3,6
NOA,AAPRESID,Salta,Piquete Cabado 1,4,4,1
NOA,CREA,Salta,Antilla 5 3,4,2,Trampa
NOA,CREA,Salta,Ballivián,4,2,16
NOA,CREA,Salta,Ballivián,4,3,1
NOA,CREA,Salta,Ballivián,4,4,0
NOA,CREA,Salta,Ceibalito,4,2,11
NOA,CREA,Salta,Ceibalito,4,3,6
NOA,CREA,Salta,Ceibalito,4,4,3
NOA,CREA,Salta,Chaguaral,4,2,0
NOA,CREA,Salta,Chaguaral,4,3,0
NOA,CREA,Salta,Chaguaral,4,4,0
NOA,CREA,Salta,Copo Quiles,4,2,17
NOA,CREA,Salta,Copo Quiles,4,3,4
NOA,CREA,Salta,Copo Quiles,4,4,0
NOA,CREA,Salta,El Bordo,4,2,3
NOA,CREA,Salta,El Bordo,4,3,1
NOA,CREA,Salta,El Bordo,4,4,0
NOA,CREA,Salta,El Galpón,4,2,51
NOA,CREA,Salta,El Galpón,4,3,21
NOA,CREA,Salta,El Galpón,4,4,13
NOA,CREA,Salta,El Tunal,4,2,0
NOA,CREA,Salta,El Tunal,4,3,0
NOA,CREA,Salta,Embarcación,4,2,44
NOA,CREA,Salta,Embarcación,4,3,7
NOA,CREA,Salta,Embarcación,4,4,0
NOA,CREA,Salta,Gral Pizarro,4,2,5
NOA,CREA,Salta,Gral Pizarro,4,3,1
NOA,CREA,Salta,Gral Pizarro,4,4,0
NOA,CREA,Salta,Horcones,4,2,6
NOA,CREA,Salta,Horcones,4,3,3
NOA,CREA,Salta,J V Gonzales,4,2,7
NOA,CREA,Salta,J V Gonzales,4,3,1
NOA,CREA,Salta,J V Gonzales,4,4,1
NOA,CREA,Salta,Las Lajitas (este),4,2,43
NOA,CREA,Salta,Las Lajitas (este),4,3,8
NOA,CREA,Salta,Las Lajitas (este),4,4,2
NOA,CREA,Salta,Las Lajitas T3,4,2,0
NOA,CREA,Salta,Las Lajitas T3,4,3,1
NOA,CREA,Salta,Las Lajitas T3,4,4,2
NOA,CREA,Salta,Metan 1,4,2,4
NOA,CREA,Salta,Metan 1,4,3,0
NOA,CREA,Salta,Metan 1,4,4,0
NOA,CREA,Salta,Metan 2,4,2,2
NOA,CREA,Salta,Metan 2,4,3,4
NOA,CREA,Salta,Metan 2,4,4,2
NOA,CREA,Salta,Mollinedo,4,2,21
NOA,CREA,Salta,Mollinedo,4,3,4
NOA,CREA,Salta,Mollinedo,4,4,3
NOA,CREA,Salta,Mosconi,4,2,26
NOA,CREA,Salta,Mosconi,4,3,7
NOA,CREA,Salta,Mosconi,4,4,1
NOA,CREA,Salta,Nstra Sra de,4,2,0
NOA,CREA,Salta,Nstra Sra de,4,3,4
NOA,CREA,Salta,Nstra Sra de,4,4,0
NEA,CREA,Formosa,Las Lomitas,4,2,0
NEA,CREA,Formosa,Las Lomitas,4,3,0
NEA,CREA,Formosa,El Naranjo,4,2,1
NEA,CREA,Formosa,Campo del Cielo,4,2,0
NEA,CREA,Formosa,Campo del Cielo,4,3,0
NEA,CREA,Formosa,Campo del Cielo,4,4,0
NEA,INTA,Formosa,"Comandante
Fontana",4,2,0
NEA,INTA,Formosa,"Comandante
Fontana",4,3,0
NEA,INTA,Formosa,Campo de Cielo,4,2,0
NEA,INTA,Formosa,Campo de Cielo,4,3,0
NEA,AAPRESID,Chaco,Tres Isletas,4,2,4
NEA,AAPRESID,Chaco,Tres Isletas,4,3,0
NEA,AAPRESID,Chaco,Tres Isletas,4,4,0
NEA,AAPRESID,Chaco,Pampa del Infierno,4,2,3
NEA,AAPRESID,Chaco,Pampa del Infierno,4,3,2
NEA,AAPRESID,Chaco,Pampa del Infierno,4,4,0
NEA,AAPRESID,Chaco,Concepcion del,4,2,0
NEA,AAPRESID,Chaco,Concepcion del,4,3,10
NEA,AAPRESID,Chaco,Concepcion del,4,4,0
NEA,AAPRESID,Chaco,Concepcion del,4,2,1
NEA,AAPRESID,Chaco,Concepcion del,4,3,0
NEA,AAPRESID,Chaco,Concepcion del,4,4,1
NEA,CREA,Chaco,Los Frentones,4,2,4
NEA,CREA,Chaco,Los Frentones,4,3,0
NEA,CREA,Chaco,Los Frentones,4,4,0
NEA,CREA,Chaco,Castelli,4,2,1
NEA,CREA,Chaco,Castelli,4,3,0
NEA,CREA,Chaco,Castelli,4,4,0
NEA,CREA,Chaco,El Timbo Pampa,4,2,1
NEA,CREA,Chaco,El Timbo Pampa,4,3,0
NEA,CREA,Chaco,El Timbo Pampa,4,4,0
NEA,CREA,Chaco,El tocon Bermejo,4,2,6
NEA,CREA,Chaco,El tocon Bermejo,4,3,0
NEA,CREA,Chaco,El tocon Bermejo,4,4,0
NEA,CREA,Chaco,Las Breñas,4,2,2
NEA,CREA,Chaco,Las Breñas,4,3,0
NEA,CREA,Chaco,Santa Teresa,4,2,1
NEA,CREA,Chaco,Santa Teresa,4,3,0
NEA,CREA,Chaco,Santa Teresa,4,4,0
NEA,CREA,Chaco,Pampa cejas,4,2,0
NEA,CREA,Chaco,Pampa cejas,4,3,0
NEA,CREA,Chaco,Pampa cejas,4,4,0
NEA,CREA,Chaco,3 retoños,4,2,6
NEA,CREA,Chaco,3 retoños,4,3,1
NEA,CREA,Chaco,Quitilipi,4,2,0
NEA,CREA,Chaco,Quitilipi,4,3,0
NEA,CREA,Chaco,Pampa de los,4,2,3
NEA,CREA,Chaco,Pampa de los,4,3,0
NEA,CREA,Chaco,Pampa de los,4,4,0
NEA,CREA,Chaco,Pampa del Infierno,4,2,0
NEA,CREA,Chaco,Pampa del Infierno,4,3,0
NEA,CREA,Chaco,PampaToloza,4,2,0
NEA,CREA,Chaco,PampaToloza,4,3,0
NEA,CREA,Chaco,PampaToloza,4,4,Sin datos
NEA,CREA,Chaco,Kempe,4,2,2
NEA,CREA,Chaco,Kempe,4,3,0
NEA,INTA,Chaco,Pampa del Infierno,4,2,3
NEA,INTA,Chaco,Pampa del Infierno,4,3,3
NEA,INTA,Chaco,Pampa de los,4,2,0
NEA,INTA,Chaco,Pampa de los,4,3,0
NEA,INTA,Chaco,Las Breñas,4,2,0
NEA,INTA,Chaco,Las Breñas,4,3,0
NEA,INTA,Chaco,Juan José Castelli,4,2,13
NEA,INTA,Chaco,Juan José Castelli,4,3,0
NEA,INTA,Chaco,Gancedo,4,2,0
NEA,INTA,Chaco,Gancedo,4,3,0
NEA,INTA,Chaco,Tres Isletas,4,2,1
NEA,AAPPCE,Santiago Del Estero,Weisburd,4,2,0
NEA,AAPPCE,Santiago Del Estero,Weisburd,4,3,2
NEA,AAPPCE,Santiago Del Estero,Weisburd,4,4,3
NEA,AAPPCE,Santiago Del Estero,Bandera,4,2,5
NEA,AAPPCE,Santiago Del Estero,Bandera,4,3,0
NEA,AAPPCE,Santiago Del Estero,Bandera,4,4,0
NEA,AAPRESID,Santiago Del Estero,Bandera,4,2,0
NEA,AAPRESID,Santiago Del Estero,Bandera,4,3,1
LITORAL,AAPRESID,Corrientes,Mercedes,4,2,0
LITORAL,AAPRESID,Corrientes,Mercedes,4,3,1
LITORAL,AAPRESID,Corrientes,Mercedes,4,4,0
LITORAL,AAPRESID,Corrientes,Ambosio,4,2,0
LITORAL,AAPRESID,Corrientes,Ambosio,4,3,0
LITORAL,AAPRESID,Corrientes,Corrientes,4,2,0
LITORAL,AAPRESID,Corrientes,Corrientes,4,3,0
LITORAL,AAPRESID,Corrientes,Corrientes,4,4,0
LITORAL,AAPRESID,Corrientes,Bella Vista,4,2,4
LITORAL,AAPRESID,Corrientes,Bella Vista,4,3,5
LITORAL,AAPRESID,Corrientes,Bella Vista,4,4,2
LITORAL,AAPPCE,Entre Ríos,Don Cristobal,4,2,0
LITORAL,AAPPCE,Entre Ríos,Don Cristobal,4,3,0
LITORAL,AAPPCE,Entre Ríos,Don Cristobal,4,4,0
LITORAL,AAPPCE,Entre Ríos,Isletas,4,2,0
LITORAL,AAPPCE,Entre Ríos,Isletas,4,3,0
LITORAL,AAPPCE,Entre Ríos,Isletas,4,4,0
LITORAL,AAPPCE,Entre Ríos,La paz,4,2,0
LITORAL,AAPPCE,Entre Ríos,La paz,4,3,0
LITORAL,AAPPCE,Entre Ríos,La paz,4,4,0
LITORAL,AAPPCE,Entre Ríos,Hinojal,4,2,0
LITORAL,AAPPCE,Entre Ríos,Hinojal,4,3,0
LITORAL,AAPPCE,Entre Ríos,Hinojal,4,4,0
LITORAL,AAPRESID,Entre Ríos,Colonia Celina,4,2,0
LITORAL,AAPRESID,Entre Ríos,Colonia Celina,4,3,0
LITORAL,AAPRESID,Entre Ríos,Viale,4,2,2
LITORAL,AAPRESID,Entre Ríos,Viale,4,3,0
LITORAL,AAPRESID,Entre Ríos,Viale,4,4,0
LITORAL,AAPRESID,Entre Ríos,Sauce Pinto,4,2,1
LITORAL,AAPRESID,Entre Ríos,Sauce Pinto,4,3,0
LITORAL,AAPRESID,Entre Ríos,Sauce Pinto,4,4,0
LITORAL,AAPRESID,Entre Ríos,Gualeguay,4,2,0
LITORAL,AAPRESID,Entre Ríos,Gualeguay,4,3,0
LITORAL,AAPRESID,Entre Ríos,Gualeguay,4,4,0
LITORAL,AAPRESID,Entre Ríos,Paso de las Piedras,4,2,0
LITORAL,AAPRESID,Entre Ríos,Paso de las Piedras,4,3,1
LITORAL,AAPRESID,Entre Ríos,Paso de las Piedras,4,4,0
LITORAL,AAPRESID,Entre Ríos,Villa Hernandarias,4,2,0
LITORAL,AAPRESID,Entre Ríos,Villa Hernandarias,4,3,0
LITORAL,AAPRESID,Entre Ríos,Villa Hernandarias,4,4,0
LITORAL,AAPRESID,Entre Ríos,Don Cristobal,4,2,0
LITORAL,AAPRESID,Entre Ríos,Don Cristobal,4,3,0
LITORAL,AAPRESID,Entre Ríos,Don Cristobal,4,4,0
LITORAL,CREA,Entre Ríos,Las Garzas,4,2,0
LITORAL,CREA,Entre Ríos,Las Garzas,4,3,2
LITORAL,CREA,Entre Ríos,Las Garzas,4,4,0
LITORAL,CREA,Entre Ríos,Santa Elena,4,2,1
LITORAL,CREA,Entre Ríos,Santa Elena,4,3,0
LITORAL,CREA,Entre Ríos,Santa Elena,4,4,1
LITORAL,CREA,Entre Ríos,Montoya,4,2,0
LITORAL,CREA,Entre Ríos,Montoya,4,3,0
LITORAL,CREA,Entre Ríos,Montoya,4,4,0
LITORAL,CREA,Entre Ríos,La Paz,4,2,0
LITORAL,CREA,Entre Ríos,La Paz,4,3,0
LITORAL,CREA,Entre Ríos,La Paz,4,4,2
LITORAL,CREA,Entre Ríos,Molino Doll,4,2,0
LITORAL,CREA,Entre Ríos,Molino Doll,4,3,0
LITORAL,CREA,Entre Ríos,Molino Doll,4,4,0
LITORAL,CREA,Entre Ríos,Feliciano,4,2,0
LITORAL,CREA,Entre Ríos,Feliciano,4,3,0
LITORAL,CREA,Entre Ríos,Feliciano,4,4,0
LITORAL,CREA,Entre Ríos,Villa Lila,4,2,0
LITORAL,CREA,Entre Ríos,Villa Lila,4,3,0
LITORAL,CREA,Entre Ríos,Villa Lila,4,4,0
LITORAL,CREA,Entre Ríos,Gualeguay,4,2,0
LITORAL,CREA,Entre Ríos,Gualeguay,4,3,1
LITORAL,CREA,Entre Ríos,Gualeguay,4,4,0
LITORAL,CREA,Entre Ríos,Victoria,4,2,0
LITORAL,CREA,Entre Ríos,Victoria,4,3,0
LITORAL,CREA,Entre Ríos,Victoria,4,4,0
LITORAL,CREA,Entre Ríos,Arroyo Barú,4,2,0
LITORAL,CREA,Entre Ríos,Arroyo Barú,4,3,0
LITORAL,CREA,Entre Ríos,San Fernando,4,2,2
LITORAL,CREA,Entre Ríos,San Fernando,4,3,0
LITORAL,CREA,Entre Ríos,San Fernando,4,4,0
LITORAL,INTA,Entre Ríos,La Paz,4,2,0
LITORAL,INTA,Entre Ríos,Nogoya,4,2,0
LITORAL,INTA,Entre Ríos,Nogoya,4,3,0
LITORAL,INTA,Entre Ríos,Nogoya,4,4,0
LITORAL,INTA,Entre Ríos,Parana,4,2,0
LITORAL,INTA,Entre Ríos,Parana,4,3,0
LITORAL,INTA,Entre Ríos,Gualeguaychú,4,2,0
LITORAL,INTA,Entre Ríos,Gualeguaychú,4,3,0
LITORAL,INTA,Entre Ríos,Concepción del Uruguay,4,2,0
LITORAL,INTA,Entre Ríos,Concepción del Uruguay,4,3,0
LITORAL,INTA,Entre Ríos,Diamante,4,2,0
CENTRO NORTE,AAPRESID,San Luis,La Toma,4,2,0
CENTRO NORTE,AAPRESID,San Luis,La Toma,4,3,0
CENTRO NORTE,AAPRESID,San Luis,La Toma,4,02/08_al_17/08,0
CENTRO NORTE,AAPPCE,Córdoba,Corralito,4,2,0
CENTRO NORTE,AAPPCE,Córdoba,Corralito,4,3,0
CENTRO NORTE,AAPPCE,Córdoba,Corralito,4,02/08_al_17/08,6
CENTRO NORTE,AAPPCE,Córdoba,Freyre,4,2,0
CENTRO NORTE,AAPPCE,Córdoba,Freyre,4,3,0
CENTRO NORTE,AAPPCE,Córdoba,Freyre,4,02/08_al_17/08,0
CENTRO NORTE,AAPPCE,Córdoba,Morteros,4,2,0
CENTRO NORTE,AAPPCE,Córdoba,Morteros,4,3,0
CENTRO NORTE,AAPPCE,Córdoba,Morteros,4,02/08_al_17/08,0
CENTRO NORTE,AAPPCE,Córdoba,Rayo Cortado,4,2,0
CENTRO NORTE,AAPPCE,Córdoba,Rayo Cortado,4,3,0
CENTRO NORTE,AAPPCE,Córdoba,Rayo Cortado,4,02/08_al_17/08,23
CENTRO NORTE,AAPPCE,Córdoba,Jesus María,4,2,2
CENTRO NORTE,AAPPCE,Córdoba,Jesus María,4,02/08_al_17/08,2
CENTRO NORTE,AAPPCE,Córdoba,Río Ceballos,4,2,1
CENTRO NORTE,AAPPCE,Córdoba,Río Ceballos,4,3,1
CENTRO NORTE,AAPPCE,Córdoba,Río Ceballos,4,02/08_al_17/08,13
CENTRO NORTE,AAPRESID,Córdoba,Arroyito,4,2,6
CENTRO NORTE,AAPRESID,Córdoba,Arroyito,4,3,0
CENTRO NORTE,AAPRESID,Córdoba,Arroyito,4,02/08_al_17/08,17
CENTRO NORTE,AAPRESID,Córdoba,Cañada de Luque,4,2,0
CENTRO NORTE,AAPRESID,Córdoba,Cañada de Luque,4,3,0
CENTRO NORTE,AAPRESID,Córdoba,Cañada de Luque,4,02/08_al_17/08,2
CENTRO SUR,AAPRESID,San Luís,La Angelina,4,2,0
CENTRO SUR,AAPRESID,San Luís,La Angelina,4,3,0
CENTRO SUR,AAPRESID,San Luís,La Angelina,4,4,0
CENTRO SUR,AAPRESID,San Luís,Nueva Galia,4,2,0
CENTRO SUR,AAPRESID,San Luís,Nueva Galia,4,3,0
CENTRO SUR,AAPRESID,San Luís,Nueva Galia,4,4,0
CENTRO SUR,CREA,San Luís,Buena Esperanza,4,2,0
CENTRO SUR,CREA,San Luís,Buena Esperanza,4,3,0
CENTRO SUR,CREA,San Luís,Buena Esperanza,4,4,0
CENTRO SUR,CREA,San Luís,Juan Jorba,4,2,1
CENTRO SUR,CREA,San Luís,Juan Jorba,4,3,0
CENTRO SUR,CREA,San Luís,Juan Jorba,4,4,0
CENTRO SUR,CREA,San Luís,Los molles,4,2,1
CENTRO SUR,CREA,San Luís,Los molles,4,3,1
CENTRO SUR,CREA,San Luís,Los molles,4,4,1
CENTRO SUR,CREA,San Luís,Naschel,4,2,0
CENTRO SUR,CREA,San Luís,Naschel,4,3,0
CENTRO SUR,CREA,San Luís,Naschel,4,4,0
CENTRO SUR,AAPPCE,Córdoba,Ana Zumaran,4,2,0
CENTRO SUR,AAPPCE,Córdoba,Ana Zumaran,4,3,0
CENTRO SUR,AAPPCE,Córdoba,Ana Zumaran,4,4,1
CENTRO SUR,AAPPCE,Córdoba,Cnel. Baigorria,4,2,37
CENTRO SUR,AAPPCE,Córdoba,Cnel. Baigorria,4,3,0
CENTRO SUR,AAPPCE,Córdoba,Cnel. Baigorria,4,4,0
CENTRO SUR,AAPPCE,Córdoba,General Roca,4,2,0
CENTRO SUR,AAPPCE,Córdoba,General Roca,4,3,0
CENTRO SUR,AAPPCE,Córdoba,General Roca,4,4,0
CENTRO SUR,AAPPCE,Córdoba,Gral. Cabrera,4,2,4
CENTRO SUR,AAPPCE,Córdoba,Gral. Cabrera,4,3,0
CENTRO SUR,AAPPCE,Córdoba,Gral. Cabrera,4,4,0
CENTRO SUR,AAPPCE,Córdoba,La playosa,4,2,0
CENTRO SUR,AAPPCE,Córdoba,La playosa,4,3,1
CENTRO SUR,AAPPCE,Córdoba,La playosa,4,4,2
CENTRO SUR,AAPPCE,Córdoba,Ordoñez,4,2,0
CENTRO SUR,AAPPCE,Córdoba,Ordoñez,4,3,0
CENTRO SUR,AAPPCE,Córdoba,Ordoñez,4,4,0
CENTRO SUR,AAPPCE,Córdoba,Villa María,4,2,0
CENTRO SUR,AAPPCE,Córdoba,Villa María,4,3,1
CENTRO SUR,AAPPCE,Córdoba,Tosquita,4,2,0
CENTRO SUR,AAPPCE,Córdoba,Tosquita,4,3,0
CENTRO SUR,AAPRESID,Córdoba,Benjamín Gould,4,2,0
CENTRO SUR,AAPRESID,Córdoba,Benjamín Gould,4,3,0
CENTRO SUR,AAPRESID,Córdoba,Benjamín Gould,4,4,0
CENTRO SUR,AAPRESID,Córdoba,Buchardo,4,2,0
CENTRO SUR,AAPRESID,Córdoba,Buchardo,4,3,0
CENTRO SUR,AAPRESID,Córdoba,Buchardo,4,4,0
CENTRO SUR,AAPRESID,Córdoba,Coronel Moldes,4,2,5
CENTRO SUR,AAPRESID,Córdoba,Coronel Moldes,4,3,0
CENTRO SUR,AAPRESID,Córdoba,Coronel Moldes,4,4,1
CENTRO SUR,AAPRESID,Córdoba,Corral de Bustos,4,2,0
CENTRO SUR,AAPRESID,Córdoba,Corral de Bustos,4,3,0
CENTRO SUR,AAPRESID,Córdoba,Corral de Bustos,4,4,0
CENTRO SUR,AAPRESID,Córdoba,Guatimozin,4,2,0
CENTRO SUR,AAPRESID,Córdoba,Guatimozin,4,3,0
CENTRO SUR,AAPRESID,Córdoba,Guatimozin,4,4,0
CENTRO SUR,AAPRESID,Córdoba,Idiazabal,4,2,0
CENTRO SUR,AAPRESID,Córdoba,Idiazabal,4,3,0
CENTRO SUR,AAPRESID,Córdoba,Idiazabal,4,4,0
CENTRO SUR,AAPRESID,Córdoba,Lecueder,4,2,0
CENTRO SUR,AAPRESID,Córdoba,Lecueder,4,3,0
CENTRO SUR,AAPRESID,Córdoba,Lecueder,4,4,0
CENTRO SUR,AAPRESID,Córdoba,Villa Valeria,4,2,0
CENTRO SUR,AAPRESID,Córdoba,Villa Valeria,4,3,0
CENTRO SUR,AAPRESID,Córdoba,Villa Valeria,4,4,0
URUGUAY,AGTSA,,Vergara,4,2,0
URUGUAY,AGTSA,,Vergara,4,02/08_al_17/08,0
URUGUAY,AGTSA,,Rosario,4,2,0
URUGUAY,AGTSA,,Rosario,4,3,2
URUGUAY,AGTSA,,Rosario,4,02/08_al_17/08,6
URUGUAY,AGTSA,,Acegua,4,2,Sin datos
URUGUAY,AGTSA,,Acegua,4,02/08_al_17/08,0
URUGUAY,AGTSA,,Chamizo,4,2,1
URUGUAY,AGTSA,,Chamizo,4,3,Sin datos
URUGUAY,AGTSA,,Chamizo,4,02/08_al_17/08,3
URUGUAY,AGTSA,,Colonia,4,2,0
URUGUAY,AGTSA,,Colonia,4,3,Sin datos
URUGUAY,AGTSA,,Colonia,4,02/08_al_17/08,6
URUGUAY,AGTSA,,Young,4,2,2
URUGUAY,AGTSA,,Young,4,3,1
URUGUAY,AGTSA,,Young,4,02/08_al_17/08,1
URUGUAY,AGTSA,,Mercedes,4,2,0
URUGUAY,AGTSA,,Mercedes,4,3,0
URUGUAY,AGTSA,,Mercedes,4,02/08_al_17/08,0
URUGUAY,AGTSA,,Durazno,4,2,0
URUGUAY,AGTSA,,Durazno,4,3,0
URUGUAY,AGTSA,,Durazno,4,02/08_al_17/08,0
URUGUAY,AGTSA,,Constancia,4,2,0
URUGUAY,AGTSA,,Constancia,4,3,0
URUGUAY,AGTSA,,Constancia,4,02/08_al_17/08,0
URUGUAY,AGTSA,,Young,4,2,0
URUGUAY,AGTSA,,Young,4,3,Sin datos
URUGUAY,AGTSA,,Young,4,02/08_al_17/08,0
URUGUAY,AGTSA,,Palmitas,4,2,0
URUGUAY,AGTSA,,Palmitas,4,3,0
URUGUAY,AGTSA,,Palmitas,4,02/08_al_17/08,0
NOA,AAPRESID,Jujuy,Palpala,5,3,9
NOA,AAPRESID,Jujuy,Palpala,5,4,1
NOA,AAPRESID,Jujuy,Palpala,5,5,1
NOA,CREA,Jujuy,EL Carmen,5,3,31
NOA,CREA,Jujuy,EL Carmen,5,4,9
NOA,CREA,Jujuy,EL Carmen,5,5,4
NOA,CREA,Jujuy,Fraile Pintado,5,3,9
NOA,CREA,Jujuy,Fraile Pintado,5,4,2
NOA,CREA,Jujuy,Fraile Pintado,5,5,1
NOA,CREA,Jujuy,Santa Clara,5,3,11
NOA,CREA,Jujuy,Santa Clara,5,4,2
NOA,CREA,Jujuy,Santa Clara,5,5,0
NOA,INTA,Jujuy,El bananal,5,3,1
NOA,INTA,Jujuy,El bananal,5,4,1
NOA,AAPPCE,Salta,Rio Piedras,5,3,25
NOA,AAPPCE,Salta,Rio Piedras,5,4,5
NOA,AAPPCE,Salta,Rio Piedras,5,5,6
NOA,AAPPCE,Salta,Macapillo,5,3,15
NOA,AAPPCE,Salta,Macapillo,5,4,3
NOA,AAPPCE,Salta,Macapillo,5,5,2
NOA,AAPRESID,Salta,Güemes,5,3,12
NOA,AAPRESID,Salta,Güemes,5,4,5
NOA,AAPRESID,Salta,Güemes,5,5,3
NOA,AAPRESID,Salta,Rivadavia,5,3,4
NOA,AAPRESID,Salta,Rivadavia,5,4,2
NOA,AAPRESID,Salta,Rivadavia,5,5,3
NOA,AAPRESID,Salta,Piquete Cabado 1,5,3,6
NOA,AAPRESID,Salta,Piquete Cabado 1,5,4,1
NOA,AAPRESID,Salta,Piquete Cabado 1,5,5,1
NOA,CREA,Salta,Antilla 3 Trampa,5,3,5
NOA,CREA,Salta,Ballivián,5,3,1
NOA,CREA,Salta,Ballivián,5,4,0
NOA,CREA,Salta,Ballivián,5,5,0
NOA,CREA,Salta,Ceibalito,5,3,6
NOA,CREA,Salta,Ceibalito,5,4,3
NOA,CREA,Salta,Ceibalito,5,5,1
NOA,CREA,Salta,Chaguaral,5,3,0
NOA,CREA,Salta,Chaguaral,5,4,0
NOA,CREA,Salta,Chaguaral,5,5,1
NOA,CREA,Salta,Copo Quiles,5,3,4
NOA,CREA,Salta,Copo Quiles,5,4,0
NOA,CREA,Salta,Copo Quiles,5,5,0
NOA,CREA,Salta,El Bordo,5,3,1
NOA,CREA,Salta,El Bordo,5,4,0
NOA,CREA,Salta,El Bordo,5,5,0
NOA,CREA,Salta,El Galpón,5,3,21
NOA,CREA,Salta,El Galpón,5,4,13
NOA,CREA,Salta,El Galpón,5,5,0
NOA,CREA,Salta,El Tunal,5,3,0
NOA,CREA,Salta,El Tunal,5,4,0
NOA,CREA,Salta,El Tunal,5,5,0
NOA,CREA,Salta,Embarcación,5,3,7
NOA,CREA,Salta,Embarcación,5,4,0
NOA,CREA,Salta,Embarcación,5,5,1
NOA,CREA,Salta,Gral Pizarro,5,3,1
NOA,CREA,Salta,Gral Pizarro,5,4,0
NOA,CREA,Salta,Gral Pizarro,5,5,0
NOA,CREA,Salta,Horcones,5,3,6
NOA,CREA,Salta,Horcones,5,4,3
NOA,CREA,Salta,Horcones,5,5,0
NOA,CREA,Salta,J V Gonzales,5,3,1
NOA,CREA,Salta,J V Gonzales,5,4,1
NOA,CREA,Salta,J V Gonzales,5,5,1
NOA,CREA,Salta,Las Lajitas (este),5,3,8
NOA,CREA,Salta,Las Lajitas (este),5,4,2
NOA,CREA,Salta,Las Lajitas (este),5,5,2
NOA,CREA,Salta,Las Lajitas T3,5,3,1
NOA,CREA,Salta,Las Lajitas T3,5,4,2
NOA,CREA,Salta,Las Lajitas T3,5,5,1
NOA,CREA,Salta,Metan 1,5,3,0
NOA,CREA,Salta,Metan 1,5,4,0
NOA,CREA,Salta,Metan 1,5,5,1
NOA,CREA,Salta,Metan 2,5,3,4
NOA,CREA,Salta,Metan 2,5,4,2
NOA,CREA,Salta,Metan 2,5,5,3
NOA,CREA,Salta,Mollinedo,5,3,4
NOA,CREA,Salta,Mollinedo,5,4,3
NOA,CREA,Salta,Mollinedo,5,5,0
NOA,CREA,Salta,Mosconi,5,3,7
NOA,CREA,Salta,Mosconi,5,4,1
NOA,CREA,Salta,Mosconi,5,5,1
NOA,CREA,Salta,"Nstra Sra de
Talavera",5,3,4
NOA,CREA,Salta,"Nstra Sra de
Talavera",5,4,0
NOA,CREA,Salta,"Nstra Sra de
Talavera",5,5,0
NEA,CREA,Formosa,Las Lomitas,5,3,0
NEA,CREA,Formosa,Las Lomitas,5,4,0
NEA,CREA,Formosa,Las Lomitas,5,5,0
NEA,CREA,Formosa,El Naranjo,5,3,1
NEA,CREA,Formosa,El Naranjo,5,4,0
NEA,INTA,Formosa,Comandante Fontana,5,3,0
NEA,INTA,Formosa,Comandante Fontana,5,4,0
NEA,INTA,Formosa,Comandante Fontana,5,5,1
NEA,INTA,Formosa,El colorado,5,3,1
NEA,AAPRESID,Chaco,Tres Isletas,5,3,0
NEA,AAPRESID,Chaco,Tres Isletas,5,4,0
NEA,AAPRESID,Chaco,Tres Isletas,5,5,3
NEA,AAPRESID,Chaco,Pampa del Infierno,5,3,2
NEA,AAPRESID,Chaco,Pampa del Infierno,5,4,0
NEA,AAPRESID,Chaco,Pampa del Infierno,5,5,0
NEA,AAPRESID,Chaco,"Concepcion del
Bermejo (Estanislao)",5,3,10
NEA,AAPRESID,Chaco,"Concepcion del
Bermejo (Estanislao)",5,4,0
NEA,AAPRESID,Chaco,"Concepcion del
Bermejo (Estanislao)",5,5,2
NEA,AAPRESID,Chaco,"Don Luciano (C. del
Bermejo)",5,3,0
NEA,AAPRESID,Chaco,"Don Luciano (C. del
Bermejo)",5,4,1
NEA,AAPRESID,Chaco,"Don Luciano (C. del
Bermejo)",5,5,0
NEA,AAPRESID,Chaco,Las Piedritas,5,3,0
NEA,AAPRESID,Chaco,Las Piedritas,5,4,0
NEA,CREA,Chaco,Los Frentones,5,3,0
NEA,CREA,Chaco,Los Frentones,5,4,0
NEA,CREA,Chaco,Los Frentones,5,5,0
NEA,CREA,Chaco,Juan José Castelli,5,3,0
NEA,CREA,Chaco,Juan José Castelli,5,4,0
NEA,CREA,Chaco,Juan José Castelli,5,5,0
NEA,CREA,Chaco,El Timbo Pampa,5,3,0
NEA,CREA,Chaco,El Timbo Pampa,5,4,0
NEA,CREA,Chaco,El Timbo Pampa,5,5,1
NEA,CREA,Chaco,El Tocon Bermejo,5,3,0
NEA,CREA,Chaco,El Tocon Bermejo,5,4,0
NEA,CREA,Chaco,El Tocon Bermejo,5,5,0
NEA,CREA,Chaco,Las Breñas,5,3,2
NEA,CREA,Chaco,Las Breñas,5,4,0
NEA,CREA,Chaco,Las Breñas,5,5,0
NEA,CREA,Chaco,"Santa Teresa
Capdevilla",5,3,0
NEA,CREA,Chaco,"Santa Teresa
Capdevilla",5,4,0
NEA,CREA,Chaco,"Santa Teresa
Capdevilla",5,5,0
NEA,CREA,Chaco,Pampa Cejas,5,3,0
NEA,CREA,Chaco,Pampa Cejas,5,4,0
NEA,CREA,Chaco,Pampa Cejas,5,5,0
NEA,CREA,Chaco,3 Retoños,5,3,6
NEA,CREA,Chaco,3 Retoños,5,4,1
NEA,CREA,Chaco,3 Retoños,5,5,0
NEA,CREA,Chaco,Quitilipi,5,3,0
NEA,CREA,Chaco,Quitilipi,5,4,0
NEA,CREA,Chaco,Quitilipi,5,5,0
NEA,CREA,Chaco,"Pampa de los
Guanacos",5,3,0
NEA,CREA,Chaco,"Pampa de los
Guanacos",5,4,0
NEA,CREA,Chaco,"Pampa de los
Guanacos",5,5,0
NEA,CREA,Chaco,Pampa del Infierno,5,3,0
NEA,CREA,Chaco,Pampa del Infierno,5,4,0
NEA,CREA,Chaco,Pampa del Infierno,5,5,5
NEA,CREA,Chaco,PampaToloza,5,3,0
NEA,CREA,Chaco,PampaToloza,5,4,0
NEA,CREA,Chaco,PampaToloza,5,5,0
NEA,CREA,Chaco,Kempe,5,3,2
NEA,CREA,Chaco,Kempe,5,4,0
NEA,CREA,Chaco,Kempe,5,5,0
NEA,INTA,Chaco,Pampa del Infierno,5,3,3
NEA,INTA,Chaco,Pampa del Infierno,5,4,3
NEA,INTA,Chaco,Pampa del Infierno,5,5,1
NEA,INTA,Chaco,"Pampa de los
Guanacos",5,3,0
NEA,INTA,Chaco,"Pampa de los
Guanacos",5,4,0
NEA,INTA,Chaco,"Pampa de los
Guanacos",5,5,0
NEA,INTA,Chaco,Las Breñas,5,3,0
NEA,INTA,Chaco,Las Breñas,5,4,0
NEA,INTA,Chaco,Las Breñas,5,5,0
NEA,INTA,Chaco,Juan José Castelli,5,3,13
NEA,INTA,Chaco,Juan José Castelli,5,4,0
NEA,INTA,Chaco,Juan José Castelli,5,5,3
NEA,INTA,Chaco,Gancedo,5,3,0
NEA,INTA,Chaco,Gancedo,5,4,0
NEA,INTA,Chaco,Gancedo,5,5,0
NEA,INTA,Chaco,Gral. Pinedo,5,3,0
NEA,INTA,Chaco,Tres Isletas,5,3,1
NEA,INTA,Chaco,Tres Isletas,5,4,0
NEA,INTA,Chaco,Basail,5,3,1
NEA,AAPPCE,Santiago Del Estero,Weisburd,5,3,2
NEA,AAPPCE,Santiago Del Estero,Weisburd,5,4,3
NEA,AAPPCE,Santiago Del Estero,Weisburd,5,5,1
LITORAL,AAPRESID,Corrientes,Mercedes,5,3,1
LITORAL,AAPRESID,Corrientes,Mercedes,5,4,0
LITORAL,AAPRESID,Corrientes,Mercedes,5,5,5
LITORAL,AAPRESID,Corrientes,Ambosio,5,3,0
LITORAL,AAPRESID,Corrientes,Ambosio,5,4,0
LITORAL,AAPRESID,Corrientes,Ambosio,5,5,0
LITORAL,AAPRESID,Corrientes,Corrientes,5,3,0
LITORAL,AAPRESID,Corrientes,Corrientes,5,4,0
LITORAL,AAPRESID,Corrientes,Corrientes,5,5,3
LITORAL,AAPRESID,Corrientes,Bella Vista,5,3,5
LITORAL,AAPRESID,Corrientes,Bella Vista,5,4,2
LITORAL,AAPRESID,Corrientes,Bella Vista,5,5,2
LITORAL,AAPPCE,Entre Ríos,Don Cristobal,5,3,0
LITORAL,AAPPCE,Entre Ríos,Don Cristobal,5,4,0
LITORAL,AAPPCE,Entre Ríos,Don Cristobal,5,5,0
LITORAL,AAPPCE,Entre Ríos,Isletas,5,3,0
LITORAL,AAPPCE,Entre Ríos,Isletas,5,4,0
LITORAL,AAPPCE,Entre Ríos,Isletas,5,5,0
LITORAL,AAPPCE,Entre Ríos,La paz,5,3,0
LITORAL,AAPPCE,Entre Ríos,La paz,5,4,0
LITORAL,AAPPCE,Entre Ríos,La paz,5,5,0
LITORAL,AAPPCE,Entre Ríos,Hinojal,5,3,0
LITORAL,AAPPCE,Entre Ríos,Hinojal,5,4,0
LITORAL,AAPPCE,Entre Ríos,Hinojal,5,5,0
LITORAL,AAPRESID,Entre Ríos,Colonia Celina,5,3,0
LITORAL,AAPRESID,Entre Ríos,Colonia Celina,5,4,0
LITORAL,AAPRESID,Entre Ríos,Colonia Celina,5,5,0
LITORAL,AAPRESID,Entre Ríos,Viale,5,3,0
LITORAL,AAPRESID,Entre Ríos,Viale,5,4,0
LITORAL,AAPRESID,Entre Ríos,Viale,5,5,0
LITORAL,AAPRESID,Entre Ríos,Sauce Pinto,5,3,0
LITORAL,AAPRESID,Entre Ríos,Sauce Pinto,5,4,0
LITORAL,AAPRESID,Entre Ríos,Sauce Pinto,5,5,0
LITORAL,AAPRESID,Entre Ríos,Gualeguay,5,3,0
LITORAL,AAPRESID,Entre Ríos,Gualeguay,5,4,0
LITORAL,AAPRESID,Entre Ríos,Gualeguay,5,5,0
LITORAL,AAPRESID,Entre Ríos,Paso de las Piedras,5,3,1
LITORAL,AAPRESID,Entre Ríos,Paso de las Piedras,5,4,0
LITORAL,AAPRESID,Entre Ríos,Paso de las Piedras,5,5,0
LITORAL,AAPRESID,Entre Ríos,Villa Hernandarias,5,3,0
LITORAL,AAPRESID,Entre Ríos,Villa Hernandarias,5,4,0
LITORAL,AAPRESID,Entre Ríos,Villa Hernandarias,5,5,0
LITORAL,AAPRESID,Entre Ríos,Don Cristobal,5,3,0
LITORAL,AAPRESID,Entre Ríos,Don Cristobal,5,4,0
LITORAL,AAPRESID,Entre Ríos,Don Cristobal,5,5,0
LITORAL,CREA,Entre Ríos,Las Garzas,5,3,2
LITORAL,CREA,Entre Ríos,Las Garzas,5,4,0
LITORAL,CREA,Entre Ríos,Las Garzas,5,5,2
LITORAL,CREA,Entre Ríos,Santa Elena,5,3,0
LITORAL,CREA,Entre Ríos,Santa Elena,5,4,1
LITORAL,CREA,Entre Ríos,Santa Elena,5,5,0
LITORAL,CREA,Entre Ríos,Montoya,5,3,0
LITORAL,CREA,Entre Ríos,Montoya,5,4,0
LITORAL,CREA,Entre Ríos,Montoya,5,5,0
LITORAL,CREA,Entre Ríos,La Paz,5,3,0
LITORAL,CREA,Entre Ríos,La Paz,5,4,2
LITORAL,CREA,Entre Ríos,La Paz,5,5,0
LITORAL,CREA,Entre Ríos,Molino Doll,5,3,0
LITORAL,CREA,Entre Ríos,Molino Doll,5,4,0
LITORAL,CREA,Entre Ríos,Molino Doll,5,5,0
LITORAL,CREA,Entre Ríos,Feliciano,5,3,0
LITORAL,CREA,Entre Ríos,Feliciano,5,4,0
LITORAL,CREA,Entre Ríos,Feliciano,5,5,0
LITORAL,CREA,Entre Ríos,Villa Lila,5,3,0
LITORAL,CREA,Entre Ríos,Villa Lila,5,4,0
LITORAL,CREA,Entre Ríos,Villa Lila,5,5,0
LITORAL,CREA,Entre Ríos,Gualeguay,5,3,1
LITORAL,CREA,Entre Ríos,Gualeguay,5,4,0
LITORAL,CREA,Entre Ríos,Gualeguay,5,5,0
LITORAL,CREA,Entre Ríos,Victoria,5,3,5
LITORAL,CREA,Entre Ríos,Victoria,5,4,0
LITORAL,CREA,Entre Ríos,Victoria,5,5,0
LITORAL,CREA,Entre Ríos,Arroyo Barú,5,3,0
LITORAL,CREA,Entre Ríos,Arroyo Barú,5,4,0
LITORAL,CREA,Entre Ríos,Arroyo Barú,5,5,0
LITORAL,CREA,Entre Ríos,San Fernando,5,3,0
LITORAL,CREA,Entre Ríos,San Fernando,5,4,0
LITORAL,CREA,Entre Ríos,San Fernando,5,5,0
LITORAL,INTA,Entre Ríos,La Paz,5,3,0
LITORAL,INTA,Entre Ríos,La Paz,5,4,0
LITORAL,INTA,Entre Ríos,Nogoya,5,3,0
LITORAL,INTA,Entre Ríos,Nogoya,5,4,0
LITORAL,INTA,Entre Ríos,Nogoya,5,5,0
LITORAL,INTA,Entre Ríos,Parana,5,3,0
LITORAL,INTA,Entre Ríos,Parana,5,4,0
LITORAL,INTA,Entre Ríos,Parana,5,5,0
LITORAL,INTA,Entre Ríos,Gualeguaychú,5,3,0
LITORAL,INTA,Entre Ríos,Gualeguaychú,5,4,0
LITORAL,INTA,Entre Ríos,Gualeguaychú,5,5,0
LITORAL,INTA,Entre Ríos,Concepción del Uruguay,5,3,0
LITORAL,INTA,Entre Ríos,Concepción del Uruguay,5,4,0
LITORAL,INTA,Entre Ríos,Concepción del Uruguay,5,5,0
LITORAL,INTA,Entre Ríos,Diamante,5,3,0
LITORAL,INTA,Entre Ríos,Diamante,5,4,0
LITORAL,INTA,Entre Ríos,Gualeguay,5,3,0
CENTRO NORTE,AAPRESID,San Luis,La Toma,5,3,0
CENTRO NORTE,AAPRESID,San Luis,La Toma,5,4,0
CENTRO NORTE,AAPRESID,San Luis,La Toma,5,5,0
CENTRO NORTE,AAPPCE,Córdoba,Corralito,5,3,0
CENTRO NORTE,AAPPCE,Córdoba,Corralito,5,4,0
CENTRO NORTE,AAPPCE,Córdoba,Corralito,5,5,1
CENTRO NORTE,AAPPCE,Córdoba,Freyre,5,3,0
CENTRO NORTE,AAPPCE,Córdoba,Freyre,5,4,0
CENTRO NORTE,AAPPCE,Córdoba,Freyre,5,5,0
CENTRO NORTE,AAPPCE,Córdoba,Morteros,5,3,0
CENTRO NORTE,AAPPCE,Córdoba,Morteros,5,4,0
CENTRO NORTE,AAPPCE,Córdoba,Morteros,5,5,0
CENTRO NORTE,AAPPCE,Córdoba,Rayo Cortado,5,3,0
CENTRO NORTE,AAPPCE,Córdoba,Rayo Cortado,5,4,0
CENTRO NORTE,AAPPCE,Córdoba,Rayo Cortado,5,5,0
CENTRO NORTE,AAPPCE,Córdoba,Jesus María,5,3,2
CENTRO NORTE,AAPPCE,Córdoba,Jesus María,5,4,2
CENTRO NORTE,AAPPCE,Córdoba,Jesus María,5,5,0
CENTRO NORTE,AAPPCE,Córdoba,El Fortín,5,3,0
CENTRO NORTE,AAPPCE,Córdoba,El Fortín,5,4,0
CENTRO NORTE,AAPPCE,Córdoba,El Fortín,5,5,0
CENTRO NORTE,AAPPCE,Córdoba,Río Ceballos,5,3,1
CENTRO NORTE,AAPPCE,Córdoba,Río Ceballos,5,4,1
CENTRO NORTE,AAPPCE,Córdoba,Río Ceballos,5,5,0
CENTRO SUR,AAPRESID,San Luís,La Angelina,5,3,0
CENTRO SUR,AAPRESID,San Luís,La Angelina,5,4,0
CENTRO SUR,AAPRESID,San Luís,La Angelina,5,5,0
CENTRO SUR,AAPRESID,San Luís,Nueva Galia,5,3,0
CENTRO SUR,AAPRESID,San Luís,Nueva Galia,5,4,0
CENTRO SUR,AAPRESID,San Luís,Nueva Galia,5,5,0
CENTRO SUR,CREA,San Luís,Buena Esperanza,5,3,0
CENTRO SUR,CREA,San Luís,Buena Esperanza,5,4,0
CENTRO SUR,CREA,San Luís,Buena Esperanza,5,5,0
CENTRO SUR,CREA,San Luís,Juan Jorba,5,3,0
CENTRO SUR,CREA,San Luís,Juan Jorba,5,4,0
CENTRO SUR,CREA,San Luís,Juan Jorba,5,5,0
CENTRO SUR,CREA,San Luís,Los molles,5,3,1
CENTRO SUR,CREA,San Luís,Los molles,5,4,1
CENTRO SUR,CREA,San Luís,Los molles,5,5,0
CENTRO SUR,CREA,San Luís,Naschel,5,3,0
CENTRO SUR,CREA,San Luís,Naschel,5,4,0
CENTRO SUR,CREA,San Luís,Naschel,5,5,0
CENTRO SUR,INTA,San Luís,San Luis,5,3,0
CENTRO SUR,AAPPCE,Córdoba,Ana Zumaran,5,3,0
CENTRO SUR,AAPPCE,Córdoba,Ana Zumaran,5,4,1
CENTRO SUR,AAPPCE,Córdoba,Ana Zumaran,5,5,0
CENTRO SUR,AAPPCE,Córdoba,Cnel. Baigorria,5,3,0
CENTRO SUR,AAPPCE,Córdoba,Cnel. Baigorria,5,4,0
CENTRO SUR,AAPPCE,Córdoba,Cnel. Baigorria,5,5,0
CENTRO SUR,AAPPCE,Córdoba,General Roca,5,3,0
CENTRO SUR,AAPPCE,Córdoba,General Roca,5,4,0
CENTRO SUR,AAPPCE,Córdoba,General Roca,5,5,0
CENTRO SUR,AAPPCE,Córdoba,Gral. Cabrera,5,3,0
CENTRO SUR,AAPPCE,Córdoba,Gral. Cabrera,5,4,0
CENTRO SUR,AAPPCE,Córdoba,Gral. Cabrera,5,5,0
CENTRO SUR,AAPPCE,Córdoba,La playosa,5,3,1
CENTRO SUR,AAPPCE,Córdoba,La playosa,5,4,2
CENTRO SUR,AAPPCE,Córdoba,La playosa,5,5,0
CENTRO SUR,AAPPCE,Córdoba,Ordoñez,5,3,0
CENTRO SUR,AAPPCE,Córdoba,Ordoñez,5,4,0
CENTRO SUR,AAPPCE,Córdoba,Ordoñez,5,5,0
CENTRO SUR,AAPPCE,Córdoba,Tosquita,5,3,0
CENTRO SUR,AAPPCE,Córdoba,Tosquita,5,4,0
CENTRO SUR,AAPPCE,Córdoba,Tosquita,5,5,0
CENTRO SUR,AAPRESID,Córdoba,Benjamín Gould,5,3,0
CENTRO SUR,AAPRESID,Córdoba,Benjamín Gould,5,4,0
CENTRO SUR,AAPRESID,Córdoba,Benjamín Gould,5,5,0
CENTRO SUR,AAPRESID,Córdoba,Buchardo,5,3,0
CENTRO SUR,AAPRESID,Córdoba,Buchardo,5,4,0
CENTRO SUR,AAPRESID,Córdoba,Buchardo,5,5,0
CENTRO SUR,AAPRESID,Córdoba,Coronel Moldes,5,3,0
CENTRO SUR,AAPRESID,Córdoba,Coronel Moldes,5,4,1
CENTRO SUR,AAPRESID,Córdoba,Coronel Moldes,5,5,0
CENTRO SUR,AAPRESID,Córdoba,Corral de Bustos,5,3,0
CENTRO SUR,AAPRESID,Córdoba,Corral de Bustos,5,4,0
CENTRO SUR,AAPRESID,Córdoba,Corral de Bustos,5,5,0
CENTRO SUR,AAPRESID,Córdoba,Guatimozin,5,3,0
CENTRO SUR,AAPRESID,Córdoba,Guatimozin,5,4,0
CENTRO SUR,AAPRESID,Córdoba,Guatimozin,5,5,0
CENTRO SUR,AAPRESID,Córdoba,Idiazabal,5,3,0
CENTRO SUR,AAPRESID,Córdoba,Idiazabal,5,4,0
CENTRO SUR,AAPRESID,Córdoba,Idiazabal,5,5,0
CENTRO SUR,AAPRESID,Córdoba,Lecueder,5,3,0
CENTRO SUR,AAPRESID,Córdoba,Lecueder,5,4,0
CENTRO SUR,AAPRESID,Córdoba,Lecueder,5,5,0
URUGUAY,AGTSA,,Vergara,5,2,0
URUGUAY,AGTSA,,Vergara,5,3,0
URUGUAY,AGTSA,,Vergara,5,4,Sin datos
URUGUAY,AGTSA,,Rosario,5,2,0
URUGUAY,AGTSA,,Rosario,5,3,2
URUGUAY,AGTSA,,Rosario,5,4,2
URUGUAY,AGTSA,,Acegua,5,2,0
URUGUAY,AGTSA,,Acegua,5,3,0
URUGUAY,AGTSA,,Acegua,5,4,0
URUGUAY,AGTSA,,Chamizo,5,2,1
URUGUAY,AGTSA,,Chamizo,5,3,1
URUGUAY,AGTSA,,Chamizo,5,4,3
URUGUAY,AGTSA,,Colonia,5,2,0
URUGUAY,AGTSA,,Colonia,5,3,0
URUGUAY,AGTSA,,Colonia,5,4,2
URUGUAY,AGTSA,,Young,5,2,2
URUGUAY,AGTSA,,Young,5,3,1
URUGUAY,AGTSA,,Young,5,4,0
URUGUAY,AGTSA,,Mercedes,5,2,0
URUGUAY,AGTSA,,Mercedes,5,3,0
URUGUAY,AGTSA,,Mercedes,5,4,0
URUGUAY,AGTSA,,Durazno,5,2,0
URUGUAY,AGTSA,,Durazno,5,3,0
URUGUAY,AGTSA,,Durazno,5,4,0
URUGUAY,AGTSA,,Constancia,5,2,0
URUGUAY,AGTSA,,Constancia,5,3,0
URUGUAY,AGTSA,,Constancia,5,4,0
URUGUAY,AGTSA,,Young,5,2,0
URUGUAY,AGTSA,,Young,5,3,0
URUGUAY,AGTSA,,Young,5,4,0
URUGUAY,AGTSA,,Palmitas,5,2,0
URUGUAY,AGTSA,,Palmitas,5,3,0
URUGUAY,AGTSA,,Palmitas,5,4,0
NOA,AAPRESID,Jujuy,Palpala,6,4,1
NOA,AAPRESID,Jujuy,Palpala,6,5,1
NOA,AAPRESID,Jujuy,Palpala,6,6,0
NOA,CREA,Jujuy,EL Carmen,6,4,9
NOA,CREA,Jujuy,EL Carmen,6,5,4
NOA,CREA,Jujuy,EL Carmen,6,6,Sin datos
NOA,CREA,Jujuy,Fraile Pintado,6,4,2
NOA,CREA,Jujuy,Fraile Pintado,6,5,1
NOA,CREA,Jujuy,Fraile Pintado,6,6,Sin datos
NOA,CREA,Jujuy,Santa Clara,6,4,2
NOA,CREA,Jujuy,Santa Clara,6,5,0
NOA,CREA,Jujuy,Santa Clara,6,6,Sin datos
NOA,INTA,Jujuy,El Bananal,6,4,1
NOA,INTA,Jujuy,El Bananal,6,5,1
NOA,INTA,Jujuy,El Bananal,6,6,0
NOA,AAPPCE,Salta,Rio Piedras,6,4,5
NOA,AAPPCE,Salta,Rio Piedras,6,5,6
NOA,AAPPCE,Salta,Rio Piedras,6,6,9
NOA,AAPPCE,Salta,Macapillo,6,4,3
NOA,AAPPCE,Salta,Macapillo,6,5,2
NOA,AAPPCE,Salta,Macapillo,6,6,Sin datos
NOA,AAPRESID,Salta,Güemes,6,4,5
NOA,AAPRESID,Salta,Güemes,6,5,3
NOA,AAPRESID,Salta,Güemes,6,6,4
NOA,AAPRESID,Salta,Rivadavia,6,4,2
NOA,AAPRESID,Salta,Rivadavia,6,5,3
NOA,AAPRESID,Salta,Rivadavia,6,6,0
NOA,AAPRESID,Salta,Piquete Cabado 1,6,4,1
NOA,AAPRESID,Salta,Piquete Cabado 1,6,5,1
NOA,AAPRESID,Salta,Piquete Cabado 1,6,6,2
NOA,CREA,Salta,Antilla Trampa,6,4,5
NOA,CREA,Salta,Antilla Trampa,6,5,0
NOA,CREA,Salta,Ballivián,6,4,0
NOA,CREA,Salta,Ballivián,6,5,0
NOA,CREA,Salta,Ballivián,6,6,0
NOA,CREA,Salta,Ceibalito,6,4,3
NOA,CREA,Salta,Ceibalito,6,5,1
NOA,CREA,Salta,Ceibalito,6,6,0
NOA,CREA,Salta,Chaguaral,6,4,0
NOA,CREA,Salta,Chaguaral,6,5,1
NOA,CREA,Salta,Chaguaral,6,6,0
NOA,CREA,Salta,Copo Quiles,6,4,0
NOA,CREA,Salta,Copo Quiles,6,5,0
NOA,CREA,Salta,Copo Quiles,6,6,0
NOA,CREA,Salta,El Bordo,6,4,0
NOA,CREA,Salta,El Bordo,6,5,0
NOA,CREA,Salta,El Bordo,6,6,0
NOA,CREA,Salta,El Galpón,6,4,13
NOA,CREA,Salta,El Galpón,6,5,0
NOA,CREA,Salta,El Galpón,6,6,2
NOA,CREA,Salta,El Tunal,6,4,0
NOA,CREA,Salta,El Tunal,6,5,0
NOA,CREA,Salta,El Tunal,6,6,0
NOA,CREA,Salta,Embarcación,6,4,0
NOA,CREA,Salta,Embarcación,6,5,1
NOA,CREA,Salta,Embarcación,6,6,0
NOA,CREA,Salta,Gral Pizarro,6,4,0
NOA,CREA,Salta,Gral Pizarro,6,5,0
NOA,CREA,Salta,Gral Pizarro,6,6,1
NOA,CREA,Salta,Horcones,6,4,3
NOA,CREA,Salta,Horcones,6,5,0
NOA,CREA,Salta,Horcones,6,6,0
NOA,CREA,Salta,J V Gonzales,6,4,1
NOA,CREA,Salta,J V Gonzales,6,5,1
NOA,CREA,Salta,J V Gonzales,6,6,0
NOA,CREA,Salta,Las Lajitas (este),6,4,2
NOA,CREA,Salta,Las Lajitas (este),6,5,2
NOA,CREA,Salta,Las Lajitas (este),6,6,Sin datos
NOA,CREA,Salta,Las Lajitas T3,6,4,2
NOA,CREA,Salta,Las Lajitas T3,6,5,1
NOA,CREA,Salta,Las Lajitas T3,6,6,0
NOA,CREA,Salta,Metan 1,6,4,0
NOA,CREA,Salta,Metan 1,6,5,1
NOA,CREA,Salta,Metan 1,6,6,2
NOA,CREA,Salta,Metan 2,6,4,2
NOA,CREA,Salta,Metan 2,6,5,3
NOA,CREA,Salta,Metan 2,6,6,2
NOA,CREA,Salta,Mollinedo,6,4,3
NOA,CREA,Salta,Mollinedo,6,5,0
NOA,CREA,Salta,Mollinedo,6,6,0
NOA,CREA,Salta,Mosconi,6,4,1
NOA,CREA,Salta,Mosconi,6,5,1
NOA,CREA,Salta,Mosconi,6,6,Sin datos
NOA,CREA,Salta,"Nstra Sra de
Talavera",6,4,0
NOA,CREA,Salta,"Nstra Sra de
Talavera",6,5,0
NOA,CREA,Salta,"Nstra Sra de
Talavera",6,6,0
NOA,CREA,Salta,Pichanal,6,4,6
NOA,CREA,Salta,Pichanal,6,5,2
NOA,CREA,Salta,Pichanal,6,6,0
NOA,CREA,Salta,Piquete Cabado 2,6,4,1
NOA,CREA,Salta,Piquete Cabado 2,6,5,3
NOA,CREA,Salta,Piquete Cabado 2,6,6,0
NOA,CREA,Salta,"Rosario de la
Frontera",6,4,1
NOA,CREA,Salta,"Rosario de la
Frontera",6,5,0
NOA,CREA,Salta,"Rosario de la
Frontera",6,6,0
NEA,CREA,Formosa,Las Lomitas,6,4,0
NEA,CREA,Formosa,Las Lomitas,6,5,0
NEA,CREA,Formosa,Las Lomitas,6,6,0
NEA,CREA,Formosa,El Naranjo,6,4,1
NEA,CREA,Formosa,El Naranjo,6,5,0
NEA,CREA,Formosa,El Naranjo,6,6,1
NEA,INTA,Formosa,Comandante Fontana,6,4,0
NEA,INTA,Formosa,Comandante Fontana,6,5,1
NEA,INTA,Formosa,Comandante Fontana,6,6,Sin datos
NEA,INTA,Formosa,El colorado,6,4,1
NEA,INTA,Formosa,El colorado,6,5,0
NEA,AAPRESID,Chaco,Tres Isletas,6,4,0
NEA,AAPRESID,Chaco,Tres Isletas,6,5,3
NEA,AAPRESID,Chaco,Tres Isletas,6,6,2
NEA,AAPRESID,Chaco,Pampa del Infierno,6,4,0
NEA,AAPRESID,Chaco,Pampa del Infierno,6,5,0
NEA,AAPRESID,Chaco,Pampa del Infierno,6,6,1
NEA,AAPRESID,Chaco,"Concepcion del
Bermejo (Estanislao)",6,4,0
NEA,AAPRESID,Chaco,"Concepcion del
Bermejo (Estanislao)",6,5,2
NEA,AAPRESID,Chaco,"Concepcion del
Bermejo (Estanislao)",6,6,0
NEA,AAPRESID,Chaco,"Don Luciano (C. del
Bermejo)",6,4,1
NEA,AAPRESID,Chaco,"Don Luciano (C. del
Bermejo)",6,5,0
NEA,AAPRESID,Chaco,"Don Luciano (C. del
Bermejo)",6,6,0
NEA,AAPRESID,Chaco,Las Piedritas,6,4,0
NEA,AAPRESID,Chaco,Las Piedritas,6,5,0
NEA,AAPRESID,Chaco,Las Piedritas,6,6,0
NEA,CREA,Chaco,Los Frentones,6,4,0
NEA,CREA,Chaco,Los Frentones,6,5,0
NEA,CREA,Chaco,Los Frentones,6,6,0
NEA,CREA,Chaco,Juan José Castelli,6,4,0
NEA,CREA,Chaco,Juan José Castelli,6,5,0
NEA,CREA,Chaco,Juan José Castelli,6,6,0
NEA,CREA,Chaco,El Timbo Pampa,6,4,0
NEA,CREA,Chaco,El Timbo Pampa,6,5,1
NEA,CREA,Chaco,El Timbo Pampa,6,6,0
NEA,CREA,Chaco,El Tocon Bermejo,6,4,0
NEA,CREA,Chaco,El Tocon Bermejo,6,5,0
NEA,CREA,Chaco,El Tocon Bermejo,6,6,1
NEA,CREA,Chaco,Las Breñas,6,4,0
NEA,CREA,Chaco,Las Breñas,6,5,0
NEA,CREA,Chaco,Las Breñas,6,6,0
NEA,CREA,Chaco,"Santa Teresa
Capdevilla",6,4,0
NEA,CREA,Chaco,"Santa Teresa
Capdevilla",6,5,0
NEA,CREA,Chaco,"Santa Teresa
Capdevilla",6,6,0
NEA,CREA,Chaco,Pampa Cejas,6,4,0
NEA,CREA,Chaco,Pampa Cejas,6,5,0
NEA,CREA,Chaco,Pampa Cejas,6,6,0
NEA,CREA,Chaco,3 Retoños,6,4,1
NEA,CREA,Chaco,3 Retoños,6,5,0
NEA,CREA,Chaco,3 Retoños,6,6,0
NEA,CREA,Chaco,Quitilipi,6,4,0
NEA,CREA,Chaco,Quitilipi,6,5,0
NEA,CREA,Chaco,Quitilipi,6,6,0
NEA,CREA,Chaco,"Pampa de los
Guanacos",6,4,0
NEA,CREA,Chaco,"Pampa de los
Guanacos",6,5,0
NEA,CREA,Chaco,"Pampa de los
Guanacos",6,6,0
NEA,CREA,Chaco,Pampa del Infierno,6,4,0
NEA,CREA,Chaco,Pampa del Infierno,6,5,5
NEA,CREA,Chaco,Pampa del Infierno,6,6,Sin datos
NEA,CREA,Chaco,PampaToloza,6,4,0
NEA,CREA,Chaco,PampaToloza,6,5,0
NEA,CREA,Chaco,PampaToloza,6,6,Sin datos
NEA,CREA,Chaco,Kempe,6,4,0
NEA,CREA,Chaco,Kempe,6,5,0
NEA,CREA,Chaco,Kempe,6,6,0
NEA,INTA,Chaco,Pampa del Infierno,6,4,3
NEA,INTA,Chaco,Pampa del Infierno,6,5,1
NEA,INTA,Chaco,Pampa del Infierno,6,6,1
NEA,INTA,Chaco,"Pampa de los
Guanacos",6,4,0
NEA,INTA,Chaco,"Pampa de los
Guanacos",6,5,0
NEA,INTA,Chaco,"Pampa de los
Guanacos",6,6,0
NEA,INTA,Chaco,Las Breñas,6,4,0
NEA,INTA,Chaco,Las Breñas,6,5,0
NEA,INTA,Chaco,Las Breñas,6,6,0
NEA,INTA,Chaco,Juan José Castelli,6,4,0
NEA,INTA,Chaco,Juan José Castelli,6,5,3
NEA,INTA,Chaco,Juan José Castelli,6,6,0
NEA,INTA,Chaco,Gancedo,6,4,0
NEA,INTA,Chaco,Gancedo,6,5,0
NEA,INTA,Chaco,Gancedo,6,6,0
NEA,INTA,Chaco,Gral. Pinedo,6,4,0
NEA,INTA,Chaco,Gral. Pinedo,6,5,0
NEA,INTA,Chaco,Tres Isletas,6,4,0
NEA,INTA,Chaco,Tres Isletas,6,5,0
NEA,INTA,Chaco,Tres Isletas,6,6,1
NEA,INTA,Chaco,Basail,6,4,1
NEA,INTA,Chaco,Basail,6,5,0
NEA,AAPPCE,Santiago Del Estero,Weisburd,6,4,3
NEA,AAPPCE,Santiago Del Estero,Weisburd,6,5,1
NEA,AAPPCE,Santiago Del Estero,Weisburd,6,6,0
LITORAL,AAPRESID,Corrientes,Mercedes,6,4,0
LITORAL,AAPRESID,Corrientes,Mercedes,6,5,5
LITORAL,AAPRESID,Corrientes,Mercedes,6,6,4
LITORAL,AAPRESID,Corrientes,Ambrosio,6,4,0
LITORAL,AAPRESID,Corrientes,Ambrosio,6,5,0
LITORAL,AAPRESID,Corrientes,Ambrosio,6,6,1
LITORAL,AAPRESID,Corrientes,Corrientes,6,4,0
LITORAL,AAPRESID,Corrientes,Corrientes,6,5,3
LITORAL,AAPRESID,Corrientes,Corrientes,6,6,1
LITORAL,AAPRESID,Corrientes,Bella Vista,6,4,2
LITORAL,AAPRESID,Corrientes,Bella Vista,6,5,2
LITORAL,AAPRESID,Corrientes,Bella Vista,6,6,3
LITORAL,AAPPCE,Entre Ríos,Don Cristóbal,6,4,0
LITORAL,AAPPCE,Entre Ríos,Don Cristóbal,6,5,0
LITORAL,AAPPCE,Entre Ríos,Don Cristóbal,6,6,0
LITORAL,AAPPCE,Entre Ríos,Isletas,6,4,0
LITORAL,AAPPCE,Entre Ríos,Isletas,6,5,0
LITORAL,AAPPCE,Entre Ríos,Isletas,6,6,0
LITORAL,AAPPCE,Entre Ríos,La paz,6,4,0
LITORAL,AAPPCE,Entre Ríos,La paz,6,5,0
LITORAL,AAPPCE,Entre Ríos,La paz,6,6,0
LITORAL,AAPPCE,Entre Ríos,Hinojal,6,4,0
LITORAL,AAPPCE,Entre Ríos,Hinojal,6,5,0
LITORAL,AAPPCE,Entre Ríos,Hinojal,6,6,0
LITORAL,AAPRESID,Entre Ríos,Colonia Celina,6,4,0
LITORAL,AAPRESID,Entre Ríos,Colonia Celina,6,5,0
LITORAL,AAPRESID,Entre Ríos,Colonia Celina,6,6,0
LITORAL,AAPRESID,Entre Ríos,Viale,6,4,0
LITORAL,AAPRESID,Entre Ríos,Viale,6,5,0
LITORAL,AAPRESID,Entre Ríos,Viale,6,6,0
LITORAL,AAPRESID,Entre Ríos,Sauce Pinto,6,4,0
LITORAL,AAPRESID,Entre Ríos,Sauce Pinto,6,5,0
LITORAL,AAPRESID,Entre Ríos,Sauce Pinto,6,6,0
LITORAL,AAPRESID,Entre Ríos,Gualeguay,6,4,0
LITORAL,AAPRESID,Entre Ríos,Gualeguay,6,5,0
LITORAL,AAPRESID,Entre Ríos,Gualeguay,6,6,0
LITORAL,AAPRESID,Entre Ríos,Paso de las Piedras,6,4,0
LITORAL,AAPRESID,Entre Ríos,Paso de las Piedras,6,5,0
LITORAL,AAPRESID,Entre Ríos,Paso de las Piedras,6,6,0
LITORAL,AAPRESID,Entre Ríos,Villa Hernandarias,6,4,0
LITORAL,AAPRESID,Entre Ríos,Villa Hernandarias,6,5,0
LITORAL,AAPRESID,Entre Ríos,Villa Hernandarias,6,6,0
LITORAL,AAPRESID,Entre Ríos,Don Cristóbal,6,4,0
LITORAL,AAPRESID,Entre Ríos,Don Cristóbal,6,5,0
LITORAL,AAPRESID,Entre Ríos,Don Cristóbal,6,6,0
LITORAL,CREA,Entre Ríos,Las Garzas,6,4,0
LITORAL,CREA,Entre Ríos,Las Garzas,6,5,2
LITORAL,CREA,Entre Ríos,Las Garzas,6,6,0
LITORAL,CREA,Entre Ríos,Santa Elena,6,4,1
LITORAL,CREA,Entre Ríos,Santa Elena,6,5,0
LITORAL,CREA,Entre Ríos,Santa Elena,6,6,0
LITORAL,CREA,Entre Ríos,Montoya,6,4,0
LITORAL,CREA,Entre Ríos,Montoya,6,5,0
LITORAL,CREA,Entre Ríos,Montoya,6,6,0
LITORAL,CREA,Entre Ríos,La Paz,6,4,2
LITORAL,CREA,Entre Ríos,La Paz,6,5,0
LITORAL,CREA,Entre Ríos,La Paz,6,6,0
LITORAL,CREA,Entre Ríos,Molino Doll,6,4,0
LITORAL,CREA,Entre Ríos,Molino Doll,6,5,0
LITORAL,CREA,Entre Ríos,Molino Doll,6,6,0
LITORAL,CREA,Entre Ríos,Feliciano,6,4,0
LITORAL,CREA,Entre Ríos,Feliciano,6,5,0
LITORAL,CREA,Entre Ríos,Feliciano,6,6,0
LITORAL,CREA,Entre Ríos,Villa Lila,6,4,0
LITORAL,CREA,Entre Ríos,Villa Lila,6,5,0
LITORAL,CREA,Entre Ríos,Villa Lila,6,6,0
LITORAL,CREA,Entre Ríos,Gualeguay,6,4,0
LITORAL,CREA,Entre Ríos,Gualeguay,6,5,0
LITORAL,CREA,Entre Ríos,Gualeguay,6,6,0
LITORAL,CREA,Entre Ríos,Victoria,6,4,0
LITORAL,CREA,Entre Ríos,Victoria,6,5,0
LITORAL,CREA,Entre Ríos,Victoria,6,6,0
LITORAL,CREA,Entre Ríos,Arroyo Barú,6,4,0
LITORAL,CREA,Entre Ríos,Arroyo Barú,6,5,0
LITORAL,CREA,Entre Ríos,Arroyo Barú,6,6,0
LITORAL,CREA,Entre Ríos,San Fernando,6,4,0
LITORAL,CREA,Entre Ríos,San Fernando,6,5,0
LITORAL,CREA,Entre Ríos,San Fernando,6,6,0
LITORAL,INTA,Entre Ríos,La Paz,6,4,0
LITORAL,INTA,Entre Ríos,La Paz,6,5,0
LITORAL,INTA,Entre Ríos,La Paz,6,6,0
LITORAL,INTA,Entre Ríos,Nogoya,6,4,0
LITORAL,INTA,Entre Ríos,Nogoya,6,5,0
LITORAL,INTA,Entre Ríos,Nogoya,6,6,0
LITORAL,INTA,Entre Ríos,Paraná,6,4,0
LITORAL,INTA,Entre Ríos,Paraná,6,5,0
LITORAL,INTA,Entre Ríos,Paraná,6,6,0
LITORAL,INTA,Entre Ríos,Gualeguaychú,6,4,0
LITORAL,INTA,Entre Ríos,Gualeguaychú,6,5,0
LITORAL,INTA,Entre Ríos,Gualeguaychú,6,6,0
LITORAL,INTA,Entre Ríos,Concepción del Uruguay,6,4,0
LITORAL,INTA,Entre Ríos,Concepción del Uruguay,6,5,0
LITORAL,INTA,Entre Ríos,Concepción del Uruguay,6,6,0
CENTRO NORTE,INTA,Entre Ríos,Gualeguay,6,4,0
CENTRO NORTE,INTA,Entre Ríos,Gualeguay,6,5,0
CENTRO NORTE,AAPRESID,San Luis,La Toma,6,4,0
CENTRO NORTE,AAPRESID,San Luis,La Toma,6,5,0
CENTRO NORTE,AAPRESID,San Luis,La Toma,6,6,0
CENTRO NORTE,AAPPCE,Córdoba,Corralito,6,4,0
CENTRO NORTE,AAPPCE,Córdoba,Corralito,6,5,1
CENTRO NORTE,AAPPCE,Córdoba,Corralito,6,6,0
CENTRO NORTE,AAPPCE,Córdoba,Freyre,6,4,0
CENTRO NORTE,AAPPCE,Córdoba,Freyre,6,5,0
CENTRO NORTE,AAPPCE,Córdoba,Freyre,6,6,0
CENTRO NORTE,AAPPCE,Córdoba,Morteros,6,4,0
CENTRO NORTE,AAPPCE,Córdoba,Morteros,6,5,0
CENTRO NORTE,AAPPCE,Córdoba,Morteros,6,6,0
CENTRO NORTE,AAPPCE,Córdoba,Rayo Cortado,6,4,0
CENTRO NORTE,AAPPCE,Córdoba,Rayo Cortado,6,5,0
CENTRO NORTE,AAPPCE,Córdoba,Rayo Cortado,6,6,0
CENTRO SUR,AAPRESID,San Luís,La Angelina,6,4,0
CENTRO SUR,AAPRESID,San Luís,La Angelina,6,5,0
CENTRO SUR,AAPRESID,San Luís,La Angelina,6,6,0
CENTRO SUR,AAPRESID,San Luís,Nueva Galia,6,4,0
CENTRO SUR,AAPRESID,San Luís,Nueva Galia,6,5,0
CENTRO SUR,AAPRESID,San Luís,Nueva Galia,6,6,0
CENTRO SUR,CREA,San Luís,Buena Esperanza,6,4,0
CENTRO SUR,CREA,San Luís,Buena Esperanza,6,5,0
CENTRO SUR,CREA,San Luís,Buena Esperanza,6,6,0
CENTRO SUR,CREA,San Luís,Juan Jorba,6,4,0
CENTRO SUR,CREA,San Luís,Juan Jorba,6,5,0
CENTRO SUR,CREA,San Luís,Juan Jorba,6,6,0
CENTRO SUR,CREA,San Luís,Los molles,6,4,1
CENTRO SUR,CREA,San Luís,Los molles,6,5,0
CENTRO SUR,CREA,San Luís,Los molles,6,6,0
CENTRO SUR,CREA,San Luís,Naschel,6,4,0
CENTRO SUR,CREA,San Luís,Naschel,6,5,0
CENTRO SUR,CREA,San Luís,Naschel,6,6,0
CENTRO SUR,AGTSA,,Vergara,6,4,0
CENTRO SUR,AGTSA,,Vergara,6,5,Sin datos
CENTRO SUR,AGTSA,,Vergara,6,6,0
CENTRO SUR,AGTSA,,Rosario,6,4,2
CENTRO SUR,AGTSA,,Rosario,6,5,2
CENTRO SUR,AGTSA,,Rosario,6,6,1
CENTRO SUR,AGTSA,,Acegua,6,4,0
CENTRO SUR,AGTSA,,Acegua,6,5,0
CENTRO SUR,AGTSA,,Acegua,6,6,0
CENTRO SUR,AGTSA,,Chamizo,6,4,1
CENTRO SUR,AGTSA,,Chamizo,6,5,3
CENTRO SUR,AGTSA,,Chamizo,6,6,1
CENTRO SUR,AGTSA,,Colonia,6,4,0
CENTRO SUR,AGTSA,,Colonia,6,5,2
CENTRO SUR,AGTSA,,Colonia,6,6,Sin datos
CENTRO SUR,AGTSA,,Young,6,4,1
CENTRO SUR,AGTSA,,Young,6,5,0
CENTRO SUR,AGTSA,,Young,6,6,0
CENTRO SUR,AGTSA,,Mercedes,6,4,0
CENTRO SUR,AGTSA,,Mercedes,6,5,0
CENTRO SUR,AGTSA,,Mercedes,6,6,0
CENTRO SUR,AGTSA,,Durazno,6,4,0
CENTRO SUR,AGTSA,,Durazno,6,5,0
CENTRO SUR,AGTSA,,Durazno,6,6,0
NOA,AAPRESID,Jujuy,Palpala,7,5,1
NOA,AAPRESID,Jujuy,Palpala,7,6,0
NOA,AAPRESID,Jujuy,Palpala,7,7,0
NOA,CREA,Jujuy,EL Carmen,7,5,4
NOA,CREA,Jujuy,EL Carmen,7,6,2
NOA,CREA,Jujuy,EL Carmen,7,7,2
NOA,CREA,Jujuy,Fraile Pintado,7,5,1
NOA,CREA,Jujuy,Fraile Pintado,7,6,2
NOA,CREA,Jujuy,Fraile Pintado,7,7,0
NOA,CREA,Jujuy,Santa Clara,7,5,0
NOA,CREA,Jujuy,Santa Clara,7,6,1
NOA,CREA,Jujuy,Santa Clara,7,7,0
NOA,INTA,Jujuy,El Bananal,7,5,1
NOA,INTA,Jujuy,El Bananal,7,6,0
NOA,INTA,Jujuy,El Bananal,7,7,0
NOA,AAPPCE,Salta,Rio Piedras,7,5,6
NOA,AAPPCE,Salta,Rio Piedras,7,6,9
NOA,AAPPCE,Salta,Rio Piedras,7,7,0
NOA,AAPPCE,Salta,Macapillo,7,5,2
NOA,AAPPCE,Salta,Macapillo,7,6,Sin datos
NOA,AAPPCE,Salta,Macapillo,7,7,Sin datos
NOA,AAPRESID,Salta,Güemes,7,5,3
NOA,AAPRESID,Salta,Güemes,7,6,4
NOA,AAPRESID,Salta,Güemes,7,7,9
NOA,AAPRESID,Salta,Rivadavia,7,5,3
NOA,AAPRESID,Salta,Rivadavia,7,6,0
NOA,AAPRESID,Salta,Rivadavia,7,7,0
NOA,AAPRESID,Salta,Piquete Cabado 1,7,5,1
NOA,AAPRESID,Salta,Piquete Cabado 1,7,6,2
NOA,AAPRESID,Salta,Piquete Cabado 1,7,7,0
NOA,CREA,Salta,Antilla,7,5,5
NOA,CREA,Salta,Antilla,7,6,0
NOA,CREA,Salta,Antilla,7,7,0
NOA,CREA,Salta,Ballivián,7,5,0
NOA,CREA,Salta,Ballivián,7,6,0
NOA,CREA,Salta,Ballivián,7,7,0
NOA,CREA,Salta,Ceibalito,7,5,1
NOA,CREA,Salta,Ceibalito,7,6,0
NOA,CREA,Salta,Ceibalito,7,7,0
NOA,CREA,Salta,Chaguaral,7,5,1
NOA,CREA,Salta,Chaguaral,7,6,0
NOA,CREA,Salta,Chaguaral,7,7,0
NOA,CREA,Salta,Copo Quiles,7,5,0
NOA,CREA,Salta,Copo Quiles,7,6,0
NOA,CREA,Salta,Copo Quiles,7,7,0
NOA,CREA,Salta,El Bordo,7,5,0
NOA,CREA,Salta,El Bordo,7,6,0
NOA,CREA,Salta,El Bordo,7,7,0
NOA,CREA,Salta,El Galpón,7,5,0
NOA,CREA,Salta,El Galpón,7,6,2
NOA,CREA,Salta,El Galpón,7,7,0
NOA,CREA,Salta,El Tunal,7,5,0
NOA,CREA,Salta,El Tunal,7,6,0
NOA,CREA,Salta,El Tunal,7,7,0
NOA,CREA,Salta,Embarcación,7,5,1
NOA,CREA,Salta,Embarcación,7,6,0
NOA,CREA,Salta,Embarcación,7,7,Sin datos
NOA,CREA,Salta,Gral Pizarro,7,5,0
NOA,CREA,Salta,Gral Pizarro,7,6,1
NOA,CREA,Salta,Gral Pizarro,7,7,1
NOA,CREA,Salta,Horcones,7,5,0
NOA,CREA,Salta,Horcones,7,6,0
NOA,CREA,Salta,Horcones,7,7,0
NOA,CREA,Salta,J V Gonzales,7,5,1
NOA,CREA,Salta,J V Gonzales,7,6,0
NOA,CREA,Salta,J V Gonzales,7,7,0
NOA,CREA,Salta,Las Lajitas (este),7,5,2
NOA,CREA,Salta,Las Lajitas (este),7,6,0
NOA,CREA,Salta,Las Lajitas (este),7,7,0
NOA,CREA,Salta,Las Lajitas T3,7,5,1
NOA,CREA,Salta,Las Lajitas T3,7,6,0
NOA,CREA,Salta,Las Lajitas T3,7,7,0
NOA,CREA,Salta,Metan 1,7,5,1
NOA,CREA,Salta,Metan 1,7,6,2
NOA,CREA,Salta,Metan 1,7,7,0
NOA,CREA,Salta,Metan 2,7,5,3
NOA,CREA,Salta,Metan 2,7,6,2
NOA,CREA,Salta,Metan 2,7,7,0
NOA,CREA,Salta,Mollinedo,7,5,0
NOA,CREA,Salta,Mollinedo,7,6,0
NOA,CREA,Salta,Mollinedo,7,7,0
NOA,CREA,Salta,Mosconi,7,5,1
NOA,CREA,Salta,Mosconi,7,6,1
NOA,CREA,Salta,Mosconi,7,7,Sin datos
NOA,CREA,Salta,Nstra Sra de Talavera,7,5,0
NOA,CREA,Salta,Nstra Sra de Talavera,7,6,0
NOA,CREA,Salta,Nstra Sra de Talavera,7,7,0
NOA,CREA,Salta,Pichanal,7,5,2
NOA,CREA,Salta,Pichanal,7,6,0
NOA,CREA,Salta,Pichanal,7,7,9
NOA,CREA,Salta,Piquete Cabado 2,7,5,3
NOA,CREA,Salta,Piquete Cabado 2,7,6,0
NOA,CREA,Salta,Piquete Cabado 2,7,7,0
NOA,CREA,Salta,Rosario de la Frontera,7,5,0
NOA,CREA,Salta,Rosario de la Frontera,7,6,0
NOA,CREA,Salta,Rosario de la Frontera,7,7,0
NOA,CREA,Salta,Santo Domingo,7,5,0
NOA,CREA,Salta,Santo Domingo,7,6,0
NOA,CREA,Salta,Santo Domingo,7,7,Sin datos
NOA,CREA,Salta,Saravia,7,5,0
NOA,CREA,Salta,Saravia,7,6,1
NOA,CREA,Salta,Saravia,7,7,0
NEA,CREA,Formosa,Las Lomitas,7,5,0
NEA,CREA,Formosa,Las Lomitas,7,6,0
NEA,CREA,Formosa,Las Lomitas,7,7,0
NEA,CREA,Formosa,El Naranjo,7,5,0
NEA,CREA,Formosa,El Naranjo,7,6,1
NEA,CREA,Formosa,El Naranjo,7,7,0
NEA,INTA,Formosa,Comandante Fontana,7,5,1
NEA,INTA,Formosa,Comandante Fontana,7,6,0
NEA,INTA,Formosa,Comandante Fontana,7,7,0
NEA,AAPRESID,Chaco,Tres Isletas,7,5,3
NEA,AAPRESID,Chaco,Tres Isletas,7,6,2
NEA,AAPRESID,Chaco,Tres Isletas,7,7,4
NEA,AAPRESID,Chaco,Pampa del Infierno,7,5,0
NEA,AAPRESID,Chaco,Pampa del Infierno,7,6,1
NEA,AAPRESID,Chaco,Pampa del Infierno,7,7,0
NEA,AAPRESID,Chaco,"Concepcion del Bermejo
(Estanislao)",7,5,2
NEA,AAPRESID,Chaco,"Concepcion del Bermejo
(Estanislao)",7,6,0
NEA,AAPRESID,Chaco,"Concepcion del Bermejo
(Estanislao)",7,7,0
NEA,AAPRESID,Chaco,"Don Luciano (C. del
Bermejo)",7,5,0
NEA,AAPRESID,Chaco,"Don Luciano (C. del
Bermejo)",7,6,0
NEA,AAPRESID,Chaco,"Don Luciano (C. del
Bermejo)",7,7,0
NEA,AAPRESID,Chaco,Las Piedritas,7,5,0
NEA,AAPRESID,Chaco,Las Piedritas,7,6,0
NEA,AAPRESID,Chaco,Las Piedritas,7,7,0
NEA,CREA,Chaco,Los Frentones,7,5,0
NEA,CREA,Chaco,Los Frentones,7,6,0
NEA,CREA,Chaco,Los Frentones,7,7,0
NEA,CREA,Chaco,Juan José Castelli,7,5,0
NEA,CREA,Chaco,Juan José Castelli,7,6,0
NEA,CREA,Chaco,Juan José Castelli,7,7,0
NEA,CREA,Chaco,El Timbo Pampa,7,5,1
NEA,CREA,Chaco,El Timbo Pampa,7,6,0
NEA,CREA,Chaco,El Timbo Pampa,7,7,0
NEA,CREA,Chaco,El Tocon Bermejo,7,5,0
NEA,CREA,Chaco,El Tocon Bermejo,7,6,1
NEA,CREA,Chaco,El Tocon Bermejo,7,7,0
NEA,CREA,Chaco,Las Breñas,7,5,0
NEA,CREA,Chaco,Las Breñas,7,6,0
NEA,CREA,Chaco,Las Breñas,7,7,0
NEA,CREA,Chaco,Santa Teresa Capdevilla,7,5,0
NEA,CREA,Chaco,Santa Teresa Capdevilla,7,6,0
NEA,CREA,Chaco,Santa Teresa Capdevilla,7,7,0
NEA,CREA,Chaco,Pampa Cejas,7,5,0
NEA,CREA,Chaco,Pampa Cejas,7,6,0
NEA,CREA,Chaco,Pampa Cejas,7,7,0
NEA,CREA,Chaco,3 Retoños,7,5,0
NEA,CREA,Chaco,3 Retoños,7,6,0
NEA,CREA,Chaco,3 Retoños,7,7,0
NEA,CREA,Chaco,Quitilipi,7,5,0
NEA,CREA,Chaco,Quitilipi,7,6,0
NEA,CREA,Chaco,Quitilipi,7,7,0
NEA,CREA,Chaco,Pampa de los Guanacos,7,5,0
NEA,CREA,Chaco,Pampa de los Guanacos,7,6,0
NEA,CREA,Chaco,Pampa de los Guanacos,7,7,0
NEA,CREA,Chaco,Pampa del Infierno,7,5,5
NEA,CREA,Chaco,Pampa del Infierno,7,6,7
NEA,CREA,Chaco,Pampa del Infierno,7,7,11
NEA,CREA,Chaco,PampaToloza,7,5,0
NEA,CREA,Chaco,PampaToloza,7,6,0
NEA,CREA,Chaco,PampaToloza,7,7,0
NEA,CREA,Chaco,Kempe,7,5,0
NEA,CREA,Chaco,Kempe,7,6,0
NEA,CREA,Chaco,Kempe,7,7,0
NEA,INTA,Chaco,Pampa del Infierno,7,5,1
NEA,INTA,Chaco,Pampa del Infierno,7,6,1
NEA,INTA,Chaco,Pampa del Infierno,7,7,0
NEA,INTA,Chaco,Pampa de los Guanacos,7,5,0
NEA,INTA,Chaco,Pampa de los Guanacos,7,6,0
NEA,INTA,Chaco,Pampa de los Guanacos,7,7,0
NEA,INTA,Chaco,Las Breñas,7,5,0
NEA,INTA,Chaco,Las Breñas,7,6,0
NEA,INTA,Chaco,Las Breñas,7,7,0
NEA,INTA,Chaco,Juan José Castelli,7,5,3
NEA,INTA,Chaco,Juan José Castelli,7,6,0
NEA,INTA,Chaco,Juan José Castelli,7,7,0
NEA,INTA,Chaco,Basail,7,5,1
NEA,INTA,Chaco,Basail,7,6,0
NEA,INTA,Chaco,Basail,7,7,25
NEA,AAPPCE,Santiago Del Estero,Weisburd,7,5,1
NEA,AAPPCE,Santiago Del Estero,Weisburd,7,6,0
NEA,AAPPCE,Santiago Del Estero,Weisburd,7,7,1
NEA,AAPPCE,Santiago Del Estero,Bandera,7,5,0
NEA,AAPPCE,Santiago Del Estero,Bandera,7,6,0
NEA,AAPPCE,Santiago Del Estero,Bandera,7,7,0
NEA,AAPRESID,Santiago Del Estero,Bandera,7,5,0
NEA,AAPRESID,Santiago Del Estero,Bandera,7,6,0
NEA,AAPRESID,Santiago Del Estero,Bandera,7,7,0
NEA,AAPRESID,Santiago Del Estero,Arbol Blanco,7,5,0
NEA,AAPRESID,Santiago Del Estero,Arbol Blanco,7,6,0
NEA,AAPRESID,Santiago Del Estero,Arbol Blanco,7,7,0
NEA,AAPRESID,Santiago Del Estero,Los Juries,7,5,0
NEA,AAPRESID,Santiago Del Estero,Los Juries,7,6,0
NEA,AAPRESID,Santiago Del Estero,Los Juries,7,7,1
NEA,AAPRESID,Santiago Del Estero,Roversi,7,5,0
NEA,AAPRESID,Santiago Del Estero,Roversi,7,6,1
NEA,AAPRESID,Santiago Del Estero,Roversi,7,7,2
NEA,AAPRESID,Santiago Del Estero,Otumpas,7,5,0
NEA,AAPRESID,Santiago Del Estero,Otumpas,7,6,0
NEA,AAPRESID,Santiago Del Estero,Otumpas,7,7,0
LITORAL,AAPRESID,Corrientes,Mercedes,7,5,5
LITORAL,AAPRESID,Corrientes,Mercedes,7,6,4
LITORAL,AAPRESID,Corrientes,Mercedes,7,7,6
LITORAL,AAPRESID,Corrientes,Ambrosio,7,5,0
LITORAL,AAPRESID,Corrientes,Ambrosio,7,6,1
LITORAL,AAPRESID,Corrientes,Ambrosio,7,7,Sin datos
LITORAL,AAPRESID,Corrientes,Corrientes,7,5,3
LITORAL,AAPRESID,Corrientes,Corrientes,7,6,1
LITORAL,AAPRESID,Corrientes,Corrientes,7,7,0
LITORAL,AAPRESID,Corrientes,Bella Vista,7,5,2
LITORAL,AAPRESID,Corrientes,Bella Vista,7,6,3
LITORAL,AAPRESID,Corrientes,Bella Vista,7,7,1
LITORAL,AAPPCE,Entre Ríos,Don Cristóbal,7,5,0
LITORAL,AAPPCE,Entre Ríos,Don Cristóbal,7,6,0
LITORAL,AAPPCE,Entre Ríos,Don Cristóbal,7,7,0
LITORAL,AAPPCE,Entre Ríos,Isletas,7,5,0
LITORAL,AAPPCE,Entre Ríos,Isletas,7,6,0
LITORAL,AAPPCE,Entre Ríos,Isletas,7,7,0
LITORAL,AAPPCE,Entre Ríos,La Paz,7,5,0
LITORAL,AAPPCE,Entre Ríos,La Paz,7,6,0
LITORAL,AAPPCE,Entre Ríos,La Paz,7,7,0
LITORAL,AAPPCE,Entre Ríos,Hinojal,7,5,0
LITORAL,AAPPCE,Entre Ríos,Hinojal,7,6,0
LITORAL,AAPPCE,Entre Ríos,Hinojal,7,7,0
LITORAL,AAPRESID,Entre Ríos,Colonia Celina,7,5,0
LITORAL,AAPRESID,Entre Ríos,Colonia Celina,7,6,0
LITORAL,AAPRESID,Entre Ríos,Colonia Celina,7,7,0
LITORAL,AAPRESID,Entre Ríos,Viale,7,5,0
LITORAL,AAPRESID,Entre Ríos,Viale,7,6,0
LITORAL,AAPRESID,Entre Ríos,Viale,7,7,0
LITORAL,AAPRESID,Entre Ríos,Sauce Pinto,7,5,0
LITORAL,AAPRESID,Entre Ríos,Sauce Pinto,7,6,0
LITORAL,AAPRESID,Entre Ríos,Sauce Pinto,7,7,1
LITORAL,AAPRESID,Entre Ríos,Gualeguay,7,5,0
LITORAL,AAPRESID,Entre Ríos,Gualeguay,7,6,0
LITORAL,AAPRESID,Entre Ríos,Gualeguay,7,7,0
LITORAL,AAPRESID,Entre Ríos,Paso de las Piedras,7,5,0
LITORAL,AAPRESID,Entre Ríos,Paso de las Piedras,7,6,0
LITORAL,AAPRESID,Entre Ríos,Paso de las Piedras,7,7,0
LITORAL,AAPRESID,Entre Ríos,Villa Hernandarias,7,5,0
LITORAL,AAPRESID,Entre Ríos,Villa Hernandarias,7,6,0
LITORAL,AAPRESID,Entre Ríos,Villa Hernandarias,7,7,0
LITORAL,AAPRESID,Entre Ríos,Don Cristóbal,7,5,0
LITORAL,AAPRESID,Entre Ríos,Don Cristóbal,7,6,0
LITORAL,AAPRESID,Entre Ríos,Don Cristóbal,7,7,0
LITORAL,CREA,Entre Ríos,Las Garzas,7,5,2
LITORAL,CREA,Entre Ríos,Las Garzas,7,6,0
LITORAL,CREA,Entre Ríos,Las Garzas,7,7,0
LITORAL,CREA,Entre Ríos,Santa Elena,7,5,0
LITORAL,CREA,Entre Ríos,Santa Elena,7,6,0
LITORAL,CREA,Entre Ríos,Santa Elena,7,7,0
LITORAL,CREA,Entre Ríos,Montoya,7,5,0
LITORAL,CREA,Entre Ríos,Montoya,7,6,0
LITORAL,CREA,Entre Ríos,Montoya,7,7,0
LITORAL,CREA,Entre Ríos,La Paz,7,5,0
LITORAL,CREA,Entre Ríos,La Paz,7,6,0
LITORAL,CREA,Entre Ríos,La Paz,7,7,0
LITORAL,CREA,Entre Ríos,Molino Doll,7,5,0
LITORAL,CREA,Entre Ríos,Molino Doll,7,6,0
LITORAL,CREA,Entre Ríos,Molino Doll,7,7,0
LITORAL,CREA,Entre Ríos,Feliciano,7,5,0
LITORAL,CREA,Entre Ríos,Feliciano,7,6,0
LITORAL,CREA,Entre Ríos,Feliciano,7,7,0
LITORAL,CREA,Entre Ríos,Villa Lila,7,5,0
LITORAL,CREA,Entre Ríos,Villa Lila,7,6,0
LITORAL,CREA,Entre Ríos,Villa Lila,7,7,0
LITORAL,CREA,Entre Ríos,Gualeguay,7,5,0
LITORAL,CREA,Entre Ríos,Gualeguay,7,6,0
LITORAL,CREA,Entre Ríos,Gualeguay,7,7,1
LITORAL,CREA,Entre Ríos,Victoria,7,5,0
LITORAL,CREA,Entre Ríos,Victoria,7,6,0
LITORAL,CREA,Entre Ríos,Victoria,7,7,0
LITORAL,CREA,Entre Ríos,Arroyo Barú,7,5,0
LITORAL,CREA,Entre Ríos,Arroyo Barú,7,6,0
LITORAL,CREA,Entre Ríos,Arroyo Barú,7,7,0
LITORAL,CREA,Entre Ríos,San Fernando,7,5,0
LITORAL,CREA,Entre Ríos,San Fernando,7,6,0
LITORAL,CREA,Entre Ríos,San Fernando,7,7,0
LITORAL,INTA,Entre Ríos,La Paz,7,5,0
LITORAL,INTA,Entre Ríos,La Paz,7,6,0
LITORAL,INTA,Entre Ríos,La Paz,7,7,0
LITORAL,INTA,Entre Ríos,Nogoya,7,5,0
LITORAL,INTA,Entre Ríos,Nogoya,7,6,0
LITORAL,INTA,Entre Ríos,Nogoya,7,7,0
LITORAL,INTA,Entre Ríos,Gualeguaychú,7,5,0
LITORAL,INTA,Entre Ríos,Gualeguaychú,7,6,0
LITORAL,INTA,Entre Ríos,Gualeguaychú,7,7,0
LITORAL,INTA,Entre Ríos,Concepción del Uruguay,7,5,0
LITORAL,INTA,Entre Ríos,Concepción del Uruguay,7,6,0
LITORAL,INTA,Entre Ríos,Concepción del Uruguay,7,7,0
LITORAL,INTA,Entre Ríos,Diamante,7,5,0
LITORAL,INTA,Entre Ríos,Diamante,7,6,0
LITORAL,INTA,Entre Ríos,Diamante,7,7,0
LITORAL,INTA,Entre Ríos,Gualeguay,7,5,0
LITORAL,INTA,Entre Ríos,Gualeguay,7,6,0
LITORAL,INTA,Entre Ríos,Gualeguay,7,7,0
LITORAL,INTA,Corrientes,Ituzaingo,7,5,19
LITORAL,INTA,Corrientes,sauce,7,5,1
CENTRO NORTE,INTA,Corrientes,Mercedes,7,19/09_al_03/10,5
CENTRO NORTE,INTA,Corrientes,Virasoro,7,19/09_al_03/10,10
CENTRO NORTE,AAPRESID,San Luis,La Toma,7,2,0
CENTRO NORTE,AAPRESID,San Luis,La Toma,7,3,0
CENTRO NORTE,AAPRESID,San Luis,La Toma,7,19/09_al_03/10,0
CENTRO NORTE,AAPPCE,Córdoba,Corralito,7,2,0
CENTRO NORTE,AAPPCE,Córdoba,Corralito,7,3,0
CENTRO NORTE,AAPPCE,Córdoba,Corralito,7,19/09_al_03/10,1
CENTRO NORTE,AAPPCE,Córdoba,Freyre,7,2,0
CENTRO NORTE,AAPPCE,Córdoba,Freyre,7,3,0
CENTRO NORTE,AAPPCE,Córdoba,Freyre,7,19/09_al_03/10,0
CENTRO NORTE,AAPPCE,Córdoba,Morteros,7,2,0
CENTRO NORTE,AAPPCE,Córdoba,Morteros,7,3,0
CENTRO NORTE,AAPPCE,Córdoba,Morteros,7,19/09_al_03/10,0
CENTRO SUR,AAPRESID,San Luís,La Angelina,7,2,0
CENTRO SUR,AAPRESID,San Luís,La Angelina,7,3,0
CENTRO SUR,AAPRESID,San Luís,La Angelina,7,19/09_al_04/10,0
CENTRO SUR,AAPRESID,San Luís,Nueva Galia,7,2,0
CENTRO SUR,AAPRESID,San Luís,Nueva Galia,7,3,0
CENTRO SUR,AAPRESID,San Luís,Nueva Galia,7,19/09_al_04/10,0
CENTRO SUR,CREA,San Luís,Buena Esperanza,7,2,0
CENTRO SUR,CREA,San Luís,Buena Esperanza,7,3,0
CENTRO SUR,CREA,San Luís,Buena Esperanza,7,19/09_al_04/10,0
CENTRO SUR,CREA,San Luís,Juan Jorba,7,2,0
CENTRO SUR,CREA,San Luís,Juan Jorba,7,3,0
CENTRO SUR,CREA,San Luís,Juan Jorba,7,19/09_al_04/10,0
CENTRO SUR,CREA,San Luís,Los molles,7,2,0
CENTRO SUR,CREA,San Luís,Los molles,7,3,1
CENTRO SUR,CREA,San Luís,Los molles,7,19/09_al_04/10,0
CENTRO SUR,CREA,San Luís,Naschel,7,2,0
CENTRO SUR,CREA,San Luís,Naschel,7,3,0
CENTRO SUR,CREA,San Luís,Naschel,7,19/09_al_04/10,0
CENTRO SUR,CREA,San Luís,San Martín,7,2,0
CENTRO SUR,CREA,San Luís,San Martín,7,3,0
CENTRO SUR,CREA,San Luís,San Martín,7,19/09_al_04/10,0
CENTRO SUR,INTA,San Luís,San Luis 1,7,2,0
CENTRO SUR,INTA,San Luís,San Luis 1,7,3,0
CENTRO SUR,INTA,San Luís,San Luis 1,7,19/09_al_04/10,0
CENTRO SUR,INTA,San Luís,Quines,7,2,0
CENTRO SUR,INTA,San Luís,Quines,7,19/09_al_04/10,0
CENTRO SUR,AGTSA,,Vergara,7,2,0
CENTRO SUR,AGTSA,,Vergara,7,3,0
CENTRO SUR,AGTSA,,Vergara,7,19/09_al_04/10,Sin datos
CENTRO SUR,AGTSA,,Rosario,7,2,1
CENTRO SUR,AGTSA,,Rosario,7,3,0
CENTRO SUR,AGTSA,,Rosario,7,19/09_al_04/10,2
CENTRO SUR,AGTSA,,Acegua,7,2,0
CENTRO SUR,AGTSA,,Acegua,7,3,0
CENTRO SUR,AGTSA,,Acegua,7,19/09_al_04/10,0
CENTRO SUR,AGTSA,,Chamizo,7,2,1
CENTRO SUR,AGTSA,,Chamizo,7,3,0
CENTRO SUR,AGTSA,,Chamizo,7,19/09_al_04/10,3
CENTRO SUR,AGTSA,,Colonia,7,2,0
CENTRO SUR,AGTSA,,Colonia,7,3,0
CENTRO SUR,AGTSA,,Colonia,7,19/09_al_04/10,2
CENTRO SUR,AGTSA,,Young,7,2,0
CENTRO SUR,AGTSA,,Young,7,3,0
CENTRO SUR,AGTSA,,Young,7,19/09_al_04/10,0
CENTRO SUR,AGTSA,,Mercedes,7,2,0
CENTRO SUR,AGTSA,,Mercedes,7,3,0
CENTRO SUR,AGTSA,,Mercedes,7,19/09_al_04/10,0
CENTRO SUR,AGTSA,,Durazno,7,2,0
CENTRO SUR,AGTSA,,Durazno,7,3,0
CENTRO SUR,AGTSA,,Durazno,7,19/09_al_04/10,0
CENTRO SUR,AGTSA,,Constancia,7,2,0
CENTRO SUR,AGTSA,,Constancia,7,3,0
CENTRO SUR,AGTSA,,Constancia,7,19/09_al_04/10,0
NOA,AAPRESID,Jujuy,Palpala,8,6,0
NOA,AAPRESID,Jujuy,Palpala,8,7,0
NOA,AAPRESID,Jujuy,Palpala,8,8,0
NOA,CREA,Jujuy,EL Carmen,8,6,2
NOA,CREA,Jujuy,EL Carmen,8,7,2
NOA,CREA,Jujuy,EL Carmen,8,8,0
NOA,CREA,Jujuy,Fraile Pintado,8,6,2
NOA,CREA,Jujuy,Fraile Pintado,8,7,0
NOA,CREA,Jujuy,Fraile Pintado,8,8,0
NOA,CREA,Jujuy,Santa Clara,8,6,1
NOA,CREA,Jujuy,Santa Clara,8,7,0
NOA,CREA,Jujuy,Santa Clara,8,8,0
NOA,INTA,Jujuy,El Bananal 0 0,8,6,Trampa
NOA,AAPPCE,Salta,Rio Piedras,8,6,9
NOA,AAPPCE,Salta,Rio Piedras,8,7,9
NOA,AAPPCE,Salta,Rio Piedras,8,8,5
NOA,AAPPCE,Salta,Macapillo,8,6,2
NOA,AAPPCE,Salta,Macapillo,8,7,1
NOA,AAPPCE,Salta,Macapillo,8,8,8
NOA,AAPRESID,Salta,Güemes,8,6,4
NOA,AAPRESID,Salta,Güemes,8,7,9
NOA,AAPRESID,Salta,Güemes,8,8,2
NOA,AAPRESID,Salta,Rivadavia,8,6,0
NOA,AAPRESID,Salta,Rivadavia,8,7,0
NOA,AAPRESID,Salta,Rivadavia,8,8,4
NOA,AAPRESID,Salta,Piquete Cabado 1,8,6,2
NOA,AAPRESID,Salta,Piquete Cabado 1,8,7,0
NOA,AAPRESID,Salta,Piquete Cabado 1,8,8,1
NOA,CREA,Salta,Antilla,8,6,0
NOA,CREA,Salta,Antilla,8,7,0
NOA,CREA,Salta,Antilla,8,8,3
NOA,CREA,Salta,Ballivián,8,6,0
NOA,CREA,Salta,Ballivián,8,7,0
NOA,CREA,Salta,Ballivián,8,8,0
NOA,CREA,Salta,Ceibalito,8,6,0
NOA,CREA,Salta,Ceibalito,8,7,0
NOA,CREA,Salta,Ceibalito,8,8,0
NOA,CREA,Salta,Chaguaral,8,6,0
NOA,CREA,Salta,Chaguaral,8,7,0
NOA,CREA,Salta,Chaguaral,8,8,0
NOA,CREA,Salta,Copo Quiles,8,6,0
NOA,CREA,Salta,Copo Quiles,8,7,0
NOA,CREA,Salta,Copo Quiles,8,8,0
NOA,CREA,Salta,El Bordo 0 0,8,6,Trampa
NOA,CREA,Salta,El Galpón,8,6,2
NOA,CREA,Salta,El Galpón,8,7,0
NOA,CREA,Salta,El Galpón,8,8,9
NOA,CREA,Salta,El Tunal,8,6,0
NOA,CREA,Salta,El Tunal,8,7,0
NOA,CREA,Salta,El Tunal,8,8,0
NOA,CREA,Salta,Embarcación,8,6,0
NOA,CREA,Salta,Embarcación,8,7,Sin datos
NOA,CREA,Salta,Embarcación,8,8,0
NOA,CREA,Salta,Gral Pizarro,8,6,1
NOA,CREA,Salta,Gral Pizarro,8,7,1
NOA,CREA,Salta,Gral Pizarro,8,8,0
NOA,CREA,Salta,Horcones,8,6,0
NOA,CREA,Salta,Horcones,8,7,0
NOA,CREA,Salta,Horcones,8,8,0
NOA,CREA,Salta,J V Gonzales,8,6,0
NOA,CREA,Salta,J V Gonzales,8,7,0
NOA,CREA,Salta,J V Gonzales,8,8,0
NOA,CREA,Salta,Las Lajitas (este),8,6,0
NOA,CREA,Salta,Las Lajitas (este),8,7,0
NOA,CREA,Salta,Las Lajitas (este),8,8,2
NOA,CREA,Salta,Las Lajitas T3,8,6,0
NOA,CREA,Salta,Las Lajitas T3,8,7,0
NOA,CREA,Salta,Las Lajitas T3,8,8,0
NOA,CREA,Salta,Metan 1,8,6,2
NOA,CREA,Salta,Metan 1,8,7,0
NOA,CREA,Salta,Metan 1,8,8,0
NOA,CREA,Salta,Metan 2,8,6,2
NOA,CREA,Salta,Metan 2,8,7,0
NOA,CREA,Salta,Metan 2,8,8,0
NOA,CREA,Salta,Mollinedo,8,6,0
NOA,CREA,Salta,Mollinedo,8,7,0
NOA,CREA,Salta,Mollinedo,8,8,0
NOA,CREA,Salta,Mosconi,8,6,1
NOA,CREA,Salta,Mosconi,8,7,0
NOA,CREA,Salta,Mosconi,8,8,0
NOA,CREA,Salta,Nstra Sra de Talavera,8,6,0
NOA,CREA,Salta,Nstra Sra de Talavera,8,7,0
NOA,CREA,Salta,Nstra Sra de Talavera,8,8,0
NOA,CREA,Salta,Pichanal,8,6,0
NOA,CREA,Salta,Pichanal,8,7,9
NOA,CREA,Salta,Pichanal,8,8,1
NOA,CREA,Salta,Piquete Cabado 2,8,6,0
NOA,CREA,Salta,Piquete Cabado 2,8,7,0
NOA,CREA,Salta,Piquete Cabado 2,8,8,0
NOA,CREA,Salta,Rosario de la Frontera,8,6,0
NOA,CREA,Salta,Rosario de la Frontera,8,7,0
NOA,CREA,Salta,Rosario de la Frontera,8,8,0
NOA,CREA,Salta,Santo Domingo,8,6,0
NOA,CREA,Salta,Santo Domingo,8,7,Sin datos
NOA,CREA,Salta,Santo Domingo,8,8,0
NOA,CREA,Salta,Saravia,8,6,1
NOA,CREA,Salta,Saravia,8,7,0
NOA,CREA,Salta,Saravia,8,8,0
NEA,CREA,Formosa,Las Lomitas,8,6,0
NEA,CREA,Formosa,Las Lomitas,8,7,0
NEA,CREA,Formosa,Las Lomitas,8,8,0
NEA,CREA,Formosa,El Naranjo 1 0,8,6,Auditando
NEA,INTA,Formosa,El colorado,8,6,0
NEA,INTA,Formosa,El colorado,8,7,0
NEA,INTA,Formosa,El colorado,8,8,0
NEA,INTA,Formosa,Comandante Fontana 0 0,8,6,Auditando
NEA,AAPRESID,Chaco,Tres Isletas,8,6,2
NEA,AAPRESID,Chaco,Tres Isletas,8,7,4
NEA,AAPRESID,Chaco,Tres Isletas,8,8,4
NEA,AAPRESID,Chaco,Pampa del Infierno,8,6,1
NEA,AAPRESID,Chaco,Pampa del Infierno,8,7,0
NEA,AAPRESID,Chaco,Pampa del Infierno,8,8,0
NEA,AAPRESID,Chaco,"Concepcion del Bermejo
(Estanislao)",8,6,0
NEA,AAPRESID,Chaco,"Concepcion del Bermejo
(Estanislao)",8,7,0
NEA,AAPRESID,Chaco,"Concepcion del Bermejo
(Estanislao)",8,8,0
NEA,AAPRESID,Chaco,"Don Luciano (C. del
Bermejo)",8,6,0
NEA,AAPRESID,Chaco,"Don Luciano (C. del
Bermejo)",8,7,0
NEA,AAPRESID,Chaco,"Don Luciano (C. del
Bermejo)",8,8,0
NEA,AAPRESID,Chaco,Las Piedritas,8,6,0
NEA,AAPRESID,Chaco,Las Piedritas,8,7,0
NEA,AAPRESID,Chaco,Las Piedritas,8,8,0
NEA,CREA,Chaco,Los Frentones,8,6,0
NEA,CREA,Chaco,Los Frentones,8,7,0
NEA,CREA,Chaco,Los Frentones,8,8,0
NEA,CREA,Chaco,Juan José Castelli,8,6,0
NEA,CREA,Chaco,Juan José Castelli,8,7,0
NEA,CREA,Chaco,Juan José Castelli,8,8,0
NEA,CREA,Chaco,El Timbo Pampa,8,6,0
NEA,CREA,Chaco,El Timbo Pampa,8,7,0
NEA,CREA,Chaco,El Timbo Pampa,8,8,0
NEA,CREA,Chaco,El Tocon Bermejo,8,6,1
NEA,CREA,Chaco,El Tocon Bermejo,8,7,0
NEA,CREA,Chaco,El Tocon Bermejo,8,8,0
NEA,CREA,Chaco,Las Breñas,8,6,0
NEA,CREA,Chaco,Las Breñas,8,7,0
NEA,CREA,Chaco,Las Breñas,8,8,0
NEA,CREA,Chaco,Santa Teresa Capdevilla 0 0,8,6,Trampa
NEA,CREA,Chaco,Pampa Cejas,8,6,0
NEA,CREA,Chaco,Pampa Cejas,8,7,0
NEA,CREA,Chaco,Pampa Cejas,8,8,0
NEA,CREA,Chaco,3 Retoños,8,6,0
NEA,CREA,Chaco,3 Retoños,8,7,0
NEA,CREA,Chaco,3 Retoños,8,8,0
NEA,CREA,Chaco,Quitilipi,8,6,0
NEA,CREA,Chaco,Quitilipi,8,7,0
NEA,CREA,Chaco,Quitilipi,8,8,0
NEA,CREA,Chaco,Pampa de los Guanacos,8,6,0
NEA,CREA,Chaco,Pampa de los Guanacos,8,7,0
NEA,CREA,Chaco,Pampa de los Guanacos,8,8,Sin datos
NEA,CREA,Chaco,Pampa del Infierno,8,6,7
NEA,CREA,Chaco,Pampa del Infierno,8,7,0
NEA,CREA,Chaco,Pampa del Infierno,8,8,Sin datos
NEA,CREA,Chaco,PampaToloza,8,6,0
NEA,CREA,Chaco,PampaToloza,8,7,0
NEA,CREA,Chaco,PampaToloza,8,8,0
NEA,CREA,Chaco,Kempe,8,6,0
NEA,CREA,Chaco,Kempe,8,7,0
NEA,CREA,Chaco,Kempe,8,8,0
NEA,INTA,Chaco,Gancedo,8,6,0
NEA,INTA,Chaco,Gancedo,8,7,0
NEA,INTA,Chaco,Gancedo,8,8,0
NEA,INTA,Chaco,Gral. Pinedo,8,6,0
NEA,INTA,Chaco,Gral. Pinedo,8,7,0
NEA,INTA,Chaco,Gral. Pinedo,8,8,0
NEA,INTA,Chaco,Tres Isletas,8,6,1
NEA,INTA,Chaco,Tres Isletas,8,7,0
NEA,INTA,Chaco,Tres Isletas,8,8,2
NEA,INTA,Chaco,Los frentones,8,6,0
NEA,INTA,Chaco,Los frentones,8,7,0
NEA,INTA,Chaco,Los frentones,8,8,0
NEA,INTA,Chaco,Pampa del Infierno,8,6,1
NEA,INTA,Chaco,Pampa del Infierno,8,7,0
NEA,INTA,Chaco,Pampa del Infierno,8,8,0
NEA,INTA,Chaco,Pampa de los Guanacos,8,6,0
NEA,INTA,Chaco,Pampa de los Guanacos,8,7,0
NEA,INTA,Chaco,Pampa de los Guanacos,8,8,1
NEA,INTA,Chaco,Las Breñas,8,6,0
NEA,INTA,Chaco,Las Breñas,8,7,0
NEA,INTA,Chaco,Las Breñas,8,8,0
NEA,INTA,Chaco,Juan José Castelli,8,6,0
NEA,INTA,Chaco,Juan José Castelli,8,7,0
NEA,INTA,Chaco,Juan José Castelli,8,8,0
NEA,INTA,Chaco,Basail,8,6,0
NEA,INTA,Chaco,Basail,8,7,25
NEA,INTA,Chaco,Basail,8,8,24
NEA,AAPPCE,Santiago Del Estero,Weisburd,8,6,0
NEA,AAPPCE,Santiago Del Estero,Weisburd,8,7,1
NEA,AAPPCE,Santiago Del Estero,Weisburd,8,8,2
NEA,AAPPCE,Santiago Del Estero,Bandera,8,6,0
NEA,AAPPCE,Santiago Del Estero,Bandera,8,7,0
NEA,AAPPCE,Santiago Del Estero,Bandera,8,8,0
NEA,AAPRESID,Santiago Del Estero,Bandera,8,6,0
NEA,AAPRESID,Santiago Del Estero,Bandera,8,7,0
NEA,AAPRESID,Santiago Del Estero,Bandera,8,8,0
NEA,AAPRESID,Santiago Del Estero,Arbol Blanco,8,6,0
NEA,AAPRESID,Santiago Del Estero,Arbol Blanco,8,7,0
NEA,AAPRESID,Santiago Del Estero,Arbol Blanco,8,8,0
NEA,AAPRESID,Santiago Del Estero,Los Juries,8,6,0
NEA,AAPRESID,Santiago Del Estero,Los Juries,8,7,1
NEA,AAPRESID,Santiago Del Estero,Los Juries,8,8,1
LITORAL,AAPRESID,Corrientes,Mercedes,8,6,4
LITORAL,AAPRESID,Corrientes,Mercedes,8,7,6
LITORAL,AAPRESID,Corrientes,Mercedes,8,8,3
LITORAL,AAPRESID,Corrientes,Ambrosio 1 Sin datos,8,6,Auditando
LITORAL,AAPRESID,Corrientes,Corrientes,8,6,1
LITORAL,AAPRESID,Corrientes,Corrientes,8,7,0
LITORAL,AAPRESID,Corrientes,Corrientes,8,8,0
LITORAL,AAPRESID,Corrientes,Bella Vista,8,6,3
LITORAL,AAPRESID,Corrientes,Bella Vista,8,7,1
LITORAL,AAPRESID,Corrientes,Bella Vista,8,8,2
LITORAL,INTA,Corrientes,Ituzaingo,8,6,19
LITORAL,INTA,Corrientes,Ituzaingo,8,7,17
LITORAL,INTA,Corrientes,sauce,8,6,1
LITORAL,INTA,Corrientes,sauce,8,7,1
LITORAL,INTA,Corrientes,Estancia el Rocio Copra,8,6,0
LITORAL,INTA,Corrientes,Estancia el Rocio Copra,8,7,6
LITORAL,INTA,Corrientes,Mercedes,8,6,5
LITORAL,INTA,Corrientes,Mercedes,8,7,5
LITORAL,INTA,Corrientes,Virasoro,8,6,10
LITORAL,INTA,Corrientes,Virasoro,8,7,5
LITORAL,INTA,Corrientes,Goya,8,6,0
LITORAL,AAPPCE,Entre Ríos,Don Cristobal,8,6,0
LITORAL,AAPPCE,Entre Ríos,Don Cristobal,8,7,0
LITORAL,AAPPCE,Entre Ríos,Don Cristobal,8,8,0
LITORAL,AAPPCE,Entre Ríos,Isletas,8,6,0
LITORAL,AAPPCE,Entre Ríos,Isletas,8,7,0
LITORAL,AAPPCE,Entre Ríos,Isletas,8,8,0
LITORAL,AAPPCE,Entre Ríos,La paz,8,6,0
LITORAL,AAPPCE,Entre Ríos,La paz,8,7,0
LITORAL,AAPPCE,Entre Ríos,La paz,8,8,0
LITORAL,AAPPCE,Entre Ríos,Hinojal,8,6,0
LITORAL,AAPPCE,Entre Ríos,Hinojal,8,7,0
LITORAL,AAPPCE,Entre Ríos,Hinojal,8,8,0
LITORAL,AAPRESID,Entre Ríos,Colonia Celina,8,6,0
LITORAL,AAPRESID,Entre Ríos,Colonia Celina,8,7,0
LITORAL,AAPRESID,Entre Ríos,Colonia Celina,8,8,0
LITORAL,AAPRESID,Entre Ríos,Viale,8,6,0
LITORAL,AAPRESID,Entre Ríos,Viale,8,7,0
LITORAL,AAPRESID,Entre Ríos,Viale,8,8,0
LITORAL,AAPRESID,Entre Ríos,Sauce Pinto,8,6,0
LITORAL,AAPRESID,Entre Ríos,Sauce Pinto,8,7,1
LITORAL,AAPRESID,Entre Ríos,Sauce Pinto,8,8,0
LITORAL,AAPRESID,Entre Ríos,Gualeguay,8,6,0
LITORAL,AAPRESID,Entre Ríos,Gualeguay,8,7,0
LITORAL,AAPRESID,Entre Ríos,Gualeguay,8,8,Sin datos
LITORAL,AAPRESID,Entre Ríos,Paso de las Piedras,8,6,0
LITORAL,AAPRESID,Entre Ríos,Paso de las Piedras,8,7,0
LITORAL,AAPRESID,Entre Ríos,Paso de las Piedras,8,8,0
LITORAL,AAPRESID,Entre Ríos,Villa Hernandarias,8,6,0
LITORAL,AAPRESID,Entre Ríos,Villa Hernandarias,8,7,0
LITORAL,AAPRESID,Entre Ríos,Villa Hernandarias,8,8,0
LITORAL,AAPRESID,Entre Ríos,Don Cristóbal,8,6,0
LITORAL,AAPRESID,Entre Ríos,Don Cristóbal,8,7,0
LITORAL,AAPRESID,Entre Ríos,Don Cristóbal,8,8,1
LITORAL,CREA,Entre Ríos,Las Garzas,8,6,0
LITORAL,CREA,Entre Ríos,Las Garzas,8,7,0
LITORAL,CREA,Entre Ríos,Las Garzas,8,8,0
LITORAL,CREA,Entre Ríos,Santa Elena,8,6,0
LITORAL,CREA,Entre Ríos,Santa Elena,8,7,0
LITORAL,CREA,Entre Ríos,Santa Elena,8,8,Sin datos
LITORAL,CREA,Entre Ríos,Montoya,8,6,0
LITORAL,CREA,Entre Ríos,Montoya,8,7,0
LITORAL,CREA,Entre Ríos,Montoya,8,8,Sin datos
LITORAL,CREA,Entre Ríos,La Paz,8,6,0
LITORAL,CREA,Entre Ríos,La Paz,8,7,0
LITORAL,CREA,Entre Ríos,La Paz,8,8,0
LITORAL,CREA,Entre Ríos,Molino Doll,8,6,0
LITORAL,CREA,Entre Ríos,Molino Doll,8,7,0
LITORAL,CREA,Entre Ríos,Molino Doll,8,8,0
LITORAL,CREA,Entre Ríos,Feliciano,8,6,0
LITORAL,CREA,Entre Ríos,Feliciano,8,7,0
LITORAL,CREA,Entre Ríos,Feliciano,8,8,0
LITORAL,CREA,Entre Ríos,Villa Lila,8,6,0
LITORAL,CREA,Entre Ríos,Villa Lila,8,7,0
LITORAL,CREA,Entre Ríos,Villa Lila,8,8,0
LITORAL,CREA,Entre Ríos,Gualeguay,8,6,0
LITORAL,CREA,Entre Ríos,Gualeguay,8,7,0
LITORAL,CREA,Entre Ríos,Gualeguay,8,8,0
LITORAL,CREA,Entre Ríos,Victoria,8,6,0
LITORAL,CREA,Entre Ríos,Victoria,8,7,0
LITORAL,CREA,Entre Ríos,Victoria,8,8,0
LITORAL,CREA,Entre Ríos,Arroyo Barú,8,6,0
LITORAL,CREA,Entre Ríos,Arroyo Barú,8,7,0
LITORAL,CREA,Entre Ríos,Arroyo Barú,8,8,0
LITORAL,CREA,Entre Ríos,San Fernando,8,6,0
LITORAL,CREA,Entre Ríos,San Fernando,8,7,0
LITORAL,CREA,Entre Ríos,San Fernando,8,8,0
LITORAL,INTA,Entre Ríos,La Paz,8,6,0
LITORAL,INTA,Entre Ríos,La Paz,8,7,0
LITORAL,INTA,Entre Ríos,La Paz,8,8,0
LITORAL,INTA,Entre Ríos,Nogoya,8,6,0
LITORAL,INTA,Entre Ríos,Nogoya,8,7,1
LITORAL,INTA,Entre Ríos,Nogoya,8,8,0
LITORAL,INTA,Entre Ríos,Gualeguaychú,8,6,0
LITORAL,INTA,Entre Ríos,Gualeguaychú,8,7,0
LITORAL,INTA,Entre Ríos,Gualeguaychú,8,8,0
LITORAL,INTA,Entre Ríos,Concepción del Uruguay,8,6,0
LITORAL,INTA,Entre Ríos,Concepción del Uruguay,8,7,0
LITORAL,INTA,Entre Ríos,Concepción del Uruguay,8,8,2
CENTRO NORTE,AAPRESID,San Luis,La Toma,8,6,0
CENTRO NORTE,AAPRESID,San Luis,La Toma,8,7,0
CENTRO NORTE,AAPRESID,San Luis,La Toma,8,8,0
CENTRO NORTE,AAPPCE,Córdoba,Corralito,8,6,0
CENTRO NORTE,AAPPCE,Córdoba,Corralito,8,7,0
CENTRO NORTE,AAPPCE,Córdoba,Corralito,8,8,0
CENTRO NORTE,AAPPCE,Córdoba,Freyre,8,6,0
CENTRO NORTE,AAPPCE,Córdoba,Freyre,8,7,0
CENTRO NORTE,AAPPCE,Córdoba,Freyre,8,8,0
CENTRO NORTE,AAPPCE,Córdoba,Morteros,8,6,0
CENTRO NORTE,AAPPCE,Córdoba,Morteros,8,7,0
CENTRO NORTE,AAPPCE,Córdoba,Morteros,8,8,0
CENTRO NORTE,AAPPCE,Córdoba,Rayo Cortado,8,6,0
CENTRO NORTE,AAPPCE,Córdoba,Rayo Cortado,8,7,0
CENTRO NORTE,AAPPCE,Córdoba,Rayo Cortado,8,8,0
CENTRO NORTE,AAPPCE,Córdoba,Jesus María,8,6,0
CENTRO NORTE,AAPPCE,Córdoba,Jesus María,8,7,0
CENTRO NORTE,AAPPCE,Córdoba,Jesus María,8,8,0
CENTRO NORTE,AAPPCE,Córdoba,El Fortín,8,6,0
CENTRO NORTE,AAPPCE,Córdoba,El Fortín,8,7,0
CENTRO NORTE,AAPPCE,Córdoba,El Fortín,8,8,0
CENTRO NORTE,AAPPCE,Córdoba,Río Ceballos,8,6,0
CENTRO NORTE,AAPPCE,Córdoba,Río Ceballos,8,7,0
CENTRO NORTE,AAPPCE,Córdoba,Río Ceballos,8,8,0
CENTRO NORTE,AAPRESID,Córdoba,Villa María,8,6,0
CENTRO NORTE,AAPRESID,Córdoba,Villa María,8,7,0
CENTRO NORTE,AAPRESID,Córdoba,Villa María,8,8,0
CENTRO NORTE,AAPRESID,Córdoba,Cañada de Luque,8,6,0
CENTRO NORTE,AAPRESID,Córdoba,Cañada de Luque,8,7,0
CENTRO NORTE,AAPRESID,Córdoba,Cañada de Luque,8,8,0
CENTRO NORTE,AAPRESID,Córdoba,Capilla de Sitón,8,6,0
CENTRO NORTE,AAPRESID,Córdoba,Capilla de Sitón,8,7,0
CENTRO NORTE,AAPRESID,Córdoba,Capilla de Sitón,8,8,0
CENTRO NORTE,AAPRESID,Córdoba,Carrilobo,8,6,1
CENTRO NORTE,AAPRESID,Córdoba,Carrilobo,8,7,0
CENTRO NORTE,AAPRESID,Córdoba,Carrilobo,8,8,0
CENTRO NORTE,AAPRESID,Córdoba,Devoto,8,6,0
CENTRO NORTE,AAPRESID,Córdoba,Devoto,8,7,0
CENTRO NORTE,AAPRESID,Córdoba,Devoto,8,8,0
CENTRO NORTE,AAPRESID,Córdoba,Eufrasio Loza,8,6,0
CENTRO NORTE,AAPRESID,Córdoba,Eufrasio Loza,8,7,0
CENTRO NORTE,AAPRESID,Córdoba,Eufrasio Loza,8,8,0
CENTRO NORTE,AAPRESID,Córdoba,Laguna Larga,8,6,0
CENTRO NORTE,AAPRESID,Córdoba,Laguna Larga,8,7,0
CENTRO NORTE,AAPRESID,Córdoba,Laguna Larga,8,8,0
CENTRO NORTE,AAPRESID,Córdoba,Las Bajadas,8,6,0
CENTRO NORTE,AAPRESID,Córdoba,Las Bajadas,8,7,1
CENTRO NORTE,AAPRESID,Córdoba,Las Bajadas,8,8,0
CENTRO NORTE,AAPRESID,Córdoba,Monte del Rosario,8,6,0
CENTRO NORTE,AAPRESID,Córdoba,Monte del Rosario,8,7,0
CENTRO NORTE,AAPRESID,Córdoba,Monte del Rosario,8,8,1
CENTRO NORTE,AAPRESID,Córdoba,Montecristo,8,6,0
CENTRO NORTE,AAPRESID,Córdoba,Montecristo,8,7,0
CENTRO NORTE,AAPRESID,Córdoba,Montecristo,8,8,0
CENTRO NORTE,AAPRESID,Córdoba,Obispo trejo,8,6,1
CENTRO NORTE,AAPRESID,Córdoba,Obispo trejo,8,7,0
CENTRO NORTE,AAPRESID,Córdoba,Obispo trejo,8,8,0
CENTRO NORTE,AAPRESID,Córdoba,Río Segundo- T1,8,6,0
CENTRO NORTE,AAPRESID,Córdoba,Río Segundo- T1,8,7,0
CENTRO NORTE,AAPRESID,Córdoba,Río Segundo- T1,8,8,0
CENTRO NORTE,AAPRESID,Córdoba,San Francisco,8,6,0
CENTRO NORTE,AAPRESID,Córdoba,San Francisco,8,7,0
CENTRO NORTE,AAPRESID,Córdoba,San Francisco,8,8,0
CENTRO NORTE,AAPRESID,Córdoba,Santa Catalina,8,6,0
CENTRO NORTE,AAPRESID,Córdoba,Santa Catalina,8,7,0
CENTRO NORTE,AAPRESID,Córdoba,Santa Catalina,8,8,0
CENTRO NORTE,AAPRESID,Córdoba,Tancacha,8,6,0
CENTRO NORTE,AAPRESID,Córdoba,Tancacha,8,7,0
CENTRO NORTE,AAPRESID,Córdoba,Tancacha,8,8,0
CENTRO NORTE,AAPRESID,Córdoba,Villa de Maria,8,6,0
CENTRO NORTE,AAPRESID,Córdoba,Villa de Maria,8,7,0
CENTRO NORTE,AAPRESID,Córdoba,Villa de Maria,8,8,0
CENTRO NORTE,AAPRESID,Córdoba,Arroyito,8,6,1
CENTRO NORTE,AAPRESID,Córdoba,Arroyito,8,7,1
CENTRO NORTE,AAPRESID,Córdoba,Arroyito,8,8,0
CENTRO NORTE,AAPRESID,Córdoba,Villa Sta. Rosa,8,6,0
CENTRO NORTE,AAPRESID,Córdoba,Villa Sta. Rosa,8,7,0
CENTRO NORTE,AAPRESID,Córdoba,Villa Sta. Rosa,8,8,0
CENTRO NORTE,AAPRESID,Córdoba,Hernando,8,6,0
CENTRO NORTE,AAPRESID,Córdoba,Hernando,8,7,2
CENTRO NORTE,AAPRESID,Córdoba,Hernando,8,8,1
CENTRO NORTE,CREA,Córdoba,Piquillín,8,6,0
CENTRO NORTE,CREA,Córdoba,Piquillín,8,7,0
CENTRO NORTE,CREA,Córdoba,Piquillín,8,8,0
CENTRO NORTE,CREA,Córdoba,Las Chilcas,8,6,0
CENTRO NORTE,CREA,Córdoba,Las Chilcas,8,7,0
CENTRO NORTE,CREA,Córdoba,Las Chilcas,8,8,0
CENTRO NORTE,CREA,Córdoba,Sebastián el Cano,8,6,3
CENTRO NORTE,CREA,Córdoba,Sebastián el Cano,8,7,1
CENTRO NORTE,CREA,Córdoba,Sebastián el Cano,8,8,1
CENTRO NORTE,CREA,Córdoba,El Tío,8,6,0
CENTRO NORTE,CREA,Córdoba,El Tío,8,7,0
CENTRO NORTE,CREA,Córdoba,El Tío,8,8,0
CENTRO NORTE,CREA,Córdoba,Colonia Tirolesa,8,6,0
CENTRO NORTE,CREA,Córdoba,Colonia Tirolesa,8,7,0
CENTRO NORTE,CREA,Córdoba,Colonia Tirolesa,8,8,1
CENTRO NORTE,CREA,Córdoba,Las Astillas,8,6,0
CENTRO NORTE,CREA,Córdoba,Las Astillas,8,7,0
CENTRO NORTE,CREA,Córdoba,Las Astillas,8,8,0
CENTRO NORTE,CREA,Córdoba,Mi Granja,8,6,0
CENTRO NORTE,CREA,Córdoba,Mi Granja,8,7,0
CENTRO NORTE,CREA,Córdoba,Mi Granja,8,8,0
CENTRO NORTE,CREA,Córdoba,Sacanta,8,6,0
CENTRO NORTE,CREA,Córdoba,Sacanta,8,7,0
CENTRO NORTE,CREA,Córdoba,Sacanta,8,8,0
CENTRO SUR,AAPRESID,San Luís,La Angelina,8,6,0
CENTRO SUR,AAPRESID,San Luís,La Angelina,8,7,0
CENTRO SUR,AAPRESID,San Luís,La Angelina,8,8,0
CENTRO SUR,AAPRESID,San Luís,Nueva Galia,8,6,0
CENTRO SUR,AAPRESID,San Luís,Nueva Galia,8,7,0
CENTRO SUR,AAPRESID,San Luís,Nueva Galia,8,8,0
CENTRO SUR,CREA,San Luís,Buena Esperanza,8,6,0
CENTRO SUR,CREA,San Luís,Buena Esperanza,8,7,0
CENTRO SUR,CREA,San Luís,Buena Esperanza,8,8,0
CENTRO SUR,CREA,San Luís,Juan Jorba,8,6,0
CENTRO SUR,CREA,San Luís,Juan Jorba,8,7,0
CENTRO SUR,CREA,San Luís,Juan Jorba,8,8,0
CENTRO SUR,CREA,San Luís,Los molles,8,6,0
CENTRO SUR,CREA,San Luís,Los molles,8,7,1
CENTRO SUR,CREA,San Luís,Los molles,8,8,0
CENTRO SUR,CREA,San Luís,Naschel,8,6,0
CENTRO SUR,CREA,San Luís,Naschel,8,7,0
CENTRO SUR,CREA,San Luís,Naschel,8,8,0
CENTRO SUR,CREA,San Luís,San Martín,8,6,0
CENTRO SUR,CREA,San Luís,San Martín,8,7,0
CENTRO SUR,CREA,San Luís,San Martín,8,8,0
CENTRO SUR,INTA,San Luís,San Luis 1,8,6,0
CENTRO SUR,INTA,San Luís,San Luis 1,8,7,0
CENTRO SUR,INTA,San Luís,San Luis 1,8,8,0
CENTRO SUR,INTA,San Luís,Quines,8,6,0
CENTRO SUR,INTA,San Luís,Quines,8,7,0
CENTRO SUR,INTA,San Luís,Quines,8,8,0
CENTRO SUR,AAPPCE,Córdoba,Ana Zumaran,8,6,0
CENTRO SUR,AAPPCE,Córdoba,Ana Zumaran,8,7,0
CENTRO SUR,AAPPCE,Córdoba,Ana Zumaran,8,8,0
CENTRO SUR,AAPPCE,Córdoba,Cnel. Baigorria,8,6,0
CENTRO SUR,AAPPCE,Córdoba,Cnel. Baigorria,8,7,0
CENTRO SUR,AAPPCE,Córdoba,Cnel. Baigorria,8,8,0
CENTRO SUR,AAPPCE,Córdoba,General Roca,8,6,Sin datos
CENTRO SUR,AAPPCE,Córdoba,General Roca,8,7,0
CENTRO SUR,AAPPCE,Córdoba,General Roca,8,8,0
CENTRO SUR,AAPPCE,Córdoba,Gral. Cabrera,8,6,0
CENTRO SUR,AAPPCE,Córdoba,Gral. Cabrera,8,7,0
CENTRO SUR,AAPPCE,Córdoba,Gral. Cabrera,8,8,0
CENTRO SUR,AAPPCE,Córdoba,La playosa,8,6,0
CENTRO SUR,AAPPCE,Córdoba,La playosa,8,7,0
CENTRO SUR,AAPPCE,Córdoba,La playosa,8,8,0
CENTRO SUR,AAPPCE,Córdoba,Ordoñez,8,6,0
CENTRO SUR,AAPPCE,Córdoba,Ordoñez,8,7,0
CENTRO SUR,AAPPCE,Córdoba,Ordoñez,8,8,0
CENTRO SUR,AAPPCE,Córdoba,Tosquita,8,6,0
CENTRO SUR,AAPPCE,Córdoba,Tosquita,8,7,0
CENTRO SUR,AAPPCE,Córdoba,Tosquita,8,8,0
CENTRO SUR,AAPPCE,Córdoba,Arroyo Cabral,8,6,0
CENTRO SUR,AAPPCE,Córdoba,Arroyo Cabral,8,7,0
CENTRO SUR,AAPPCE,Córdoba,Arroyo Cabral,8,8,0
CENTRO SUR,AAPPCE,Córdoba,Villa María,8,6,0
CENTRO SUR,AAPPCE,Córdoba,Villa María,8,7,0
CENTRO SUR,AAPPCE,Córdoba,Villa María,8,8,0
CENTRO SUR,AAPRESID,Córdoba,Benjamín Gould,8,6,0
CENTRO SUR,AAPRESID,Córdoba,Benjamín Gould,8,7,0
CENTRO SUR,AAPRESID,Córdoba,Benjamín Gould,8,8,0
CENTRO SUR,AAPRESID,Córdoba,Buchardo,8,6,0
CENTRO SUR,AAPRESID,Córdoba,Buchardo,8,7,0
CENTRO SUR,AAPRESID,Córdoba,Buchardo,8,8,0
CENTRO SUR,AAPRESID,Córdoba,Coronel Moldes,8,6,0
CENTRO SUR,AAPRESID,Córdoba,Coronel Moldes,8,7,0
CENTRO SUR,AAPRESID,Córdoba,Coronel Moldes,8,8,0
CENTRO SUR,AAPRESID,Córdoba,Corral de Bustos,8,6,0
CENTRO SUR,AAPRESID,Córdoba,Corral de Bustos,8,7,0
CENTRO SUR,AAPRESID,Córdoba,Corral de Bustos,8,8,0
CENTRO SUR,AAPRESID,Córdoba,Guatimozin,8,6,0
CENTRO SUR,AAPRESID,Córdoba,Guatimozin,8,7,0
CENTRO SUR,AAPRESID,Córdoba,Guatimozin,8,8,0
CENTRO SUR,AAPRESID,Córdoba,Idiazabal,8,6,0
CENTRO SUR,AAPRESID,Córdoba,Idiazabal,8,7,0
CENTRO SUR,AAPRESID,Córdoba,Idiazabal,8,8,0
CENTRO SUR,AAPRESID,Córdoba,Lecueder,8,6,0
CENTRO SUR,AAPRESID,Córdoba,Lecueder,8,7,0
CENTRO SUR,AAPRESID,Córdoba,Lecueder,8,8,0
CENTRO SUR,AAPRESID,Córdoba,Villa Valeria,8,6,0
CENTRO SUR,AAPRESID,Córdoba,Villa Valeria,8,7,0
CENTRO SUR,AAPRESID,Córdoba,Villa Valeria,8,8,0
CENTRO SUR,AAPRESID,Córdoba,Jovita,8,6,0
CENTRO SUR,AAPRESID,Córdoba,Jovita,8,7,0
CENTRO SUR,AAPRESID,Córdoba,Jovita,8,8,0
CENTRO SUR,AAPRESID,Córdoba,Adelia María,8,6,0
CENTRO SUR,AAPRESID,Córdoba,Adelia María,8,7,0
CENTRO SUR,AAPRESID,Córdoba,Adelia María,8,8,0
CENTRO SUR,CREA,Córdoba,Chilibroste,8,6,0
CENTRO SUR,CREA,Córdoba,Chilibroste,8,7,0
CENTRO SUR,CREA,Córdoba,Chilibroste,8,8,0
CENTRO SUR,CREA,Córdoba,Justiniano Posse,8,6,0
CENTRO SUR,CREA,Córdoba,Justiniano Posse,8,7,0
CENTRO SUR,CREA,Córdoba,Justiniano Posse,8,8,0
CENTRO SUR,CREA,Córdoba,Huinca Renanco,8,6,0
CENTRO SUR,CREA,Córdoba,Huinca Renanco,8,7,2
CENTRO SUR,CREA,Córdoba,Huinca Renanco,8,8,0
CENTRO SUR,CREA,Córdoba,Arias,8,6,0
CENTRO SUR,CREA,Córdoba,Arias,8,7,0
CENTRO SUR,CREA,Córdoba,Arias,8,8,0
CENTRO SUR,CREA,Córdoba,Cañada Seca,8,6,0
CENTRO SUR,CREA,Córdoba,Cañada Seca,8,7,0
CENTRO SUR,CREA,Córdoba,Cañada Seca,8,8,0
CENTRO SUR,CREA,Córdoba,Cuatro Vientos,8,6,0
CENTRO SUR,CREA,Córdoba,Cuatro Vientos,8,7,0
CENTRO SUR,CREA,Córdoba,Cuatro Vientos,8,8,0
CENTRO SUR,CREA,Córdoba,General Levalle,8,6,0
CENTRO SUR,CREA,Córdoba,General Levalle,8,7,0
CENTRO SUR,CREA,Córdoba,General Levalle,8,8,0
NOA,AAPRESID,Jujuy,Palpala,9,7,0
NOA,AAPRESID,Jujuy,Palpala,9,8,0
NOA,AAPRESID,Jujuy,Palpala,9,9,1
NOA,CREA,Jujuy,EL Carmen,9,7,2
NOA,CREA,Jujuy,EL Carmen,9,8,0
NOA,CREA,Jujuy,EL Carmen,9,9,Sin datos
NOA,CREA,Jujuy,Fraile Pintado,9,7,0
NOA,CREA,Jujuy,Fraile Pintado,9,8,0
NOA,CREA,Jujuy,Fraile Pintado,9,9,Sin datos
NOA,CREA,Jujuy,Santa Clara,9,7,0
NOA,CREA,Jujuy,Santa Clara,9,8,0
NOA,CREA,Jujuy,Santa Clara,9,9,Sin datos
NOA,AAPPCE,Salta,Rio Piedras,9,7,9
NOA,AAPPCE,Salta,Rio Piedras,9,8,5
NOA,AAPPCE,Salta,Rio Piedras,9,9,3
NOA,AAPPCE,Salta,Macapillo,9,7,1
NOA,AAPPCE,Salta,Macapillo,9,8,8
NOA,AAPPCE,Salta,Macapillo,9,9,6
NOA,AAPRESID,Salta,Güemes,9,7,9
NOA,AAPRESID,Salta,Güemes,9,8,2
NOA,AAPRESID,Salta,Güemes,9,9,12
NOA,AAPRESID,Salta,Rivadavia,9,7,0
NOA,AAPRESID,Salta,Rivadavia,9,8,4
NOA,AAPRESID,Salta,Rivadavia,9,9,8
NOA,AAPRESID,Salta,Piquete Cabado 1,9,7,0
NOA,AAPRESID,Salta,Piquete Cabado 1,9,8,1
NOA,AAPRESID,Salta,Piquete Cabado 1,9,9,0
NOA,CREA,Salta,Antilla,9,7,0
NOA,CREA,Salta,Antilla,9,8,3
NOA,CREA,Salta,Antilla,9,9,0
NOA,CREA,Salta,Ballivián,9,7,0
NOA,CREA,Salta,Ballivián,9,8,0
NOA,CREA,Salta,Ballivián,9,9,1
NOA,CREA,Salta,Ceibalito,9,7,0
NOA,CREA,Salta,Ceibalito,9,8,0
NOA,CREA,Salta,Ceibalito,9,9,0
NOA,CREA,Salta,Chaguaral,9,7,0
NOA,CREA,Salta,Chaguaral,9,8,0
NOA,CREA,Salta,Chaguaral,9,9,0
NOA,CREA,Salta,Copo Quiles,9,7,0
NOA,CREA,Salta,Copo Quiles,9,8,0
NOA,CREA,Salta,Copo Quiles,9,9,0
NOA,CREA,Salta,El Galpón,9,7,0
NOA,CREA,Salta,El Galpón,9,8,9
NOA,CREA,Salta,El Galpón,9,9,6
NOA,CREA,Salta,El Tunal,9,7,0
NOA,CREA,Salta,El Tunal,9,8,0
NOA,CREA,Salta,El Tunal,9,9,0
NOA,CREA,Salta,Embarcación,9,7,Sin datos
NOA,CREA,Salta,Embarcación,9,8,0
NOA,CREA,Salta,Embarcación,9,9,74
NOA,CREA,Salta,Gral Pizarro,9,7,1
NOA,CREA,Salta,Gral Pizarro,9,8,0
NOA,CREA,Salta,Gral Pizarro,9,9,0
NOA,CREA,Salta,Horcones,9,7,0
NOA,CREA,Salta,Horcones,9,8,0
NOA,CREA,Salta,Horcones,9,9,1
NOA,CREA,Salta,J V Gonzales,9,7,0
NOA,CREA,Salta,J V Gonzales,9,8,0
NOA,CREA,Salta,J V Gonzales,9,9,0
NOA,CREA,Salta,Las Lajitas (este),9,7,0
NOA,CREA,Salta,Las Lajitas (este),9,8,2
NOA,CREA,Salta,Las Lajitas (este),9,9,6
NOA,CREA,Salta,Las Lajitas T3,9,7,0
NOA,CREA,Salta,Las Lajitas T3,9,8,0
NOA,CREA,Salta,Las Lajitas T3,9,9,0
NOA,CREA,Salta,Metan 1,9,7,0
NOA,CREA,Salta,Metan 1,9,8,0
NOA,CREA,Salta,Metan 1,9,9,0
NOA,CREA,Salta,Metan 2,9,7,0
NOA,CREA,Salta,Metan 2,9,8,0
NOA,CREA,Salta,Metan 2,9,9,0
NOA,CREA,Salta,Mollinedo,9,7,0
NOA,CREA,Salta,Mollinedo,9,8,0
NOA,CREA,Salta,Mollinedo,9,9,0
NOA,CREA,Salta,Mosconi,9,7,0
NOA,CREA,Salta,Mosconi,9,8,0
NOA,CREA,Salta,Mosconi,9,9,Sin datos
NOA,CREA,Salta,Nstra Sra de Talavera,9,7,0
NOA,CREA,Salta,Nstra Sra de Talavera,9,8,0
NOA,CREA,Salta,Nstra Sra de Talavera,9,9,0
NOA,CREA,Salta,Pichanal,9,7,9
NOA,CREA,Salta,Pichanal,9,8,1
NOA,CREA,Salta,Pichanal,9,9,6
NOA,CREA,Salta,Piquete Cabado 2,9,7,0
NOA,CREA,Salta,Piquete Cabado 2,9,8,0
NOA,CREA,Salta,Piquete Cabado 2,9,9,0
NOA,CREA,Salta,Rosario de la Frontera,9,7,0
NOA,CREA,Salta,Rosario de la Frontera,9,8,0
NOA,CREA,Salta,Rosario de la Frontera,9,9,2
NOA,CREA,Salta,Santo Domingo,9,7,Sin datos
NOA,CREA,Salta,Santo Domingo,9,8,0
NOA,CREA,Salta,Santo Domingo,9,9,0
NEA,CREA,Santiago Del Estero,Pampa Pozo,9,7,0
NEA,CREA,Santiago Del Estero,Pampa Pozo,9,8,0
NEA,CREA,Santiago Del Estero,Pampa Pozo,9,9,0
NEA,CREA,Santiago Del Estero,Pozo de Bedert,9,7,0
NEA,CREA,Santiago Del Estero,Pozo de Bedert,9,8,0
NEA,CREA,Santiago Del Estero,Pozo de Bedert,9,9,Sin datos
NEA,CREA,Santiago Del Estero,Pozo Hondo,9,7,0
NEA,CREA,Santiago Del Estero,Pozo Hondo,9,8,0
NEA,CREA,Santiago Del Estero,Pozo Hondo,9,9,0
NEA,CREA,Santiago Del Estero,San Pedro de Guasayán,9,7,3
NEA,CREA,Santiago Del Estero,San Pedro de Guasayán,9,8,3
NEA,CREA,Santiago Del Estero,San Pedro de Guasayán,9,9,2
NEA,CREA,Santiago Del Estero,Termas de Río Hondo,9,7,0
NEA,CREA,Santiago Del Estero,Termas de Río Hondo,9,8,0
NEA,CREA,Santiago Del Estero,Termas de Río Hondo,9,9,1
NEA,CREA,Santiago Del Estero,Vinará,9,7,2
NEA,CREA,Santiago Del Estero,Vinará,9,8,5
NEA,CREA,Santiago Del Estero,Vinará,9,9,2
NEA,CREA,Catamarca,El Abra,9,7,0
NEA,CREA,Catamarca,El Abra,9,8,1
NEA,CREA,Catamarca,El Abra,9,9,1
NEA,CREA,Catamarca,Los Altos,9,7,0
NEA,CREA,Catamarca,Los Altos,9,8,0
NEA,CREA,Catamarca,Los Altos,9,9,0
NEA,CREA,Formosa,Las Lomitas,9,7,0
NEA,CREA,Formosa,Las Lomitas,9,8,0
NEA,CREA,Formosa,Las Lomitas,9,9,3
NEA,CREA,Formosa,Perin,9,7,0
NEA,CREA,Formosa,Perin,9,8,75
NEA,CREA,Formosa,Perin,9,9,90
NEA,INTA,Formosa,El colorado,9,7,0
NEA,INTA,Formosa,El colorado,9,8,0
NEA,INTA,Formosa,El colorado,9,9,3
NEA,AAPRESID,Chaco,Tres Isletas,9,7,4
NEA,AAPRESID,Chaco,Tres Isletas,9,8,4
NEA,AAPRESID,Chaco,Tres Isletas,9,9,6
NEA,AAPRESID,Chaco,Pampa del Infierno,9,7,0
NEA,AAPRESID,Chaco,Pampa del Infierno,9,8,0
NEA,AAPRESID,Chaco,Pampa del Infierno,9,9,0
NEA,,,"Concepcion del Bermejo
(Estanislao)",9,7,0
NEA,,,"Concepcion del Bermejo
(Estanislao)",9,8,0
NEA,AAPRESID,Chaco,Don Luciano (C. del Bermejo),9,7,0
NEA,AAPRESID,Chaco,Don Luciano (C. del Bermejo),9,8,0
NEA,AAPRESID,Chaco,Don Luciano (C. del Bermejo),9,9,0
NEA,AAPRESID,Chaco,Las Piedritas,9,7,0
NEA,AAPRESID,Chaco,Las Piedritas,9,8,0
NEA,AAPRESID,Chaco,Las Piedritas,9,9,0
NEA,CREA,Chaco,Los Frentones,9,7,0
NEA,CREA,Chaco,Los Frentones,9,8,0
NEA,CREA,Chaco,Los Frentones,9,9,4
NEA,CREA,Chaco,Juan José Castelli,9,7,0
NEA,CREA,Chaco,Juan José Castelli,9,8,0
NEA,CREA,Chaco,Juan José Castelli,9,9,1
NEA,,,El Timbo Pampa 0,9,7,Trampa
NEA,CREA,Chaco,El Tocon Bermejo,9,7,0
NEA,CREA,Chaco,El Tocon Bermejo,9,8,0
NEA,CREA,Chaco,El Tocon Bermejo,9,9,1
NEA,CREA,Chaco,Las Breñas,9,7,0
NEA,CREA,Chaco,Las Breñas,9,8,0
NEA,CREA,Chaco,Las Breñas,9,9,0
NEA,,,Santa Teresa Capdevilla 0 Trampa,9,7,0
NEA,CREA,Chaco,Pampa Cejas,9,7,0
NEA,CREA,Chaco,Pampa Cejas,9,8,0
NEA,CREA,Chaco,Pampa Cejas,9,9,0
NEA,CREA,Chaco,3 Retoños,9,7,0
NEA,CREA,Chaco,3 Retoños,9,8,0
NEA,CREA,Chaco,3 Retoños,9,9,0
NEA,CREA,Chaco,Quitilipi,9,7,0
NEA,CREA,Chaco,Quitilipi,9,8,0
NEA,CREA,Chaco,Quitilipi,9,9,0
NEA,CREA,Chaco,Pampa de los Guanacos,9,7,0
NEA,CREA,Chaco,Pampa de los Guanacos,9,8,Sin datos
NEA,CREA,Chaco,Pampa de los Guanacos,9,9,0
NEA,CREA,Chaco,Pampa del Infierno,9,7,0
NEA,CREA,Chaco,Pampa del Infierno,9,8,Sin datos
NEA,CREA,Chaco,Pampa del Infierno,9,9,Sin datos
NEA,CREA,Chaco,PampaToloza,9,7,0
NEA,CREA,Chaco,PampaToloza,9,8,0
NEA,CREA,Chaco,PampaToloza,9,9,Sin datos
LITORAL,INTA,Santiago Del Estero,Quimilí,9,7,0
LITORAL,INTA,Santiago Del Estero,Quimilí,9,8,0
LITORAL,INTA,Santiago Del Estero,Quimilí,9,9,2
LITORAL,CREA,Santiago Del Estero,El colorado,9,7,0
LITORAL,CREA,Santiago Del Estero,El colorado,9,8,0
LITORAL,CREA,Santiago Del Estero,El colorado,9,9,0
LITORAL,CREA,Santa Fe,La Pelada,9,7,0
LITORAL,CREA,Santa Fe,La Pelada,9,8,1
LITORAL,CREA,Santa Fe,La Pelada,9,9,0
LITORAL,CREA,Santa Fe,Juamarita,9,7,0
LITORAL,CREA,Santa Fe,Juamarita,9,8,0
LITORAL,CREA,Santa Fe,Juamarita,9,9,0
LITORAL,CREA,Santa Fe,Ambrosetti,9,7,0
LITORAL,CREA,Santa Fe,Ambrosetti,9,8,0
LITORAL,CREA,Santa Fe,Ambrosetti,9,9,0
LITORAL,CREA,Santa Fe,Arroyo Ceibal,9,7,0
LITORAL,CREA,Santa Fe,Arroyo Ceibal,9,8,0
LITORAL,CREA,Santa Fe,Arroyo Ceibal,9,9,1
LITORAL,CREA,Santa Fe,Hersilia,9,7,0
LITORAL,CREA,Santa Fe,Hersilia,9,8,0
LITORAL,CREA,Santa Fe,Hersilia,9,9,0
LITORAL,CREA,Santa Fe,La Penca y Caraguatá,9,7,0
LITORAL,CREA,Santa Fe,La Penca y Caraguatá,9,8,0
LITORAL,CREA,Santa Fe,La Penca y Caraguatá,9,9,0
LITORAL,CREA,Santa Fe,Ramayón,9,7,0
LITORAL,CREA,Santa Fe,Ramayón,9,8,0
LITORAL,CREA,Santa Fe,Ramayón,9,9,0
LITORAL,CREA,Santa Fe,Alejandra,9,7,0
LITORAL,CREA,Santa Fe,Alejandra,9,8,0
LITORAL,CREA,Santa Fe,Alejandra,9,9,0
LITORAL,CREA,Santa Fe,Margarita,9,7,0
LITORAL,CREA,Santa Fe,Margarita,9,8,0
LITORAL,CREA,Santa Fe,Margarita,9,9,0
LITORAL,CREA,Santa Fe,Vera y Pintado,9,7,0
LITORAL,CREA,Santa Fe,Vera y Pintado,9,8,0
LITORAL,CREA,Santa Fe,Vera y Pintado,9,9,0
LITORAL,,,"Emilia Trampa
perdida",9,7,0
LITORAL,CREA,Santa Fe,La María,9,7,0
LITORAL,CREA,Santa Fe,La María,9,8,0
LITORAL,CREA,Santa Fe,La María,9,9,0
LITORAL,CREA,Santa Fe,La Osca,9,7,0
LITORAL,CREA,Santa Fe,La Osca,9,8,0
LITORAL,CREA,Santa Fe,La Osca,9,9,0
LITORAL,CREA,Santa Fe,Llambí Campbell,9,7,Sin datos
LITORAL,CREA,Santa Fe,Llambí Campbell,9,8,0
LITORAL,CREA,Santa Fe,Llambí Campbell,9,9,0
LITORAL,CREA,Santa Fe,Malabrigo,9,7,0
LITORAL,CREA,Santa Fe,Malabrigo,9,8,0
LITORAL,CREA,Santa Fe,Malabrigo,9,9,0
LITORAL,CREA,Santa Fe,Soledad,9,7,0
LITORAL,CREA,Santa Fe,Soledad,9,8,0
LITORAL,CREA,Santa Fe,Soledad,9,9,0
LITORAL,CREA,Santa Fe,Villa Saralegui,9,7,0
LITORAL,CREA,Santa Fe,Villa Saralegui,9,8,0
LITORAL,CREA,Santa Fe,Villa Saralegui,9,9,0
LITORAL,INTA,Santa Fe,Reconquista,9,7,0
LITORAL,INTA,Santa Fe,Reconquista,9,8,0
LITORAL,INTA,Santa Fe,Reconquista,9,9,1
LITORAL,INTA,Santa Fe,Calchaquí,9,7,0
LITORAL,INTA,Santa Fe,Calchaquí,9,8,0
LITORAL,INTA,Santa Fe,Calchaquí,9,9,0
LITORAL,INTA,Santa Fe,Logroño,9,7,0
LITORAL,INTA,Santa Fe,Logroño,9,8,0
LITORAL,INTA,Santa Fe,Logroño,9,9,0
LITORAL,AAPRESID,Santa Fe,Logroño,9,7,0
LITORAL,AAPRESID,Santa Fe,Logroño,9,8,0
LITORAL,AAPRESID,Santa Fe,Logroño,9,9,0
LITORAL,AAPRESID,Santa Fe,Villa Minetti,9,7,0
LITORAL,AAPRESID,Santa Fe,Villa Minetti,9,8,0
LITORAL,AAPRESID,Santa Fe,Villa Minetti,9,9,1
LITORAL,INTA,Santa Fe,La sarita,9,7,0
LITORAL,INTA,Santa Fe,La sarita,9,8,3
LITORAL,INTA,Santa Fe,La sarita,9,9,1
LITORAL,INTA,Santa Fe,San Justo,9,7,0
LITORAL,INTA,Santa Fe,San Justo,9,8,0
LITORAL,INTA,Santa Fe,San Justo,9,9,0
LITORAL,AAPPCE,Santa Fe,Villa Minetti,9,7,Sin datos
LITORAL,AAPPCE,Santa Fe,Villa Minetti,9,8,0
LITORAL,AAPPCE,Santa Fe,Villa Minetti,9,9,0
LITORAL,INTA,Santa Fe,El Arazá,9,7,0
LITORAL,INTA,Santa Fe,El Arazá,9,8,0
LITORAL,INTA,Santa Fe,El Arazá,9,9,Sin datos
LITORAL,AAPRESID,Corrientes,Mercedes,9,7,6
LITORAL,AAPRESID,Corrientes,Mercedes,9,8,3
LITORAL,AAPRESID,Corrientes,Mercedes,9,9,0
LITORAL,AAPRESID,Corrientes,Ambrosio,9,7,Sin datos
LITORAL,AAPRESID,Corrientes,Ambrosio,9,8,1
LITORAL,AAPRESID,Corrientes,Ambrosio,9,9,25
LITORAL,AAPRESID,Corrientes,Corrientes,9,7,0
LITORAL,AAPRESID,Corrientes,Corrientes,9,8,0
LITORAL,AAPRESID,Corrientes,Corrientes,9,9,0
LITORAL,AAPRESID,Corrientes,Bella Vista,9,7,1
LITORAL,AAPRESID,Corrientes,Bella Vista,9,8,2
LITORAL,AAPRESID,Corrientes,Bella Vista,9,9,0
CENTRO NORTE,AAPRESID,San Luis,La Toma,9,7,0
CENTRO NORTE,AAPRESID,San Luis,La Toma,9,8,0
CENTRO NORTE,AAPRESID,San Luis,La Toma,9,9,0
CENTRO NORTE,AAPPCE,Córdoba,Corralito,9,7,0
CENTRO NORTE,AAPPCE,Córdoba,Corralito,9,8,0
CENTRO NORTE,AAPPCE,Córdoba,Corralito,9,9,0
CENTRO NORTE,AAPPCE,Córdoba,Freyre,9,7,0
CENTRO NORTE,AAPPCE,Córdoba,Freyre,9,8,0
CENTRO NORTE,AAPPCE,Córdoba,Freyre,9,9,0
CENTRO NORTE,AAPPCE,Córdoba,Morteros,9,7,0
CENTRO NORTE,AAPPCE,Córdoba,Morteros,9,8,0
CENTRO NORTE,AAPPCE,Córdoba,Morteros,9,9,0
CENTRO NORTE,AAPPCE,Córdoba,Rayo Cortado,9,7,0
CENTRO NORTE,AAPPCE,Córdoba,Rayo Cortado,9,8,0
CENTRO NORTE,AAPPCE,Córdoba,Rayo Cortado,9,9,0
CENTRO NORTE,AAPPCE,Córdoba,Jesus María,9,7,0
CENTRO NORTE,AAPPCE,Córdoba,Jesus María,9,8,0
CENTRO NORTE,AAPPCE,Córdoba,Jesus María,9,9,0
CENTRO NORTE,AAPPCE,Córdoba,El Fortín,9,7,0
CENTRO NORTE,AAPPCE,Córdoba,El Fortín,9,8,0
CENTRO NORTE,AAPPCE,Córdoba,El Fortín,9,9,0
CENTRO NORTE,AAPPCE,Córdoba,Río Ceballos,9,7,0
CENTRO NORTE,AAPPCE,Córdoba,Río Ceballos,9,8,0
CENTRO NORTE,AAPRESID,Córdoba,Villa María,9,7,0
CENTRO NORTE,AAPRESID,Córdoba,Villa María,9,8,0
CENTRO NORTE,AAPRESID,Córdoba,Villa María,9,9,0
CENTRO NORTE,AAPRESID,Córdoba,Cañada de Luque,9,7,0
CENTRO NORTE,AAPRESID,Córdoba,Cañada de Luque,9,8,0
CENTRO NORTE,AAPRESID,Córdoba,Cañada de Luque,9,9,0
CENTRO NORTE,AAPRESID,Córdoba,Capilla de Sitón,9,7,0
CENTRO NORTE,AAPRESID,Córdoba,Capilla de Sitón,9,8,0
CENTRO NORTE,AAPRESID,Córdoba,Capilla de Sitón,9,9,0
CENTRO NORTE,AAPRESID,Córdoba,Carrilobo,9,7,0
CENTRO NORTE,AAPRESID,Córdoba,Carrilobo,9,8,0
CENTRO NORTE,AAPRESID,Córdoba,Carrilobo,9,9,0
CENTRO NORTE,AAPRESID,Córdoba,Devoto,9,7,0
CENTRO NORTE,AAPRESID,Córdoba,Devoto,9,8,0
CENTRO NORTE,AAPRESID,Córdoba,Devoto,9,9,0
CENTRO NORTE,AAPRESID,Córdoba,Eufrasio Loza,9,7,0
CENTRO NORTE,AAPRESID,Córdoba,Eufrasio Loza,9,8,0
CENTRO NORTE,AAPRESID,Córdoba,Eufrasio Loza,9,9,0
CENTRO NORTE,AAPRESID,Córdoba,Laguna Larga,9,7,0
CENTRO NORTE,AAPRESID,Córdoba,Laguna Larga,9,8,0
CENTRO NORTE,AAPRESID,Córdoba,Laguna Larga,9,9,0
CENTRO NORTE,AAPRESID,Córdoba,Las Bajadas,9,7,1
CENTRO NORTE,AAPRESID,Córdoba,Las Bajadas,9,8,0
CENTRO NORTE,AAPRESID,Córdoba,Las Bajadas,9,9,0
CENTRO NORTE,AAPRESID,Córdoba,Monte del Rosario,9,7,0
CENTRO NORTE,AAPRESID,Córdoba,Monte del Rosario,9,8,1
CENTRO NORTE,AAPRESID,Córdoba,Monte del Rosario,9,9,0
CENTRO NORTE,AAPRESID,Córdoba,Montecristo,9,7,0
CENTRO NORTE,AAPRESID,Córdoba,Montecristo,9,8,0
CENTRO NORTE,AAPRESID,Córdoba,Montecristo,9,9,0
CENTRO NORTE,AAPRESID,Córdoba,Obispo trejo,9,7,0
CENTRO NORTE,AAPRESID,Córdoba,Obispo trejo,9,8,0
CENTRO NORTE,AAPRESID,Córdoba,Obispo trejo,9,9,0
CENTRO NORTE,AAPRESID,Córdoba,Río Segundo- T1,9,7,0
CENTRO NORTE,AAPRESID,Córdoba,Río Segundo- T1,9,8,0
CENTRO NORTE,AAPRESID,Córdoba,Río Segundo- T1,9,9,0
CENTRO NORTE,AAPRESID,Córdoba,San Francisco,9,7,0
CENTRO NORTE,AAPRESID,Córdoba,San Francisco,9,8,0
CENTRO NORTE,AAPRESID,Córdoba,San Francisco,9,9,0
CENTRO NORTE,AAPRESID,Córdoba,Santa Catalina,9,7,0
CENTRO NORTE,AAPRESID,Córdoba,Santa Catalina,9,8,0
CENTRO NORTE,AAPRESID,Córdoba,Santa Catalina,9,9,0
CENTRO NORTE,AAPRESID,Córdoba,Tancacha,9,7,0
CENTRO NORTE,AAPRESID,Córdoba,Tancacha,9,8,0
CENTRO NORTE,AAPRESID,Córdoba,Tancacha,9,9,0
CENTRO NORTE,AAPRESID,Córdoba,Villa de Maria,9,7,0
CENTRO NORTE,AAPRESID,Córdoba,Villa de Maria,9,8,0
CENTRO NORTE,AAPRESID,Córdoba,Villa de Maria,9,9,0
CENTRO NORTE,AAPRESID,Córdoba,Arroyito,9,7,1
CENTRO NORTE,AAPRESID,Córdoba,Arroyito,9,8,0
CENTRO NORTE,AAPRESID,Córdoba,Arroyito,9,9,0
CENTRO NORTE,AAPRESID,Córdoba,Villa Sta. Rosa,9,7,0
CENTRO NORTE,AAPRESID,Córdoba,Villa Sta. Rosa,9,8,0
CENTRO NORTE,AAPRESID,Córdoba,Villa Sta. Rosa,9,9,0
CENTRO NORTE,AAPRESID,Córdoba,Hernando,9,7,2
CENTRO NORTE,AAPRESID,Córdoba,Hernando,9,8,1
CENTRO NORTE,AAPRESID,Córdoba,Hernando,9,9,2
CENTRO NORTE,CREA,Córdoba,Piquillín,9,7,0
CENTRO NORTE,CREA,Córdoba,Piquillín,9,8,0
CENTRO NORTE,CREA,Córdoba,Piquillín,9,9,0
CENTRO NORTE,CREA,Córdoba,Las Chilcas,9,7,0
CENTRO NORTE,CREA,Córdoba,Las Chilcas,9,8,0
CENTRO NORTE,CREA,Córdoba,Las Chilcas,9,9,0
CENTRO NORTE,CREA,Córdoba,Sebastián el Cano,9,7,1
CENTRO NORTE,CREA,Córdoba,Sebastián el Cano,9,8,1
CENTRO NORTE,CREA,Córdoba,Sebastián el Cano,9,9,0
CENTRO NORTE,CREA,Córdoba,El Tío,9,7,0
CENTRO NORTE,CREA,Córdoba,El Tío,9,8,0
CENTRO NORTE,CREA,Córdoba,El Tío,9,9,Sin datos
CENTRO NORTE,CREA,Córdoba,Colonia Tirolesa,9,7,0
CENTRO NORTE,CREA,Córdoba,Colonia Tirolesa,9,8,1
CENTRO NORTE,CREA,Córdoba,Colonia Tirolesa,9,9,0
CENTRO NORTE,CREA,Córdoba,Las Astillas,9,7,0
CENTRO NORTE,CREA,Córdoba,Las Astillas,9,8,0
CENTRO NORTE,CREA,Córdoba,Las Astillas,9,9,1
CENTRO SUR,INTA,Santa Fe,Rafaela,9,7,0
CENTRO SUR,INTA,Santa Fe,Rafaela,9,8,0
CENTRO SUR,INTA,Santa Fe,Rafaela,9,9,0
CENTRO SUR,INTA,Santa Fe,Centeno,9,7,0
CENTRO SUR,INTA,Santa Fe,Centeno,9,8,0
CENTRO SUR,INTA,Santa Fe,Centeno,9,9,0
CENTRO SUR,INTA,Santa Fe,Ceres,9,7,0
CENTRO SUR,INTA,Santa Fe,Ceres,9,8,0
CENTRO SUR,INTA,Santa Fe,Ceres,9,9,0
CENTRO SUR,AAPRESID,San Luís,La Angelina,9,7,0
CENTRO SUR,AAPRESID,San Luís,La Angelina,9,8,0
CENTRO SUR,AAPRESID,San Luís,La Angelina,9,9,0
CENTRO SUR,AAPRESID,San Luís,Nueva Galia,9,7,0
CENTRO SUR,AAPRESID,San Luís,Nueva Galia,9,8,0
CENTRO SUR,AAPRESID,San Luís,Nueva Galia,9,9,0
CENTRO SUR,CREA,San Luís,Buena Esperanza,9,7,0
CENTRO SUR,CREA,San Luís,Buena Esperanza,9,8,0
CENTRO SUR,CREA,San Luís,Buena Esperanza,9,9,0
CENTRO SUR,CREA,San Luís,Juan Jorba,9,7,0
CENTRO SUR,CREA,San Luís,Juan Jorba,9,8,0
CENTRO SUR,CREA,San Luís,Juan Jorba,9,9,0
CENTRO SUR,CREA,San Luís,Los molles,9,7,1
CENTRO SUR,CREA,San Luís,Los molles,9,8,0
CENTRO SUR,CREA,San Luís,Los molles,9,9,0
CENTRO SUR,CREA,San Luís,Naschel,9,7,0
CENTRO SUR,CREA,San Luís,Naschel,9,8,0
CENTRO SUR,CREA,San Luís,Naschel,9,9,0
CENTRO SUR,CREA,San Luís,San Martín,9,7,0
CENTRO SUR,CREA,San Luís,San Martín,9,8,0
CENTRO SUR,CREA,San Luís,San Martín,9,9,0
CENTRO SUR,INTA,San Luís,San Luis 1,9,7,0
CENTRO SUR,INTA,San Luís,San Luis 1,9,8,0
CENTRO SUR,INTA,San Luís,San Luis 1,9,9,0
CENTRO SUR,INTA,San Luís,Quines,9,7,0
CENTRO SUR,INTA,San Luís,Quines,9,8,0
CENTRO SUR,INTA,San Luís,Quines,9,9,0
CENTRO SUR,AAPPCE,Córdoba,Ana Zumaran,9,7,0
CENTRO SUR,AAPPCE,Córdoba,Ana Zumaran,9,8,0
CENTRO SUR,AAPPCE,Córdoba,Ana Zumaran,9,9,0
CENTRO SUR,AAPPCE,Córdoba,Cnel. Baigorria,9,7,0
CENTRO SUR,AAPPCE,Córdoba,Cnel. Baigorria,9,8,0
CENTRO SUR,AAPPCE,Córdoba,Cnel. Baigorria,9,9,0
CENTRO SUR,AAPPCE,Córdoba,General Roca,9,7,0
CENTRO SUR,AAPPCE,Córdoba,General Roca,9,8,0
CENTRO SUR,AAPPCE,Córdoba,General Roca,9,9,0
CENTRO SUR,AAPPCE,Córdoba,Gral. Cabrera,9,7,0
CENTRO SUR,AAPPCE,Córdoba,Gral. Cabrera,9,8,0
CENTRO SUR,AAPPCE,Córdoba,Gral. Cabrera,9,9,0
CENTRO SUR,AAPPCE,Córdoba,La playosa,9,7,0
CENTRO SUR,AAPPCE,Córdoba,La playosa,9,8,0
CENTRO SUR,AAPPCE,Córdoba,La playosa,9,9,0
CENTRO SUR,,,0,9,7,Trampa
CENTRO SUR,AAPPCE,Córdoba,Tosquita,9,7,0
CENTRO SUR,AAPPCE,Córdoba,Tosquita,9,8,0
CENTRO SUR,AAPPCE,Córdoba,Tosquita,9,9,0
CENTRO SUR,AAPPCE,Córdoba,Arroyo Cabral,9,7,0
CENTRO SUR,AAPPCE,Córdoba,Arroyo Cabral,9,8,0
CENTRO SUR,AAPPCE,Córdoba,Arroyo Cabral,9,9,0
CENTRO SUR,AAPPCE,Córdoba,Villa María,9,7,0
CENTRO SUR,AAPPCE,Córdoba,Villa María,9,8,0
CENTRO SUR,AAPPCE,Córdoba,Villa María,9,9,0
CENTRO SUR,AAPRESID,Córdoba,Benjamín Gould,9,7,0
CENTRO SUR,AAPRESID,Córdoba,Benjamín Gould,9,8,0
CENTRO SUR,AAPRESID,Córdoba,Benjamín Gould,9,9,0
CENTRO SUR,AAPRESID,Córdoba,Buchardo,9,7,0
CENTRO SUR,AAPRESID,Córdoba,Buchardo,9,8,0
CENTRO SUR,AAPRESID,Córdoba,Buchardo,9,9,0
CENTRO SUR,AAPRESID,Córdoba,Coronel Moldes,9,7,0
CENTRO SUR,AAPRESID,Córdoba,Coronel Moldes,9,8,0
CENTRO SUR,AAPRESID,Córdoba,Coronel Moldes,9,9,0
CENTRO SUR,AAPRESID,Córdoba,Corral de Bustos,9,7,0
CENTRO SUR,AAPRESID,Córdoba,Corral de Bustos,9,8,0
CENTRO SUR,AAPRESID,Córdoba,Corral de Bustos,9,9,0
CENTRO SUR,AAPRESID,Córdoba,Guatimozin,9,7,0
CENTRO SUR,AAPRESID,Córdoba,Guatimozin,9,8,0
CENTRO SUR,AAPRESID,Córdoba,Guatimozin,9,9,0
CENTRO SUR,AAPRESID,Córdoba,Idiazabal,9,7,0
CENTRO SUR,AAPRESID,Córdoba,Idiazabal,9,8,0
CENTRO SUR,AAPRESID,Córdoba,Idiazabal,9,9,0
CENTRO SUR,AAPRESID,Córdoba,Lecueder,9,7,0
CENTRO SUR,AAPRESID,Córdoba,Lecueder,9,8,0
CENTRO SUR,AAPRESID,Córdoba,Lecueder,9,9,0
CENTRO SUR,AAPRESID,Córdoba,Villa Valeria,9,7,0
CENTRO SUR,AAPRESID,Córdoba,Villa Valeria,9,8,0
CENTRO SUR,AAPRESID,Córdoba,Villa Valeria,9,9,0
CENTRO SUR,AAPRESID,Córdoba,Jovita,9,7,0
CENTRO SUR,AAPRESID,Córdoba,Jovita,9,8,0
CENTRO SUR,AAPRESID,Córdoba,Jovita,9,9,0
CENTRO SUR,AAPRESID,Córdoba,Adelia María,9,7,0
CENTRO SUR,AAPRESID,Córdoba,Adelia María,9,8,0
CENTRO SUR,AAPRESID,Córdoba,Adelia María,9,9,0
URUGUAY,INTA,Buenos Aires,San antonio de Areco,9,6,0
URUGUAY,INTA,Buenos Aires,San antonio de Areco,9,7,0
URUGUAY,INTA,Buenos Aires,San antonio de Areco,9,8,0
URUGUAY,INTA,Buenos Aires,Bordenave,9,6,0
URUGUAY,INTA,Buenos Aires,Bordenave,9,7,0
URUGUAY,INTA,Buenos Aires,Bordenave,9,8,0
URUGUAY,INTA,Buenos Aires,Gral. Villegas,9,6,0
URUGUAY,INTA,Buenos Aires,Gral. Villegas,9,7,0
URUGUAY,INTA,Buenos Aires,Gral. Villegas,9,8,0
URUGUAY,INTA,Buenos Aires,Ascasubi,9,6,0
URUGUAY,INTA,Buenos Aires,Ascasubi,9,7,0
URUGUAY,INTA,Buenos Aires,Ascasubi,9,8,0
URUGUAY,INTA,Buenos Aires,Bolivar,9,6,0
URUGUAY,INTA,Buenos Aires,Bolivar,9,7,0
URUGUAY,INTA,Buenos Aires,Bolivar,9,8,0
URUGUAY,INTA,Buenos Aires,Pehuajó,9,6,0
URUGUAY,INTA,Buenos Aires,Pehuajó,9,7,0
URUGUAY,INTA,Buenos Aires,Pehuajó,9,8,0
URUGUAY,INTA,Buenos Aires,Balcarce,9,6,0
URUGUAY,INTA,Buenos Aires,Balcarce,9,7,0
URUGUAY,INTA,Buenos Aires,Balcarce,9,8,0
URUGUAY,AAPPCE,La Pampa,Macachín,9,6,0
URUGUAY,AAPPCE,La Pampa,Macachín,9,7,0
URUGUAY,AAPPCE,La Pampa,Macachín,9,8,0
URUGUAY,AAPRESID,La Pampa,Quemu Quemu,9,6,Sin datos
URUGUAY,AAPRESID,La Pampa,Quemu Quemu,9,7,0
URUGUAY,AAPRESID,La Pampa,Quemu Quemu,9,8,0
URUGUAY,CREA,La Pampa,General Pico,9,6,0
URUGUAY,CREA,La Pampa,General Pico,9,7,0
URUGUAY,CREA,La Pampa,General Pico,9,8,0
URUGUAY,CREA,La Pampa,Quemú Quemú,9,6,0
URUGUAY,CREA,La Pampa,Quemú Quemú,9,7,0
URUGUAY,CREA,La Pampa,Quemú Quemú,9,8,0
URUGUAY,CREA,La Pampa,Santa Rosa,9,6,0
URUGUAY,CREA,La Pampa,Santa Rosa,9,7,0
URUGUAY,CREA,La Pampa,Santa Rosa,9,8,0
URUGUAY,INTA,La Pampa,Anguil 1,9,6,0
URUGUAY,INTA,La Pampa,Anguil 1,9,7,0
URUGUAY,INTA,La Pampa,Anguil 1,9,8,0
URUGUAY,INTA,Santa Fe,Pujato,9,6,0
URUGUAY,INTA,Santa Fe,Pujato,9,7,0
URUGUAY,INTA,Santa Fe,Pujato,9,8,0
URUGUAY,AGTSA,,Vergara,9,6,0
URUGUAY,AGTSA,,Vergara,9,7,Sin datos
URUGUAY,AGTSA,,Vergara,9,8,Sin datos
URUGUAY,AGTSA,,Rosario,9,6,0
URUGUAY,AGTSA,,Rosario,9,7,0
URUGUAY,AGTSA,,Rosario,9,8,0
URUGUAY,AGTSA,,Acegua,9,6,0
URUGUAY,AGTSA,,Acegua,9,7,Sin datos
URUGUAY,AGTSA,,Acegua,9,8,Sin datos
URUGUAY,AGTSA,,Chamizo,9,6,0
URUGUAY,AGTSA,,Chamizo,9,7,Sin datos
URUGUAY,AGTSA,,Chamizo,9,8,0
URUGUAY,AGTSA,,Colonia,9,6,0
URUGUAY,AGTSA,,Colonia,9,7,0
URUGUAY,AGTSA,,Colonia,9,8,Sin datos
URUGUAY,AGTSA,,Young,9,6,0
URUGUAY,AGTSA,,Young,9,7,0
URUGUAY,AGTSA,,Young,9,8,Sin datos
URUGUAY,AGTSA,,Mercedes,9,6,0
URUGUAY,AGTSA,,Mercedes,9,7,0
URUGUAY,AGTSA,,Mercedes,9,8,0
URUGUAY,AGTSA,,Durazno,9,6,0
URUGUAY,AGTSA,,Durazno,9,7,0
URUGUAY,AGTSA,,Durazno,9,8,Sin datos
URUGUAY,AGTSA,,Constancia,9,6,0
URUGUAY,AGTSA,,Constancia,9,7,0
URUGUAY,AGTSA,,Constancia,9,8,0
URUGUAY,AGTSA,,Young,9,6,0
URUGUAY,AGTSA,,Young,9,7,0
URUGUAY,AGTSA,,Young,9,8,Sin datos
URUGUAY,AGTSA,,Palmitas,9,6,0
URUGUAY,AGTSA,,Palmitas,9,7,0
URUGUAY,AGTSA,,Palmitas,9,8,0
URUGUAY,AGTSA,,Sanchez,9,6,0
URUGUAY,AGTSA,,Sanchez,9,7,0
URUGUAY,AGTSA,,Sanchez,9,8,0
URUGUAY,AGTSA,,Rolón,9,6,Sin datos
URUGUAY,AGTSA,,Rolón,9,7,0
URUGUAY,AGTSA,,Rolón,9,8,Sin datos
URUGUAY,AGTSA,,Canelones,9,6,Sin datos
URUGUAY,AGTSA,,Canelones,9,7,0
URUGUAY,AGTSA,,Canelones,9,8,Sin datos
URUGUAY,AGTSA,,Arenal Grande,9,6,0
URUGUAY,AGTSA,,Arenal Grande,9,7,0
URUGUAY,AGTSA,,Arenal Grande,9,8,0
URUGUAY,AGTSA,,Miguelete,9,6,0
URUGUAY,AGTSA,,Miguelete,9,7,0
URUGUAY,AGTSA,,Miguelete,9,8,Sin datos
URUGUAY,AGTSA,,Cuchilla del Perdido,9,6,0
URUGUAY,AGTSA,,Cuchilla del Perdido,9,7,0
URUGUAY,AGTSA,,Cuchilla del Perdido,9,8,Sin datos
URUGUAY,AGTSA,,Campana,9,6,Sin datos
URUGUAY,AGTSA,,Campana,9,7,0
URUGUAY,AGTSA,,Campana,9,8,Sin datos
NOA,AAPRESID,Jujuy,Palpala,10,3,0
NOA,AAPRESID,Jujuy,Palpala,10,8,0
NOA,AAPRESID,Jujuy,Palpala,10,9,1
NOA,CREA,Jujuy,EL Carmen,10,3,2
NOA,CREA,Jujuy,EL Carmen,10,8,0
NOA,CREA,Jujuy,EL Carmen,10,9,Sin datos
NOA,CREA,Jujuy,Fraile Pintado,10,3,5
NOA,CREA,Jujuy,Fraile Pintado,10,8,0
NOA,CREA,Jujuy,Fraile Pintado,10,9,Sin datos
NOA,CREA,Jujuy,Santa Clara,10,3,2
NOA,CREA,Jujuy,Santa Clara,10,8,0
NOA,CREA,Jujuy,Santa Clara,10,9,Sin datos
NOA,INTA,Jujuy,El Bananal,10,3,0
NOA,INTA,Jujuy,El Bananal,10,8,Trampa perdida
NOA,INTA,Jujuy,El Bananal,10,9,0
NOA,AAPPCE,Salta,Rio Piedras,10,3,5
NOA,AAPPCE,Salta,Rio Piedras,10,8,5
NOA,AAPPCE,Salta,Rio Piedras,10,9,3
NOA,AAPPCE,Salta,Macapillo,10,3,4
NOA,AAPPCE,Salta,Macapillo,10,8,8
NOA,AAPPCE,Salta,Macapillo,10,9,6
NOA,AAPRESID,Salta,Güemes,10,3,2
NOA,AAPRESID,Salta,Güemes,10,8,2
NOA,AAPRESID,Salta,Güemes,10,9,12
NOA,AAPRESID,Salta,Rivadavia,10,3,10
NOA,AAPRESID,Salta,Rivadavia,10,8,4
NOA,AAPRESID,Salta,Rivadavia,10,9,8
NOA,AAPRESID,Salta,Piquete Cabado 1,10,3,0
NOA,AAPRESID,Salta,Piquete Cabado 1,10,8,1
NOA,AAPRESID,Salta,Piquete Cabado 1,10,9,0
NOA,CREA,Salta,Antilla,10,3,1
NOA,CREA,Salta,Antilla,10,8,3
NOA,CREA,Salta,Antilla,10,9,0
NOA,CREA,Salta,Ballivián,10,3,0
NOA,CREA,Salta,Ballivián,10,8,0
NOA,CREA,Salta,Ballivián,10,9,1
NOA,CREA,Salta,Ceibalito,10,3,0
NOA,CREA,Salta,Ceibalito,10,8,0
NOA,CREA,Salta,Ceibalito,10,9,0
NOA,CREA,Salta,Chaguaral,10,3,0
NOA,CREA,Salta,Chaguaral,10,8,0
NOA,CREA,Salta,Chaguaral,10,9,0
NOA,CREA,Salta,Copo Quiles,10,3,0
NOA,CREA,Salta,Copo Quiles,10,8,0
NOA,CREA,Salta,Copo Quiles,10,9,0
NOA,CREA,Salta,El Bordo,10,3,0
NOA,CREA,Salta,El Bordo,10,8,Trampa perdida
NOA,CREA,Salta,El Bordo,10,9,2
NOA,CREA,Salta,El Galpón,10,3,14
NOA,CREA,Salta,El Galpón,10,8,9
NOA,CREA,Salta,El Galpón,10,9,6
NOA,CREA,Salta,El Tunal,10,3,0
NOA,CREA,Salta,El Tunal,10,8,0
NOA,CREA,Salta,El Tunal,10,9,0
NOA,CREA,Salta,Embarcación,10,3,30
NOA,CREA,Salta,Embarcación,10,8,0
NOA,CREA,Salta,Embarcación,10,9,74
NOA,CREA,Salta,Gral Pizarro,10,3,0
NOA,CREA,Salta,Gral Pizarro,10,8,0
NOA,CREA,Salta,Gral Pizarro,10,9,0
NOA,CREA,Salta,Horcones,10,3,Trampa perdida
NOA,CREA,Salta,Horcones,10,8,0
NOA,CREA,Salta,Horcones,10,9,1
NOA,CREA,Salta,J V Gonzales,10,3,0
NOA,CREA,Salta,J V Gonzales,10,8,0
NOA,CREA,Salta,J V Gonzales,10,9,0
NOA,CREA,Salta,Las Lajitas (este),10,3,1
NOA,CREA,Salta,Las Lajitas (este),10,8,2
NOA,CREA,Salta,Las Lajitas (este),10,9,6
NOA,CREA,Salta,Las Lajitas T3,10,3,0
NOA,CREA,Salta,Las Lajitas T3,10,8,0
NOA,CREA,Salta,Las Lajitas T3,10,9,0
NOA,CREA,Salta,Metan 1,10,3,0
NOA,CREA,Salta,Metan 1,10,8,0
NOA,CREA,Salta,Metan 1,10,9,0
NOA,CREA,Salta,Metan 2,10,3,0
NOA,CREA,Salta,Metan 2,10,8,0
NOA,CREA,Salta,Metan 2,10,9,0
NOA,CREA,Salta,Mollinedo,10,3,0
NOA,CREA,Salta,Mollinedo,10,8,0
NOA,CREA,Salta,Mollinedo,10,9,0
NOA,CREA,Salta,Mosconi,10,3,1
NOA,CREA,Salta,Mosconi,10,8,0
NOA,CREA,Salta,Mosconi,10,9,2
NOA,CREA,Salta,Nstra Sra de Talavera,10,3,0
NOA,CREA,Salta,Nstra Sra de Talavera,10,8,0
NOA,CREA,Salta,Nstra Sra de Talavera,10,9,0
NOA,CREA,Salta,Pichanal,10,3,16
NOA,CREA,Salta,Pichanal,10,8,1
NOA,CREA,Salta,Pichanal,10,9,6
NOA,CREA,Salta,Piquete Cabado 2,10,3,1
NOA,CREA,Salta,Piquete Cabado 2,10,8,0
NOA,CREA,Salta,Piquete Cabado 2,10,9,0
NEA,CREA,Santiago Del Estero,Nueva Esperanza,10,3,0
NEA,CREA,Santiago Del Estero,Nueva Esperanza,10,8,0
NEA,CREA,Santiago Del Estero,Nueva Esperanza,10,9,Sin datos
NEA,CREA,Santiago Del Estero,Pampa Pozo,10,3,0
NEA,CREA,Santiago Del Estero,Pampa Pozo,10,8,0
NEA,CREA,Santiago Del Estero,Pampa Pozo,10,9,0
NEA,CREA,Santiago Del Estero,Pozo de Bedert,10,3,0
NEA,CREA,Santiago Del Estero,Pozo de Bedert,10,8,0
NEA,CREA,Santiago Del Estero,Pozo de Bedert,10,9,Sin datos
NEA,CREA,Santiago Del Estero,Pozo Hondo,10,3,0
NEA,CREA,Santiago Del Estero,Pozo Hondo,10,8,0
NEA,CREA,Santiago Del Estero,Pozo Hondo,10,9,0
NEA,CREA,Santiago Del Estero,San Pedro de Guasayán,10,3,6
NEA,CREA,Santiago Del Estero,San Pedro de Guasayán,10,8,3
NEA,CREA,Santiago Del Estero,San Pedro de Guasayán,10,9,2
NEA,CREA,Santiago Del Estero,Termas de Río Hondo,10,3,Trampa perdida
NEA,CREA,Santiago Del Estero,Termas de Río Hondo,10,8,0
NEA,CREA,Santiago Del Estero,Termas de Río Hondo,10,9,1
NEA,CREA,Santiago Del Estero,Vinará,10,3,4
NEA,CREA,Santiago Del Estero,Vinará,10,8,5
NEA,CREA,Santiago Del Estero,Vinará,10,9,2
NEA,CREA,Catamarca,El Abra,10,3,1
NEA,CREA,Catamarca,El Abra,10,8,1
NEA,CREA,Catamarca,El Abra,10,9,1
NEA,CREA,Catamarca,Los Altos,10,3,0
NEA,CREA,Catamarca,Los Altos,10,8,0
NEA,CREA,Catamarca,Los Altos,10,9,0
NEA,CREA,Formosa,Las Lomitas,10,3,0
NEA,CREA,Formosa,Las Lomitas,10,8,0
NEA,CREA,Formosa,Las Lomitas,10,9,3
NEA,CREA,Formosa,Perin,10,3,79
NEA,CREA,Formosa,Perin,10,8,75
NEA,CREA,Formosa,Perin,10,9,86
NEA,INTA,Formosa,El colorado,10,3,7
NEA,INTA,Formosa,El colorado,10,8,0
NEA,INTA,Formosa,El colorado,10,9,3
NEA,INTA,Formosa,Comandante Fontana,10,3,5
NEA,INTA,Formosa,Comandante Fontana,10,8,1
NEA,INTA,Formosa,Comandante Fontana,10,9,Trampa perdida
NEA,AAPRESID,Chaco,Tres Isletas,10,3,15
NEA,AAPRESID,Chaco,Tres Isletas,10,8,4
NEA,AAPRESID,Chaco,Tres Isletas,10,9,6
NEA,AAPRESID,Chaco,Pampa del Infierno,10,3,1
NEA,AAPRESID,Chaco,Pampa del Infierno,10,8,0
NEA,AAPRESID,Chaco,Pampa del Infierno,10,9,0
NEA,,,"Concepcion del Bermejo
(Estanislao)",10,3,0
NEA,,,"Concepcion del Bermejo
(Estanislao)",10,8,0
NEA,,,"Concepcion del Bermejo
(Estanislao)",10,9,0
NEA,,,"Don Luciano (C. del
Bermejo)",10,3,0
NEA,,,"Don Luciano (C. del
Bermejo)",10,8,0
NEA,,,"Don Luciano (C. del
Bermejo)",10,9,0
NEA,AAPRESID,Chaco,Las Piedritas,10,3,0
NEA,AAPRESID,Chaco,Las Piedritas,10,8,0
NEA,AAPRESID,Chaco,Las Piedritas,10,9,0
NEA,CREA,Chaco,Los Frentones,10,3,2
NEA,CREA,Chaco,Los Frentones,10,8,0
NEA,CREA,Chaco,Los Frentones,10,9,4
NEA,CREA,Chaco,Juan José Castelli,10,3,0
NEA,CREA,Chaco,Juan José Castelli,10,8,0
NEA,CREA,Chaco,Juan José Castelli,10,9,1
NEA,CREA,Chaco,El Timbo Pampa,10,3,0
NEA,CREA,Chaco,El Timbo Pampa,10,8,0
NEA,CREA,Chaco,El Timbo Pampa,10,9,Sin datos
NEA,CREA,Chaco,El Tocon Bermejo,10,3,0
NEA,CREA,Chaco,El Tocon Bermejo,10,8,0
NEA,CREA,Chaco,El Tocon Bermejo,10,9,1
NEA,CREA,Chaco,Las Breñas,10,3,0
NEA,CREA,Chaco,Las Breñas,10,8,0
NEA,CREA,Chaco,Las Breñas,10,9,0
NEA,CREA,Chaco,Santa Teresa Capdevilla,10,3,0
NEA,CREA,Chaco,Santa Teresa Capdevilla,10,8,Trampa perdida
NEA,CREA,Chaco,Santa Teresa Capdevilla,10,9,0
NEA,CREA,Chaco,Pampa Cejas,10,3,0
NEA,CREA,Chaco,Pampa Cejas,10,8,0
NEA,CREA,Chaco,Pampa Cejas,10,9,0
NEA,CREA,Chaco,3 Retoños,10,3,0
NEA,CREA,Chaco,3 Retoños,10,8,0
NEA,CREA,Chaco,3 Retoños,10,9,0
NEA,CREA,Chaco,Quitilipi,10,3,0
NEA,CREA,Chaco,Quitilipi,10,8,0
NEA,CREA,Chaco,Quitilipi,10,9,0
LITORAL,AAPRESID,Corrientes,Mercedes,10,3,58
LITORAL,AAPRESID,Corrientes,Mercedes,10,8,3
LITORAL,AAPRESID,Corrientes,Mercedes,10,9,0
LITORAL,AAPRESID,Corrientes,Ambrosio,10,3,29
LITORAL,AAPRESID,Corrientes,Ambrosio,10,8,15
LITORAL,AAPRESID,Corrientes,Ambrosio,10,9,25
LITORAL,AAPRESID,Corrientes,Corrientes,10,3,0
LITORAL,AAPRESID,Corrientes,Corrientes,10,8,0
LITORAL,AAPRESID,Corrientes,Corrientes,10,9,0
LITORAL,AAPRESID,Corrientes,Bella Vista,10,3,0
LITORAL,AAPRESID,Corrientes,Bella Vista,10,8,2
LITORAL,AAPRESID,Corrientes,Bella Vista,10,9,0
LITORAL,INTA,Corrientes,sauce,10,3,3
LITORAL,INTA,Corrientes,sauce,10,8,1
LITORAL,INTA,Corrientes,sauce,10,9,0
LITORAL,INTA,Corrientes,Estancia el Rocio Copra,10,3,30
LITORAL,INTA,Corrientes,Estancia el Rocio Copra,10,8,6
LITORAL,INTA,Corrientes,Estancia el Rocio Copra,10,9,Trampa perdida
LITORAL,INTA,Corrientes,Mercedes,10,3,46
LITORAL,INTA,Corrientes,Mercedes,10,8,5
LITORAL,INTA,Corrientes,Mercedes,10,9,0
LITORAL,INTA,Corrientes,Virasoro,10,3,10
LITORAL,INTA,Corrientes,Virasoro,10,8,5
LITORAL,INTA,Corrientes,Virasoro,10,9,0
LITORAL,INTA,Corrientes,Goya,10,3,2
LITORAL,INTA,Corrientes,Goya,10,8,0
LITORAL,INTA,Corrientes,Goya,10,9,7
LITORAL,INTA,Corrientes,Ituzaingo,10,3,39
LITORAL,INTA,Corrientes,Ituzaingo,10,8,41
LITORAL,INTA,Corrientes,Ituzaingo,10,9,16
LITORAL,AAPPCE,Entre Ríos,Don Cristobal,10,3,0
LITORAL,AAPPCE,Entre Ríos,Don Cristobal,10,8,0
LITORAL,AAPPCE,Entre Ríos,Don Cristobal,10,9,0
LITORAL,AAPPCE,Entre Ríos,Isletas,10,3,0
LITORAL,AAPPCE,Entre Ríos,Isletas,10,8,0
LITORAL,AAPPCE,Entre Ríos,Isletas,10,9,0
LITORAL,AAPPCE,Entre Ríos,La paz,10,3,0
LITORAL,AAPPCE,Entre Ríos,La paz,10,8,0
LITORAL,AAPPCE,Entre Ríos,La paz,10,9,0
LITORAL,AAPPCE,Entre Ríos,Hinojal,10,3,0
LITORAL,AAPPCE,Entre Ríos,Hinojal,10,8,0
LITORAL,AAPPCE,Entre Ríos,Hinojal,10,9,0
LITORAL,AAPRESID,Entre Ríos,Colonia Celina,10,3,0
LITORAL,AAPRESID,Entre Ríos,Colonia Celina,10,8,0
LITORAL,AAPRESID,Entre Ríos,Colonia Celina,10,9,0
LITORAL,AAPRESID,Entre Ríos,Viale,10,3,0
LITORAL,AAPRESID,Entre Ríos,Viale,10,8,0
LITORAL,AAPRESID,Entre Ríos,Viale,10,9,0
LITORAL,AAPRESID,Entre Ríos,Sauce Pinto,10,3,0
LITORAL,AAPRESID,Entre Ríos,Sauce Pinto,10,8,Sin datos
LITORAL,AAPRESID,Entre Ríos,Sauce Pinto,10,9,0
LITORAL,AAPRESID,Entre Ríos,Gualeguay,10,3,0
LITORAL,AAPRESID,Entre Ríos,Gualeguay,10,8,Sin datos
LITORAL,AAPRESID,Entre Ríos,Gualeguay,10,9,0
LITORAL,AAPRESID,Entre Ríos,Paso de las Piedras,10,3,0
LITORAL,AAPRESID,Entre Ríos,Paso de las Piedras,10,8,0
LITORAL,AAPRESID,Entre Ríos,Paso de las Piedras,10,9,0
LITORAL,AAPRESID,Entre Ríos,Villa Hernandarias,10,3,0
LITORAL,AAPRESID,Entre Ríos,Villa Hernandarias,10,8,0
LITORAL,AAPRESID,Entre Ríos,Villa Hernandarias,10,9,0
LITORAL,AAPRESID,Entre Ríos,Don Cristobal,10,3,0
LITORAL,AAPRESID,Entre Ríos,Don Cristobal,10,8,1
LITORAL,AAPRESID,Entre Ríos,Don Cristobal,10,9,0
LITORAL,CREA,Entre Ríos,Las Garzas,10,3,0
LITORAL,CREA,Entre Ríos,Las Garzas,10,8,0
LITORAL,CREA,Entre Ríos,Las Garzas,10,9,0
LITORAL,CREA,Entre Ríos,Santa Elena,10,3,0
LITORAL,CREA,Entre Ríos,Santa Elena,10,8,Sin datos
LITORAL,CREA,Entre Ríos,Santa Elena,10,9,0
LITORAL,CREA,Entre Ríos,Montoya,10,3,0
LITORAL,CREA,Entre Ríos,Montoya,10,8,Sin datos
LITORAL,CREA,Entre Ríos,Montoya,10,9,0
LITORAL,CREA,Entre Ríos,La Paz,10,3,0
LITORAL,CREA,Entre Ríos,La Paz,10,8,0
LITORAL,CREA,Entre Ríos,La Paz,10,9,0
LITORAL,CREA,Entre Ríos,Molino Doll,10,3,Sin datos
LITORAL,CREA,Entre Ríos,Molino Doll,10,8,0
LITORAL,CREA,Entre Ríos,Molino Doll,10,9,0
LITORAL,CREA,Entre Ríos,Feliciano,10,3,2
LITORAL,CREA,Entre Ríos,Feliciano,10,8,0
LITORAL,CREA,Entre Ríos,Feliciano,10,9,0
LITORAL,CREA,Entre Ríos,Villa Lila,10,3,Sin datos
LITORAL,CREA,Entre Ríos,Villa Lila,10,8,0
LITORAL,CREA,Entre Ríos,Villa Lila,10,9,0
LITORAL,CREA,Entre Ríos,Gualeguay,10,3,0
LITORAL,CREA,Entre Ríos,Gualeguay,10,8,0
LITORAL,CREA,Entre Ríos,Gualeguay,10,9,0
LITORAL,CREA,Entre Ríos,Victoria,10,3,0
LITORAL,CREA,Entre Ríos,Victoria,10,8,0
LITORAL,CREA,Entre Ríos,Victoria,10,9,0
LITORAL,CREA,Entre Ríos,Arroyo Barú,10,3,0
LITORAL,CREA,Entre Ríos,Arroyo Barú,10,8,0
LITORAL,CREA,Entre Ríos,Arroyo Barú,10,9,2
LITORAL,CREA,Entre Ríos,San Fernando,10,3,0
LITORAL,CREA,Entre Ríos,San Fernando,10,8,0
LITORAL,CREA,Entre Ríos,San Fernando,10,9,0
CENTRO NORTE,INTA,Entre Ríos,Nogoya,10,3,0
CENTRO NORTE,INTA,Entre Ríos,Nogoya,10,8,0
CENTRO NORTE,INTA,Entre Ríos,Nogoya,10,9,0
CENTRO NORTE,INTA,Entre Ríos,Gualeguaychú,10,3,0
CENTRO NORTE,INTA,Entre Ríos,Gualeguaychú,10,8,0
CENTRO NORTE,INTA,Entre Ríos,Gualeguaychú,10,9,0
CENTRO NORTE,INTA,Entre Ríos,Concepción del Uruguay,10,3,0
CENTRO NORTE,INTA,Entre Ríos,Concepción del Uruguay,10,8,2
CENTRO NORTE,INTA,Entre Ríos,Concepción del Uruguay,10,9,2
CENTRO NORTE,INTA,Entre Ríos,Diamante,10,3,0
CENTRO NORTE,INTA,Entre Ríos,Diamante,10,8,0
CENTRO NORTE,INTA,Entre Ríos,Diamante,10,9,0
CENTRO NORTE,INTA,Entre Ríos,Gualeguay,10,3,0
CENTRO NORTE,INTA,Entre Ríos,Gualeguay,10,8,0
CENTRO NORTE,INTA,Entre Ríos,Gualeguay,10,9,0
CENTRO NORTE,INTA,Entre Ríos,Parana,10,3,0
CENTRO NORTE,INTA,Entre Ríos,Parana,10,8,0
CENTRO NORTE,INTA,Entre Ríos,Parana,10,9,0
CENTRO NORTE,AAPRESID,San Luis,La Toma,10,3,0
CENTRO NORTE,AAPRESID,San Luis,La Toma,10,8,0
CENTRO NORTE,AAPRESID,San Luis,La Toma,10,9,0
CENTRO NORTE,AAPPCE,Córdoba,Corralito,10,3,Trampa perdida
CENTRO NORTE,AAPPCE,Córdoba,Corralito,10,8,0
CENTRO NORTE,AAPPCE,Córdoba,Corralito,10,9,0
CENTRO NORTE,AAPPCE,Córdoba,Freyre,10,3,0
CENTRO NORTE,AAPPCE,Córdoba,Freyre,10,8,0
CENTRO NORTE,AAPPCE,Córdoba,Freyre,10,9,0
CENTRO NORTE,AAPPCE,Córdoba,Morteros,10,3,0
CENTRO NORTE,AAPPCE,Córdoba,Morteros,10,8,0
CENTRO NORTE,AAPPCE,Córdoba,Morteros,10,9,0
CENTRO NORTE,AAPPCE,Córdoba,Rayo Cortado,10,3,Trampa perdida
CENTRO NORTE,AAPPCE,Córdoba,Rayo Cortado,10,8,0
CENTRO NORTE,AAPPCE,Córdoba,Rayo Cortado,10,9,0
CENTRO NORTE,AAPPCE,Córdoba,Jesus María,10,3,0
CENTRO NORTE,AAPPCE,Córdoba,Jesus María,10,8,0
CENTRO NORTE,AAPPCE,Córdoba,Jesus María,10,9,0
CENTRO NORTE,AAPPCE,Córdoba,El Fortín,10,3,Trampa perdida
CENTRO NORTE,AAPPCE,Córdoba,El Fortín,10,8,0
CENTRO NORTE,AAPPCE,Córdoba,El Fortín,10,9,0
CENTRO NORTE,AAPPCE,Córdoba,Río Ceballos,10,3,0
CENTRO NORTE,AAPPCE,Córdoba,Río Ceballos,10,8,0
CENTRO NORTE,AAPPCE,Córdoba,Río Ceballos,10,9,Trampa perdida
CENTRO NORTE,AAPRESID,Córdoba,Villa María,10,3,0
CENTRO NORTE,AAPRESID,Córdoba,Villa María,10,8,0
CENTRO NORTE,AAPRESID,Córdoba,Villa María,10,9,0
CENTRO NORTE,AAPRESID,Córdoba,Cañada de Luque,10,3,0
CENTRO NORTE,AAPRESID,Córdoba,Cañada de Luque,10,8,0
CENTRO NORTE,AAPRESID,Córdoba,Cañada de Luque,10,9,0
CENTRO NORTE,AAPRESID,Córdoba,Capilla de Sitón,10,3,0
CENTRO NORTE,AAPRESID,Córdoba,Capilla de Sitón,10,8,0
CENTRO NORTE,AAPRESID,Córdoba,Capilla de Sitón,10,9,0
CENTRO NORTE,AAPRESID,Córdoba,Carrilobo,10,3,0
CENTRO NORTE,AAPRESID,Córdoba,Carrilobo,10,8,0
CENTRO NORTE,AAPRESID,Córdoba,Carrilobo,10,9,0
CENTRO NORTE,AAPRESID,Córdoba,Devoto,10,3,0
CENTRO NORTE,AAPRESID,Córdoba,Devoto,10,8,0
CENTRO NORTE,AAPRESID,Córdoba,Devoto,10,9,0
CENTRO NORTE,AAPRESID,Córdoba,Eufrasio Loza,10,3,0
CENTRO NORTE,AAPRESID,Córdoba,Eufrasio Loza,10,8,0
CENTRO NORTE,AAPRESID,Córdoba,Eufrasio Loza,10,9,0
CENTRO NORTE,AAPRESID,Córdoba,Laguna Larga,10,3,0
CENTRO NORTE,AAPRESID,Córdoba,Laguna Larga,10,8,0
CENTRO NORTE,AAPRESID,Córdoba,Laguna Larga,10,9,0
CENTRO NORTE,AAPRESID,Córdoba,Las Bajadas,10,3,0
CENTRO NORTE,AAPRESID,Córdoba,Las Bajadas,10,8,0
CENTRO NORTE,AAPRESID,Córdoba,Las Bajadas,10,9,0
CENTRO NORTE,AAPRESID,Córdoba,Monte del Rosario,10,3,0
CENTRO NORTE,AAPRESID,Córdoba,Monte del Rosario,10,8,1
CENTRO NORTE,AAPRESID,Córdoba,Monte del Rosario,10,9,0
CENTRO NORTE,AAPRESID,Córdoba,Montecristo,10,3,0
CENTRO NORTE,AAPRESID,Córdoba,Montecristo,10,8,0
CENTRO NORTE,AAPRESID,Córdoba,Montecristo,10,9,0
CENTRO NORTE,AAPRESID,Córdoba,Obispo trejo,10,3,0
CENTRO NORTE,AAPRESID,Córdoba,Obispo trejo,10,8,0
CENTRO NORTE,AAPRESID,Córdoba,Obispo trejo,10,9,0
CENTRO NORTE,AAPRESID,Córdoba,Río Segundo- T1,10,3,1
CENTRO NORTE,AAPRESID,Córdoba,Río Segundo- T1,10,8,0
CENTRO NORTE,AAPRESID,Córdoba,Río Segundo- T1,10,9,0
CENTRO SUR,CREA,Santa Fe,Ataliva,10,3,0
CENTRO SUR,CREA,Santa Fe,Ataliva,10,8,0
CENTRO SUR,CREA,Santa Fe,Ataliva,10,9,0
CENTRO SUR,CREA,Santa Fe,Bernardo de Irigoyen,10,3,0
CENTRO SUR,CREA,Santa Fe,Bernardo de Irigoyen,10,8,0
CENTRO SUR,CREA,Santa Fe,Bernardo de Irigoyen,10,9,0
CENTRO SUR,CREA,Santa Fe,Crispi,10,3,0
CENTRO SUR,CREA,Santa Fe,Crispi,10,8,0
CENTRO SUR,CREA,Santa Fe,Crispi,10,9,0
CENTRO SUR,CREA,Santa Fe,Esperanza,10,3,Trampa perdida
CENTRO SUR,CREA,Santa Fe,Esperanza,10,8,0
CENTRO SUR,CREA,Santa Fe,Esperanza,10,9,0
CENTRO SUR,CREA,Santa Fe,Moisés Ville,10,3,0
CENTRO SUR,CREA,Santa Fe,Moisés Ville,10,8,0
CENTRO SUR,CREA,Santa Fe,Moisés Ville,10,9,0
CENTRO SUR,CREA,Santa Fe,Rincón de Ávila,10,3,0
CENTRO SUR,CREA,Santa Fe,Rincón de Ávila,10,8,0
CENTRO SUR,CREA,Santa Fe,Rincón de Ávila,10,9,0
CENTRO SUR,CREA,Santa Fe,San Fabián,10,3,1
CENTRO SUR,CREA,Santa Fe,San Fabián,10,8,0
CENTRO SUR,CREA,Santa Fe,San Fabián,10,9,0
CENTRO SUR,CREA,Santa Fe,San Martin de las Escobas,10,3,0
CENTRO SUR,CREA,Santa Fe,San Martin de las Escobas,10,8,0
CENTRO SUR,CREA,Santa Fe,San Martin de las Escobas,10,9,0
CENTRO SUR,CREA,Santa Fe,Cañada Rosquín,10,3,Trampa perdida
CENTRO SUR,CREA,Santa Fe,Cañada Rosquín,10,8,0
CENTRO SUR,CREA,Santa Fe,Cañada Rosquín,10,9,0
CENTRO SUR,CREA,Santa Fe,El Trébol 4,10,3,0
CENTRO SUR,CREA,Santa Fe,El Trébol 4,10,8,0
CENTRO SUR,CREA,Santa Fe,El Trébol 4,10,9,0
CENTRO SUR,INTA,Córdoba,Marull,10,3,0
CENTRO SUR,INTA,Córdoba,Marull,10,8,0
CENTRO SUR,INTA,Córdoba,Marull,10,9,Trampa perdida
CENTRO SUR,INTA,Santa Fe,Centeno,10,3,0
CENTRO SUR,INTA,Santa Fe,Centeno,10,8,0
CENTRO SUR,INTA,Santa Fe,Centeno,10,9,0
CENTRO SUR,INTA,Santa Fe,Rafaela,10,3,0
CENTRO SUR,INTA,Santa Fe,Rafaela,10,8,0
CENTRO SUR,INTA,Santa Fe,Rafaela,10,9,0
CENTRO SUR,INTA,Santa Fe,Ceres,10,3,0
CENTRO SUR,INTA,Santa Fe,Ceres,10,8,0
CENTRO SUR,INTA,Santa Fe,Ceres,10,9,0
CENTRO SUR,INTA,Santa Fe,San Justo,10,3,0
CENTRO SUR,INTA,Santa Fe,San Justo,10,8,0
CENTRO SUR,INTA,Santa Fe,San Justo,10,9,0
CENTRO SUR,AAPRESID,San Luís,La Angelina,10,3,0
CENTRO SUR,AAPRESID,San Luís,La Angelina,10,8,0
CENTRO SUR,AAPRESID,San Luís,La Angelina,10,9,0
CENTRO SUR,AAPRESID,San Luís,Nueva Galia,10,3,0
CENTRO SUR,AAPRESID,San Luís,Nueva Galia,10,8,0
CENTRO SUR,AAPRESID,San Luís,Nueva Galia,10,9,0
CENTRO SUR,CREA,San Luís,Buena Esperanza,10,3,0
CENTRO SUR,CREA,San Luís,Buena Esperanza,10,8,0
CENTRO SUR,CREA,San Luís,Buena Esperanza,10,9,0
CENTRO SUR,CREA,San Luís,Juan Jorba,10,3,0
CENTRO SUR,CREA,San Luís,Juan Jorba,10,8,0
CENTRO SUR,CREA,San Luís,Juan Jorba,10,9,0
CENTRO SUR,CREA,San Luís,Los molles,10,3,0
CENTRO SUR,CREA,San Luís,Los molles,10,8,0
CENTRO SUR,CREA,San Luís,Los molles,10,9,0
CENTRO SUR,CREA,San Luís,Naschel,10,3,0
CENTRO SUR,CREA,San Luís,Naschel,10,8,0
CENTRO SUR,CREA,San Luís,Naschel,10,9,0
CENTRO SUR,CREA,San Luís,San Martín,10,3,0
CENTRO SUR,CREA,San Luís,San Martín,10,8,0
CENTRO SUR,CREA,San Luís,San Martín,10,9,0
CENTRO SUR,INTA,San Luís,San Luis 1,10,3,0
CENTRO SUR,INTA,San Luís,San Luis 1,10,8,0
CENTRO SUR,INTA,San Luís,San Luis 1,10,9,0
CENTRO SUR,INTA,San Luís,Quines,10,3,0
CENTRO SUR,INTA,San Luís,Quines,10,8,0
CENTRO SUR,INTA,San Luís,Quines,10,9,0
CENTRO SUR,AAPPCE,Córdoba,Ana Zumaran,10,3,Trampa perdida
CENTRO SUR,AAPPCE,Córdoba,Ana Zumaran,10,8,0
CENTRO SUR,AAPPCE,Córdoba,Ana Zumaran,10,9,0
CENTRO SUR,AAPPCE,Córdoba,Cnel. Baigorria,10,3,0
CENTRO SUR,AAPPCE,Córdoba,Cnel. Baigorria,10,8,0
CENTRO SUR,AAPPCE,Córdoba,Cnel. Baigorria,10,9,0
CENTRO SUR,AAPPCE,Córdoba,General Roca,10,3,0
CENTRO SUR,AAPPCE,Córdoba,General Roca,10,8,0
CENTRO SUR,AAPPCE,Córdoba,General Roca,10,9,0
URUGUAY,AGTSA,,Vergara,10,7,Sin datos
URUGUAY,AGTSA,,Vergara,10,8,Sin datos
URUGUAY,AGTSA,,Vergara,10,9,Sin datos
URUGUAY,AGTSA,,Rosario,10,7,0
URUGUAY,AGTSA,,Rosario,10,8,0
URUGUAY,AGTSA,,Rosario,10,9,0
URUGUAY,AGTSA,,Acegua,10,7,0
URUGUAY,AGTSA,,Acegua,10,8,Sin datos
URUGUAY,AGTSA,,Acegua,10,9,Sin datos
URUGUAY,AGTSA,,Chamizo,10,7,Sin datos
URUGUAY,AGTSA,,Chamizo,10,8,0
URUGUAY,AGTSA,,Chamizo,10,9,Sin datos
URUGUAY,AGTSA,,Colonia,10,7,0
URUGUAY,AGTSA,,Colonia,10,8,Sin datos
URUGUAY,AGTSA,,Colonia,10,9,0
URUGUAY,AGTSA,,Young,10,7,0
URUGUAY,AGTSA,,Young,10,8,Sin datos
URUGUAY,AGTSA,,Young,10,9,0
URUGUAY,AGTSA,,Mercedes,10,7,0
URUGUAY,AGTSA,,Mercedes,10,8,0
URUGUAY,AGTSA,,Mercedes,10,9,0
URUGUAY,AGTSA,,Durazno,10,7,0
URUGUAY,AGTSA,,Durazno,10,8,0
URUGUAY,AGTSA,,Durazno,10,9,0
URUGUAY,AGTSA,,Constancia,10,7,0
URUGUAY,AGTSA,,Constancia,10,8,0
URUGUAY,AGTSA,,Constancia,10,9,1
URUGUAY,AGTSA,,Young,10,7,0
URUGUAY,AGTSA,,Young,10,8,Sin datos
URUGUAY,AGTSA,,Young,10,9,Sin datos
URUGUAY,AGTSA,,Palmitas,10,7,0
URUGUAY,AGTSA,,Palmitas,10,8,0
URUGUAY,AGTSA,,Palmitas,10,9,0
URUGUAY,AGTSA,,Sanchez,10,7,0
URUGUAY,AGTSA,,Sanchez,10,8,0
URUGUAY,AGTSA,,Sanchez,10,9,0
URUGUAY,AGTSA,,Rolón,10,7,0
URUGUAY,AGTSA,,Rolón,10,8,Sin datos
URUGUAY,AGTSA,,Rolón,10,9,Sin datos
URUGUAY,AGTSA,,Canelones,10,7,0
URUGUAY,AGTSA,,Canelones,10,8,Sin datos
URUGUAY,AGTSA,,Canelones,10,9,Sin datos
URUGUAY,AGTSA,,Arenal Grande,10,7,0
URUGUAY,AGTSA,,Arenal Grande,10,8,0
URUGUAY,AGTSA,,Arenal Grande,10,9,Sin datos
URUGUAY,AGTSA,,Miguelete,10,7,0
URUGUAY,AGTSA,,Miguelete,10,8,Sin datos
URUGUAY,AGTSA,,Miguelete,10,9,Sin datos
URUGUAY,AGTSA,,Cuchilla del Perdido,10,7,0
URUGUAY,AGTSA,,Cuchilla del Perdido,10,8,Sin datos
URUGUAY,AGTSA,,Cuchilla del Perdido,10,9,Sin datos
URUGUAY,AGTSA,,Campana,10,7,0
URUGUAY,AGTSA,,Campana,10,8,Sin datos
URUGUAY,AGTSA,,Campana,10,9,Sin datos
URUGUAY,AGTSA,,Cardona,10,7,Sin datos
URUGUAY,AGTSA,,Cardona,10,8,Sin datos
URUGUAY,AGTSA,,Cardona,10,9,Sin datos
URUGUAY,AGTSA,,Ismael Cortinas,10,7,Sin datos
URUGUAY,AGTSA,,Ismael Cortinas,10,8,Sin datos
URUGUAY,AGTSA,,Ismael Cortinas,10,9,Sin datos
URUGUAY,AGTSA,,Rocha,10,7,0
URUGUAY,AGTSA,,Rocha,10,8,Sin datos
URUGUAY,AGTSA,,Rocha,10,9,Sin datos
NOA,AAPRESID,Jujuy,Palpala,11,2,0
NOA,AAPRESID,Jujuy,Palpala,11,3,1
NOA,AAPRESID,Jujuy,Palpala,11,9,1
NOA,CREA,Jujuy,EL Carmen,11,2,2
NOA,CREA,Jujuy,EL Carmen,11,3,1
NOA,CREA,Jujuy,EL Carmen,11,9,Sin datos
NOA,CREA,Jujuy,Fraile Pintado,11,2,5
NOA,CREA,Jujuy,Fraile Pintado,11,3,2
NOA,CREA,Jujuy,Fraile Pintado,11,9,Sin datos
NOA,CREA,Jujuy,Santa Clara,11,2,2
NOA,CREA,Jujuy,Santa Clara,11,3,1
NOA,CREA,Jujuy,Santa Clara,11,9,Sin datos
NOA,INTA,Jujuy,El Bananal,11,2,0
NOA,INTA,Jujuy,El Bananal,11,3,0
NOA,INTA,Jujuy,El Bananal,11,9,0
NOA,AAPPCE,Salta,Rio Piedras,11,2,5
NOA,AAPPCE,Salta,Rio Piedras,11,3,Trampa perdida
NOA,AAPPCE,Salta,Rio Piedras,11,9,3
NOA,AAPPCE,Salta,Macapillo,11,2,4
NOA,AAPPCE,Salta,Macapillo,11,3,Sin datos
NOA,AAPPCE,Salta,Macapillo,11,9,6
NOA,AAPRESID,Salta,Güemes,11,2,2
NOA,AAPRESID,Salta,Güemes,11,3,4
NOA,AAPRESID,Salta,Güemes,11,9,12
NOA,AAPRESID,Salta,Rivadavia,11,2,10
NOA,AAPRESID,Salta,Rivadavia,11,3,3
NOA,AAPRESID,Salta,Rivadavia,11,9,8
NOA,AAPRESID,Salta,Piquete Cabado 1,11,2,0
NOA,AAPRESID,Salta,Piquete Cabado 1,11,3,0
NOA,AAPRESID,Salta,Piquete Cabado 1,11,9,0
NOA,CREA,Salta,Antilla,11,2,1
NOA,CREA,Salta,Antilla,11,3,0
NOA,CREA,Salta,Antilla,11,9,0
NOA,CREA,Salta,Ballivián,11,2,0
NOA,CREA,Salta,Ballivián,11,3,0
NOA,CREA,Salta,Ballivián,11,9,1
NOA,CREA,Salta,Ceibalito,11,2,0
NOA,CREA,Salta,Ceibalito,11,3,0
NOA,CREA,Salta,Ceibalito,11,9,0
NOA,CREA,Salta,Chaguaral,11,2,0
NOA,CREA,Salta,Chaguaral,11,3,0
NOA,CREA,Salta,Chaguaral,11,9,0
NOA,CREA,Salta,Copo Quiles,11,2,0
NOA,CREA,Salta,Copo Quiles,11,3,0
NOA,CREA,Salta,Copo Quiles,11,9,0
NOA,CREA,Salta,El Bordo,11,2,0
NOA,CREA,Salta,El Bordo,11,3,0
NOA,CREA,Salta,El Bordo,11,9,2
NOA,CREA,Salta,El Galpón,11,2,14
NOA,CREA,Salta,El Galpón,11,3,0
NOA,CREA,Salta,El Galpón,11,9,6
NOA,CREA,Salta,El Tunal,11,2,0
NOA,CREA,Salta,El Tunal,11,3,0
NOA,CREA,Salta,El Tunal,11,9,0
NOA,CREA,Salta,Embarcación,11,2,30
NOA,CREA,Salta,Embarcación,11,3,17
NOA,CREA,Salta,Embarcación,11,9,74
NOA,CREA,Salta,Gral Pizarro,11,2,0
NOA,CREA,Salta,Gral Pizarro,11,3,Trampa perdida
NOA,CREA,Salta,Gral Pizarro,11,9,0
NOA,CREA,Salta,Horcones,11,2,Trampa perdida
NOA,CREA,Salta,Horcones,11,3,0
NOA,CREA,Salta,Horcones,11,9,1
NOA,CREA,Salta,J V Gonzales,11,2,0
NOA,CREA,Salta,J V Gonzales,11,3,1
NOA,CREA,Salta,J V Gonzales,11,9,0
NOA,CREA,Salta,Las Lajitas (este),11,2,1
NOA,CREA,Salta,Las Lajitas (este),11,3,2
NOA,CREA,Salta,Las Lajitas (este),11,9,6
NOA,CREA,Salta,Las Lajitas T3,11,2,0
NOA,CREA,Salta,Las Lajitas T3,11,3,0
NOA,CREA,Salta,Las Lajitas T3,11,9,0
NOA,CREA,Salta,Metan 1,11,2,0
NOA,CREA,Salta,Metan 1,11,3,0
NOA,CREA,Salta,Metan 1,11,9,0
NOA,CREA,Salta,Metan 2,11,2,0
NOA,CREA,Salta,Metan 2,11,3,0
NOA,CREA,Salta,Metan 2,11,9,0
NOA,CREA,Salta,Mollinedo,11,2,0
NOA,CREA,Salta,Mollinedo,11,3,0
NOA,CREA,Salta,Mollinedo,11,9,0
NOA,CREA,Salta,Mosconi,11,2,1
NOA,CREA,Salta,Mosconi,11,3,Sin datos
NOA,CREA,Salta,Mosconi,11,9,2
NOA,CREA,Salta,Nstra Sra de Talave r 0,11,2,0
NOA,CREA,Salta,Nstra Sra de Talave r 0,11,9,0
NOA,CREA,Salta,Pichanal,11,2,16
NOA,CREA,Salta,Pichanal,11,3,14
NOA,CREA,Salta,Pichanal,11,9,6
NOA,CREA,Salta,Piquete Cabado 2,11,2,1
NOA,CREA,Salta,Piquete Cabado 2,11,3,0
NOA,CREA,Salta,Piquete Cabado 2,11,9,0
NOA,CREA,Salta,Rosario de la Fronte,11,2,0
NOA,CREA,Salta,Rosario de la Fronte,11,3,0
NOA,CREA,Salta,Rosario de la Fronte,11,9,2
NEA,CREA,Formosa,Las Lomitas,11,2,0
NEA,CREA,Formosa,Las Lomitas,11,3,1
NEA,CREA,Formosa,Las Lomitas,11,9,3
NEA,CREA,Formosa,Perin,11,2,79
NEA,CREA,Formosa,Perin,11,3,218
NEA,CREA,Formosa,Perin,11,9,86
NEA,INTA,Formosa,El colorado,11,2,7
NEA,INTA,Formosa,El colorado,11,3,31
NEA,INTA,Formosa,El colorado,11,9,3
NEA,INTA,Formosa,Comandante Fontana,11,2,5
NEA,INTA,Formosa,Comandante Fontana,11,3,0
NEA,INTA,Formosa,Comandante Fontana,11,9,Trampa perdida
NEA,AAPRESID,Chaco,Tres Isletas,11,2,15
NEA,AAPRESID,Chaco,Tres Isletas,11,3,Trampa perdida
NEA,AAPRESID,Chaco,Tres Isletas,11,9,6
NEA,AAPRESID,Chaco,Pampa del Infierno,11,2,1
NEA,AAPRESID,Chaco,Pampa del Infierno,11,3,1
NEA,AAPRESID,Chaco,Pampa del Infierno,11,9,0
NEA,AAPRESID,Chaco,Concepcion del Bermejo (Est a 0,11,2,3
NEA,AAPRESID,Chaco,Concepcion del Bermejo (Est a 0,11,9,0
NEA,AAPRESID,Chaco,Don Luciano (C. del Bermejo),11,2,0
NEA,AAPRESID,Chaco,Don Luciano (C. del Bermejo),11,3,3
NEA,AAPRESID,Chaco,Don Luciano (C. del Bermejo),11,9,0
NEA,AAPRESID,Chaco,Las Piedritas,11,2,0
NEA,AAPRESID,Chaco,Las Piedritas,11,3,0
NEA,AAPRESID,Chaco,Las Piedritas,11,9,0
NEA,CREA,Chaco,Los Frentones,11,2,2
NEA,CREA,Chaco,Los Frentones,11,3,0
NEA,CREA,Chaco,Los Frentones,11,9,4
NEA,CREA,Chaco,Juan José Castelli,11,2,0
NEA,CREA,Chaco,Juan José Castelli,11,3,Trampa perdida
NEA,CREA,Chaco,Juan José Castelli,11,9,1
NEA,CREA,Chaco,El Timbo Pampa,11,2,0
NEA,CREA,Chaco,El Timbo Pampa,11,3,2
NEA,CREA,Chaco,El Timbo Pampa,11,9,Sin datos
NEA,CREA,Chaco,El Tocon Bermejo,11,2,0
NEA,CREA,Chaco,El Tocon Bermejo,11,3,Trampa perdida
NEA,CREA,Chaco,El Tocon Bermejo,11,9,1
NEA,CREA,Chaco,Las Breñas,11,2,0
NEA,CREA,Chaco,Las Breñas,11,3,0
NEA,CREA,Chaco,Las Breñas,11,9,0
NEA,CREA,Chaco,Santa Teresa Capdevilla,11,2,0
NEA,CREA,Chaco,Santa Teresa Capdevilla,11,3,Trampa perdida
NEA,CREA,Chaco,Santa Teresa Capdevilla,11,9,0
NEA,CREA,Chaco,Pampa Cejas,11,2,0
NEA,CREA,Chaco,Pampa Cejas,11,3,Trampa perdida
NEA,CREA,Chaco,Pampa Cejas,11,9,0
NEA,CREA,Chaco,3 Retoños,11,2,0
NEA,CREA,Chaco,3 Retoños,11,3,0
NEA,CREA,Chaco,3 Retoños,11,9,0
NEA,CREA,Chaco,Quitilipi,11,2,0
NEA,CREA,Chaco,Quitilipi,11,3,0
NEA,CREA,Chaco,Quitilipi,11,9,0
NEA,CREA,Chaco,Pampa de los Guanacos,11,2,0
NEA,CREA,Chaco,Pampa de los Guanacos,11,3,Sin datos
NEA,CREA,Chaco,Pampa de los Guanacos,11,9,0
NEA,CREA,Chaco,Pampa del Infierno,11,2,0
NEA,CREA,Chaco,Pampa del Infierno,11,3,0
NEA,CREA,Chaco,Pampa del Infierno,11,9,1
NEA,CREA,Chaco,PampaToloza,11,2,Sin datos
NEA,CREA,Chaco,PampaToloza,11,3,Sin datos
NEA,CREA,Chaco,PampaToloza,11,9,Sin datos
NEA,CREA,Chaco,Kempe,11,2,0
NEA,CREA,Chaco,Kempe,11,3,0
NEA,CREA,Chaco,Kempe,11,9,0
NEA,INTA,Chaco,Gancedo,11,2,0
NEA,INTA,Chaco,Gancedo,11,3,Sin datos
NEA,INTA,Chaco,Gancedo,11,9,Sin datos
NEA,INTA,Chaco,Gral. Pinedo,11,2,0
NEA,INTA,Chaco,Gral. Pinedo,11,3,0
NEA,INTA,Chaco,Gral. Pinedo,11,9,0
NEA,INTA,Chaco,Tres Isletas,11,2,16
NEA,INTA,Chaco,Tres Isletas,11,3,4
NEA,INTA,Chaco,Tres Isletas,11,9,29
NEA,INTA,Chaco,Los frentones,11,2,1
NEA,INTA,Chaco,Los frentones,11,3,5
NEA,INTA,Chaco,Los frentones,11,9,0
NEA,INTA,Chaco,Pampa del Infierno,11,2,0
NEA,INTA,Chaco,Pampa del Infierno,11,3,0
NEA,INTA,Chaco,Pampa del Infierno,11,9,0
NEA,INTA,Chaco,Pampa de los Guanacos,11,2,0
NEA,INTA,Chaco,Pampa de los Guanacos,11,3,0
NEA,INTA,Chaco,Pampa de los Guanacos,11,9,1
NEA,INTA,Chaco,Las Breñas,11,2,0
NEA,INTA,Chaco,Las Breñas,11,3,3
NEA,INTA,Chaco,Las Breñas,11,9,1
NEA,INTA,Chaco,Juan José Castelli,11,2,29
NEA,INTA,Chaco,Juan José Castelli,11,3,Trampa perdida
NEA,INTA,Chaco,Juan José Castelli,11,9,8
NEA,INTA,Chaco,Sylvina,11,2,Sin datos
NEA,INTA,Chaco,Sylvina,11,3,1
NEA,INTA,Chaco,Sylvina,11,9,0
NEA,INTA,Chaco,Basail,11,2,Sin datos
NEA,INTA,Chaco,Basail,11,3,4
NEA,INTA,Chaco,Basail,11,9,Sin datos
NEA,AAPPCE,Santiago Del Estero,Weisburd,11,2,0
NEA,AAPPCE,Santiago Del Estero,Weisburd,11,3,Trampa perdida
NEA,AAPPCE,Santiago Del Estero,Weisburd,11,9,0
NEA,AAPPCE,Santiago Del Estero,Bandera,11,2,0
NEA,AAPPCE,Santiago Del Estero,Bandera,11,3,0
NEA,AAPPCE,Santiago Del Estero,Bandera,11,9,0
NEA,AAPRESID,Santiago Del Estero,Bandera,11,2,0
NEA,AAPRESID,Santiago Del Estero,Bandera,11,3,0
NEA,AAPRESID,Santiago Del Estero,Bandera,11,9,0
NEA,AAPRESID,Santiago Del Estero,Arbol Blanco,11,2,0
NEA,AAPRESID,Santiago Del Estero,Arbol Blanco,11,3,0
NEA,AAPRESID,Santiago Del Estero,Arbol Blanco,11,9,1
NEA,AAPRESID,Santiago Del Estero,Los Juries,11,2,0
NEA,AAPRESID,Santiago Del Estero,Los Juries,11,3,1
NEA,AAPRESID,Santiago Del Estero,Los Juries,11,9,0
NEA,AAPRESID,Santiago Del Estero,Roversi,11,2,0
NEA,AAPRESID,Santiago Del Estero,Roversi,11,3,0
NEA,AAPRESID,Santiago Del Estero,Roversi,11,9,0
NEA,AAPRESID,Santiago Del Estero,Otumpas,11,2,2
NEA,AAPRESID,Santiago Del Estero,Otumpas,11,3,Sin datos
NEA,AAPRESID,Santiago Del Estero,Otumpas,11,9,0
NEA,AAPRESID,Santiago Del Estero,Tacañitas,11,2,0
NEA,AAPRESID,Santiago Del Estero,Tacañitas,11,3,0
NEA,AAPRESID,Santiago Del Estero,Tacañitas,11,9,0
NEA,AAPRESID,Santiago Del Estero,Sachayoj,11,2,0
NEA,AAPRESID,Santiago Del Estero,Sachayoj,11,3,0
NEA,AAPRESID,Santiago Del Estero,Sachayoj,11,9,0
NEA,AAPRESID,Santiago Del Estero,Campo Gallo,11,2,0
NEA,AAPRESID,Santiago Del Estero,Campo Gallo,11,3,0
NEA,AAPRESID,Santiago Del Estero,Campo Gallo,11,9,0
NEA,AAPRESID,Santiago Del Estero,Sachayoj,11,2,0
NEA,AAPRESID,Santiago Del Estero,Sachayoj,11,3,0
NEA,AAPRESID,Santiago Del Estero,Sachayoj,11,9,0
NEA,CREA,Santiago Del Estero,SotosCueva,11,2,0
NEA,CREA,Santiago Del Estero,SotosCueva,11,3,Sin datos
NEA,CREA,Santiago Del Estero,SotosCueva,11,9,0
NEA,CREA,Santiago Del Estero,Rosello,11,2,0
NEA,CREA,Santiago Del Estero,Rosello,11,3,0
NEA,CREA,Santiago Del Estero,Rosello,11,9,0
LITORAL,AAPRESID,Corrientes,Mercedes,11,2,58
LITORAL,AAPRESID,Corrientes,Mercedes,11,3,88
LITORAL,AAPRESID,Corrientes,Mercedes,11,9,0
LITORAL,AAPRESID,Corrientes,Ambrosio,11,2,29
LITORAL,AAPRESID,Corrientes,Ambrosio,11,3,23
LITORAL,AAPRESID,Corrientes,Ambrosio,11,9,25
LITORAL,AAPRESID,Corrientes,Corrientes,11,2,0
LITORAL,AAPRESID,Corrientes,Corrientes,11,3,4
LITORAL,AAPRESID,Corrientes,Corrientes,11,9,0
LITORAL,AAPRESID,Corrientes,Bella Vista,11,2,0
LITORAL,AAPRESID,Corrientes,Bella Vista,11,3,0
LITORAL,AAPRESID,Corrientes,Bella Vista,11,9,0
LITORAL,INTA,Corrientes,sauce,11,2,3
LITORAL,INTA,Corrientes,sauce,11,3,5
LITORAL,INTA,Corrientes,sauce,11,9,0
LITORAL,INTA,Corrientes,Estancia el Rocio Cop,11,2,30
LITORAL,INTA,Corrientes,Estancia el Rocio Cop,11,3,8
LITORAL,INTA,Corrientes,Estancia el Rocio Cop,11,9,Trampa perdida
LITORAL,INTA,Corrientes,Mercedes,11,2,46
LITORAL,INTA,Corrientes,Mercedes,11,3,200
LITORAL,INTA,Corrientes,Mercedes,11,9,0
LITORAL,INTA,Corrientes,Virasoro,11,2,10
LITORAL,INTA,Corrientes,Virasoro,11,3,2
LITORAL,INTA,Corrientes,Virasoro,11,9,0
LITORAL,INTA,Corrientes,Goya,11,2,2
LITORAL,INTA,Corrientes,Goya,11,3,2
LITORAL,INTA,Corrientes,Goya,11,9,7
LITORAL,INTA,Corrientes,Ituzaingo,11,2,39
LITORAL,INTA,Corrientes,Ituzaingo,11,3,13
LITORAL,INTA,Corrientes,Ituzaingo,11,9,16
LITORAL,INTA,Corrientes,Esquina,11,9,7
LITORAL,AAPPCE,Entre Ríos,Don Cristobal,11,2,0
LITORAL,AAPPCE,Entre Ríos,Don Cristobal,11,3,0
LITORAL,AAPPCE,Entre Ríos,Don Cristobal,11,9,0
LITORAL,AAPPCE,Entre Ríos,Isletas,11,2,0
LITORAL,AAPPCE,Entre Ríos,Isletas,11,3,0
LITORAL,AAPPCE,Entre Ríos,Isletas,11,9,0
LITORAL,AAPPCE,Entre Ríos,La paz,11,2,0
LITORAL,AAPPCE,Entre Ríos,La paz,11,3,0
LITORAL,AAPPCE,Entre Ríos,La paz,11,9,0
LITORAL,AAPPCE,Entre Ríos,Hinojal,11,2,0
LITORAL,AAPPCE,Entre Ríos,Hinojal,11,3,0
LITORAL,AAPPCE,Entre Ríos,Hinojal,11,9,0
LITORAL,AAPRESID,Entre Ríos,Colonia Celina,11,2,0
LITORAL,AAPRESID,Entre Ríos,Colonia Celina,11,3,Trampa perdida
LITORAL,AAPRESID,Entre Ríos,Colonia Celina,11,9,0
LITORAL,AAPRESID,Entre Ríos,Viale,11,2,0
LITORAL,AAPRESID,Entre Ríos,Viale,11,3,0
LITORAL,AAPRESID,Entre Ríos,Viale,11,9,0
LITORAL,AAPRESID,Entre Ríos,Sauce Pinto,11,2,0
LITORAL,AAPRESID,Entre Ríos,Sauce Pinto,11,3,0
LITORAL,AAPRESID,Entre Ríos,Sauce Pinto,11,9,0
LITORAL,AAPRESID,Entre Ríos,Gualeguay,11,2,0
LITORAL,AAPRESID,Entre Ríos,Gualeguay,11,3,0
LITORAL,AAPRESID,Entre Ríos,Gualeguay,11,9,0
LITORAL,AAPRESID,Entre Ríos,Paso de las Piedras,11,2,0
LITORAL,AAPRESID,Entre Ríos,Paso de las Piedras,11,3,0
LITORAL,AAPRESID,Entre Ríos,Paso de las Piedras,11,9,0
LITORAL,AAPRESID,Entre Ríos,Villa Hernandarias,11,2,0
LITORAL,AAPRESID,Entre Ríos,Villa Hernandarias,11,3,0
LITORAL,AAPRESID,Entre Ríos,Villa Hernandarias,11,9,0
LITORAL,AAPRESID,Entre Ríos,Don Cristobal,11,2,1
LITORAL,AAPRESID,Entre Ríos,Don Cristobal,11,3,3
LITORAL,AAPRESID,Entre Ríos,Don Cristobal,11,9,0
LITORAL,CREA,Entre Ríos,Las Garzas,11,2,0
LITORAL,CREA,Entre Ríos,Las Garzas,11,3,5
LITORAL,CREA,Entre Ríos,Las Garzas,11,9,0
LITORAL,CREA,Entre Ríos,Santa Elena,11,2,0
LITORAL,CREA,Entre Ríos,Santa Elena,11,3,0
LITORAL,CREA,Entre Ríos,Santa Elena,11,9,0
LITORAL,CREA,Entre Ríos,Montoya,11,2,0
LITORAL,CREA,Entre Ríos,Montoya,11,3,0
LITORAL,CREA,Entre Ríos,Montoya,11,9,0
LITORAL,CREA,Entre Ríos,La Paz,11,2,0
LITORAL,CREA,Entre Ríos,La Paz,11,3,0
LITORAL,CREA,Entre Ríos,La Paz,11,9,0
LITORAL,CREA,Entre Ríos,Molino Doll,11,2,Sin datos
LITORAL,CREA,Entre Ríos,Molino Doll,11,3,0
LITORAL,CREA,Entre Ríos,Molino Doll,11,9,0
LITORAL,CREA,Entre Ríos,Feliciano,11,2,2
LITORAL,CREA,Entre Ríos,Feliciano,11,3,4
LITORAL,CREA,Entre Ríos,Feliciano,11,9,0
LITORAL,CREA,Entre Ríos,Villa Lila,11,2,Sin datos
LITORAL,CREA,Entre Ríos,Villa Lila,11,3,3
LITORAL,CREA,Entre Ríos,Villa Lila,11,9,0
LITORAL,CREA,Entre Ríos,Gualeguay,11,2,0
LITORAL,CREA,Entre Ríos,Gualeguay,11,3,0
LITORAL,CREA,Entre Ríos,Gualeguay,11,9,0
LITORAL,CREA,Entre Ríos,Victoria,11,2,0
LITORAL,CREA,Entre Ríos,Victoria,11,3,0
LITORAL,CREA,Entre Ríos,Victoria,11,9,0
LITORAL,CREA,Entre Ríos,Arroyo Barú,11,2,0
LITORAL,CREA,Entre Ríos,Arroyo Barú,11,3,0
LITORAL,CREA,Entre Ríos,Arroyo Barú,11,9,2
LITORAL,CREA,Entre Ríos,San Fernando,11,2,0
LITORAL,CREA,Entre Ríos,San Fernando,11,3,0
LITORAL,CREA,Entre Ríos,San Fernando,11,9,0
LITORAL,INTA,Entre Ríos,La Paz,11,2,0
LITORAL,INTA,Entre Ríos,La Paz,11,3,Trampa perdida
LITORAL,INTA,Entre Ríos,La Paz,11,9,0
LITORAL,INTA,Entre Ríos,Nogoya,11,2,0
LITORAL,INTA,Entre Ríos,Nogoya,11,3,0
LITORAL,INTA,Entre Ríos,Nogoya,11,9,0
CENTRO NORTE,INTA,Entre Ríos,Concepción del Urugu,11,3,3
CENTRO NORTE,INTA,Entre Ríos,Concepción del Urugu,11,9,2
CENTRO NORTE,INTA,Entre Ríos,Concepción del Urugu,11,11,0
CENTRO NORTE,INTA,Entre Ríos,Diamante,11,3,4
CENTRO NORTE,INTA,Entre Ríos,Diamante,11,9,0
CENTRO NORTE,INTA,Entre Ríos,Diamante,11,11,0
CENTRO NORTE,INTA,Entre Ríos,Gualeguay,11,3,0
CENTRO NORTE,INTA,Entre Ríos,Gualeguay,11,9,0
CENTRO NORTE,INTA,Entre Ríos,Gualeguay,11,11,0
CENTRO NORTE,INTA,Entre Ríos,Parana,11,3,2
CENTRO NORTE,INTA,Entre Ríos,Parana,11,9,0
CENTRO NORTE,INTA,Entre Ríos,Parana,11,11,0
CENTRO NORTE,AAPRESID,San Luis,La Toma,11,3,0
CENTRO NORTE,AAPRESID,San Luis,La Toma,11,9,0
CENTRO NORTE,AAPRESID,San Luis,La Toma,11,11,0
CENTRO NORTE,AAPPCE,Córdoba,Corralito,11,3,0
CENTRO NORTE,AAPPCE,Córdoba,Corralito,11,9,0
CENTRO NORTE,AAPPCE,Córdoba,Corralito,11,11,Trampa perdida
CENTRO NORTE,AAPPCE,Córdoba,Freyre,11,3,0
CENTRO NORTE,AAPPCE,Córdoba,Freyre,11,9,0
CENTRO NORTE,AAPPCE,Córdoba,Freyre,11,11,0
CENTRO NORTE,AAPPCE,Córdoba,Morteros,11,3,0
CENTRO NORTE,AAPPCE,Córdoba,Morteros,11,9,0
CENTRO NORTE,AAPPCE,Córdoba,Morteros,11,11,0
CENTRO NORTE,AAPPCE,Córdoba,Rayo Cortado,11,3,1
CENTRO NORTE,AAPPCE,Córdoba,Rayo Cortado,11,9,0
CENTRO NORTE,AAPPCE,Córdoba,Rayo Cortado,11,11,Trampa perdida
CENTRO NORTE,AAPPCE,Córdoba,Jesus María,11,3,0
CENTRO NORTE,AAPPCE,Córdoba,Jesus María,11,9,0
CENTRO NORTE,AAPPCE,Córdoba,Jesus María,11,11,0
CENTRO NORTE,AAPPCE,Córdoba,El Fortín,11,3,0
CENTRO NORTE,AAPPCE,Córdoba,El Fortín,11,9,0
CENTRO NORTE,AAPPCE,Córdoba,El Fortín,11,11,Trampa perdida
CENTRO NORTE,AAPPCE,Córdoba,Río Ceballos,11,3,0
CENTRO NORTE,AAPPCE,Córdoba,Río Ceballos,11,9,Trampa perdida
CENTRO NORTE,AAPPCE,Córdoba,Río Ceballos,11,11,0
CENTRO NORTE,AAPRESID,Córdoba,Villa María,11,3,Trampa perdida
CENTRO NORTE,AAPRESID,Córdoba,Villa María,11,9,0
CENTRO NORTE,AAPRESID,Córdoba,Villa María,11,11,0
CENTRO NORTE,AAPRESID,Córdoba,Cañada de Luque,11,3,0
CENTRO NORTE,AAPRESID,Córdoba,Cañada de Luque,11,9,0
CENTRO NORTE,AAPRESID,Córdoba,Cañada de Luque,11,11,0
CENTRO NORTE,AAPRESID,Córdoba,Capilla de Sitón,11,3,Trampa perdida
CENTRO NORTE,AAPRESID,Córdoba,Capilla de Sitón,11,9,0
CENTRO NORTE,AAPRESID,Córdoba,Capilla de Sitón,11,11,0
CENTRO NORTE,AAPRESID,Córdoba,Carrilobo,11,3,Trampa perdida
CENTRO NORTE,AAPRESID,Córdoba,Carrilobo,11,9,0
CENTRO NORTE,AAPRESID,Córdoba,Carrilobo,11,11,0
CENTRO NORTE,AAPRESID,Córdoba,Devoto,11,3,0
CENTRO NORTE,AAPRESID,Córdoba,Devoto,11,9,0
CENTRO NORTE,AAPRESID,Córdoba,Devoto,11,11,0
CENTRO NORTE,AAPRESID,Córdoba,Eufrasio Loza,11,3,0
CENTRO NORTE,AAPRESID,Córdoba,Eufrasio Loza,11,9,0
CENTRO NORTE,AAPRESID,Córdoba,Eufrasio Loza,11,11,0
CENTRO NORTE,AAPRESID,Córdoba,Laguna Larga,11,3,0
CENTRO NORTE,AAPRESID,Córdoba,Laguna Larga,11,9,0
CENTRO NORTE,AAPRESID,Córdoba,Laguna Larga,11,11,0
CENTRO NORTE,AAPRESID,Córdoba,Las Bajadas,11,3,0
CENTRO NORTE,AAPRESID,Córdoba,Las Bajadas,11,9,0
CENTRO NORTE,AAPRESID,Córdoba,Las Bajadas,11,11,0
CENTRO NORTE,AAPRESID,Córdoba,Monte del Rosario,11,3,1
CENTRO NORTE,AAPRESID,Córdoba,Monte del Rosario,11,9,0
CENTRO NORTE,AAPRESID,Córdoba,Monte del Rosario,11,11,0
CENTRO NORTE,AAPRESID,Córdoba,Montecristo,11,3,Trampa perdida
CENTRO NORTE,AAPRESID,Córdoba,Montecristo,11,9,0
CENTRO NORTE,AAPRESID,Córdoba,Montecristo,11,11,0
CENTRO NORTE,AAPRESID,Córdoba,Obispo trejo,11,3,Sin datos
CENTRO NORTE,AAPRESID,Córdoba,Obispo trejo,11,9,0
CENTRO NORTE,AAPRESID,Córdoba,Obispo trejo,11,11,0
CENTRO NORTE,AAPRESID,Córdoba,Río Segundo- T1,11,3,0
CENTRO NORTE,AAPRESID,Córdoba,Río Segundo- T1,11,9,0
CENTRO NORTE,AAPRESID,Córdoba,Río Segundo- T1,11,11,1
CENTRO NORTE,AAPRESID,Córdoba,San Francisco,11,3,0
CENTRO NORTE,AAPRESID,Córdoba,San Francisco,11,9,0
CENTRO NORTE,AAPRESID,Córdoba,San Francisco,11,11,0
CENTRO NORTE,AAPRESID,Córdoba,Santa Catalina,11,3,0
CENTRO NORTE,AAPRESID,Córdoba,Santa Catalina,11,9,0
CENTRO NORTE,AAPRESID,Córdoba,Santa Catalina,11,11,0
CENTRO NORTE,AAPRESID,Córdoba,Tancacha,11,3,0
CENTRO NORTE,AAPRESID,Córdoba,Tancacha,11,9,0
CENTRO NORTE,AAPRESID,Córdoba,Tancacha,11,11,0
CENTRO NORTE,AAPRESID,Córdoba,Villa de Maria,11,3,0
CENTRO NORTE,AAPRESID,Córdoba,Villa de Maria,11,9,0
CENTRO NORTE,AAPRESID,Córdoba,Villa de Maria,11,11,0
CENTRO NORTE,AAPRESID,Córdoba,Arroyito,11,3,0
CENTRO NORTE,AAPRESID,Córdoba,Arroyito,11,9,0
CENTRO NORTE,AAPRESID,Córdoba,Arroyito,11,11,0
CENTRO NORTE,AAPRESID,Córdoba,Villa Sta. Rosa,11,3,0
CENTRO NORTE,AAPRESID,Córdoba,Villa Sta. Rosa,11,9,0
CENTRO NORTE,AAPRESID,Córdoba,Villa Sta. Rosa,11,11,0
CENTRO NORTE,AAPRESID,Córdoba,Hernando,11,3,1
CENTRO NORTE,AAPRESID,Córdoba,Hernando,11,9,2
CENTRO NORTE,AAPRESID,Córdoba,Hernando,11,11,0
CENTRO NORTE,CREA,Córdoba,Piquillín,11,3,0
CENTRO NORTE,CREA,Córdoba,Piquillín,11,9,0
CENTRO NORTE,CREA,Córdoba,Piquillín,11,11,0
CENTRO NORTE,CREA,Córdoba,Las Chilcas,11,3,0
CENTRO NORTE,CREA,Córdoba,Las Chilcas,11,9,0
CENTRO NORTE,CREA,Córdoba,Las Chilcas,11,11,0
CENTRO NORTE,CREA,Córdoba,Sebastián el Cano,11,3,Trampa perdida
CENTRO NORTE,CREA,Córdoba,Sebastián el Cano,11,9,0
CENTRO NORTE,CREA,Córdoba,Sebastián el Cano,11,11,0
CENTRO SUR,AAPRESID,San Luís,La Angelina,11,2,0
CENTRO SUR,AAPRESID,San Luís,La Angelina,11,3,0
CENTRO SUR,AAPRESID,San Luís,La Angelina,11,9,0
CENTRO SUR,AAPRESID,San Luís,Nueva Galia,11,2,0
CENTRO SUR,AAPRESID,San Luís,Nueva Galia,11,3,0
CENTRO SUR,AAPRESID,San Luís,Nueva Galia,11,9,0
CENTRO SUR,CREA,San Luís,Buena Esperanza,11,2,0
CENTRO SUR,CREA,San Luís,Buena Esperanza,11,3,0
CENTRO SUR,CREA,San Luís,Buena Esperanza,11,9,0
CENTRO SUR,CREA,San Luís,Juan Jorba,11,2,0
CENTRO SUR,CREA,San Luís,Juan Jorba,11,3,0
CENTRO SUR,CREA,San Luís,Juan Jorba,11,9,0
CENTRO SUR,CREA,San Luís,Los molles,11,2,0
CENTRO SUR,CREA,San Luís,Los molles,11,3,0
CENTRO SUR,CREA,San Luís,Los molles,11,9,0
CENTRO SUR,CREA,San Luís,Naschel,11,2,0
CENTRO SUR,CREA,San Luís,Naschel,11,3,Trampa perdida
CENTRO SUR,CREA,San Luís,Naschel,11,9,0
CENTRO SUR,CREA,San Luís,San Martín,11,2,0
CENTRO SUR,CREA,San Luís,San Martín,11,3,0
CENTRO SUR,CREA,San Luís,San Martín,11,9,0
CENTRO SUR,INTA,San Luís,San Luis 1,11,2,0
CENTRO SUR,INTA,San Luís,San Luis 1,11,3,0
CENTRO SUR,INTA,San Luís,San Luis 1,11,9,0
CENTRO SUR,INTA,San Luís,Quines,11,2,0
CENTRO SUR,INTA,San Luís,Quines,11,3,0
CENTRO SUR,INTA,San Luís,Quines,11,9,0
CENTRO SUR,AAPPCE,Córdoba,Ana Zumaran,11,2,Trampa perdida
CENTRO SUR,AAPPCE,Córdoba,Ana Zumaran,11,3,0
CENTRO SUR,AAPPCE,Córdoba,Ana Zumaran,11,9,0
CENTRO SUR,AAPPCE,Córdoba,Cnel. Baigorria,11,2,0
CENTRO SUR,AAPPCE,Córdoba,Cnel. Baigorria,11,3,0
CENTRO SUR,AAPPCE,Córdoba,Cnel. Baigorria,11,9,0
CENTRO SUR,AAPPCE,Córdoba,General Roca,11,2,0
CENTRO SUR,AAPPCE,Córdoba,General Roca,11,3,0
CENTRO SUR,AAPPCE,Córdoba,General Roca,11,9,0
CENTRO SUR,AAPPCE,Córdoba,Gral. Cabrera,11,2,0
CENTRO SUR,AAPPCE,Córdoba,Gral. Cabrera,11,3,0
CENTRO SUR,AAPPCE,Córdoba,Gral. Cabrera,11,9,0
CENTRO SUR,AAPPCE,Córdoba,La playosa,11,2,0
CENTRO SUR,AAPPCE,Córdoba,La playosa,11,3,0
CENTRO SUR,AAPPCE,Córdoba,La playosa,11,9,0
CENTRO SUR,AAPPCE,Córdoba,Ordoñez,11,2,0
CENTRO SUR,AAPPCE,Córdoba,Ordoñez,11,3,0
CENTRO SUR,AAPPCE,Córdoba,Ordoñez,11,9,Trampa perdida
CENTRO SUR,AAPPCE,Córdoba,Tosquita,11,2,0
CENTRO SUR,AAPPCE,Córdoba,Tosquita,11,3,0
CENTRO SUR,AAPPCE,Córdoba,Tosquita,11,9,0
CENTRO SUR,AAPPCE,Córdoba,Arroyo Cabral,11,2,Trampa perdida
CENTRO SUR,AAPPCE,Córdoba,Arroyo Cabral,11,3,Trampa perdida
CENTRO SUR,AAPPCE,Córdoba,Arroyo Cabral,11,9,0
CENTRO SUR,AAPPCE,Córdoba,Villa María,11,2,Trampa perdida
CENTRO SUR,AAPPCE,Córdoba,Villa María,11,3,0
CENTRO SUR,AAPPCE,Córdoba,Villa María,11,9,0
CENTRO SUR,AAPRESID,Córdoba,Benjamín Gould,11,2,0
CENTRO SUR,AAPRESID,Córdoba,Benjamín Gould,11,3,0
CENTRO SUR,AAPRESID,Córdoba,Benjamín Gould,11,9,0
CENTRO SUR,AAPRESID,Córdoba,Buchardo,11,2,0
CENTRO SUR,AAPRESID,Córdoba,Buchardo,11,3,0
CENTRO SUR,AAPRESID,Córdoba,Buchardo,11,9,0
CENTRO SUR,AAPRESID,Córdoba,Coronel Moldes,11,2,0
CENTRO SUR,AAPRESID,Córdoba,Coronel Moldes,11,3,0
CENTRO SUR,AAPRESID,Córdoba,Coronel Moldes,11,9,0
CENTRO SUR,AAPRESID,Córdoba,Corral de Bustos,11,2,0
CENTRO SUR,AAPRESID,Córdoba,Corral de Bustos,11,3,0
CENTRO SUR,AAPRESID,Córdoba,Corral de Bustos,11,9,0
CENTRO SUR,AAPRESID,Córdoba,Guatimozin,11,2,0
CENTRO SUR,AAPRESID,Córdoba,Guatimozin,11,3,0
CENTRO SUR,AAPRESID,Córdoba,Guatimozin,11,9,0
CENTRO SUR,AAPRESID,Córdoba,Idiazabal,11,2,0
CENTRO SUR,AAPRESID,Córdoba,Idiazabal,11,3,0
CENTRO SUR,AAPRESID,Córdoba,Idiazabal,11,9,0
CENTRO SUR,AAPRESID,Córdoba,Lecueder,11,2,0
CENTRO SUR,AAPRESID,Córdoba,Lecueder,11,3,0
CENTRO SUR,AAPRESID,Córdoba,Lecueder,11,9,0
CENTRO SUR,AAPRESID,Córdoba,Villa Valeria,11,2,0
CENTRO SUR,AAPRESID,Córdoba,Villa Valeria,11,3,0
CENTRO SUR,AAPRESID,Córdoba,Villa Valeria,11,9,0
CENTRO SUR,AAPRESID,Córdoba,Jovita,11,2,0
CENTRO SUR,AAPRESID,Córdoba,Jovita,11,3,0
CENTRO SUR,AAPRESID,Córdoba,Jovita,11,9,0
CENTRO SUR,AAPRESID,Córdoba,Adelia María,11,2,0
CENTRO SUR,AAPRESID,Córdoba,Adelia María,11,3,0
CENTRO SUR,AAPRESID,Córdoba,Adelia María,11,9,0
CENTRO SUR,CREA,Córdoba,Chilibroste,11,2,0
CENTRO SUR,CREA,Córdoba,Chilibroste,11,3,0
CENTRO SUR,CREA,Córdoba,Chilibroste,11,9,Sin datos
CENTRO SUR,CREA,Córdoba,Justiniano Posse,11,2,0
CENTRO SUR,CREA,Córdoba,Justiniano Posse,11,3,Sin datos
CENTRO SUR,CREA,Córdoba,Justiniano Posse,11,9,0
CENTRO SUR,CREA,Córdoba,Huinca Renanco,11,2,0
CENTRO SUR,CREA,Córdoba,Huinca Renanco,11,3,Trampa perdida
CENTRO SUR,CREA,Córdoba,Huinca Renanco,11,9,1
CENTRO SUR,CREA,Córdoba,Arias,11,2,0
CENTRO SUR,CREA,Córdoba,Arias,11,3,0
CENTRO SUR,CREA,Córdoba,Arias,11,9,1
CENTRO SUR,CREA,Córdoba,Cañada Seca,11,2,0
CENTRO SUR,CREA,Córdoba,Cañada Seca,11,3,0
CENTRO SUR,CREA,Córdoba,Cañada Seca,11,9,0
CENTRO SUR,CREA,Córdoba,Cuatro Vientos,11,2,0
CENTRO SUR,CREA,Córdoba,Cuatro Vientos,11,3,1
CENTRO SUR,CREA,Córdoba,Cuatro Vientos,11,9,0
CENTRO SUR,CREA,Córdoba,General Levalle,11,2,0
CENTRO SUR,CREA,Córdoba,General Levalle,11,3,0
CENTRO SUR,CREA,Córdoba,General Levalle,11,9,0
NOA,AAPRESID,Jujuy,Palpala,12,1,0
NOA,AAPRESID,Jujuy,Palpala,12,2,1
NOA,AAPRESID,Jujuy,Palpala,12,3,0
NOA,CREA,Jujuy,EL Carmen,12,1,2
NOA,CREA,Jujuy,EL Carmen,12,2,1
NOA,CREA,Jujuy,EL Carmen,12,3,1
NOA,CREA,Jujuy,Fraile Pintado,12,1,5
NOA,CREA,Jujuy,Fraile Pintado,12,2,2
NOA,CREA,Jujuy,Fraile Pintado,12,3,2
NOA,CREA,Jujuy,Santa Clara,12,1,2
NOA,CREA,Jujuy,Santa Clara,12,2,1
NOA,CREA,Jujuy,Santa Clara,12,3,0
NOA,INTA,Jujuy,El Bananal,12,1,0
NOA,INTA,Jujuy,El Bananal,12,2,0
NOA,INTA,Jujuy,El Bananal,12,3,0
NOA,AAPPCE,Salta,Rio Piedras,12,1,5
NOA,AAPPCE,Salta,Rio Piedras,12,2,Trampa perdida
NOA,AAPPCE,Salta,Rio Piedras,12,3,4
NOA,AAPPCE,Salta,Macapillo,12,1,4
NOA,AAPPCE,Salta,Macapillo,12,2,Sin datos
NOA,AAPPCE,Salta,Macapillo,12,3,13
NOA,AAPRESID,Salta,Güemes,12,1,2
NOA,AAPRESID,Salta,Güemes,12,2,4
NOA,AAPRESID,Salta,Güemes,12,3,15
NOA,AAPRESID,Salta,Rivadavia,12,1,10
NOA,AAPRESID,Salta,Rivadavia,12,2,3
NOA,AAPRESID,Salta,Rivadavia,12,3,0
NOA,AAPRESID,Salta,Piquete Cabado 1,12,1,0
NOA,AAPRESID,Salta,Piquete Cabado 1,12,2,0
NOA,AAPRESID,Salta,Piquete Cabado 1,12,3,6
NOA,CREA,Salta,Antilla,12,1,1
NOA,CREA,Salta,Antilla,12,2,0
NOA,CREA,Salta,Antilla,12,3,0
NOA,CREA,Salta,Ballivián,12,1,0
NOA,CREA,Salta,Ballivián,12,2,0
NOA,CREA,Salta,Ballivián,12,3,0
NOA,CREA,Salta,Ceibalito,12,1,0
NOA,CREA,Salta,Ceibalito,12,2,0
NOA,CREA,Salta,Ceibalito,12,3,0
NOA,CREA,Salta,Chaguaral,12,1,0
NOA,CREA,Salta,Chaguaral,12,2,0
NOA,CREA,Salta,Chaguaral,12,3,0
NOA,CREA,Salta,Copo Quiles,12,1,0
NOA,CREA,Salta,Copo Quiles,12,2,0
NOA,CREA,Salta,Copo Quiles,12,3,0
NOA,CREA,Salta,El Bordo,12,1,0
NOA,CREA,Salta,El Bordo,12,2,0
NOA,CREA,Salta,El Bordo,12,3,0
NOA,CREA,Salta,El Galpón,12,1,14
NOA,CREA,Salta,El Galpón,12,2,0
NOA,CREA,Salta,El Galpón,12,3,0
NOA,CREA,Salta,El Tunal,12,1,0
NOA,CREA,Salta,El Tunal,12,2,0
NOA,CREA,Salta,El Tunal,12,3,0
NOA,CREA,Salta,Embarcación,12,1,30
NOA,CREA,Salta,Embarcación,12,2,17
NOA,CREA,Salta,Embarcación,12,3,12
NOA,CREA,Salta,Gral Pizarro,12,1,0
NOA,CREA,Salta,Gral Pizarro,12,2,Trampa perdida
NOA,CREA,Salta,Gral Pizarro,12,3,0
NOA,CREA,Salta,Horcones,12,1,Trampa perdida
NOA,CREA,Salta,Horcones,12,2,0
NOA,CREA,Salta,Horcones,12,3,1
NOA,CREA,Salta,J V Gonzales,12,1,0
NOA,CREA,Salta,J V Gonzales,12,2,1
NOA,CREA,Salta,J V Gonzales,12,3,0
NOA,CREA,Salta,Las Lajitas (este),12,1,1
NOA,CREA,Salta,Las Lajitas (este),12,2,2
NOA,CREA,Salta,Las Lajitas (este),12,3,1
NOA,CREA,Salta,Las Lajitas T3,12,1,0
NOA,CREA,Salta,Las Lajitas T3,12,2,0
NOA,CREA,Salta,Las Lajitas T3,12,3,0
NOA,CREA,Salta,Metan 1,12,1,0
NOA,CREA,Salta,Metan 1,12,2,0
NOA,CREA,Salta,Metan 1,12,3,0
NOA,CREA,Salta,Metan 2,12,1,0
NOA,CREA,Salta,Metan 2,12,2,0
NOA,CREA,Salta,Metan 2,12,3,0
NOA,CREA,Salta,Mollinedo,12,1,0
NOA,CREA,Salta,Mollinedo,12,2,0
NOA,CREA,Salta,Mollinedo,12,3,0
NOA,CREA,Salta,Mosconi,12,1,1
NOA,CREA,Salta,Mosconi,12,2,Sin datos
NOA,CREA,Salta,Mosconi,12,3,0
NOA,CREA,Salta,Nstra Sra de Talavera,12,1,0
NOA,CREA,Salta,Nstra Sra de Talavera,12,2,0
NOA,CREA,Salta,Nstra Sra de Talavera,12,3,0
NEA,CREA,Santiago Del Estero,Las Delicias,12,1,0
NEA,CREA,Santiago Del Estero,Las Delicias,12,2,0
NEA,CREA,Santiago Del Estero,Las Delicias,12,3,0
NEA,CREA,Santiago Del Estero,Lavalle,12,1,0
NEA,CREA,Santiago Del Estero,Lavalle,12,2,0
NEA,CREA,Santiago Del Estero,Lavalle,12,3,0
NEA,CREA,Santiago Del Estero,Nueva Esperanza,12,1,0
NEA,CREA,Santiago Del Estero,Nueva Esperanza,12,2,0
NEA,CREA,Santiago Del Estero,Nueva Esperanza,12,3,0
NEA,CREA,Santiago Del Estero,Pampa Pozo,12,1,0
NEA,CREA,Santiago Del Estero,Pampa Pozo,12,2,0
NEA,CREA,Santiago Del Estero,Pampa Pozo,12,3,0
NEA,CREA,Santiago Del Estero,Pozo de Bedert,12,1,0
NEA,CREA,Santiago Del Estero,Pozo de Bedert,12,2,0
NEA,CREA,Santiago Del Estero,Pozo de Bedert,12,3,Sin datos
NEA,CREA,Santiago Del Estero,Pozo Hondo,12,1,0
NEA,CREA,Santiago Del Estero,Pozo Hondo,12,2,0
NEA,CREA,Santiago Del Estero,Pozo Hondo,12,3,1
NEA,CREA,Santiago Del Estero,San Pedro de Guasayán,12,1,6
NEA,CREA,Santiago Del Estero,San Pedro de Guasayán,12,2,2
NEA,CREA,Santiago Del Estero,San Pedro de Guasayán,12,3,3
NEA,CREA,Santiago Del Estero,Termas de Río Hondo,12,1,Trampa perdida
NEA,CREA,Santiago Del Estero,Termas de Río Hondo,12,2,0
NEA,CREA,Santiago Del Estero,Termas de Río Hondo,12,3,0
NEA,CREA,Santiago Del Estero,Vinará,12,1,4
NEA,CREA,Santiago Del Estero,Vinará,12,2,3
NEA,CREA,Santiago Del Estero,Vinará,12,3,3
NEA,CREA,Catamarca,El Abra,12,1,1
NEA,CREA,Catamarca,El Abra,12,2,0
NEA,CREA,Catamarca,El Abra,12,3,3
NEA,CREA,Catamarca,Los Altos,12,1,0
NEA,CREA,Catamarca,Los Altos,12,2,0
NEA,CREA,Catamarca,Los Altos,12,3,2
NEA,CREA,Formosa,Las Lomitas,12,1,0
NEA,CREA,Formosa,Las Lomitas,12,2,1
NEA,CREA,Formosa,Las Lomitas,12,3,2
NEA,CREA,Formosa,Perin,12,1,79
NEA,CREA,Formosa,Perin,12,2,218
NEA,CREA,Formosa,Perin,12,3,14
NEA,INTA,Formosa,El colorado,12,1,7
NEA,INTA,Formosa,El colorado,12,2,31
NEA,INTA,Formosa,El colorado,12,3,18
NEA,INTA,Formosa,Comandante Fontana,12,1,5
NEA,INTA,Formosa,Comandante Fontana,12,2,0
NEA,INTA,Formosa,Comandante Fontana,12,3,3
NEA,AAPRESID,Chaco,Tres Isletas,12,1,15
NEA,AAPRESID,Chaco,Tres Isletas,12,2,Trampa perdida
NEA,AAPRESID,Chaco,Tres Isletas,12,3,0
NEA,AAPRESID,Chaco,Pampa del Infierno,12,1,1
NEA,AAPRESID,Chaco,Pampa del Infierno,12,2,1
NEA,AAPRESID,Chaco,Pampa del Infierno,12,3,2
NEA,AAPRESID,Chaco,"Concepcion del
Bermejo (Estanislao)",12,1,0
NEA,AAPRESID,Chaco,"Concepcion del
Bermejo (Estanislao)",12,2,3
NEA,AAPRESID,Chaco,"Concepcion del
Bermejo (Estanislao)",12,3,3
NEA,AAPRESID,Chaco,"Don Luciano (C. del
Bermejo)",12,1,0
NEA,AAPRESID,Chaco,"Don Luciano (C. del
Bermejo)",12,2,3
NEA,AAPRESID,Chaco,"Don Luciano (C. del
Bermejo)",12,3,3
NEA,AAPRESID,Chaco,Las Piedritas,12,1,0
NEA,AAPRESID,Chaco,Las Piedritas,12,2,0
NEA,AAPRESID,Chaco,Las Piedritas,12,3,0
NEA,CREA,Chaco,Los Frentones,12,1,2
NEA,CREA,Chaco,Los Frentones,12,2,0
NEA,CREA,Chaco,Los Frentones,12,3,3
NEA,CREA,Chaco,Juan José Castelli,12,1,0
NEA,CREA,Chaco,Juan José Castelli,12,2,Trampa perdida
NEA,CREA,Chaco,Juan José Castelli,12,3,22
NEA,CREA,Chaco,El Timbo Pampa,12,1,0
NEA,CREA,Chaco,El Timbo Pampa,12,2,2
NEA,CREA,Chaco,El Timbo Pampa,12,3,11
NEA,CREA,Chaco,El Tocon Bermejo,12,1,0
NEA,CREA,Chaco,El Tocon Bermejo,12,2,Trampa perdida
NEA,CREA,Chaco,El Tocon Bermejo,12,3,1
NEA,CREA,Chaco,Las Breñas,12,1,0
NEA,CREA,Chaco,Las Breñas,12,2,0
NEA,CREA,Chaco,Las Breñas,12,3,Sin datos
NEA,CREA,Chaco,"Santa Teresa
Capdevilla",12,1,0
NEA,CREA,Chaco,"Santa Teresa
Capdevilla",12,2,Trampa perdida
NEA,CREA,Chaco,"Santa Teresa
Capdevilla",12,3,0
NEA,CREA,Chaco,Pampa Cejas,12,1,0
NEA,CREA,Chaco,Pampa Cejas,12,2,Trampa perdida
NEA,CREA,Chaco,Pampa Cejas,12,3,0
LITORAL,CREA,Santa Fe,Ramayón,12,1,0
LITORAL,CREA,Santa Fe,Ramayón,12,2,0
LITORAL,CREA,Santa Fe,Ramayón,12,3,0
LITORAL,CREA,Santa Fe,Alejandra,12,1,0
LITORAL,CREA,Santa Fe,Alejandra,12,2,0
LITORAL,CREA,Santa Fe,Alejandra,12,3,0
LITORAL,CREA,Santa Fe,Margarita,12,1,0
LITORAL,CREA,Santa Fe,Margarita,12,2,0
LITORAL,CREA,Santa Fe,Margarita,12,3,0
LITORAL,CREA,Santa Fe,Vera y Pintado,12,1,0
LITORAL,CREA,Santa Fe,Vera y Pintado,12,2,0
LITORAL,CREA,Santa Fe,Vera y Pintado,12,3,0
LITORAL,CREA,Santa Fe,Emilia,12,1,0
LITORAL,CREA,Santa Fe,Emilia,12,2,0
LITORAL,CREA,Santa Fe,Emilia,12,3,Sin datos
LITORAL,CREA,Santa Fe,La María,12,1,0
LITORAL,CREA,Santa Fe,La María,12,2,0
LITORAL,CREA,Santa Fe,La María,12,3,0
LITORAL,CREA,Santa Fe,La Osca,12,1,0
LITORAL,CREA,Santa Fe,La Osca,12,2,0
LITORAL,CREA,Santa Fe,La Osca,12,3,0
LITORAL,CREA,Santa Fe,Llambí Campbell,12,1,0
LITORAL,CREA,Santa Fe,Llambí Campbell,12,2,0
LITORAL,CREA,Santa Fe,Llambí Campbell,12,3,0
LITORAL,CREA,Santa Fe,Malabrigo,12,1,0
LITORAL,CREA,Santa Fe,Malabrigo,12,2,0
LITORAL,CREA,Santa Fe,Malabrigo,12,3,7
LITORAL,CREA,Santa Fe,Soledad,12,1,0
LITORAL,CREA,Santa Fe,Soledad,12,2,0
LITORAL,CREA,Santa Fe,Soledad,12,3,0
LITORAL,CREA,Santa Fe,Villa Saralegui,12,1,0
LITORAL,CREA,Santa Fe,Villa Saralegui,12,2,0
LITORAL,CREA,Santa Fe,Villa Saralegui,12,3,3
LITORAL,INTA,Santa Fe,Reconquista,12,1,2
LITORAL,INTA,Santa Fe,Reconquista,12,2,7
LITORAL,INTA,Santa Fe,Reconquista,12,3,17
LITORAL,INTA,Santa Fe,Calchaquí,12,1,0
LITORAL,INTA,Santa Fe,Calchaquí,12,2,1
LITORAL,INTA,Santa Fe,Calchaquí,12,3,12
LITORAL,INTA,Santa Fe,Logroño,12,1,0
LITORAL,INTA,Santa Fe,Logroño,12,2,0
LITORAL,INTA,Santa Fe,Logroño,12,3,0
LITORAL,INTA,Santa Fe,San javier,12,1,0
LITORAL,INTA,Santa Fe,San javier,12,2,0
LITORAL,INTA,Santa Fe,San javier,12,3,0
LITORAL,INTA,Santa Fe,La sarita,12,1,1
LITORAL,INTA,Santa Fe,La sarita,12,2,3
LITORAL,INTA,Santa Fe,La sarita,12,3,5
LITORAL,AAPRESID,Corrientes,Mercedes,12,1,58
LITORAL,AAPRESID,Corrientes,Mercedes,12,2,88
LITORAL,AAPRESID,Corrientes,Mercedes,12,3,71
LITORAL,AAPRESID,Corrientes,Ambrosio,12,1,29
LITORAL,AAPRESID,Corrientes,Ambrosio,12,2,23
LITORAL,AAPRESID,Corrientes,Ambrosio,12,3,Sin datos
LITORAL,AAPRESID,Corrientes,Corrientes,12,1,0
LITORAL,AAPRESID,Corrientes,Corrientes,12,2,4
LITORAL,AAPRESID,Corrientes,Corrientes,12,3,57
LITORAL,AAPRESID,Corrientes,Bella Vista,12,1,0
LITORAL,AAPRESID,Corrientes,Bella Vista,12,2,0
LITORAL,AAPRESID,Corrientes,Bella Vista,12,3,Sin datos
LITORAL,INTA,Corrientes,sauce,12,1,3
LITORAL,INTA,Corrientes,sauce,12,2,5
LITORAL,INTA,Corrientes,sauce,12,3,12
LITORAL,INTA,Corrientes,Estancia el Rocio Copra,12,1,30
LITORAL,INTA,Corrientes,Estancia el Rocio Copra,12,2,8
LITORAL,INTA,Corrientes,Estancia el Rocio Copra,12,3,22
LITORAL,INTA,Corrientes,Mercedes,12,1,46
LITORAL,INTA,Corrientes,Mercedes,12,2,200
LITORAL,INTA,Corrientes,Mercedes,12,3,559
LITORAL,INTA,Corrientes,Virasoro,12,1,10
LITORAL,INTA,Corrientes,Virasoro,12,2,2
LITORAL,INTA,Corrientes,Virasoro,12,3,11
LITORAL,INTA,Corrientes,Goya,12,1,2
LITORAL,INTA,Corrientes,Goya,12,2,2
LITORAL,INTA,Corrientes,Goya,12,3,4
LITORAL,INTA,Corrientes,Ituzaingo,12,1,39
LITORAL,INTA,Corrientes,Ituzaingo,12,2,13
LITORAL,INTA,Corrientes,Ituzaingo,12,3,0
LITORAL,INTA,Corrientes,Esquina,12,1,7
LITORAL,INTA,Corrientes,Esquina,12,2,0
LITORAL,AAPPCE,Entre Ríos,Don Cristobal,12,1,0
LITORAL,AAPPCE,Entre Ríos,Don Cristobal,12,2,0
LITORAL,AAPPCE,Entre Ríos,Don Cristobal,12,3,2
LITORAL,AAPPCE,Entre Ríos,Isletas,12,1,0
LITORAL,AAPPCE,Entre Ríos,Isletas,12,2,0
LITORAL,AAPPCE,Entre Ríos,Isletas,12,3,1
LITORAL,AAPPCE,Entre Ríos,La paz,12,1,0
LITORAL,AAPPCE,Entre Ríos,La paz,12,2,0
LITORAL,AAPPCE,Entre Ríos,La paz,12,3,0
LITORAL,AAPPCE,Entre Ríos,Hinojal,12,1,0
LITORAL,AAPPCE,Entre Ríos,Hinojal,12,2,0
LITORAL,AAPPCE,Entre Ríos,Hinojal,12,3,0
CENTRO NORTE,AAPRESID,Entre Ríos,Viale,12,3,1
CENTRO NORTE,AAPRESID,Entre Ríos,Viale,12,11,0
CENTRO NORTE,AAPRESID,Entre Ríos,Viale,12,12,Trampa perdida
CENTRO NORTE,AAPRESID,Entre Ríos,Sauce Pinto,12,3,Sin datos
CENTRO NORTE,AAPRESID,Entre Ríos,Sauce Pinto,12,11,0
CENTRO NORTE,AAPRESID,Entre Ríos,Sauce Pinto,12,12,0
CENTRO NORTE,AAPRESID,Entre Ríos,Gualeguay,12,3,0
CENTRO NORTE,AAPRESID,Entre Ríos,Gualeguay,12,11,0
CENTRO NORTE,AAPRESID,Entre Ríos,Gualeguay,12,12,0
CENTRO NORTE,AAPRESID,Entre Ríos,Paso de las Piedras,12,3,0
CENTRO NORTE,AAPRESID,Entre Ríos,Paso de las Piedras,12,11,0
CENTRO NORTE,AAPRESID,Entre Ríos,Paso de las Piedras,12,12,0
CENTRO NORTE,AAPRESID,Entre Ríos,Villa Hernandarias,12,3,0
CENTRO NORTE,AAPRESID,Entre Ríos,Villa Hernandarias,12,11,0
CENTRO NORTE,AAPRESID,Entre Ríos,Villa Hernandarias,12,12,0
CENTRO NORTE,AAPRESID,Entre Ríos,Don Cristobal,12,3,0
CENTRO NORTE,AAPRESID,Entre Ríos,Don Cristobal,12,11,1
CENTRO NORTE,AAPRESID,Entre Ríos,Don Cristobal,12,12,3
CENTRO NORTE,CREA,Entre Ríos,Las Garzas,12,3,13
CENTRO NORTE,CREA,Entre Ríos,Las Garzas,12,11,0
CENTRO NORTE,CREA,Entre Ríos,Las Garzas,12,12,5
CENTRO NORTE,CREA,Entre Ríos,Santa Elena,12,3,1
CENTRO NORTE,CREA,Entre Ríos,Santa Elena,12,11,0
CENTRO NORTE,CREA,Entre Ríos,Santa Elena,12,12,0
CENTRO NORTE,CREA,Entre Ríos,Montoya,12,3,1
CENTRO NORTE,CREA,Entre Ríos,Montoya,12,11,0
CENTRO NORTE,CREA,Entre Ríos,Montoya,12,12,0
CENTRO NORTE,CREA,Entre Ríos,La Paz,12,3,9
CENTRO NORTE,CREA,Entre Ríos,La Paz,12,11,0
CENTRO NORTE,CREA,Entre Ríos,La Paz,12,12,0
CENTRO NORTE,CREA,Entre Ríos,Molino Doll,12,3,0
CENTRO NORTE,CREA,Entre Ríos,Molino Doll,12,11,Sin datos
CENTRO NORTE,CREA,Entre Ríos,Molino Doll,12,12,0
CENTRO NORTE,CREA,Entre Ríos,Feliciano,12,3,21
CENTRO NORTE,CREA,Entre Ríos,Feliciano,12,11,2
CENTRO NORTE,CREA,Entre Ríos,Feliciano,12,12,4
CENTRO NORTE,CREA,Entre Ríos,Villa Lila,12,3,2
CENTRO NORTE,CREA,Entre Ríos,Villa Lila,12,11,Sin datos
CENTRO NORTE,CREA,Entre Ríos,Villa Lila,12,12,3
CENTRO NORTE,CREA,Entre Ríos,Gualeguay,12,3,0
CENTRO NORTE,CREA,Entre Ríos,Gualeguay,12,11,0
CENTRO NORTE,CREA,Entre Ríos,Gualeguay,12,12,0
CENTRO NORTE,CREA,Entre Ríos,Victoria,12,3,2
CENTRO NORTE,CREA,Entre Ríos,Victoria,12,11,0
CENTRO NORTE,CREA,Entre Ríos,Victoria,12,12,0
CENTRO NORTE,CREA,Entre Ríos,Arroyo Barú,12,3,38
CENTRO NORTE,CREA,Entre Ríos,Arroyo Barú,12,11,0
CENTRO NORTE,CREA,Entre Ríos,Arroyo Barú,12,12,0
CENTRO NORTE,CREA,Entre Ríos,San Fernando,12,3,30
CENTRO NORTE,CREA,Entre Ríos,San Fernando,12,11,0
CENTRO NORTE,CREA,Entre Ríos,San Fernando,12,12,0
CENTRO NORTE,INTA,Entre Ríos,La Paz,12,3,0
CENTRO NORTE,INTA,Entre Ríos,La Paz,12,11,0
CENTRO NORTE,INTA,Entre Ríos,La Paz,12,12,Trampa perdida
CENTRO NORTE,INTA,Entre Ríos,Nogoya,12,3,1
CENTRO NORTE,INTA,Entre Ríos,Nogoya,12,11,0
CENTRO NORTE,INTA,Entre Ríos,Nogoya,12,12,0
CENTRO NORTE,INTA,Entre Ríos,Gualeguaychú,12,3,Sin datos
CENTRO NORTE,INTA,Entre Ríos,Gualeguaychú,12,11,0
CENTRO NORTE,INTA,Entre Ríos,Gualeguaychú,12,12,0
CENTRO NORTE,INTA,Entre Ríos,Concepción del Uruguay,12,3,27
CENTRO NORTE,INTA,Entre Ríos,Concepción del Uruguay,12,11,0
CENTRO NORTE,INTA,Entre Ríos,Concepción del Uruguay,12,12,3
CENTRO NORTE,INTA,Entre Ríos,Diamante,12,3,12
CENTRO NORTE,INTA,Entre Ríos,Diamante,12,11,0
CENTRO NORTE,INTA,Entre Ríos,Diamante,12,12,4
CENTRO NORTE,INTA,Entre Ríos,Gualeguay,12,3,4
CENTRO NORTE,INTA,Entre Ríos,Gualeguay,12,11,0
CENTRO NORTE,INTA,Entre Ríos,Gualeguay,12,12,0
CENTRO NORTE,INTA,Entre Ríos,Parana,12,3,2
CENTRO NORTE,INTA,Entre Ríos,Parana,12,11,0
CENTRO NORTE,INTA,Entre Ríos,Parana,12,12,2
CENTRO NORTE,AAPRESID,San Luis,La Toma,12,3,0
CENTRO NORTE,AAPRESID,San Luis,La Toma,12,11,0
CENTRO NORTE,AAPRESID,San Luis,La Toma,12,12,0
CENTRO NORTE,AAPPCE,Córdoba,Corralito,12,3,Sin datos
CENTRO NORTE,AAPPCE,Córdoba,Corralito,12,11,Trampa perdida
CENTRO NORTE,AAPPCE,Córdoba,Corralito,12,12,0
CENTRO NORTE,AAPPCE,Córdoba,Freyre,12,3,3
CENTRO NORTE,AAPPCE,Córdoba,Freyre,12,11,0
CENTRO NORTE,AAPPCE,Córdoba,Freyre,12,12,0
CENTRO NORTE,AAPPCE,Córdoba,Morteros,12,3,2
CENTRO NORTE,AAPPCE,Córdoba,Morteros,12,11,0
CENTRO NORTE,AAPPCE,Córdoba,Morteros,12,12,0
CENTRO NORTE,AAPPCE,Córdoba,Rayo Cortado,12,3,0
CENTRO NORTE,AAPPCE,Córdoba,Rayo Cortado,12,11,Trampa perdida
CENTRO NORTE,AAPPCE,Córdoba,Rayo Cortado,12,12,1
CENTRO NORTE,AAPPCE,Córdoba,Jesus María,12,3,0
CENTRO NORTE,AAPPCE,Córdoba,Jesus María,12,11,0
CENTRO NORTE,AAPPCE,Córdoba,Jesus María,12,12,0
CENTRO NORTE,AAPPCE,Córdoba,El Fortín,12,3,0
CENTRO NORTE,AAPPCE,Córdoba,El Fortín,12,11,Trampa perdida
CENTRO NORTE,AAPPCE,Córdoba,El Fortín,12,12,0
CENTRO SUR,AAPPCE,Santa Fe,Campo Piaggio,12,1,Sin datos
CENTRO SUR,AAPPCE,Santa Fe,Campo Piaggio,12,2,0
CENTRO SUR,AAPPCE,Santa Fe,Campo Piaggio,12,3,0
CENTRO SUR,AAPPCE,Santa Fe,San Carlos Norte,12,1,0
CENTRO SUR,AAPPCE,Santa Fe,San Carlos Norte,12,2,0
CENTRO SUR,AAPPCE,Santa Fe,San Carlos Norte,12,3,0
CENTRO SUR,AAPRESID,Santa Fe,El Trébol,12,1,0
CENTRO SUR,AAPRESID,Santa Fe,El Trébol,12,2,0
CENTRO SUR,AAPRESID,Santa Fe,El Trébol,12,3,1
CENTRO SUR,AAPRESID,Santa Fe,Emilia,12,1,0
CENTRO SUR,AAPRESID,Santa Fe,Emilia,12,2,0
CENTRO SUR,AAPRESID,Santa Fe,Emilia,12,3,0
CENTRO SUR,AAPRESID,Santa Fe,Gálvez,12,1,0
CENTRO SUR,AAPRESID,Santa Fe,Gálvez,12,2,0
CENTRO SUR,AAPRESID,Santa Fe,Gálvez,12,3,0
CENTRO SUR,AAPRESID,Santa Fe,La Camila,12,1,0
CENTRO SUR,AAPRESID,Santa Fe,La Camila,12,2,0
CENTRO SUR,AAPRESID,Santa Fe,La Camila,12,3,0
CENTRO SUR,AAPRESID,Santa Fe,Maria Juana,12,1,0
CENTRO SUR,AAPRESID,Santa Fe,Maria Juana,12,2,Sin datos
CENTRO SUR,AAPRESID,Santa Fe,Maria Juana,12,3,Sin datos
CENTRO SUR,AAPRESID,Santa Fe,Progreso,12,1,0
CENTRO SUR,AAPRESID,Santa Fe,Progreso,12,2,0
CENTRO SUR,AAPRESID,Santa Fe,Progreso,12,3,0
CENTRO SUR,AAPRESID,Santa Fe,Sastre,12,1,0
CENTRO SUR,AAPRESID,Santa Fe,Sastre,12,2,0
CENTRO SUR,AAPRESID,Santa Fe,Sastre,12,3,1
CENTRO SUR,AAPRESID,Santa Fe,Villa Trinidad,12,1,0
CENTRO SUR,AAPRESID,Santa Fe,Villa Trinidad,12,2,0
CENTRO SUR,AAPRESID,Santa Fe,Villa Trinidad,12,3,Sin datos
CENTRO SUR,AAPRESID,Santa Fe,Helvecia,12,1,0
CENTRO SUR,AAPRESID,Santa Fe,Helvecia,12,2,0
CENTRO SUR,AAPRESID,Santa Fe,Helvecia,12,3,0
CENTRO SUR,AAPRESID,Santa Fe,Aldao,12,1,0
CENTRO SUR,AAPRESID,Santa Fe,Aldao,12,2,0
CENTRO SUR,AAPRESID,Santa Fe,Aldao,12,3,0
CENTRO SUR,CREA,Santa Fe,San Jerónimo Norte,12,1,0
CENTRO SUR,CREA,Santa Fe,San Jerónimo Norte,12,2,0
CENTRO SUR,CREA,Santa Fe,San Jerónimo Norte,12,3,0
CENTRO SUR,CREA,Santa Fe,Ataliva,12,1,0
CENTRO SUR,CREA,Santa Fe,Ataliva,12,2,0
CENTRO SUR,CREA,Santa Fe,Ataliva,12,3,2
CENTRO SUR,CREA,Santa Fe,Bernardo de Irigoyen,12,1,0
CENTRO SUR,CREA,Santa Fe,Bernardo de Irigoyen,12,2,0
CENTRO SUR,CREA,Santa Fe,Bernardo de Irigoyen,12,3,0
CENTRO SUR,CREA,Santa Fe,Crispi,12,1,0
CENTRO SUR,CREA,Santa Fe,Crispi,12,2,0
CENTRO SUR,CREA,Santa Fe,Crispi,12,3,0
CENTRO SUR,CREA,Santa Fe,Esperanza,12,1,Trampa perdida
CENTRO SUR,CREA,Santa Fe,Esperanza,12,2,0
CENTRO SUR,CREA,Santa Fe,Esperanza,12,3,1
CENTRO SUR,CREA,Santa Fe,Moisés Ville,12,1,0
CENTRO SUR,CREA,Santa Fe,Moisés Ville,12,2,0
CENTRO SUR,CREA,Santa Fe,Moisés Ville,12,3,0
CENTRO SUR,CREA,Santa Fe,Rincón de Ávila,12,1,0
CENTRO SUR,CREA,Santa Fe,Rincón de Ávila,12,2,0
CENTRO SUR,CREA,Santa Fe,Rincón de Ávila,12,3,0
CENTRO SUR,CREA,Santa Fe,San Fabián,12,1,1
CENTRO SUR,CREA,Santa Fe,San Fabián,12,2,0
CENTRO SUR,CREA,Santa Fe,San Fabián,12,3,28
CENTRO SUR,CREA,Santa Fe,San Martin de las,12,1,0
CENTRO SUR,CREA,Santa Fe,San Martin de las,12,2,0
CENTRO SUR,CREA,Santa Fe,San Martin de las,12,3,4
CENTRO SUR,CREA,Santa Fe,Cañada Rosquín,12,1,Trampa perdida
CENTRO SUR,CREA,Santa Fe,Cañada Rosquín,12,2,0
CENTRO SUR,CREA,Santa Fe,Cañada Rosquín,12,3,0
CENTRO SUR,CREA,Santa Fe,El Trébol 4,12,1,0
CENTRO SUR,CREA,Santa Fe,El Trébol 4,12,2,Sin datos
CENTRO SUR,CREA,Santa Fe,El Trébol 4,12,3,0
CENTRO SUR,INTA,Córdoba,Marull,12,1,0
CENTRO SUR,INTA,Córdoba,Marull,12,2,0
CENTRO SUR,INTA,Córdoba,Marull,12,3,0
CENTRO SUR,INTA,Santa Fe,Centeno,12,1,0
CENTRO SUR,INTA,Santa Fe,Centeno,12,2,0
CENTRO SUR,INTA,Santa Fe,Centeno,12,3,0
CENTRO SUR,INTA,Santa Fe,Rafaela,12,1,0
CENTRO SUR,INTA,Santa Fe,Rafaela,12,2,0
CENTRO SUR,INTA,Santa Fe,Rafaela,12,3,6
CENTRO SUR,INTA,Santa Fe,Ceres,12,1,0
CENTRO SUR,INTA,Santa Fe,Ceres,12,2,0
CENTRO SUR,INTA,Santa Fe,Ceres,12,3,0
CENTRO SUR,INTA,Santa Fe,San Justo,12,1,0
CENTRO SUR,INTA,Santa Fe,San Justo,12,2,3
CENTRO SUR,INTA,Santa Fe,San Justo,12,3,5
CENTRO SUR,AAPRESID,San Luís,La Angelina,12,1,0
CENTRO SUR,AAPRESID,San Luís,La Angelina,12,2,0
CENTRO SUR,AAPRESID,San Luís,La Angelina,12,3,0
NOA,AAPRESID,Jujuy,Palpala,13,2,0
NOA,AAPRESID,Jujuy,Palpala,13,3,95
NOA,AAPRESID,Jujuy,Palpala,13,08/01_al_23/01,1
NOA,CREA,Jujuy,EL Carmen,13,2,1
NOA,CREA,Jujuy,EL Carmen,13,3,3
NOA,CREA,Jujuy,EL Carmen,13,08/01_al_23/01,1
NOA,CREA,Jujuy,Fraile Pintado,13,2,2
NOA,CREA,Jujuy,Fraile Pintado,13,3,4
NOA,CREA,Jujuy,Fraile Pintado,13,08/01_al_23/01,2
NOA,CREA,Jujuy,Santa Clara,13,2,0
NOA,CREA,Jujuy,Santa Clara,13,3,2
NOA,CREA,Jujuy,Santa Clara,13,08/01_al_23/01,1
NOA,INTA,Jujuy,El Bananal,13,2,0
NOA,INTA,Jujuy,El Bananal,13,3,0
NOA,INTA,Jujuy,El Bananal,13,08/01_al_23/01,0
NOA,AAPPCE,Salta,Rio Piedras,13,2,4
NOA,AAPPCE,Salta,Rio Piedras,13,3,Sin datos
NOA,AAPPCE,Salta,Rio Piedras,13,08/01_al_23/01,Trampa perdida
NOA,AAPPCE,Salta,Macapillo,13,2,13
NOA,AAPPCE,Salta,Macapillo,13,3,Sin datos
NOA,AAPPCE,Salta,Macapillo,13,08/01_al_23/01,Sin datos
NOA,AAPRESID,Salta,Güemes,13,2,15
NOA,AAPRESID,Salta,Güemes,13,3,17
NOA,AAPRESID,Salta,Güemes,13,08/01_al_23/01,4
NOA,AAPRESID,Salta,Rivadavia,13,2,0
NOA,AAPRESID,Salta,Rivadavia,13,3,4
NOA,AAPRESID,Salta,Rivadavia,13,08/01_al_23/01,3
NOA,AAPRESID,Salta,Piquete Cabado 1,13,2,6
NOA,AAPRESID,Salta,Piquete Cabado 1,13,3,6
NOA,AAPRESID,Salta,Piquete Cabado 1,13,08/01_al_23/01,0
NOA,CREA,Salta,Antilla,13,2,0
NOA,CREA,Salta,Antilla,13,3,1
NOA,CREA,Salta,Antilla,13,08/01_al_23/01,0
NOA,CREA,Salta,Ballivián,13,2,0
NOA,CREA,Salta,Ballivián,13,3,0
NOA,CREA,Salta,Ballivián,13,08/01_al_23/01,0
NOA,CREA,Salta,Ceibalito,13,2,0
NOA,CREA,Salta,Ceibalito,13,3,23
NOA,CREA,Salta,Ceibalito,13,08/01_al_23/01,0
NOA,CREA,Salta,Chaguaral,13,2,0
NOA,CREA,Salta,Chaguaral,13,3,0
NOA,CREA,Salta,Chaguaral,13,08/01_al_23/01,0
NOA,CREA,Salta,Copo Quiles,13,2,0
NOA,CREA,Salta,Copo Quiles,13,3,0
NOA,CREA,Salta,Copo Quiles,13,08/01_al_23/01,0
NOA,CREA,Salta,El Bordo,13,2,0
NOA,CREA,Salta,El Bordo,13,3,0
NOA,CREA,Salta,El Bordo,13,08/01_al_23/01,0
NOA,CREA,Salta,El Galpón,13,2,0
NOA,CREA,Salta,El Galpón,13,3,21
NOA,CREA,Salta,El Galpón,13,08/01_al_23/01,0
NOA,CREA,Salta,El Tunal,13,2,0
NOA,CREA,Salta,El Tunal,13,3,1
NOA,CREA,Salta,El Tunal,13,08/01_al_23/01,0
NOA,CREA,Salta,Embarcación,13,2,12
NOA,CREA,Salta,Embarcación,13,3,12
NOA,CREA,Salta,Embarcación,13,08/01_al_23/01,17
NOA,CREA,Salta,Gral Pizarro,13,2,0
NOA,CREA,Salta,Gral Pizarro,13,3,0
NOA,CREA,Salta,Gral Pizarro,13,08/01_al_23/01,Trampa perdida
NOA,CREA,Salta,Horcones,13,2,1
NOA,CREA,Salta,Horcones,13,3,5
NOA,CREA,Salta,Horcones,13,08/01_al_23/01,0
NOA,CREA,Salta,J V Gonzales,13,2,0
NOA,CREA,Salta,J V Gonzales,13,3,0
NOA,CREA,Salta,J V Gonzales,13,08/01_al_23/01,1
NOA,CREA,Salta,Las Lajitas (este),13,2,1
NOA,CREA,Salta,Las Lajitas (este),13,3,4
NOA,CREA,Salta,Las Lajitas (este),13,08/01_al_23/01,2
NOA,CREA,Salta,Las Lajitas T3,13,2,0
NOA,CREA,Salta,Las Lajitas T3,13,3,0
NOA,CREA,Salta,Las Lajitas T3,13,08/01_al_23/01,0
NOA,CREA,Salta,Metan 1,13,2,0
NOA,CREA,Salta,Metan 1,13,3,0
NOA,CREA,Salta,Metan 1,13,08/01_al_23/01,0
NOA,CREA,Salta,Metan 2,13,2,0
NOA,CREA,Salta,Metan 2,13,3,0
NOA,CREA,Salta,Metan 2,13,08/01_al_23/01,0
NOA,CREA,Salta,Mollinedo,13,2,0
NOA,CREA,Salta,Mollinedo,13,3,8
NOA,CREA,Salta,Mollinedo,13,08/01_al_23/01,0
NOA,CREA,Salta,Mosconi,13,2,0
NOA,CREA,Salta,Mosconi,13,3,3
NOA,CREA,Salta,Mosconi,13,08/01_al_23/01,Sin datos
NEA,CREA,Formosa,Las Lomitas,13,2,2
NEA,CREA,Formosa,Las Lomitas,13,3,0
NEA,CREA,Formosa,Las Lomitas,13,08/01_al_23/01,1
NEA,CREA,Formosa,Perin,13,2,14
NEA,CREA,Formosa,Perin,13,3,3
NEA,CREA,Formosa,Perin,13,08/01_al_23/01,218
NEA,INTA,Formosa,El colorado,13,2,18
NEA,INTA,Formosa,El colorado,13,3,15
NEA,INTA,Formosa,El colorado,13,08/01_al_23/01,31
NEA,INTA,Formosa,Comandante Fontana,13,2,3
NEA,INTA,Formosa,Comandante Fontana,13,3,0
NEA,INTA,Formosa,Comandante Fontana,13,08/01_al_23/01,0
NEA,AAPRESID,Chaco,Tres Isletas,13,2,0
NEA,AAPRESID,Chaco,Tres Isletas,13,3,10
NEA,AAPRESID,Chaco,Tres Isletas,13,08/01_al_23/01,Trampa perdida
NEA,AAPRESID,Chaco,Pampa del Infierno,13,2,2
NEA,AAPRESID,Chaco,Pampa del Infierno,13,3,2
NEA,AAPRESID,Chaco,Pampa del Infierno,13,08/01_al_23/01,1
NEA,AAPRESID,Chaco,"Concepcion del Bermejo
(Estanislao)",13,2,3
NEA,AAPRESID,Chaco,"Concepcion del Bermejo
(Estanislao)",13,3,0
NEA,AAPRESID,Chaco,"Concepcion del Bermejo
(Estanislao)",13,08/01_al_23/01,3
NEA,AAPRESID,Chaco,Don Luciano (C. del Bermejo),13,2,3
NEA,AAPRESID,Chaco,Don Luciano (C. del Bermejo),13,3,4
NEA,AAPRESID,Chaco,Don Luciano (C. del Bermejo),13,08/01_al_23/01,3
NEA,AAPRESID,Chaco,Las Piedritas,13,2,0
NEA,AAPRESID,Chaco,Las Piedritas,13,3,0
NEA,AAPRESID,Chaco,Las Piedritas,13,08/01_al_23/01,0
NEA,CREA,Chaco,Los Frentones,13,2,3
NEA,CREA,Chaco,Los Frentones,13,3,1
NEA,CREA,Chaco,Los Frentones,13,08/01_al_23/01,0
NEA,CREA,Chaco,Juan José Castelli,13,2,22
NEA,CREA,Chaco,Juan José Castelli,13,3,1
NEA,CREA,Chaco,Juan José Castelli,13,08/01_al_23/01,Trampa perdida
NEA,CREA,Chaco,El Timbo Pampa,13,2,11
NEA,CREA,Chaco,El Timbo Pampa,13,3,3
NEA,CREA,Chaco,El Timbo Pampa,13,08/01_al_23/01,2
NEA,CREA,Chaco,El Tocon Bermejo,13,2,1
NEA,CREA,Chaco,El Tocon Bermejo,13,3,4
NEA,CREA,Chaco,El Tocon Bermejo,13,08/01_al_23/01,Trampa perdida
NEA,CREA,Chaco,Las Breñas,13,2,Sin datos
NEA,CREA,Chaco,Las Breñas,13,3,0
NEA,CREA,Chaco,Las Breñas,13,08/01_al_23/01,0
NEA,CREA,Santiago Del Estero,Isca Yacu 2,13,2,0
NEA,CREA,Santiago Del Estero,Isca Yacu 2,13,3,21
NEA,CREA,Santiago Del Estero,Isca Yacu 2,13,08/01_al_23/01,0
NEA,CREA,Santiago Del Estero,Las Delicias,13,2,0
NEA,CREA,Santiago Del Estero,Las Delicias,13,3,0
NEA,CREA,Santiago Del Estero,Las Delicias,13,08/01_al_23/01,0
NEA,CREA,Santiago Del Estero,Lavalle,13,2,0
NEA,CREA,Santiago Del Estero,Lavalle,13,3,0
NEA,CREA,Santiago Del Estero,Lavalle,13,08/01_al_23/01,0
NEA,CREA,Santiago Del Estero,Nueva Esperanza,13,2,0
NEA,CREA,Santiago Del Estero,Nueva Esperanza,13,3,3
NEA,CREA,Santiago Del Estero,Nueva Esperanza,13,08/01_al_23/01,0
NEA,CREA,Santiago Del Estero,Pampa Pozo,13,2,0
NEA,CREA,Santiago Del Estero,Pampa Pozo,13,3,1
NEA,CREA,Santiago Del Estero,Pampa Pozo,13,08/01_al_23/01,0
NEA,CREA,Santiago Del Estero,Pozo de Bedert,13,2,Sin datos
NEA,CREA,Santiago Del Estero,Pozo de Bedert,13,3,0
NEA,CREA,Santiago Del Estero,Pozo de Bedert,13,08/01_al_23/01,0
NEA,CREA,Santiago Del Estero,Pozo Hondo,13,2,1
NEA,CREA,Santiago Del Estero,Pozo Hondo,13,3,0
NEA,CREA,Santiago Del Estero,Pozo Hondo,13,08/01_al_23/01,0
NEA,CREA,Santiago Del Estero,"San Pedro de
Guasayán",13,2,3
NEA,CREA,Santiago Del Estero,"San Pedro de
Guasayán",13,3,5
NEA,CREA,Santiago Del Estero,"San Pedro de
Guasayán",13,08/01_al_23/01,2
NEA,CREA,Santiago Del Estero,Termas de Río Hondo,13,2,0
NEA,CREA,Santiago Del Estero,Termas de Río Hondo,13,3,4
NEA,CREA,Santiago Del Estero,Termas de Río Hondo,13,08/01_al_23/01,0
NEA,CREA,Santiago Del Estero,Vinará,13,2,3
NEA,CREA,Santiago Del Estero,Vinará,13,3,2
NEA,CREA,Santiago Del Estero,Vinará,13,08/01_al_23/01,3
NEA,CREA,Catamarca,El Abra,13,2,3
NEA,CREA,Catamarca,El Abra,13,3,2
NEA,CREA,Catamarca,El Abra,13,08/01_al_23/01,0
NEA,CREA,Catamarca,Los Altos,13,2,2
NEA,CREA,Catamarca,Los Altos,13,3,2
NEA,CREA,Catamarca,Los Altos,13,08/01_al_23/01,0
LITORAL,CREA,Santiago Del Estero,Otumpa,13,2,0
LITORAL,CREA,Santiago Del Estero,Otumpa,13,3,5
LITORAL,CREA,Santiago Del Estero,Otumpa,13,08/01_al_23/01,0
LITORAL,CREA,Santiago Del Estero,Campo del Cielo,13,2,0
LITORAL,CREA,Santiago Del Estero,Campo del Cielo,13,3,0
LITORAL,CREA,Santiago Del Estero,Campo del Cielo,13,08/01_al_23/01,Sin datos
LITORAL,CREA,Santiago Del Estero,El colorado,13,2,0
LITORAL,CREA,Santiago Del Estero,El colorado,13,3,2
LITORAL,CREA,Santiago Del Estero,El colorado,13,08/01_al_23/01,0
LITORAL,INTA,Santiago Del Estero,Campo de Cielo,13,2,Sin datos
LITORAL,INTA,Santiago Del Estero,Campo de Cielo,13,3,1
LITORAL,INTA,Santiago Del Estero,Campo de Cielo,13,08/01_al_23/01,0
LITORAL,INTA,Santiago Del Estero,Otumpa,13,2,Sin datos
LITORAL,INTA,Santiago Del Estero,Otumpa,13,3,3
LITORAL,INTA,Santiago Del Estero,Otumpa,13,08/01_al_23/01,Sin datos
LITORAL,INTA,Santiago Del Estero,Los Juries,13,2,Sin datos
LITORAL,INTA,Santiago Del Estero,Los Juries,13,3,Sin datos
LITORAL,INTA,Santiago Del Estero,Los Juries,13,08/01_al_23/01,Sin datos
LITORAL,INTA,Santiago Del Estero,Sachayoj,13,2,Sin datos
LITORAL,INTA,Santiago Del Estero,Sachayoj,13,3,Sin datos
LITORAL,INTA,Santiago Del Estero,Sachayoj,13,08/01_al_23/01,Sin datos
LITORAL,INTA,Santiago Del Estero,Quimilí,13,2,1
LITORAL,INTA,Santiago Del Estero,Quimilí,13,3,1
LITORAL,INTA,Santiago Del Estero,Quimilí,13,08/01_al_23/01,Trampa perdida
LITORAL,INTA,Santiago Del Estero,Pampa de los Guanacos,13,2,0
LITORAL,INTA,Santiago Del Estero,Pampa de los Guanacos,13,3,1
LITORAL,INTA,Santiago Del Estero,Pampa de los Guanacos,13,08/01_al_23/01,0
LITORAL,AAPPCE,Santa Fe,Villa Minetti,13,2,0
LITORAL,AAPPCE,Santa Fe,Villa Minetti,13,3,0
LITORAL,AAPPCE,Santa Fe,Villa Minetti,13,08/01_al_23/01,0
LITORAL,AAPRESID,Santa Fe,Logroño,13,2,Sin datos
LITORAL,AAPRESID,Santa Fe,Logroño,13,3,Sin datos
LITORAL,AAPRESID,Santa Fe,Logroño,13,08/01_al_23/01,0
LITORAL,AAPRESID,Santa Fe,Villa Minetti,13,2,2
LITORAL,AAPRESID,Santa Fe,Villa Minetti,13,3,4
LITORAL,AAPRESID,Santa Fe,Villa Minetti,13,08/01_al_23/01,0
LITORAL,CREA,Santa Fe,La Pelada,13,2,Sin datos
LITORAL,CREA,Santa Fe,La Pelada,13,3,24
LITORAL,CREA,Santa Fe,La Pelada,13,08/01_al_23/01,0
LITORAL,CREA,Santa Fe,Juamarita,13,2,0
LITORAL,CREA,Santa Fe,Juamarita,13,3,Sin datos
LITORAL,CREA,Santa Fe,Juamarita,13,08/01_al_23/01,Sin datos
LITORAL,CREA,Santa Fe,Ambrosetti,13,2,5
LITORAL,CREA,Santa Fe,Ambrosetti,13,3,174
LITORAL,CREA,Santa Fe,Ambrosetti,13,08/01_al_23/01,0
LITORAL,CREA,Santa Fe,Arroyo Ceibal,13,2,7
LITORAL,CREA,Santa Fe,Arroyo Ceibal,13,3,2
LITORAL,CREA,Santa Fe,Arroyo Ceibal,13,08/01_al_23/01,5
LITORAL,CREA,Santa Fe,Hersilia,13,2,28
LITORAL,CREA,Santa Fe,Hersilia,13,3,36
LITORAL,CREA,Santa Fe,Hersilia,13,08/01_al_23/01,0
LITORAL,CREA,Santa Fe,La Penca y Caraguatá,13,2,4
LITORAL,CREA,Santa Fe,La Penca y Caraguatá,13,3,2
LITORAL,CREA,Santa Fe,La Penca y Caraguatá,13,08/01_al_23/01,0
LITORAL,CREA,Santa Fe,Ramayón,13,2,0
LITORAL,CREA,Santa Fe,Ramayón,13,3,32
LITORAL,CREA,Santa Fe,Ramayón,13,08/01_al_23/01,0
LITORAL,CREA,Santa Fe,Alejandra,13,2,0
LITORAL,CREA,Santa Fe,Alejandra,13,3,2
LITORAL,CREA,Santa Fe,Alejandra,13,08/01_al_23/01,0
LITORAL,CREA,Santa Fe,Margarita,13,2,0
LITORAL,CREA,Santa Fe,Margarita,13,3,0
LITORAL,CREA,Santa Fe,Margarita,13,08/01_al_23/01,0
LITORAL,CREA,Santa Fe,Vera y Pintado,13,2,0
LITORAL,CREA,Santa Fe,Vera y Pintado,13,3,0
LITORAL,CREA,Santa Fe,Vera y Pintado,13,08/01_al_23/01,0
LITORAL,CREA,Santa Fe,Emilia,13,2,Sin datos
LITORAL,CREA,Santa Fe,Emilia,13,3,Sin datos
LITORAL,CREA,Santa Fe,Emilia,13,08/01_al_23/01,0
LITORAL,CREA,Santa Fe,La María,13,2,0
LITORAL,CREA,Santa Fe,La María,13,3,2
LITORAL,CREA,Santa Fe,La María,13,08/01_al_23/01,0
LITORAL,CREA,Santa Fe,La Osca,13,2,0
LITORAL,CREA,Santa Fe,La Osca,13,3,1
LITORAL,CREA,Santa Fe,La Osca,13,08/01_al_23/01,0
LITORAL,CREA,Santa Fe,Llambí Campbell,13,2,0
LITORAL,CREA,Santa Fe,Llambí Campbell,13,3,2
LITORAL,CREA,Santa Fe,Llambí Campbell,13,08/01_al_23/01,0
LITORAL,CREA,Santa Fe,Malabrigo,13,2,7
LITORAL,CREA,Santa Fe,Malabrigo,13,3,25
LITORAL,CREA,Santa Fe,Malabrigo,13,08/01_al_23/01,0
LITORAL,CREA,Santa Fe,Soledad,13,2,0
LITORAL,CREA,Santa Fe,Soledad,13,3,1
LITORAL,CREA,Santa Fe,Soledad,13,08/01_al_23/01,0
LITORAL,CREA,Santa Fe,Villa Saralegui,13,2,3
LITORAL,CREA,Santa Fe,Villa Saralegui,13,3,4
LITORAL,CREA,Santa Fe,Villa Saralegui,13,08/01_al_23/01,0
LITORAL,INTA,Santa Fe,Reconquista,13,2,17
LITORAL,INTA,Santa Fe,Reconquista,13,3,152
LITORAL,INTA,Santa Fe,Reconquista,13,08/01_al_23/01,7
LITORAL,INTA,Santa Fe,Calchaquí,13,2,12
LITORAL,INTA,Santa Fe,Calchaquí,13,3,0
LITORAL,INTA,Santa Fe,Calchaquí,13,08/01_al_23/01,1
LITORAL,INTA,Santa Fe,Logroño,13,2,0
LITORAL,INTA,Santa Fe,Logroño,13,3,1
LITORAL,INTA,Santa Fe,Logroño,13,08/01_al_23/01,0
LITORAL,INTA,Santa Fe,San javier,13,2,0
LITORAL,INTA,Santa Fe,San javier,13,3,18
LITORAL,INTA,Santa Fe,San javier,13,08/01_al_23/01,0
LITORAL,INTA,Santa Fe,La sarita,13,2,5
LITORAL,INTA,Santa Fe,La sarita,13,3,0
LITORAL,INTA,Santa Fe,La sarita,13,08/01_al_23/01,3
URUGUAY,AAPRESID,Corrientes,Mercedes,13,1,88
URUGUAY,AAPRESID,Corrientes,Mercedes,13,2,71
URUGUAY,AAPRESID,Corrientes,Mercedes,13,3,7
URUGUAY,AAPRESID,Corrientes,Ambrosio,13,1,23
URUGUAY,AAPRESID,Corrientes,Ambrosio,13,2,Sin datos
URUGUAY,AAPRESID,Corrientes,Ambrosio,13,3,2
URUGUAY,AAPRESID,Corrientes,Corrientes,13,1,4
URUGUAY,AAPRESID,Corrientes,Corrientes,13,2,57
URUGUAY,AAPRESID,Corrientes,Corrientes,13,3,17
URUGUAY,AAPRESID,Corrientes,Bella Vista,13,1,0
URUGUAY,AAPRESID,Corrientes,Bella Vista,13,2,4
URUGUAY,AAPRESID,Corrientes,Bella Vista,13,3,6
URUGUAY,INTA,Corrientes,sauce,13,1,5
URUGUAY,INTA,Corrientes,sauce,13,2,12
URUGUAY,INTA,Corrientes,sauce,13,3,18
URUGUAY,INTA,Corrientes,"Estancia el Rocio
Copra",13,1,8
URUGUAY,INTA,Corrientes,"Estancia el Rocio
Copra",13,2,22
URUGUAY,INTA,Corrientes,"Estancia el Rocio
Copra",13,3,0
URUGUAY,INTA,Corrientes,Mercedes,13,1,200
URUGUAY,INTA,Corrientes,Mercedes,13,2,559
URUGUAY,INTA,Corrientes,Mercedes,13,3,214
URUGUAY,INTA,Corrientes,Virasoro,13,1,2
URUGUAY,INTA,Corrientes,Virasoro,13,2,11
URUGUAY,INTA,Corrientes,Virasoro,13,3,4
URUGUAY,INTA,Corrientes,Goya,13,1,2
URUGUAY,INTA,Corrientes,Goya,13,2,4
URUGUAY,INTA,Corrientes,Goya,13,3,Sin datos
URUGUAY,INTA,Corrientes,Ituzaingo,13,1,13
URUGUAY,INTA,Corrientes,Ituzaingo,13,2,0
URUGUAY,INTA,Corrientes,Ituzaingo,13,3,0
URUGUAY,INTA,Corrientes,Esquina,13,1,7
URUGUAY,INTA,Corrientes,Esquina,13,2,0
URUGUAY,INTA,Corrientes,Esquina,13,3,Sin datos
URUGUAY,AAPPCE,Entre Ríos,Don Cristobal,13,1,0
URUGUAY,AAPPCE,Entre Ríos,Don Cristobal,13,2,2
URUGUAY,AAPPCE,Entre Ríos,Don Cristobal,13,3,2
URUGUAY,AAPPCE,Entre Ríos,Isletas,13,1,0
URUGUAY,AAPPCE,Entre Ríos,Isletas,13,2,1
URUGUAY,AAPPCE,Entre Ríos,Isletas,13,3,1
URUGUAY,AAPPCE,Entre Ríos,La paz,13,1,0
URUGUAY,AAPPCE,Entre Ríos,La paz,13,2,0
URUGUAY,AAPPCE,Entre Ríos,La paz,13,3,0
URUGUAY,AAPPCE,Entre Ríos,Hinojal,13,1,0
URUGUAY,AAPPCE,Entre Ríos,Hinojal,13,2,0
URUGUAY,AAPPCE,Entre Ríos,Hinojal,13,3,0
URUGUAY,AAPRESID,Entre Ríos,Colonia Celina,13,1,0
URUGUAY,AAPRESID,Entre Ríos,Colonia Celina,13,2,0
URUGUAY,AAPRESID,Entre Ríos,Colonia Celina,13,3,0
URUGUAY,AAPRESID,Entre Ríos,Viale,13,1,Trampa perdida
URUGUAY,AAPRESID,Entre Ríos,Viale,13,2,1
URUGUAY,AAPRESID,Entre Ríos,Viale,13,3,1
URUGUAY,AAPRESID,Entre Ríos,Sauce Pinto,13,1,0
URUGUAY,AAPRESID,Entre Ríos,Sauce Pinto,13,2,Sin datos
URUGUAY,AAPRESID,Entre Ríos,Sauce Pinto,13,3,Sin datos
URUGUAY,AAPRESID,Entre Ríos,Gualeguay,13,1,0
URUGUAY,AAPRESID,Entre Ríos,Gualeguay,13,2,0
URUGUAY,AAPRESID,Entre Ríos,Gualeguay,13,3,0
URUGUAY,AAPRESID,Entre Ríos,Paso de las Piedras,13,1,0
URUGUAY,AAPRESID,Entre Ríos,Paso de las Piedras,13,2,0
URUGUAY,AAPRESID,Entre Ríos,Paso de las Piedras,13,3,0
URUGUAY,AAPRESID,Entre Ríos,Villa Hernandarias,13,1,0
URUGUAY,AAPRESID,Entre Ríos,Villa Hernandarias,13,2,0
URUGUAY,AAPRESID,Entre Ríos,Villa Hernandarias,13,3,6
URUGUAY,AAPRESID,Entre Ríos,Don Cristobal,13,1,3
URUGUAY,AAPRESID,Entre Ríos,Don Cristobal,13,2,0
URUGUAY,AAPRESID,Entre Ríos,Don Cristobal,13,3,0
URUGUAY,CREA,Entre Ríos,Las Garzas,13,1,5
URUGUAY,CREA,Entre Ríos,Las Garzas,13,2,13
URUGUAY,CREA,Entre Ríos,Las Garzas,13,3,42
URUGUAY,CREA,Entre Ríos,Santa Elena,13,1,0
URUGUAY,CREA,Entre Ríos,Santa Elena,13,2,1
URUGUAY,CREA,Entre Ríos,Santa Elena,13,3,0
URUGUAY,CREA,Entre Ríos,Montoya,13,1,0
URUGUAY,CREA,Entre Ríos,Montoya,13,2,1
URUGUAY,CREA,Entre Ríos,Montoya,13,3,2
URUGUAY,CREA,Entre Ríos,La Paz,13,1,0
URUGUAY,CREA,Entre Ríos,La Paz,13,2,9
URUGUAY,CREA,Entre Ríos,La Paz,13,3,13
URUGUAY,CREA,Entre Ríos,Molino Doll,13,1,0
URUGUAY,CREA,Entre Ríos,Molino Doll,13,2,0
URUGUAY,CREA,Entre Ríos,Molino Doll,13,3,0
URUGUAY,CREA,Entre Ríos,Feliciano,13,1,4
URUGUAY,CREA,Entre Ríos,Feliciano,13,2,21
URUGUAY,CREA,Entre Ríos,Feliciano,13,3,2
URUGUAY,CREA,Entre Ríos,Villa Lila,13,1,3
URUGUAY,CREA,Entre Ríos,Villa Lila,13,2,2
URUGUAY,CREA,Entre Ríos,Villa Lila,13,3,Sin datos
URUGUAY,CREA,Entre Ríos,Gualeguay,13,1,0
URUGUAY,CREA,Entre Ríos,Gualeguay,13,2,0
URUGUAY,CREA,Entre Ríos,Gualeguay,13,3,0
URUGUAY,CREA,Entre Ríos,Victoria,13,1,0
URUGUAY,CREA,Entre Ríos,Victoria,13,2,2
URUGUAY,CREA,Entre Ríos,Victoria,13,3,4
URUGUAY,CREA,Entre Ríos,Arroyo Barú,13,1,0
URUGUAY,CREA,Entre Ríos,Arroyo Barú,13,2,38
URUGUAY,CREA,Entre Ríos,Arroyo Barú,13,3,58
URUGUAY,CREA,Entre Ríos,San Fernando,13,1,0
URUGUAY,CREA,Entre Ríos,San Fernando,13,2,30
URUGUAY,CREA,Entre Ríos,San Fernando,13,3,Sin datos
URUGUAY,INTA,Entre Ríos,La Paz,13,1,Trampa perdida
URUGUAY,INTA,Entre Ríos,La Paz,13,2,0
URUGUAY,INTA,Entre Ríos,La Paz,13,3,0
URUGUAY,INTA,Entre Ríos,Nogoya,13,1,0
URUGUAY,INTA,Entre Ríos,Nogoya,13,2,1
URUGUAY,INTA,Entre Ríos,Nogoya,13,3,0
URUGUAY,INTA,Entre Ríos,Gualeguaychú,13,1,0
URUGUAY,INTA,Entre Ríos,Gualeguaychú,13,2,Sin datos
URUGUAY,INTA,Entre Ríos,Gualeguaychú,13,3,0
URUGUAY,INTA,Entre Ríos,Concepción del,13,1,3
URUGUAY,INTA,Entre Ríos,Concepción del,13,2,27
URUGUAY,INTA,Entre Ríos,Concepción del,13,3,20
CENTRO NORTE,AAPRESID,San Luis,La Toma,13,2,0
CENTRO NORTE,AAPRESID,San Luis,La Toma,13,3,0
CENTRO NORTE,AAPRESID,San Luis,La Toma,13,08/01_al_23/01,0
CENTRO NORTE,AAPPCE,Córdoba,Corralito,13,2,0
CENTRO NORTE,AAPPCE,Córdoba,Corralito,13,3,0
CENTRO NORTE,AAPPCE,Córdoba,Corralito,13,08/01_al_23/01,0
CENTRO NORTE,AAPPCE,Córdoba,Freyre,13,2,3
CENTRO NORTE,AAPPCE,Córdoba,Freyre,13,3,0
CENTRO NORTE,AAPPCE,Córdoba,Freyre,13,08/01_al_23/01,0
CENTRO NORTE,AAPPCE,Córdoba,Morteros,13,2,2
CENTRO NORTE,AAPPCE,Córdoba,Morteros,13,3,3
CENTRO NORTE,AAPPCE,Córdoba,Morteros,13,08/01_al_23/01,0
CENTRO NORTE,AAPPCE,Córdoba,Rayo Cortado,13,2,0
CENTRO NORTE,AAPPCE,Córdoba,Rayo Cortado,13,3,2
CENTRO NORTE,AAPPCE,Córdoba,Rayo Cortado,13,08/01_al_23/01,1
CENTRO NORTE,AAPPCE,Córdoba,Jesus María,13,2,0
CENTRO NORTE,AAPPCE,Córdoba,Jesus María,13,3,0
CENTRO NORTE,AAPPCE,Córdoba,Jesus María,13,08/01_al_23/01,0
CENTRO NORTE,AAPPCE,Córdoba,El Fortín,13,2,0
CENTRO NORTE,AAPPCE,Córdoba,El Fortín,13,3,0
CENTRO NORTE,AAPPCE,Córdoba,El Fortín,13,08/01_al_23/01,0
CENTRO NORTE,AAPPCE,Córdoba,Río Ceballos,13,2,0
CENTRO NORTE,AAPPCE,Córdoba,Río Ceballos,13,3,0
CENTRO NORTE,AAPPCE,Córdoba,Río Ceballos,13,08/01_al_23/01,0
CENTRO NORTE,AAPRESID,Córdoba,Villa María,13,2,0
CENTRO NORTE,AAPRESID,Córdoba,Villa María,13,3,0
CENTRO NORTE,AAPRESID,Córdoba,Villa María,13,08/01_al_23/01,Trampa perdida
CENTRO NORTE,AAPRESID,Córdoba,Cañada de Luque,13,2,0
CENTRO NORTE,AAPRESID,Córdoba,Cañada de Luque,13,3,0
CENTRO NORTE,AAPRESID,Córdoba,Cañada de Luque,13,08/01_al_23/01,0
CENTRO NORTE,AAPRESID,Córdoba,Capilla de Sitón,13,2,0
CENTRO NORTE,AAPRESID,Córdoba,Capilla de Sitón,13,3,Trampa perdida
CENTRO NORTE,AAPRESID,Córdoba,Capilla de Sitón,13,08/01_al_23/01,Trampa perdida
CENTRO NORTE,AAPRESID,Córdoba,Carrilobo,13,2,0
CENTRO NORTE,AAPRESID,Córdoba,Carrilobo,13,3,0
CENTRO NORTE,AAPRESID,Córdoba,Carrilobo,13,08/01_al_23/01,Trampa perdida
CENTRO NORTE,AAPRESID,Córdoba,Devoto,13,2,0
CENTRO NORTE,AAPRESID,Córdoba,Devoto,13,3,0
CENTRO NORTE,AAPRESID,Córdoba,Devoto,13,08/01_al_23/01,0
CENTRO NORTE,AAPRESID,Córdoba,Eufrasio Loza,13,2,0
CENTRO NORTE,AAPRESID,Córdoba,Eufrasio Loza,13,3,0
CENTRO NORTE,AAPRESID,Córdoba,Eufrasio Loza,13,08/01_al_23/01,0
CENTRO NORTE,AAPRESID,Córdoba,Laguna Larga,13,2,0
CENTRO NORTE,AAPRESID,Córdoba,Laguna Larga,13,3,0
CENTRO NORTE,AAPRESID,Córdoba,Laguna Larga,13,08/01_al_23/01,0
CENTRO NORTE,AAPRESID,Córdoba,Las Bajadas,13,2,0
CENTRO NORTE,AAPRESID,Córdoba,Las Bajadas,13,3,0
CENTRO NORTE,AAPRESID,Córdoba,Las Bajadas,13,08/01_al_23/01,0
CENTRO NORTE,AAPRESID,Córdoba,Monte del Rosario,13,2,6
CENTRO NORTE,AAPRESID,Córdoba,Monte del Rosario,13,3,7
CENTRO NORTE,AAPRESID,Córdoba,Monte del Rosario,13,08/01_al_23/01,1
CENTRO NORTE,AAPRESID,Córdoba,Montecristo,13,2,0
CENTRO NORTE,AAPRESID,Córdoba,Montecristo,13,3,1
CENTRO NORTE,AAPRESID,Córdoba,Montecristo,13,08/01_al_23/01,Trampa perdida
CENTRO NORTE,AAPRESID,Córdoba,Obispo trejo,13,2,Sin datos
CENTRO NORTE,AAPRESID,Córdoba,Obispo trejo,13,3,0
CENTRO NORTE,AAPRESID,Córdoba,Obispo trejo,13,08/01_al_23/01,Sin datos
CENTRO NORTE,AAPRESID,Córdoba,Río Segundo- T1,13,2,1
CENTRO NORTE,AAPRESID,Córdoba,Río Segundo- T1,13,3,2
CENTRO NORTE,AAPRESID,Córdoba,Río Segundo- T1,13,08/01_al_23/01,0
CENTRO NORTE,AAPRESID,Córdoba,San Francisco,13,2,0
CENTRO NORTE,AAPRESID,Córdoba,San Francisco,13,3,0
CENTRO NORTE,AAPRESID,Córdoba,San Francisco,13,08/01_al_23/01,0
CENTRO NORTE,AAPRESID,Córdoba,Santa Catalina,13,2,0
CENTRO NORTE,AAPRESID,Córdoba,Santa Catalina,13,3,1
CENTRO NORTE,AAPRESID,Córdoba,Santa Catalina,13,08/01_al_23/01,0
CENTRO NORTE,AAPRESID,Córdoba,Tancacha,13,2,0
CENTRO NORTE,AAPRESID,Córdoba,Tancacha,13,3,0
CENTRO NORTE,AAPRESID,Córdoba,Tancacha,13,08/01_al_23/01,0
CENTRO NORTE,AAPRESID,Córdoba,Villa de Maria,13,2,Sin datos
CENTRO NORTE,AAPRESID,Córdoba,Villa de Maria,13,3,0
CENTRO NORTE,AAPRESID,Córdoba,Villa de Maria,13,08/01_al_23/01,0
CENTRO NORTE,AAPRESID,Córdoba,Arroyito,13,2,0
CENTRO NORTE,AAPRESID,Córdoba,Arroyito,13,3,0
CENTRO NORTE,AAPRESID,Córdoba,Arroyito,13,08/01_al_23/01,0
CENTRO NORTE,INTA,Entre Ríos,Gualeguay,13,2,4
CENTRO NORTE,INTA,Entre Ríos,Gualeguay,13,3,5
CENTRO NORTE,INTA,Entre Ríos,Gualeguay,13,08/01_al_23/01,0
CENTRO NORTE,INTA,Entre Ríos,Parana,13,2,2
CENTRO NORTE,INTA,Entre Ríos,Parana,13,3,6
CENTRO NORTE,INTA,Entre Ríos,Parana,13,08/01_al_23/01,2
CENTRO SUR,CREA,Santa Fe,Rincón de Ávila,13,2,0
CENTRO SUR,CREA,Santa Fe,Rincón de Ávila,13,3,2
CENTRO SUR,CREA,Santa Fe,Rincón de Ávila,13,08/01_al_23/01,0
CENTRO SUR,CREA,Santa Fe,San Fabián,13,2,28
CENTRO SUR,CREA,Santa Fe,San Fabián,13,3,4
CENTRO SUR,CREA,Santa Fe,San Fabián,13,08/01_al_23/01,0
CENTRO SUR,CREA,Santa Fe,San Martin de las,13,2,4
CENTRO SUR,CREA,Santa Fe,San Martin de las,13,3,5
CENTRO SUR,CREA,Santa Fe,San Martin de las,13,08/01_al_23/01,0
CENTRO SUR,CREA,Santa Fe,Cañada Rosquín,13,2,0
CENTRO SUR,CREA,Santa Fe,Cañada Rosquín,13,3,5
CENTRO SUR,CREA,Santa Fe,Cañada Rosquín,13,08/01_al_23/01,0
CENTRO SUR,CREA,Santa Fe,El Trébol 4,13,2,0
CENTRO SUR,CREA,Santa Fe,El Trébol 4,13,3,0
CENTRO SUR,CREA,Santa Fe,El Trébol 4,13,08/01_al_23/01,Sin datos
CENTRO SUR,INTA,Córdoba,Marull,13,2,0
CENTRO SUR,INTA,Córdoba,Marull,13,3,0
CENTRO SUR,INTA,Córdoba,Marull,13,08/01_al_23/01,0
CENTRO SUR,INTA,Santa Fe,Centeno,13,2,0
CENTRO SUR,INTA,Santa Fe,Centeno,13,3,0
CENTRO SUR,INTA,Santa Fe,Centeno,13,08/01_al_23/01,0
CENTRO SUR,INTA,Santa Fe,Rafaela,13,2,6
CENTRO SUR,INTA,Santa Fe,Rafaela,13,3,27
CENTRO SUR,INTA,Santa Fe,Rafaela,13,08/01_al_23/01,0
CENTRO SUR,INTA,Santa Fe,Ceres,13,2,0
CENTRO SUR,INTA,Santa Fe,Ceres,13,3,2
CENTRO SUR,INTA,Santa Fe,Ceres,13,08/01_al_23/01,0
CENTRO SUR,INTA,Santa Fe,San Justo,13,2,5
CENTRO SUR,INTA,Santa Fe,San Justo,13,3,14
CENTRO SUR,INTA,Santa Fe,San Justo,13,08/01_al_23/01,3
CENTRO SUR,AAPRESID,San Luís,La Angelina,13,2,0
CENTRO SUR,AAPRESID,San Luís,La Angelina,13,3,0
CENTRO SUR,AAPRESID,San Luís,La Angelina,13,08/01_al_23/01,0
CENTRO SUR,AAPRESID,San Luís,Nueva Galia,13,2,0
CENTRO SUR,AAPRESID,San Luís,Nueva Galia,13,3,0
CENTRO SUR,AAPRESID,San Luís,Nueva Galia,13,08/01_al_23/01,0
CENTRO SUR,CREA,San Luís,Buena Esperanza,13,2,0
CENTRO SUR,CREA,San Luís,Buena Esperanza,13,3,0
CENTRO SUR,CREA,San Luís,Buena Esperanza,13,08/01_al_23/01,0
CENTRO SUR,CREA,San Luís,Juan Jorba,13,2,0
CENTRO SUR,CREA,San Luís,Juan Jorba,13,3,0
CENTRO SUR,CREA,San Luís,Juan Jorba,13,08/01_al_23/01,0
CENTRO SUR,CREA,San Luís,Los molles,13,2,0
CENTRO SUR,CREA,San Luís,Los molles,13,3,0
CENTRO SUR,CREA,San Luís,Los molles,13,08/01_al_23/01,0
CENTRO SUR,CREA,San Luís,Naschel,13,2,0
CENTRO SUR,CREA,San Luís,Naschel,13,3,0
CENTRO SUR,CREA,San Luís,Naschel,13,08/01_al_23/01,Trampa perdida
CENTRO SUR,CREA,San Luís,San Martín,13,2,0
CENTRO SUR,CREA,San Luís,San Martín,13,3,0
CENTRO SUR,CREA,San Luís,San Martín,13,08/01_al_23/01,0
CENTRO SUR,INTA,San Luís,San Luis 1,13,2,0
CENTRO SUR,INTA,San Luís,San Luis 1,13,3,Trampa perdida
CENTRO SUR,INTA,San Luís,San Luis 1,13,08/01_al_23/01,0
CENTRO SUR,INTA,San Luís,Quines,13,2,0
CENTRO SUR,INTA,San Luís,Quines,13,3,0
CENTRO SUR,INTA,San Luís,Quines,13,08/01_al_23/01,0
CENTRO SUR,AAPPCE,Córdoba,Ana Zumaran,13,2,0
CENTRO SUR,AAPPCE,Córdoba,Ana Zumaran,13,3,0
CENTRO SUR,AAPPCE,Córdoba,Ana Zumaran,13,08/01_al_23/01,0
CENTRO SUR,AAPPCE,Córdoba,Cnel. Baigorria,13,2,0
CENTRO SUR,AAPPCE,Córdoba,Cnel. Baigorria,13,3,0
CENTRO SUR,AAPPCE,Córdoba,Cnel. Baigorria,13,08/01_al_23/01,0
CENTRO SUR,AAPPCE,Córdoba,General Roca,13,2,0
CENTRO SUR,AAPPCE,Córdoba,General Roca,13,3,Trampa perdida
CENTRO SUR,AAPPCE,Córdoba,General Roca,13,08/01_al_23/01,0
CENTRO SUR,AAPPCE,Córdoba,Gral. Cabrera,13,2,0
CENTRO SUR,AAPPCE,Córdoba,Gral. Cabrera,13,3,0
CENTRO SUR,AAPPCE,Córdoba,Gral. Cabrera,13,08/01_al_23/01,0
CENTRO SUR,AAPPCE,Córdoba,La playosa,13,2,0
CENTRO SUR,AAPPCE,Córdoba,La playosa,13,3,0
CENTRO SUR,AAPPCE,Córdoba,La playosa,13,08/01_al_23/01,0
CENTRO SUR,AAPPCE,Córdoba,Ordoñez,13,2,0
CENTRO SUR,AAPPCE,Córdoba,Ordoñez,13,3,0
CENTRO SUR,AAPPCE,Córdoba,Ordoñez,13,08/01_al_23/01,0
CENTRO SUR,AAPPCE,Córdoba,Tosquita,13,2,0
CENTRO SUR,AAPPCE,Córdoba,Tosquita,13,3,0
CENTRO SUR,AAPPCE,Córdoba,Tosquita,13,08/01_al_23/01,0
CENTRO SUR,AAPPCE,Córdoba,Arroyo Cabral,13,2,0
CENTRO SUR,AAPPCE,Córdoba,Arroyo Cabral,13,3,0
CENTRO SUR,AAPPCE,Córdoba,Arroyo Cabral,13,08/01_al_23/01,Trampa perdida
URUGUAY,CREA,Buenos Aires,Necochea,13,2,0
URUGUAY,CREA,Buenos Aires,Necochea,13,3,0
URUGUAY,CREA,Buenos Aires,Necochea,13,08/01_al_23/01,0
URUGUAY,CREA,Buenos Aires,Pergamino,13,2,0
URUGUAY,CREA,Buenos Aires,Pergamino,13,3,0
URUGUAY,CREA,Buenos Aires,Pergamino,13,08/01_al_23/01,0
URUGUAY,CREA,Buenos Aires,Tandil,13,2,Sin datos
URUGUAY,CREA,Buenos Aires,Tandil,13,3,1
URUGUAY,CREA,Buenos Aires,Tandil,13,08/01_al_23/01,0
URUGUAY,CREA,Buenos Aires,Las Armas,13,2,0
URUGUAY,CREA,Buenos Aires,Las Armas,13,3,0
URUGUAY,CREA,Buenos Aires,Las Armas,13,08/01_al_23/01,0
URUGUAY,CREA,Buenos Aires,Catriló,13,2,0
URUGUAY,CREA,Buenos Aires,Catriló,13,3,0
URUGUAY,CREA,Buenos Aires,Catriló,13,08/01_al_23/01,0
URUGUAY,INTA,Buenos Aires,Chivilcoy,13,2,3
URUGUAY,INTA,Buenos Aires,Chivilcoy,13,3,0
URUGUAY,INTA,Buenos Aires,Chivilcoy,13,08/01_al_23/01,0
URUGUAY,INTA,Buenos Aires,Pergamino,13,2,0
URUGUAY,INTA,Buenos Aires,Pergamino,13,3,0
URUGUAY,INTA,Buenos Aires,Pergamino,13,08/01_al_23/01,0
URUGUAY,INTA,Buenos Aires,Conesa,13,2,0
URUGUAY,INTA,Buenos Aires,Conesa,13,3,0
URUGUAY,INTA,Buenos Aires,Conesa,13,08/01_al_23/01,0
URUGUAY,INTA,Buenos Aires,San antonio de Areco,13,2,2
URUGUAY,INTA,Buenos Aires,San antonio de Areco,13,3,1
URUGUAY,INTA,Buenos Aires,San antonio de Areco,13,08/01_al_23/01,0
URUGUAY,INTA,Buenos Aires,Bordenave,13,2,0
URUGUAY,INTA,Buenos Aires,Bordenave,13,3,0
URUGUAY,INTA,Buenos Aires,Bordenave,13,08/01_al_23/01,0
URUGUAY,INTA,Buenos Aires,Gral. Villegas,13,2,0
URUGUAY,INTA,Buenos Aires,Gral. Villegas,13,3,0
URUGUAY,INTA,Buenos Aires,Gral. Villegas,13,08/01_al_23/01,0
URUGUAY,INTA,Buenos Aires,Ascasubi,13,2,0
URUGUAY,INTA,Buenos Aires,Ascasubi,13,3,0
URUGUAY,INTA,Buenos Aires,Ascasubi,13,08/01_al_23/01,0
URUGUAY,INTA,Buenos Aires,Bolivar,13,2,0
URUGUAY,INTA,Buenos Aires,Bolivar,13,3,0
URUGUAY,INTA,Buenos Aires,Bolivar,13,08/01_al_23/01,0
URUGUAY,INTA,Buenos Aires,Pehuajó,13,2,0
URUGUAY,INTA,Buenos Aires,Pehuajó,13,3,0
URUGUAY,INTA,Buenos Aires,Pehuajó,13,08/01_al_23/01,0
URUGUAY,INTA,Buenos Aires,Balcarce,13,2,0
URUGUAY,INTA,Buenos Aires,Balcarce,13,3,0
URUGUAY,INTA,Buenos Aires,Balcarce,13,08/01_al_23/01,Trampa perdida
URUGUAY,AAPPCE,La Pampa,Macachín,13,2,0
URUGUAY,AAPPCE,La Pampa,Macachín,13,3,0
URUGUAY,AAPPCE,La Pampa,Macachín,13,08/01_al_23/01,0
URUGUAY,AAPRESID,La Pampa,Quemu Quemu,13,2,Sin datos
URUGUAY,AAPRESID,La Pampa,Quemu Quemu,13,3,0
URUGUAY,AAPRESID,La Pampa,Quemu Quemu,13,08/01_al_23/01,Trampa perdida
URUGUAY,CREA,La Pampa,General Pico,13,2,0
URUGUAY,CREA,La Pampa,General Pico,13,3,0
URUGUAY,CREA,La Pampa,General Pico,13,08/01_al_23/01,0
URUGUAY,CREA,La Pampa,Quemú Quemú,13,2,0
URUGUAY,CREA,La Pampa,Quemú Quemú,13,3,0
URUGUAY,CREA,La Pampa,Quemú Quemú,13,08/01_al_23/01,0
URUGUAY,CREA,La Pampa,Santa Rosa,13,2,0
URUGUAY,CREA,La Pampa,Santa Rosa,13,3,0
URUGUAY,CREA,La Pampa,Santa Rosa,13,08/01_al_23/01,0
URUGUAY,INTA,La Pampa,Anguil 1,13,2,0
URUGUAY,INTA,La Pampa,Anguil 1,13,3,0
URUGUAY,INTA,La Pampa,Anguil 1,13,08/01_al_23/01,0
URUGUAY,AGTSA,,Vergara,13,2,Sin datos
URUGUAY,AGTSA,,Vergara,13,3,0
URUGUAY,AGTSA,,Vergara,13,08/01_al_23/01,Sin datos
URUGUAY,AGTSA,,Rosario,13,2,0
URUGUAY,AGTSA,,Rosario,13,3,0
URUGUAY,AGTSA,,Rosario,13,08/01_al_23/01,0
URUGUAY,AGTSA,,Chamizo,13,2,0
URUGUAY,AGTSA,,Chamizo,13,3,0
URUGUAY,AGTSA,,Chamizo,13,08/01_al_23/01,0
URUGUAY,AGTSA,,Young,13,2,2
URUGUAY,AGTSA,,Young,13,3,2
URUGUAY,AGTSA,,Young,13,08/01_al_23/01,2
URUGUAY,AGTSA,,Mercedes,13,2,0
URUGUAY,AGTSA,,Mercedes,13,3,0
URUGUAY,AGTSA,,Mercedes,13,08/01_al_23/01,0
URUGUAY,AGTSA,,Durazno,13,2,0
URUGUAY,AGTSA,,Durazno,13,3,0
URUGUAY,AGTSA,,Durazno,13,08/01_al_23/01,0
URUGUAY,AGTSA,,Constancia,13,2,0
URUGUAY,AGTSA,,Constancia,13,3,2
URUGUAY,AGTSA,,Constancia,13,08/01_al_23/01,Sin datos
URUGUAY,AGTSA,,Young,13,2,Sin datos
URUGUAY,AGTSA,,Young,13,3,0
URUGUAY,AGTSA,,Young,13,08/01_al_23/01,Sin datos
URUGUAY,AGTSA,,Palmitas,13,2,0
URUGUAY,AGTSA,,Palmitas,13,3,0
URUGUAY,AGTSA,,Palmitas,13,08/01_al_23/01,0
NOA,AAPRESID,Jujuy,Palpala,14,3,76
NOA,AAPRESID,Jujuy,Palpala,14,08/01_al_23/01,0
NOA,AAPRESID,Jujuy,Palpala,14,24/01_al_07/02,95
NOA,CREA,Jujuy,EL Carmen,14,3,0
NOA,CREA,Jujuy,EL Carmen,14,08/01_al_23/01,1
NOA,CREA,Jujuy,EL Carmen,14,24/01_al_07/02,3
NOA,CREA,Jujuy,Fraile Pintado,14,3,7
NOA,CREA,Jujuy,Fraile Pintado,14,08/01_al_23/01,2
NOA,CREA,Jujuy,Fraile Pintado,14,24/01_al_07/02,4
NOA,CREA,Jujuy,Santa Clara,14,3,0
NOA,CREA,Jujuy,Santa Clara,14,08/01_al_23/01,0
NOA,CREA,Jujuy,Santa Clara,14,24/01_al_07/02,2
NOA,INTA,Jujuy,El Bananal,14,3,0
NOA,INTA,Jujuy,El Bananal,14,08/01_al_23/01,0
NOA,INTA,Jujuy,El Bananal,14,24/01_al_07/02,0
NOA,AAPPCE,Salta,Rio Piedras,14,3,112
NOA,AAPPCE,Salta,Rio Piedras,14,08/01_al_23/01,4
NOA,AAPPCE,Salta,Rio Piedras,14,24/01_al_07/02,Sin datos
NOA,AAPPCE,Salta,Macapillo,14,3,159
NOA,AAPPCE,Salta,Macapillo,14,08/01_al_23/01,13
NOA,AAPPCE,Salta,Macapillo,14,24/01_al_07/02,Sin datos
NOA,AAPRESID,Salta,Güemes,14,3,Trampa perdida
NOA,AAPRESID,Salta,Güemes,14,08/01_al_23/01,15
NOA,AAPRESID,Salta,Güemes,14,24/01_al_07/02,17
NOA,AAPRESID,Salta,Rivadavia,14,3,222
NOA,AAPRESID,Salta,Rivadavia,14,08/01_al_23/01,0
NOA,AAPRESID,Salta,Rivadavia,14,24/01_al_07/02,4
NOA,AAPRESID,Salta,Piquete Cabado 1,14,3,44
NOA,AAPRESID,Salta,Piquete Cabado 1,14,08/01_al_23/01,6
NOA,AAPRESID,Salta,Piquete Cabado 1,14,24/01_al_07/02,6
NOA,CREA,Salta,Antilla,14,3,1
NOA,CREA,Salta,Antilla,14,08/01_al_23/01,0
NOA,CREA,Salta,Antilla,14,24/01_al_07/02,1
NOA,CREA,Salta,Ballivián,14,3,Sin datos
NOA,CREA,Salta,Ballivián,14,08/01_al_23/01,0
NOA,CREA,Salta,Ballivián,14,24/01_al_07/02,0
NOA,CREA,Salta,Ceibalito,14,3,Sin datos
NOA,CREA,Salta,Ceibalito,14,08/01_al_23/01,0
NOA,CREA,Salta,Ceibalito,14,24/01_al_07/02,23
NOA,CREA,Salta,Chaguaral,14,3,Sin datos
NOA,CREA,Salta,Chaguaral,14,08/01_al_23/01,0
NOA,CREA,Salta,Chaguaral,14,24/01_al_07/02,0
NOA,CREA,Salta,Copo Quiles,14,3,Sin datos
NOA,CREA,Salta,Copo Quiles,14,08/01_al_23/01,0
NOA,CREA,Salta,Copo Quiles,14,24/01_al_07/02,0
NOA,CREA,Salta,El Bordo,14,3,Sin datos
NOA,CREA,Salta,El Bordo,14,08/01_al_23/01,0
NOA,CREA,Salta,El Bordo,14,24/01_al_07/02,0
NOA,CREA,Salta,El Galpón,14,3,58
NOA,CREA,Salta,El Galpón,14,08/01_al_23/01,0
NOA,CREA,Salta,El Galpón,14,24/01_al_07/02,21
NOA,CREA,Salta,El Tunal,14,3,4
NOA,CREA,Salta,El Tunal,14,08/01_al_23/01,0
NOA,CREA,Salta,El Tunal,14,24/01_al_07/02,1
NOA,CREA,Salta,Embarcación,14,3,Sin datos
NOA,CREA,Salta,Embarcación,14,08/01_al_23/01,12
NOA,CREA,Salta,Embarcación,14,24/01_al_07/02,12
NOA,CREA,Salta,Gral Pizarro,14,3,Sin datos
NOA,CREA,Salta,Gral Pizarro,14,08/01_al_23/01,0
NOA,CREA,Salta,Gral Pizarro,14,24/01_al_07/02,0
NOA,CREA,Salta,Horcones,14,3,Sin datos
NOA,CREA,Salta,Horcones,14,08/01_al_23/01,1
NOA,CREA,Salta,Horcones,14,24/01_al_07/02,5
NOA,CREA,Salta,J V Gonzales,14,3,Sin datos
NOA,CREA,Salta,J V Gonzales,14,08/01_al_23/01,0
NOA,CREA,Salta,J V Gonzales,14,24/01_al_07/02,0
NOA,CREA,Salta,Las Lajitas (este),14,3,Sin datos
NOA,CREA,Salta,Las Lajitas (este),14,08/01_al_23/01,1
NOA,CREA,Salta,Las Lajitas (este),14,24/01_al_07/02,4
NOA,CREA,Salta,Las Lajitas T3,14,3,0
NOA,CREA,Salta,Las Lajitas T3,14,08/01_al_23/01,0
NOA,CREA,Salta,Las Lajitas T3,14,24/01_al_07/02,0
NOA,CREA,Salta,Metan 1,14,3,0
NOA,CREA,Salta,Metan 1,14,08/01_al_23/01,0
NOA,CREA,Salta,Metan 1,14,24/01_al_07/02,0
NOA,CREA,Salta,Metan 2,14,3,17
NOA,CREA,Salta,Metan 2,14,08/01_al_23/01,0
NOA,CREA,Salta,Metan 2,14,24/01_al_07/02,0
NOA,CREA,Salta,Mollinedo,14,3,Sin datos
NOA,CREA,Salta,Mollinedo,14,08/01_al_23/01,0
NOA,CREA,Salta,Mollinedo,14,24/01_al_07/02,8
NOA,CREA,Salta,Mosconi,14,3,Sin datos
NOA,CREA,Salta,Mosconi,14,08/01_al_23/01,0
NOA,CREA,Salta,Mosconi,14,24/01_al_07/02,3
NOA,CREA,Salta,Nstra Sra de Talavera,14,3,Sin datos
NOA,CREA,Salta,Nstra Sra de Talavera,14,08/01_al_23/01,Trampa perdida
NOA,CREA,Salta,Nstra Sra de Talavera,14,24/01_al_07/02,Trampa perdida
NOA,CREA,Salta,Pichanal,14,3,Sin datos
NOA,CREA,Salta,Pichanal,14,08/01_al_23/01,18
NOA,CREA,Salta,Pichanal,14,24/01_al_07/02,5
NOA,CREA,Salta,Piquete Cabado 2,14,3,Sin datos
NOA,CREA,Salta,Piquete Cabado 2,14,08/01_al_23/01,0
NOA,CREA,Salta,Piquete Cabado 2,14,24/01_al_07/02,6
NOA,CREA,Salta,Rosario de la Frontera,14,3,Sin datos
NOA,CREA,Salta,Rosario de la Frontera,14,08/01_al_23/01,3
NOA,CREA,Salta,Rosario de la Frontera,14,24/01_al_07/02,1
NOA,CREA,Salta,Santo Domingo,14,3,Sin datos
NOA,CREA,Salta,Santo Domingo,14,08/01_al_23/01,0
NOA,CREA,Salta,Santo Domingo,14,24/01_al_07/02,4
NOA,CREA,Salta,Saravia,14,3,Sin datos
NOA,CREA,Salta,Saravia,14,08/01_al_23/01,0
NOA,CREA,Salta,Saravia,14,24/01_al_07/02,Trampa perdida
NEA,CREA,Santiago Del Estero,Pozo Hondo,14,3,1
NEA,CREA,Santiago Del Estero,Pozo Hondo,14,08/01_al_23/01,1
NEA,CREA,Santiago Del Estero,Pozo Hondo,14,24/01_al_07/02,0
NEA,CREA,Santiago Del Estero,"San Pedro de
Guasayán",14,3,Sin datos
NEA,CREA,Santiago Del Estero,"San Pedro de
Guasayán",14,08/01_al_23/01,3
NEA,CREA,Santiago Del Estero,"San Pedro de
Guasayán",14,24/01_al_07/02,5
NEA,CREA,Santiago Del Estero,Termas de Río Hondo,14,3,Sin datos
NEA,CREA,Santiago Del Estero,Termas de Río Hondo,14,08/01_al_23/01,0
NEA,CREA,Santiago Del Estero,Termas de Río Hondo,14,24/01_al_07/02,4
NEA,CREA,Santiago Del Estero,Vinará,14,3,2
NEA,CREA,Santiago Del Estero,Vinará,14,08/01_al_23/01,3
NEA,CREA,Santiago Del Estero,Vinará,14,24/01_al_07/02,2
NEA,CREA,Catamarca,El Abra,14,3,8
NEA,CREA,Catamarca,El Abra,14,08/01_al_23/01,3
NEA,CREA,Catamarca,El Abra,14,24/01_al_07/02,2
NEA,CREA,Catamarca,Los Altos,14,3,3
NEA,CREA,Catamarca,Los Altos,14,08/01_al_23/01,2
NEA,CREA,Catamarca,Los Altos,14,24/01_al_07/02,2
NEA,CREA,Formosa,Las Lomitas,14,3,0
NEA,CREA,Formosa,Las Lomitas,14,08/01_al_23/01,2
NEA,CREA,Formosa,Las Lomitas,14,24/01_al_07/02,0
NEA,CREA,Formosa,Perin,14,3,2
NEA,CREA,Formosa,Perin,14,08/01_al_23/01,14
NEA,CREA,Formosa,Perin,14,24/01_al_07/02,3
NEA,INTA,Formosa,El colorado,14,3,0
NEA,INTA,Formosa,El colorado,14,08/01_al_23/01,18
NEA,INTA,Formosa,El colorado,14,24/01_al_07/02,15
NEA,INTA,Formosa,Comandante Fontana 3 0,14,08/01_al_23/01,Trampa
NEA,AAPRESID,Chaco,Tres Isletas 0 10,14,08/01_al_23/01,Trampa
NEA,AAPRESID,Chaco,Pampa del Infierno,14,3,11
NEA,AAPRESID,Chaco,Pampa del Infierno,14,08/01_al_23/01,2
NEA,AAPRESID,Chaco,Pampa del Infierno,14,24/01_al_07/02,2
NEA,AAPRESID,Chaco,Concepcion del Bermejo,14,3,6
NEA,AAPRESID,Chaco,Concepcion del Bermejo,14,08/01_al_23/01,3
NEA,AAPRESID,Chaco,Concepcion del Bermejo,14,24/01_al_07/02,0
NEA,AAPRESID,Chaco,Don Luciano (C. del,14,3,6
NEA,AAPRESID,Chaco,Don Luciano (C. del,14,08/01_al_23/01,3
NEA,AAPRESID,Chaco,Don Luciano (C. del,14,24/01_al_07/02,4
NEA,AAPRESID,Chaco,Las Piedritas,14,3,0
NEA,AAPRESID,Chaco,Las Piedritas,14,08/01_al_23/01,0
NEA,AAPRESID,Chaco,Las Piedritas,14,24/01_al_07/02,0
NEA,CREA,Chaco,Los Frentones,14,3,0
NEA,CREA,Chaco,Los Frentones,14,08/01_al_23/01,3
NEA,CREA,Chaco,Los Frentones,14,24/01_al_07/02,1
NEA,CREA,Chaco,Juan José Castelli,14,3,5
NEA,CREA,Chaco,Juan José Castelli,14,08/01_al_23/01,22
NEA,CREA,Chaco,Juan José Castelli,14,24/01_al_07/02,1
NEA,CREA,Chaco,El Timbo Pampa,14,3,4
NEA,CREA,Chaco,El Timbo Pampa,14,08/01_al_23/01,11
NEA,CREA,Chaco,El Timbo Pampa,14,24/01_al_07/02,3
NEA,CREA,Chaco,El Tocon Bermejo,14,3,0
NEA,CREA,Chaco,El Tocon Bermejo,14,08/01_al_23/01,1
NEA,CREA,Chaco,El Tocon Bermejo,14,24/01_al_07/02,4
NEA,CREA,Chaco,Las Breñas,14,3,1
NEA,CREA,Chaco,Las Breñas,14,08/01_al_23/01,Sin datos
NEA,CREA,Chaco,Las Breñas,14,24/01_al_07/02,0
NEA,CREA,Chaco,Santa Teresa Capdevilla,14,3,12
NEA,CREA,Chaco,Santa Teresa Capdevilla,14,08/01_al_23/01,0
NEA,CREA,Chaco,Santa Teresa Capdevilla,14,24/01_al_07/02,9
NEA,CREA,Chaco,Pampa Cejas,14,3,0
NEA,CREA,Chaco,Pampa Cejas,14,08/01_al_23/01,0
NEA,CREA,Chaco,Pampa Cejas,14,24/01_al_07/02,1
NEA,CREA,Chaco,3 Retoños,14,3,4
NEA,CREA,Chaco,3 Retoños,14,08/01_al_23/01,Sin datos
NEA,CREA,Chaco,3 Retoños,14,24/01_al_07/02,4
NEA,CREA,Chaco,Quitilipi,14,3,0
NEA,CREA,Chaco,Quitilipi,14,08/01_al_23/01,0
NEA,CREA,Chaco,Quitilipi,14,24/01_al_07/02,0
NEA,CREA,Chaco,Pampa del Infierno,14,3,11
NEA,CREA,Chaco,Pampa del Infierno,14,08/01_al_23/01,Sin datos
NEA,CREA,Chaco,Pampa del Infierno,14,24/01_al_07/02,Sin datos
LITORAL,INTA,Santiago Del Estero,Los Juries,14,3,Sin datos
LITORAL,INTA,Santiago Del Estero,Los Juries,14,08/01_al_23/01,Sin datos
LITORAL,INTA,Santiago Del Estero,Los Juries,14,24/01_al_07/02,Sin datos
LITORAL,INTA,Santiago Del Estero,Sachayoj,14,3,Sin datos
LITORAL,INTA,Santiago Del Estero,Sachayoj,14,08/01_al_23/01,Sin datos
LITORAL,INTA,Santiago Del Estero,Sachayoj,14,24/01_al_07/02,Sin datos
LITORAL,INTA,Santiago Del Estero,Quimilí,14,3,2
LITORAL,INTA,Santiago Del Estero,Quimilí,14,08/01_al_23/01,1
LITORAL,INTA,Santiago Del Estero,Quimilí,14,24/01_al_07/02,1
LITORAL,INTA,Santiago Del Estero,Pampa de los Guanacos,14,3,38
LITORAL,INTA,Santiago Del Estero,Pampa de los Guanacos,14,08/01_al_23/01,0
LITORAL,INTA,Santiago Del Estero,Pampa de los Guanacos,14,24/01_al_07/02,1
LITORAL,AAPPCE,Santa Fe,Villa Minetti,14,3,4
LITORAL,AAPPCE,Santa Fe,Villa Minetti,14,08/01_al_23/01,0
LITORAL,AAPPCE,Santa Fe,Villa Minetti,14,24/01_al_07/02,0
LITORAL,AAPRESID,Santa Fe,Logroño,14,3,Sin datos
LITORAL,AAPRESID,Santa Fe,Logroño,14,08/01_al_23/01,Sin datos
LITORAL,AAPRESID,Santa Fe,Logroño,14,24/01_al_07/02,Sin datos
LITORAL,AAPRESID,Santa Fe,Villa Minetti,14,3,0
LITORAL,AAPRESID,Santa Fe,Villa Minetti,14,08/01_al_23/01,2
LITORAL,AAPRESID,Santa Fe,Villa Minetti,14,24/01_al_07/02,4
LITORAL,CREA,Santa Fe,La Pelada,14,3,39
LITORAL,CREA,Santa Fe,La Pelada,14,08/01_al_23/01,Sin datos
LITORAL,CREA,Santa Fe,La Pelada,14,24/01_al_07/02,24
LITORAL,CREA,Santa Fe,Juamarita,14,3,Sin datos
LITORAL,CREA,Santa Fe,Juamarita,14,08/01_al_23/01,0
LITORAL,CREA,Santa Fe,Juamarita,14,24/01_al_07/02,Sin datos
LITORAL,CREA,Santa Fe,Ambrosetti,14,3,26
LITORAL,CREA,Santa Fe,Ambrosetti,14,08/01_al_23/01,5
LITORAL,CREA,Santa Fe,Ambrosetti,14,24/01_al_07/02,174
LITORAL,CREA,Santa Fe,Arroyo Ceibal,14,3,6
LITORAL,CREA,Santa Fe,Arroyo Ceibal,14,08/01_al_23/01,7
LITORAL,CREA,Santa Fe,Arroyo Ceibal,14,24/01_al_07/02,2
LITORAL,CREA,Santa Fe,Hersilia,14,3,1
LITORAL,CREA,Santa Fe,Hersilia,14,08/01_al_23/01,28
LITORAL,CREA,Santa Fe,Hersilia,14,24/01_al_07/02,36
LITORAL,CREA,Santa Fe,La Penca y Caraguatá,14,3,166
LITORAL,CREA,Santa Fe,La Penca y Caraguatá,14,08/01_al_23/01,4
LITORAL,CREA,Santa Fe,La Penca y Caraguatá,14,24/01_al_07/02,2
LITORAL,CREA,Santa Fe,Ramayón,14,3,2
LITORAL,CREA,Santa Fe,Ramayón,14,08/01_al_23/01,0
LITORAL,CREA,Santa Fe,Ramayón,14,24/01_al_07/02,32
LITORAL,CREA,Santa Fe,Alejandra,14,3,27
LITORAL,CREA,Santa Fe,Alejandra,14,08/01_al_23/01,0
LITORAL,CREA,Santa Fe,Alejandra,14,24/01_al_07/02,2
LITORAL,CREA,Santa Fe,Margarita,14,3,52
LITORAL,CREA,Santa Fe,Margarita,14,08/01_al_23/01,0
LITORAL,CREA,Santa Fe,Margarita,14,24/01_al_07/02,0
LITORAL,CREA,Santa Fe,Vera y Pintado,14,3,5
LITORAL,CREA,Santa Fe,Vera y Pintado,14,08/01_al_23/01,0
LITORAL,CREA,Santa Fe,Vera y Pintado,14,24/01_al_07/02,0
LITORAL,CREA,Santa Fe,Emilia,14,3,Sin datos
LITORAL,CREA,Santa Fe,Emilia,14,08/01_al_23/01,Sin datos
LITORAL,CREA,Santa Fe,Emilia,14,24/01_al_07/02,Sin datos
LITORAL,CREA,Santa Fe,La María,14,3,27
LITORAL,CREA,Santa Fe,La María,14,08/01_al_23/01,0
LITORAL,CREA,Santa Fe,La María,14,24/01_al_07/02,2
LITORAL,CREA,Santa Fe,La Osca,14,3,2
LITORAL,CREA,Santa Fe,La Osca,14,08/01_al_23/01,0
LITORAL,CREA,Santa Fe,La Osca,14,24/01_al_07/02,1
LITORAL,CREA,Santa Fe,Llambí Campbell,14,3,0
LITORAL,CREA,Santa Fe,Llambí Campbell,14,08/01_al_23/01,0
LITORAL,CREA,Santa Fe,Llambí Campbell,14,24/01_al_07/02,2
LITORAL,CREA,Santa Fe,Malabrigo,14,3,13
LITORAL,CREA,Santa Fe,Malabrigo,14,08/01_al_23/01,7
LITORAL,CREA,Santa Fe,Malabrigo,14,24/01_al_07/02,25
LITORAL,CREA,Santa Fe,Soledad,14,3,0
LITORAL,CREA,Santa Fe,Soledad,14,08/01_al_23/01,0
LITORAL,CREA,Santa Fe,Soledad,14,24/01_al_07/02,1
LITORAL,CREA,Santa Fe,Villa Saralegui,14,3,1
LITORAL,CREA,Santa Fe,Villa Saralegui,14,08/01_al_23/01,3
LITORAL,CREA,Santa Fe,Villa Saralegui,14,24/01_al_07/02,4
LITORAL,INTA,Santa Fe,Reconquista,14,3,109
LITORAL,INTA,Santa Fe,Reconquista,14,08/01_al_23/01,17
LITORAL,INTA,Santa Fe,Reconquista,14,24/01_al_07/02,152
LITORAL,INTA,Santa Fe,Calchaquí,14,3,21
LITORAL,INTA,Santa Fe,Calchaquí,14,08/01_al_23/01,12
LITORAL,INTA,Santa Fe,Calchaquí,14,24/01_al_07/02,0
LITORAL,INTA,Santa Fe,Logroño,14,3,18
LITORAL,INTA,Santa Fe,Logroño,14,08/01_al_23/01,0
LITORAL,INTA,Santa Fe,Logroño,14,24/01_al_07/02,1
LITORAL,INTA,Santa Fe,San javier,14,3,431
LITORAL,INTA,Santa Fe,San javier,14,08/01_al_23/01,0
LITORAL,INTA,Santa Fe,San javier,14,24/01_al_07/02,18
LITORAL,INTA,Santa Fe,La sarita,14,3,Sin datos
LITORAL,INTA,Santa Fe,La sarita,14,08/01_al_23/01,5
LITORAL,INTA,Santa Fe,La sarita,14,24/01_al_07/02,0
CENTRO NORTE,AAPRESID,San Luis,La Toma,14,3,0
CENTRO NORTE,AAPRESID,San Luis,La Toma,14,08/01_al_23/01,0
CENTRO NORTE,AAPRESID,San Luis,La Toma,14,24/01_al_07/02,0
CENTRO NORTE,AAPPCE,Córdoba,Corralito,14,3,2
CENTRO NORTE,AAPPCE,Córdoba,Corralito,14,08/01_al_23/01,0
CENTRO NORTE,AAPPCE,Córdoba,Corralito,14,24/01_al_07/02,0
CENTRO NORTE,AAPPCE,Córdoba,Freyre,14,3,2
CENTRO NORTE,AAPPCE,Córdoba,Freyre,14,08/01_al_23/01,3
CENTRO NORTE,AAPPCE,Córdoba,Freyre,14,24/01_al_07/02,0
CENTRO NORTE,AAPPCE,Córdoba,Morteros,14,3,0
CENTRO NORTE,AAPPCE,Córdoba,Morteros,14,08/01_al_23/01,2
CENTRO NORTE,AAPPCE,Córdoba,Morteros,14,24/01_al_07/02,3
CENTRO NORTE,AAPPCE,Córdoba,Rayo Cortado,14,3,3
CENTRO NORTE,AAPPCE,Córdoba,Rayo Cortado,14,08/01_al_23/01,0
CENTRO NORTE,AAPPCE,Córdoba,Rayo Cortado,14,24/01_al_07/02,2
CENTRO NORTE,AAPPCE,Córdoba,Jesus María,14,3,Sin datos
CENTRO NORTE,AAPPCE,Córdoba,Jesus María,14,08/01_al_23/01,0
CENTRO NORTE,AAPPCE,Córdoba,Jesus María,14,24/01_al_07/02,0
CENTRO NORTE,AAPPCE,Córdoba,El Fortín,14,3,0
CENTRO NORTE,AAPPCE,Córdoba,El Fortín,14,08/01_al_23/01,0
CENTRO NORTE,AAPPCE,Córdoba,El Fortín,14,24/01_al_07/02,0
CENTRO NORTE,AAPPCE,Córdoba,Río Ceballos,14,3,Sin datos
CENTRO NORTE,AAPPCE,Córdoba,Río Ceballos,14,08/01_al_23/01,0
CENTRO NORTE,AAPPCE,Córdoba,Río Ceballos,14,24/01_al_07/02,0
CENTRO NORTE,AAPRESID,Córdoba,Villa María,14,3,0
CENTRO NORTE,AAPRESID,Córdoba,Villa María,14,08/01_al_23/01,0
CENTRO NORTE,AAPRESID,Córdoba,Villa María,14,24/01_al_07/02,0
CENTRO NORTE,AAPRESID,Córdoba,Cañada de Luque,14,3,1
CENTRO NORTE,AAPRESID,Córdoba,Cañada de Luque,14,08/01_al_23/01,0
CENTRO NORTE,AAPRESID,Córdoba,Cañada de Luque,14,24/01_al_07/02,0
CENTRO NORTE,AAPRESID,Córdoba,Capilla de Sitón,14,3,0
CENTRO NORTE,AAPRESID,Córdoba,Capilla de Sitón,14,08/01_al_23/01,0
CENTRO NORTE,AAPRESID,Córdoba,Capilla de Sitón,14,24/01_al_07/02,Trampa perdida
CENTRO NORTE,AAPRESID,Córdoba,Carrilobo,14,3,Sin datos
CENTRO NORTE,AAPRESID,Córdoba,Carrilobo,14,08/01_al_23/01,0
CENTRO NORTE,AAPRESID,Córdoba,Carrilobo,14,24/01_al_07/02,0
CENTRO NORTE,AAPRESID,Córdoba,Devoto,14,3,0
CENTRO NORTE,AAPRESID,Córdoba,Devoto,14,08/01_al_23/01,0
CENTRO NORTE,AAPRESID,Córdoba,Devoto,14,24/01_al_07/02,0
CENTRO NORTE,AAPRESID,Córdoba,Eufrasio Loza,14,3,3
CENTRO NORTE,AAPRESID,Córdoba,Eufrasio Loza,14,08/01_al_23/01,0
CENTRO NORTE,AAPRESID,Córdoba,Eufrasio Loza,14,24/01_al_07/02,0
CENTRO NORTE,AAPRESID,Córdoba,Laguna Larga,14,3,0
CENTRO NORTE,AAPRESID,Córdoba,Laguna Larga,14,08/01_al_23/01,0
CENTRO NORTE,AAPRESID,Córdoba,Laguna Larga,14,24/01_al_07/02,0
CENTRO NORTE,AAPRESID,Córdoba,Las Bajadas,14,3,1
CENTRO NORTE,AAPRESID,Córdoba,Las Bajadas,14,08/01_al_23/01,0
CENTRO NORTE,AAPRESID,Córdoba,Las Bajadas,14,24/01_al_07/02,0
CENTRO NORTE,AAPRESID,Córdoba,Monte del Rosario,14,3,38
CENTRO NORTE,AAPRESID,Córdoba,Monte del Rosario,14,08/01_al_23/01,6
CENTRO NORTE,AAPRESID,Córdoba,Monte del Rosario,14,24/01_al_07/02,7
CENTRO NORTE,AAPRESID,Córdoba,Montecristo,14,3,2
CENTRO NORTE,AAPRESID,Córdoba,Montecristo,14,08/01_al_23/01,0
CENTRO NORTE,AAPRESID,Córdoba,Montecristo,14,24/01_al_07/02,1
CENTRO NORTE,AAPRESID,Córdoba,Obispo trejo,14,3,0
CENTRO NORTE,AAPRESID,Córdoba,Obispo trejo,14,08/01_al_23/01,Sin datos
CENTRO NORTE,AAPRESID,Córdoba,Obispo trejo,14,24/01_al_07/02,0
CENTRO NORTE,AAPRESID,Córdoba,Río Segundo- T1,14,3,1
CENTRO NORTE,AAPRESID,Córdoba,Río Segundo- T1,14,08/01_al_23/01,1
CENTRO NORTE,AAPRESID,Córdoba,Río Segundo- T1,14,24/01_al_07/02,2
CENTRO NORTE,AAPRESID,Córdoba,San Francisco,14,3,Sin datos
CENTRO NORTE,AAPRESID,Córdoba,San Francisco,14,08/01_al_23/01,0
CENTRO NORTE,AAPRESID,Córdoba,San Francisco,14,24/01_al_07/02,0
CENTRO NORTE,AAPRESID,Córdoba,Santa Catalina,14,3,0
CENTRO NORTE,AAPRESID,Córdoba,Santa Catalina,14,08/01_al_23/01,0
CENTRO NORTE,AAPRESID,Córdoba,Santa Catalina,14,24/01_al_07/02,1
CENTRO NORTE,AAPRESID,Córdoba,Tancacha,14,3,0
CENTRO NORTE,AAPRESID,Córdoba,Tancacha,14,08/01_al_23/01,0
CENTRO NORTE,AAPRESID,Córdoba,Tancacha,14,24/01_al_07/02,0
CENTRO NORTE,AAPRESID,Córdoba,Villa de Maria,14,3,Sin datos
CENTRO NORTE,AAPRESID,Córdoba,Villa de Maria,14,08/01_al_23/01,Sin datos
CENTRO NORTE,AAPRESID,Córdoba,Villa de Maria,14,24/01_al_07/02,0
CENTRO NORTE,AAPRESID,Córdoba,Arroyito,14,3,0
CENTRO NORTE,AAPRESID,Córdoba,Arroyito,14,08/01_al_23/01,0
CENTRO NORTE,AAPRESID,Córdoba,Arroyito,14,24/01_al_07/02,0
CENTRO NORTE,AAPRESID,Córdoba,Villa Sta. Rosa,14,3,2
CENTRO NORTE,AAPRESID,Córdoba,Villa Sta. Rosa,14,08/01_al_23/01,1
CENTRO NORTE,AAPRESID,Córdoba,Villa Sta. Rosa,14,24/01_al_07/02,2
CENTRO NORTE,AAPRESID,Córdoba,Hernando,14,3,Sin datos
CENTRO NORTE,AAPRESID,Córdoba,Hernando,14,08/01_al_23/01,Sin datos
CENTRO NORTE,AAPRESID,Córdoba,Hernando,14,24/01_al_07/02,Sin datos
CENTRO NORTE,CREA,Córdoba,Piquillín,14,3,0
CENTRO NORTE,CREA,Córdoba,Piquillín,14,08/01_al_23/01,0
CENTRO NORTE,CREA,Córdoba,Piquillín,14,24/01_al_07/02,0
CENTRO NORTE,CREA,Córdoba,Las Chilcas,14,3,2
CENTRO NORTE,CREA,Córdoba,Las Chilcas,14,08/01_al_23/01,0
CENTRO NORTE,CREA,Córdoba,Las Chilcas,14,24/01_al_07/02,0
CENTRO NORTE,CREA,Córdoba,Sebastián el Cano,14,3,5
CENTRO NORTE,CREA,Córdoba,Sebastián el Cano,14,08/01_al_23/01,0
CENTRO NORTE,CREA,Córdoba,Sebastián el Cano,14,24/01_al_07/02,3
CENTRO NORTE,CREA,Córdoba,El Tío,14,3,0
CENTRO NORTE,CREA,Córdoba,El Tío,14,08/01_al_23/01,0
CENTRO NORTE,CREA,Córdoba,El Tío,14,24/01_al_07/02,0
CENTRO SUR,INTA,Santa Fe,Centeno,14,3,5
CENTRO SUR,INTA,Santa Fe,Centeno,14,08/01_al_23/01,0
CENTRO SUR,INTA,Santa Fe,Centeno,14,24/01_al_07/02,0
CENTRO SUR,INTA,Santa Fe,Rafaela,14,3,27
CENTRO SUR,INTA,Santa Fe,Rafaela,14,08/01_al_23/01,6
CENTRO SUR,INTA,Santa Fe,Rafaela,14,24/01_al_07/02,27
CENTRO SUR,INTA,Santa Fe,Ceres,14,3,6
CENTRO SUR,INTA,Santa Fe,Ceres,14,08/01_al_23/01,0
CENTRO SUR,INTA,Santa Fe,Ceres,14,24/01_al_07/02,2
CENTRO SUR,INTA,Santa Fe,San Justo,14,3,13
CENTRO SUR,INTA,Santa Fe,San Justo,14,08/01_al_23/01,5
CENTRO SUR,INTA,Santa Fe,San Justo,14,24/01_al_07/02,14
CENTRO SUR,AAPRESID,San Luís,La Angelina,14,3,0
CENTRO SUR,AAPRESID,San Luís,La Angelina,14,08/01_al_23/01,0
CENTRO SUR,AAPRESID,San Luís,La Angelina,14,24/01_al_07/02,0
CENTRO SUR,AAPRESID,San Luís,Nueva Galia,14,3,0
CENTRO SUR,AAPRESID,San Luís,Nueva Galia,14,08/01_al_23/01,0
CENTRO SUR,AAPRESID,San Luís,Nueva Galia,14,24/01_al_07/02,0
CENTRO SUR,CREA,San Luís,Buena Esperanza,14,3,0
CENTRO SUR,CREA,San Luís,Buena Esperanza,14,08/01_al_23/01,0
CENTRO SUR,CREA,San Luís,Buena Esperanza,14,24/01_al_07/02,0
CENTRO SUR,CREA,San Luís,Juan Jorba,14,3,0
CENTRO SUR,CREA,San Luís,Juan Jorba,14,08/01_al_23/01,0
CENTRO SUR,CREA,San Luís,Juan Jorba,14,24/01_al_07/02,0
CENTRO SUR,CREA,San Luís,Los molles,14,3,0
CENTRO SUR,CREA,San Luís,Los molles,14,08/01_al_23/01,0
CENTRO SUR,CREA,San Luís,Los molles,14,24/01_al_07/02,0
CENTRO SUR,CREA,San Luís,Naschel,14,3,0
CENTRO SUR,CREA,San Luís,Naschel,14,08/01_al_23/01,0
CENTRO SUR,CREA,San Luís,Naschel,14,24/01_al_07/02,0
CENTRO SUR,CREA,San Luís,San Martín,14,3,0
CENTRO SUR,CREA,San Luís,San Martín,14,08/01_al_23/01,0
CENTRO SUR,CREA,San Luís,San Martín,14,24/01_al_07/02,0
CENTRO SUR,INTA,San Luís,San Luis 1,14,3,0
CENTRO SUR,INTA,San Luís,San Luis 1,14,08/01_al_23/01,0
CENTRO SUR,INTA,San Luís,San Luis 1,14,24/01_al_07/02,Trampa perdida
CENTRO SUR,INTA,San Luís,Quines,14,3,0
CENTRO SUR,INTA,San Luís,Quines,14,08/01_al_23/01,0
CENTRO SUR,INTA,San Luís,Quines,14,24/01_al_07/02,0
CENTRO SUR,AAPPCE,Córdoba,Ana Zumaran,14,3,0
CENTRO SUR,AAPPCE,Córdoba,Ana Zumaran,14,08/01_al_23/01,0
CENTRO SUR,AAPPCE,Córdoba,Ana Zumaran,14,24/01_al_07/02,0
CENTRO SUR,AAPPCE,Córdoba,Cnel. Baigorria,14,3,0
CENTRO SUR,AAPPCE,Córdoba,Cnel. Baigorria,14,08/01_al_23/01,0
CENTRO SUR,AAPPCE,Córdoba,Cnel. Baigorria,14,24/01_al_07/02,0
CENTRO SUR,AAPPCE,Córdoba,General Roca,14,3,0
CENTRO SUR,AAPPCE,Córdoba,General Roca,14,08/01_al_23/01,0
CENTRO SUR,AAPPCE,Córdoba,General Roca,14,24/01_al_07/02,Trampa perdida
CENTRO SUR,AAPPCE,Córdoba,Gral. Cabrera,14,3,0
CENTRO SUR,AAPPCE,Córdoba,Gral. Cabrera,14,08/01_al_23/01,0
CENTRO SUR,AAPPCE,Córdoba,Gral. Cabrera,14,24/01_al_07/02,0
CENTRO SUR,AAPPCE,Córdoba,La playosa,14,3,0
CENTRO SUR,AAPPCE,Córdoba,La playosa,14,08/01_al_23/01,0
CENTRO SUR,AAPPCE,Córdoba,La playosa,14,24/01_al_07/02,0
CENTRO SUR,AAPPCE,Córdoba,Ordoñez,14,3,0
CENTRO SUR,AAPPCE,Córdoba,Ordoñez,14,08/01_al_23/01,0
CENTRO SUR,AAPPCE,Córdoba,Ordoñez,14,24/01_al_07/02,0
CENTRO SUR,AAPPCE,Córdoba,Tosquita,14,3,0
CENTRO SUR,AAPPCE,Córdoba,Tosquita,14,08/01_al_23/01,0
CENTRO SUR,AAPPCE,Córdoba,Tosquita,14,24/01_al_07/02,0
CENTRO SUR,AAPPCE,Córdoba,Arroyo Cabral,14,3,0
CENTRO SUR,AAPPCE,Córdoba,Arroyo Cabral,14,08/01_al_23/01,0
CENTRO SUR,AAPPCE,Córdoba,Arroyo Cabral,14,24/01_al_07/02,0
CENTRO SUR,AAPPCE,Córdoba,Villa María,14,3,0
CENTRO SUR,AAPPCE,Córdoba,Villa María,14,08/01_al_23/01,0
CENTRO SUR,AAPPCE,Córdoba,Villa María,14,24/01_al_07/02,Trampa perdida
CENTRO SUR,AAPRESID,Córdoba,Benjamín Gould,14,3,0
CENTRO SUR,AAPRESID,Córdoba,Benjamín Gould,14,08/01_al_23/01,0
CENTRO SUR,AAPRESID,Córdoba,Benjamín Gould,14,24/01_al_07/02,0
CENTRO SUR,AAPRESID,Córdoba,Buchardo,14,3,0
CENTRO SUR,AAPRESID,Córdoba,Buchardo,14,08/01_al_23/01,0
CENTRO SUR,AAPRESID,Córdoba,Buchardo,14,24/01_al_07/02,0
CENTRO SUR,AAPRESID,Córdoba,Coronel Moldes,14,3,0
CENTRO SUR,AAPRESID,Córdoba,Coronel Moldes,14,08/01_al_23/01,0
CENTRO SUR,AAPRESID,Córdoba,Coronel Moldes,14,24/01_al_07/02,0
CENTRO SUR,AAPRESID,Córdoba,Corral de Bustos,14,3,0
CENTRO SUR,AAPRESID,Córdoba,Corral de Bustos,14,08/01_al_23/01,0
CENTRO SUR,AAPRESID,Córdoba,Corral de Bustos,14,24/01_al_07/02,0
CENTRO SUR,AAPRESID,Córdoba,Guatimozin,14,3,0
CENTRO SUR,AAPRESID,Córdoba,Guatimozin,14,08/01_al_23/01,0
CENTRO SUR,AAPRESID,Córdoba,Guatimozin,14,24/01_al_07/02,0
CENTRO SUR,AAPRESID,Córdoba,Idiazabal,14,3,1
CENTRO SUR,AAPRESID,Córdoba,Idiazabal,14,08/01_al_23/01,Sin datos
CENTRO SUR,AAPRESID,Córdoba,Idiazabal,14,24/01_al_07/02,0
URUGUAY,INTA,Buenos Aires,Pergamino,14,3,0
URUGUAY,INTA,Buenos Aires,Pergamino,14,08/01_al_23/01,0
URUGUAY,INTA,Buenos Aires,Pergamino,14,24/01_al_07/02,0
URUGUAY,INTA,Buenos Aires,Conesa,14,3,0
URUGUAY,INTA,Buenos Aires,Conesa,14,08/01_al_23/01,0
URUGUAY,INTA,Buenos Aires,Conesa,14,24/01_al_07/02,0
URUGUAY,INTA,Buenos Aires,San antonio de Areco,14,3,0
URUGUAY,INTA,Buenos Aires,San antonio de Areco,14,08/01_al_23/01,2
URUGUAY,INTA,Buenos Aires,San antonio de Areco,14,24/01_al_07/02,1
URUGUAY,INTA,Buenos Aires,Bordenave,14,3,Sin datos
URUGUAY,INTA,Buenos Aires,Bordenave,14,08/01_al_23/01,0
URUGUAY,INTA,Buenos Aires,Bordenave,14,24/01_al_07/02,0
URUGUAY,INTA,Buenos Aires,Gral. Villegas,14,3,0
URUGUAY,INTA,Buenos Aires,Gral. Villegas,14,08/01_al_23/01,0
URUGUAY,INTA,Buenos Aires,Gral. Villegas,14,24/01_al_07/02,0
URUGUAY,INTA,Buenos Aires,Ascasubi,14,3,0
URUGUAY,INTA,Buenos Aires,Ascasubi,14,08/01_al_23/01,0
URUGUAY,INTA,Buenos Aires,Ascasubi,14,24/01_al_07/02,0
URUGUAY,INTA,Buenos Aires,Bolivar,14,3,0
URUGUAY,INTA,Buenos Aires,Bolivar,14,08/01_al_23/01,0
URUGUAY,INTA,Buenos Aires,Bolivar,14,24/01_al_07/02,0
URUGUAY,INTA,Buenos Aires,Pehuajó,14,3,0
URUGUAY,INTA,Buenos Aires,Pehuajó,14,08/01_al_23/01,0
URUGUAY,INTA,Buenos Aires,Pehuajó,14,24/01_al_07/02,0
URUGUAY,INTA,Buenos Aires,Balcarce,14,3,0
URUGUAY,INTA,Buenos Aires,Balcarce,14,08/01_al_23/01,0
URUGUAY,INTA,Buenos Aires,Balcarce,14,24/01_al_07/02,0
URUGUAY,AAPPCE,La Pampa,Macachín,14,3,0
URUGUAY,AAPPCE,La Pampa,Macachín,14,08/01_al_23/01,0
URUGUAY,AAPPCE,La Pampa,Macachín,14,24/01_al_07/02,0
URUGUAY,AAPRESID,La Pampa,Quemu Quemu,14,3,0
URUGUAY,AAPRESID,La Pampa,Quemu Quemu,14,08/01_al_23/01,Sin datos
URUGUAY,AAPRESID,La Pampa,Quemu Quemu,14,24/01_al_07/02,0
URUGUAY,CREA,La Pampa,General Pico,14,3,0
URUGUAY,CREA,La Pampa,General Pico,14,08/01_al_23/01,0
URUGUAY,CREA,La Pampa,General Pico,14,24/01_al_07/02,0
URUGUAY,CREA,La Pampa,Quemú Quemú,14,3,0
URUGUAY,CREA,La Pampa,Quemú Quemú,14,08/01_al_23/01,0
URUGUAY,CREA,La Pampa,Quemú Quemú,14,24/01_al_07/02,0
URUGUAY,CREA,La Pampa,Santa Rosa,14,3,0
URUGUAY,CREA,La Pampa,Santa Rosa,14,08/01_al_23/01,0
URUGUAY,CREA,La Pampa,Santa Rosa,14,24/01_al_07/02,0
URUGUAY,INTA,La Pampa,Anguil 1,14,3,0
URUGUAY,INTA,La Pampa,Anguil 1,14,08/01_al_23/01,0
URUGUAY,INTA,La Pampa,Anguil 1,14,24/01_al_07/02,0
URUGUAY,AGTSA,,Vergara,14,3,Sin datos
URUGUAY,AGTSA,,Vergara,14,08/01_al_23/01,Sin datos
URUGUAY,AGTSA,,Vergara,14,24/01_al_07/02,0
URUGUAY,AGTSA,,Rosario,14,3,6
URUGUAY,AGTSA,,Rosario,14,08/01_al_23/01,0
URUGUAY,AGTSA,,Rosario,14,24/01_al_07/02,0
URUGUAY,AGTSA,,Chamizo,14,3,Sin datos
URUGUAY,AGTSA,,Chamizo,14,08/01_al_23/01,0
URUGUAY,AGTSA,,Chamizo,14,24/01_al_07/02,0
URUGUAY,AGTSA,,Young,14,3,0
URUGUAY,AGTSA,,Young,14,08/01_al_23/01,2
URUGUAY,AGTSA,,Young,14,24/01_al_07/02,2
URUGUAY,AGTSA,,Mercedes,14,3,0
URUGUAY,AGTSA,,Mercedes,14,08/01_al_23/01,0
URUGUAY,AGTSA,,Mercedes,14,24/01_al_07/02,0
URUGUAY,AGTSA,,Durazno,14,3,Sin datos
URUGUAY,AGTSA,,Durazno,14,08/01_al_23/01,0
URUGUAY,AGTSA,,Durazno,14,24/01_al_07/02,0
URUGUAY,AGTSA,,Constancia,14,3,4
URUGUAY,AGTSA,,Constancia,14,08/01_al_23/01,0
URUGUAY,AGTSA,,Constancia,14,24/01_al_07/02,2
URUGUAY,AGTSA,,Young,14,3,2
URUGUAY,AGTSA,,Young,14,08/01_al_23/01,Sin datos
URUGUAY,AGTSA,,Young,14,24/01_al_07/02,0
URUGUAY,AGTSA,,Palmitas,14,3,0
URUGUAY,AGTSA,,Palmitas,14,08/01_al_23/01,0
URUGUAY,AGTSA,,Palmitas,14,24/01_al_07/02,0
URUGUAY,AGTSA,,Sanchez,14,3,0
URUGUAY,AGTSA,,Sanchez,14,08/01_al_23/01,0
URUGUAY,AGTSA,,Sanchez,14,24/01_al_07/02,1
URUGUAY,AGTSA,,Arenal Grande,14,3,Sin datos
URUGUAY,AGTSA,,Arenal Grande,14,08/01_al_23/01,0
URUGUAY,AGTSA,,Arenal Grande,14,24/01_al_07/02,0
URUGUAY,AGTSA,,Miguelete,14,3,0
URUGUAY,AGTSA,,Miguelete,14,08/01_al_23/01,0
URUGUAY,AGTSA,,Miguelete,14,24/01_al_07/02,1
URUGUAY,AGTSA,,Campana,14,3,0
URUGUAY,AGTSA,,Campana,14,08/01_al_23/01,0
URUGUAY,AGTSA,,Campana,14,24/01_al_07/02,0
NOA,AAPRESID,Jujuy,Palpala,15,3,Sin datos
NOA,AAPRESID,Jujuy,Palpala,15,24/01_al_07/02,95
NOA,AAPRESID,Jujuy,Palpala,15,08/02_al_23/02,76
NOA,CREA,Jujuy,EL Carmen,15,3,5
NOA,CREA,Jujuy,EL Carmen,15,24/01_al_07/02,3
NOA,CREA,Jujuy,EL Carmen,15,08/02_al_23/02,0
NOA,CREA,Jujuy,Fraile Pintado,15,3,9
NOA,CREA,Jujuy,Fraile Pintado,15,24/01_al_07/02,4
NOA,CREA,Jujuy,Fraile Pintado,15,08/02_al_23/02,7
NOA,CREA,Jujuy,Santa Clara,15,3,4
NOA,CREA,Jujuy,Santa Clara,15,24/01_al_07/02,2
NOA,CREA,Jujuy,Santa Clara,15,08/02_al_23/02,0
NOA,INTA,Jujuy,El Bananal,15,3,0
NOA,INTA,Jujuy,El Bananal,15,24/01_al_07/02,0
NOA,INTA,Jujuy,El Bananal,15,08/02_al_23/02,0
NOA,AAPPCE,Salta,Rio Piedras,15,3,240
NOA,AAPPCE,Salta,Rio Piedras,15,24/01_al_07/02,Sin datos
NOA,AAPPCE,Salta,Rio Piedras,15,08/02_al_23/02,112
NOA,AAPPCE,Salta,Macapillo,15,3,Sin datos
NOA,AAPPCE,Salta,Macapillo,15,24/01_al_07/02,Sin datos
NOA,AAPPCE,Salta,Macapillo,15,08/02_al_23/02,159
NOA,AAPRESID,Salta,Güemes,15,3,200
NOA,AAPRESID,Salta,Güemes,15,24/01_al_07/02,17
NOA,AAPRESID,Salta,Güemes,15,08/02_al_23/02,Trampa perdida
NOA,AAPRESID,Salta,Rivadavia,15,3,9
NOA,AAPRESID,Salta,Rivadavia,15,24/01_al_07/02,4
NOA,AAPRESID,Salta,Rivadavia,15,08/02_al_23/02,222
NOA,AAPRESID,Salta,Piquete Cabado 1,15,3,50
NOA,AAPRESID,Salta,Piquete Cabado 1,15,24/01_al_07/02,6
NOA,AAPRESID,Salta,Piquete Cabado 1,15,08/02_al_23/02,44
NOA,CREA,Salta,Antilla,15,3,32
NOA,CREA,Salta,Antilla,15,24/01_al_07/02,1
NOA,CREA,Salta,Antilla,15,08/02_al_23/02,1
NOA,CREA,Salta,Ballivián,15,3,15
NOA,CREA,Salta,Ballivián,15,24/01_al_07/02,0
NOA,CREA,Salta,Ballivián,15,08/02_al_23/02,0
NOA,CREA,Salta,Ceibalito,15,3,24
NOA,CREA,Salta,Ceibalito,15,24/01_al_07/02,23
NOA,CREA,Salta,Ceibalito,15,08/02_al_23/02,36
NOA,CREA,Salta,Chaguaral,15,3,0
NOA,CREA,Salta,Chaguaral,15,24/01_al_07/02,0
NOA,CREA,Salta,Chaguaral,15,08/02_al_23/02,0
NOA,CREA,Salta,Copo Quiles,15,3,47
NOA,CREA,Salta,Copo Quiles,15,24/01_al_07/02,0
NOA,CREA,Salta,Copo Quiles,15,08/02_al_23/02,0
NOA,CREA,Salta,El Bordo,15,3,0
NOA,CREA,Salta,El Bordo,15,24/01_al_07/02,0
NOA,CREA,Salta,El Bordo,15,08/02_al_23/02,0
NOA,CREA,Salta,El Galpón,15,3,75
NOA,CREA,Salta,El Galpón,15,24/01_al_07/02,21
NOA,CREA,Salta,El Galpón,15,08/02_al_23/02,58
NOA,CREA,Salta,El Tunal,15,3,41
NOA,CREA,Salta,El Tunal,15,24/01_al_07/02,1
NOA,CREA,Salta,El Tunal,15,08/02_al_23/02,4
NOA,CREA,Salta,Embarcación,15,3,20
NOA,CREA,Salta,Embarcación,15,24/01_al_07/02,12
NOA,CREA,Salta,Embarcación,15,08/02_al_23/02,6
NOA,CREA,Salta,Gral Pizarro,15,3,7
NOA,CREA,Salta,Gral Pizarro,15,24/01_al_07/02,0
NOA,CREA,Salta,Gral Pizarro,15,08/02_al_23/02,0
NOA,CREA,Salta,Horcones,15,3,30
NOA,CREA,Salta,Horcones,15,24/01_al_07/02,5
NOA,CREA,Salta,Horcones,15,08/02_al_23/02,Sin datos
NOA,CREA,Salta,J V Gonzales,15,3,89
NOA,CREA,Salta,J V Gonzales,15,24/01_al_07/02,0
NOA,CREA,Salta,J V Gonzales,15,08/02_al_23/02,3
NOA,CREA,Salta,Las Lajitas (este),15,3,Sin datos
NOA,CREA,Salta,Las Lajitas (este),15,24/01_al_07/02,4
NOA,CREA,Salta,Las Lajitas (este),15,08/02_al_23/02,Sin datos
NOA,CREA,Salta,Las Lajitas T3,15,3,12
NOA,CREA,Salta,Las Lajitas T3,15,24/01_al_07/02,0
NOA,CREA,Salta,Las Lajitas T3,15,08/02_al_23/02,0
NOA,CREA,Salta,Metan 1,15,3,0
NOA,CREA,Salta,Metan 1,15,24/01_al_07/02,0
NOA,CREA,Salta,Metan 1,15,08/02_al_23/02,0
NOA,CREA,Salta,Metan 2,15,3,375
NOA,CREA,Salta,Metan 2,15,24/01_al_07/02,0
NOA,CREA,Salta,Metan 2,15,08/02_al_23/02,17
NOA,CREA,Salta,Mollinedo,15,3,153
NOA,CREA,Salta,Mollinedo,15,24/01_al_07/02,8
NOA,CREA,Salta,Mollinedo,15,08/02_al_23/02,6
NOA,CREA,Salta,Mosconi,15,3,Trampa perdida
NOA,CREA,Salta,Mosconi,15,24/01_al_07/02,3
NOA,CREA,Salta,Mosconi,15,08/02_al_23/02,5
NOA,CREA,Salta,Nstra Sra de Talavera,15,3,Trampa perdida
NOA,CREA,Salta,Nstra Sra de Talavera,15,24/01_al_07/02,Trampa perdida
NOA,CREA,Salta,Nstra Sra de Talavera,15,08/02_al_23/02,0
NOA,CREA,Salta,Pichanal,15,3,Trampa perdida
NOA,CREA,Salta,Pichanal,15,24/01_al_07/02,5
NOA,CREA,Salta,Pichanal,15,08/02_al_23/02,5
NOA,CREA,Salta,Piquete Cabado 2,15,3,25
NOA,CREA,Salta,Piquete Cabado 2,15,24/01_al_07/02,6
NOA,CREA,Salta,Piquete Cabado 2,15,08/02_al_23/02,6
NOA,CREA,Salta,Rosario de la Frontera,15,3,18
NOA,CREA,Salta,Rosario de la Frontera,15,24/01_al_07/02,1
NOA,CREA,Salta,Rosario de la Frontera,15,08/02_al_23/02,Sin datos
NOA,CREA,Salta,Santo Domingo,15,3,23
NOA,CREA,Salta,Santo Domingo,15,24/01_al_07/02,4
NOA,CREA,Salta,Santo Domingo,15,08/02_al_23/02,6
NOA,CREA,Salta,Saravia,15,3,3
NOA,CREA,Salta,Saravia,15,24/01_al_07/02,Trampa perdida
NOA,CREA,Salta,Saravia,15,08/02_al_23/02,0
NEA,CREA,Santiago Del Estero,Pozo Hondo,15,3,15
NEA,CREA,Santiago Del Estero,Pozo Hondo,15,24/01_al_07/02,0
NEA,CREA,Santiago Del Estero,Pozo Hondo,15,08/02_al_23/02,1
NEA,CREA,Santiago Del Estero,San Pedro de Guasayán,15,3,49
NEA,CREA,Santiago Del Estero,San Pedro de Guasayán,15,24/01_al_07/02,5
NEA,CREA,Santiago Del Estero,San Pedro de Guasayán,15,08/02_al_23/02,10
NEA,CREA,Santiago Del Estero,Termas de Río Hondo,15,3,30
NEA,CREA,Santiago Del Estero,Termas de Río Hondo,15,24/01_al_07/02,4
NEA,CREA,Santiago Del Estero,Termas de Río Hondo,15,08/02_al_23/02,Sin datos
NEA,CREA,Santiago Del Estero,Vinará,15,3,Sin datos
NEA,CREA,Santiago Del Estero,Vinará,15,24/01_al_07/02,2
NEA,CREA,Santiago Del Estero,Vinará,15,08/02_al_23/02,2
NEA,CREA,Catamarca,El Abra,15,3,146
NEA,CREA,Catamarca,El Abra,15,24/01_al_07/02,2
NEA,CREA,Catamarca,El Abra,15,08/02_al_23/02,8
NEA,CREA,Catamarca,Los Altos,15,3,0
NEA,CREA,Catamarca,Los Altos,15,24/01_al_07/02,2
NEA,CREA,Catamarca,Los Altos,15,08/02_al_23/02,3
NEA,CREA,Formosa,Las Lomitas,15,3,Sin datos
NEA,CREA,Formosa,Las Lomitas,15,24/01_al_07/02,0
NEA,CREA,Formosa,Las Lomitas,15,08/02_al_23/02,0
NEA,CREA,Formosa,Perin,15,3,Sin datos
NEA,CREA,Formosa,Perin,15,24/01_al_07/02,3
NEA,CREA,Formosa,Perin,15,08/02_al_23/02,2
NEA,INTA,Formosa,El colorado,15,3,6
NEA,INTA,Formosa,El colorado,15,24/01_al_07/02,15
NEA,INTA,Formosa,El colorado,15,08/02_al_23/02,0
NEA,INTA,Formosa,Comandante Fontana,15,3,0
NEA,INTA,Formosa,Comandante Fontana,15,24/01_al_07/02,0
NEA,INTA,Formosa,Comandante Fontana,15,08/02_al_23/02,Trampa perdida
NEA,AAPRESID,Chaco,Tres Isletas,15,3,9
NEA,AAPRESID,Chaco,Tres Isletas,15,24/01_al_07/02,10
NEA,AAPRESID,Chaco,Tres Isletas,15,08/02_al_23/02,Sin datos
NEA,AAPRESID,Chaco,Pampa del Infierno,15,3,0
NEA,AAPRESID,Chaco,Pampa del Infierno,15,24/01_al_07/02,2
NEA,AAPRESID,Chaco,Pampa del Infierno,15,08/02_al_23/02,11
NEA,AAPRESID,Chaco,Concepción del Bermejo,15,3,19
NEA,AAPRESID,Chaco,Concepción del Bermejo,15,24/01_al_07/02,0
NEA,AAPRESID,Chaco,Concepción del Bermejo,15,08/02_al_23/02,6
NEA,AAPRESID,Chaco,Don Luciano (C. del Bermejo),15,3,5
NEA,AAPRESID,Chaco,Don Luciano (C. del Bermejo),15,24/01_al_07/02,4
NEA,AAPRESID,Chaco,Don Luciano (C. del Bermejo),15,08/02_al_23/02,6
NEA,AAPRESID,Chaco,Las Piedritas,15,3,0
NEA,AAPRESID,Chaco,Las Piedritas,15,24/01_al_07/02,0
NEA,AAPRESID,Chaco,Las Piedritas,15,08/02_al_23/02,0
NEA,CREA,Chaco,Los Frentones,15,3,4
NEA,CREA,Chaco,Los Frentones,15,24/01_al_07/02,1
NEA,CREA,Chaco,Los Frentones,15,08/02_al_23/02,0
NEA,CREA,Chaco,Juan José Castelli,15,3,32
NEA,CREA,Chaco,Juan José Castelli,15,24/01_al_07/02,1
NEA,CREA,Chaco,Juan José Castelli,15,08/02_al_23/02,5
NEA,CREA,Chaco,El Timbo Pampa,15,3,19
NEA,CREA,Chaco,El Timbo Pampa,15,24/01_al_07/02,3
NEA,CREA,Chaco,El Timbo Pampa,15,08/02_al_23/02,4
NEA,CREA,Chaco,El Tocon Bermejo,15,3,0
NEA,CREA,Chaco,El Tocon Bermejo,15,24/01_al_07/02,4
NEA,CREA,Chaco,El Tocon Bermejo,15,08/02_al_23/02,0
NEA,CREA,Chaco,Las Breñas,15,3,0
NEA,CREA,Chaco,Las Breñas,15,24/01_al_07/02,0
NEA,CREA,Chaco,Las Breñas,15,08/02_al_23/02,1
NEA,CREA,Chaco,Santa Teresa Capdevilla,15,3,45
NEA,CREA,Chaco,Santa Teresa Capdevilla,15,24/01_al_07/02,9
NEA,CREA,Chaco,Santa Teresa Capdevilla,15,08/02_al_23/02,12
NEA,CREA,Chaco,Pampa Cejas,15,3,1
NEA,CREA,Chaco,Pampa Cejas,15,24/01_al_07/02,1
NEA,CREA,Chaco,Pampa Cejas,15,08/02_al_23/02,0
NEA,CREA,Chaco,3 Retoños,15,3,Sin datos
NEA,CREA,Chaco,3 Retoños,15,24/01_al_07/02,4
NEA,CREA,Chaco,3 Retoños,15,08/02_al_23/02,4
NEA,CREA,Chaco,Quitilipi,15,3,Sin datos
NEA,CREA,Chaco,Quitilipi,15,24/01_al_07/02,0
NEA,CREA,Chaco,Quitilipi,15,08/02_al_23/02,0
NEA,CREA,Chaco,Pampa del Infierno,15,3,Sin datos
NEA,CREA,Chaco,Pampa del Infierno,15,24/01_al_07/02,Sin datos
NEA,CREA,Chaco,Pampa del Infierno,15,08/02_al_23/02,11
NEA,CREA,Chaco,PampaToloza,15,3,Sin datos
NEA,CREA,Chaco,PampaToloza,15,24/01_al_07/02,Sin datos
NEA,CREA,Chaco,PampaToloza,15,08/02_al_23/02,Sin datos
NEA,CREA,Chaco,Kempe,15,3,0
NEA,CREA,Chaco,Kempe,15,24/01_al_07/02,0
NEA,CREA,Chaco,Kempe,15,08/02_al_23/02,0
NEA,INTA,Chaco,Gancedo,15,3,Sin datos
NEA,INTA,Chaco,Gancedo,15,24/01_al_07/02,Sin datos
NEA,INTA,Chaco,Gancedo,15,08/02_al_23/02,Sin datos
LITORAL,INTA,Santiago Del Estero,Pampa de los Guanacos,15,3,24
LITORAL,INTA,Santiago Del Estero,Pampa de los Guanacos,15,24/01_al_07/02,1
LITORAL,INTA,Santiago Del Estero,Pampa de los Guanacos,15,08/02_al_23/02,38
LITORAL,AAPPCE,Santa Fe,Villa Minetti,15,3,4
LITORAL,AAPPCE,Santa Fe,Villa Minetti,15,24/01_al_07/02,0
LITORAL,AAPPCE,Santa Fe,Villa Minetti,15,08/02_al_23/02,4
LITORAL,AAPRESID,Santa Fe,Logroño,15,3,Sin datos
LITORAL,AAPRESID,Santa Fe,Logroño,15,24/01_al_07/02,Sin datos
LITORAL,AAPRESID,Santa Fe,Logroño,15,08/02_al_23/02,Sin datos
LITORAL,AAPRESID,Santa Fe,Villa Minetti,15,3,Sin datos
LITORAL,AAPRESID,Santa Fe,Villa Minetti,15,24/01_al_07/02,4
LITORAL,AAPRESID,Santa Fe,Villa Minetti,15,08/02_al_23/02,0
LITORAL,CREA,Santa Fe,La Pelada,15,3,Trampa perdida
LITORAL,CREA,Santa Fe,La Pelada,15,24/01_al_07/02,24
LITORAL,CREA,Santa Fe,La Pelada,15,08/02_al_23/02,39
LITORAL,CREA,Santa Fe,Juamarita,15,3,Sin datos
LITORAL,CREA,Santa Fe,Juamarita,15,24/01_al_07/02,Sin datos
LITORAL,CREA,Santa Fe,Juamarita,15,08/02_al_23/02,Sin datos
LITORAL,CREA,Santa Fe,Ambrosetti,15,3,Sin datos
LITORAL,CREA,Santa Fe,Ambrosetti,15,24/01_al_07/02,174
LITORAL,CREA,Santa Fe,Ambrosetti,15,08/02_al_23/02,26
LITORAL,CREA,Santa Fe,Arroyo Ceibal,15,3,7
LITORAL,CREA,Santa Fe,Arroyo Ceibal,15,24/01_al_07/02,2
LITORAL,CREA,Santa Fe,Arroyo Ceibal,15,08/02_al_23/02,6
LITORAL,CREA,Santa Fe,Hersilia,15,3,2
LITORAL,CREA,Santa Fe,Hersilia,15,24/01_al_07/02,36
LITORAL,CREA,Santa Fe,Hersilia,15,08/02_al_23/02,1
LITORAL,CREA,Santa Fe,La Penca y Caraguatá,15,3,161
LITORAL,CREA,Santa Fe,La Penca y Caraguatá,15,24/01_al_07/02,2
LITORAL,CREA,Santa Fe,La Penca y Caraguatá,15,08/02_al_23/02,166
LITORAL,CREA,Santa Fe,Ramayón,15,3,35
LITORAL,CREA,Santa Fe,Ramayón,15,24/01_al_07/02,32
LITORAL,CREA,Santa Fe,Ramayón,15,08/02_al_23/02,2
LITORAL,CREA,Santa Fe,Alejandra,15,3,31
LITORAL,CREA,Santa Fe,Alejandra,15,24/01_al_07/02,2
LITORAL,CREA,Santa Fe,Alejandra,15,08/02_al_23/02,27
LITORAL,CREA,Santa Fe,Margarita,15,3,56
LITORAL,CREA,Santa Fe,Margarita,15,24/01_al_07/02,0
LITORAL,CREA,Santa Fe,Margarita,15,08/02_al_23/02,52
LITORAL,CREA,Santa Fe,Vera y Pintado,15,3,47
LITORAL,CREA,Santa Fe,Vera y Pintado,15,24/01_al_07/02,0
LITORAL,CREA,Santa Fe,Vera y Pintado,15,08/02_al_23/02,5
LITORAL,CREA,Santa Fe,Emilia,15,3,88
LITORAL,CREA,Santa Fe,Emilia,15,24/01_al_07/02,Sin datos
LITORAL,CREA,Santa Fe,Emilia,15,08/02_al_23/02,Sin datos
LITORAL,CREA,Santa Fe,La María,15,3,31
LITORAL,CREA,Santa Fe,La María,15,24/01_al_07/02,2
LITORAL,CREA,Santa Fe,La María,15,08/02_al_23/02,27
LITORAL,CREA,Santa Fe,La Osca,15,3,37
LITORAL,CREA,Santa Fe,La Osca,15,24/01_al_07/02,1
LITORAL,CREA,Santa Fe,La Osca,15,08/02_al_23/02,2
LITORAL,CREA,Santa Fe,Llambí Campbell,15,3,3
LITORAL,CREA,Santa Fe,Llambí Campbell,15,24/01_al_07/02,2
LITORAL,CREA,Santa Fe,Llambí Campbell,15,08/02_al_23/02,0
LITORAL,CREA,Santa Fe,Malabrigo,15,3,49
LITORAL,CREA,Santa Fe,Malabrigo,15,24/01_al_07/02,25
LITORAL,CREA,Santa Fe,Malabrigo,15,08/02_al_23/02,13
LITORAL,CREA,Santa Fe,Soledad,15,3,3
LITORAL,CREA,Santa Fe,Soledad,15,24/01_al_07/02,1
LITORAL,CREA,Santa Fe,Soledad,15,08/02_al_23/02,0
LITORAL,CREA,Santa Fe,Villa Saralegui,15,3,5
LITORAL,CREA,Santa Fe,Villa Saralegui,15,24/01_al_07/02,4
LITORAL,CREA,Santa Fe,Villa Saralegui,15,08/02_al_23/02,1
LITORAL,INTA,Santa Fe,Reconquista,15,3,588
LITORAL,INTA,Santa Fe,Reconquista,15,24/01_al_07/02,152
LITORAL,INTA,Santa Fe,Reconquista,15,08/02_al_23/02,109
LITORAL,INTA,Santa Fe,Calchaquí,15,3,22
LITORAL,INTA,Santa Fe,Calchaquí,15,24/01_al_07/02,0
LITORAL,INTA,Santa Fe,Calchaquí,15,08/02_al_23/02,21
LITORAL,INTA,Santa Fe,Logroño,15,3,44
LITORAL,INTA,Santa Fe,Logroño,15,24/01_al_07/02,1
LITORAL,INTA,Santa Fe,Logroño,15,08/02_al_23/02,18
LITORAL,INTA,Santa Fe,San Javier,15,3,284
LITORAL,INTA,Santa Fe,San Javier,15,24/01_al_07/02,18
LITORAL,INTA,Santa Fe,San Javier,15,08/02_al_23/02,431
LITORAL,INTA,Santa Fe,La sarita,15,3,Sin datos
LITORAL,INTA,Santa Fe,La sarita,15,24/01_al_07/02,0
LITORAL,INTA,Santa Fe,La sarita,15,08/02_al_23/02,Sin datos
LITORAL,AAPRESID,Corrientes,Mercedes,15,3,2
LITORAL,AAPRESID,Corrientes,Mercedes,15,24/01_al_07/02,7
LITORAL,AAPRESID,Corrientes,Mercedes,15,08/02_al_23/02,1
LITORAL,AAPRESID,Corrientes,Ambrosio,15,3,2
LITORAL,AAPRESID,Corrientes,Ambrosio,15,24/01_al_07/02,2
LITORAL,AAPRESID,Corrientes,Ambrosio,15,08/02_al_23/02,3
LITORAL,AAPRESID,Corrientes,Corrientes,15,3,19
LITORAL,AAPRESID,Corrientes,Corrientes,15,24/01_al_07/02,17
LITORAL,AAPRESID,Corrientes,Corrientes,15,08/02_al_23/02,18
CENTRO NORTE,AAPRESID,San Luis,La Toma,15,3,0
CENTRO NORTE,AAPRESID,San Luis,La Toma,15,24/01_al_07/02,0
CENTRO NORTE,AAPRESID,San Luis,La Toma,15,08/02_al_23/02,0
CENTRO NORTE,AAPPCE,Córdoba,Corralito,15,3,9
CENTRO NORTE,AAPPCE,Córdoba,Corralito,15,24/01_al_07/02,0
CENTRO NORTE,AAPPCE,Córdoba,Corralito,15,08/02_al_23/02,2
CENTRO NORTE,AAPPCE,Córdoba,Freyre,15,3,13
CENTRO NORTE,AAPPCE,Córdoba,Freyre,15,24/01_al_07/02,0
CENTRO NORTE,AAPPCE,Córdoba,Freyre,15,08/02_al_23/02,2
CENTRO NORTE,AAPPCE,Córdoba,Morteros,15,3,4
CENTRO NORTE,AAPPCE,Córdoba,Morteros,15,24/01_al_07/02,3
CENTRO NORTE,AAPPCE,Córdoba,Morteros,15,08/02_al_23/02,0
CENTRO NORTE,AAPPCE,Córdoba,Rayo Cortado,15,3,4
CENTRO NORTE,AAPPCE,Córdoba,Rayo Cortado,15,24/01_al_07/02,2
CENTRO NORTE,AAPPCE,Córdoba,Rayo Cortado,15,08/02_al_23/02,3
CENTRO NORTE,AAPPCE,Córdoba,Jesús María,15,3,0
CENTRO NORTE,AAPPCE,Córdoba,Jesús María,15,24/01_al_07/02,0
CENTRO NORTE,AAPPCE,Córdoba,Jesús María,15,08/02_al_23/02,Sin datos
CENTRO NORTE,AAPPCE,Córdoba,El Fortín,15,3,2
CENTRO NORTE,AAPPCE,Córdoba,El Fortín,15,24/01_al_07/02,0
CENTRO NORTE,AAPPCE,Córdoba,El Fortín,15,08/02_al_23/02,0
CENTRO NORTE,AAPPCE,Córdoba,Río Ceballos,15,3,0
CENTRO NORTE,AAPPCE,Córdoba,Río Ceballos,15,24/01_al_07/02,0
CENTRO NORTE,AAPPCE,Córdoba,Río Ceballos,15,08/02_al_23/02,Sin datos
CENTRO NORTE,AAPRESID,Córdoba,Villa María,15,3,Sin datos
CENTRO NORTE,AAPRESID,Córdoba,Villa María,15,24/01_al_07/02,0
CENTRO NORTE,AAPRESID,Córdoba,Villa María,15,08/02_al_23/02,0
CENTRO NORTE,AAPRESID,Córdoba,Cañada de Luque,15,3,1
CENTRO NORTE,AAPRESID,Córdoba,Cañada de Luque,15,24/01_al_07/02,0
CENTRO NORTE,AAPRESID,Córdoba,Cañada de Luque,15,08/02_al_23/02,1
CENTRO NORTE,AAPRESID,Córdoba,Capilla de Sitón,15,3,1
CENTRO NORTE,AAPRESID,Córdoba,Capilla de Sitón,15,24/01_al_07/02,Trampa perdida
CENTRO NORTE,AAPRESID,Córdoba,Capilla de Sitón,15,08/02_al_23/02,0
CENTRO NORTE,AAPRESID,Córdoba,Carrilobo,15,3,Sin datos
CENTRO NORTE,AAPRESID,Córdoba,Carrilobo,15,24/01_al_07/02,0
CENTRO NORTE,AAPRESID,Córdoba,Carrilobo,15,08/02_al_23/02,Sin datos
CENTRO NORTE,AAPRESID,Córdoba,Devoto,15,3,3
CENTRO NORTE,AAPRESID,Córdoba,Devoto,15,24/01_al_07/02,0
CENTRO NORTE,AAPRESID,Córdoba,Devoto,15,08/02_al_23/02,0
CENTRO NORTE,AAPRESID,Córdoba,Eufrasio Loza,15,3,5
CENTRO NORTE,AAPRESID,Córdoba,Eufrasio Loza,15,24/01_al_07/02,0
CENTRO NORTE,AAPRESID,Córdoba,Eufrasio Loza,15,08/02_al_23/02,0
CENTRO NORTE,AAPRESID,Córdoba,Laguna Larga,15,3,1
CENTRO NORTE,AAPRESID,Córdoba,Laguna Larga,15,24/01_al_07/02,0
CENTRO NORTE,AAPRESID,Córdoba,Laguna Larga,15,08/02_al_23/02,0
CENTRO NORTE,AAPRESID,Córdoba,Las Bajadas,15,3,0
CENTRO NORTE,AAPRESID,Córdoba,Las Bajadas,15,24/01_al_07/02,0
CENTRO NORTE,AAPRESID,Córdoba,Las Bajadas,15,08/02_al_23/02,1
CENTRO NORTE,AAPRESID,Córdoba,Monte del Rosario,15,3,41
CENTRO NORTE,AAPRESID,Córdoba,Monte del Rosario,15,24/01_al_07/02,7
CENTRO NORTE,AAPRESID,Córdoba,Monte del Rosario,15,08/02_al_23/02,38
CENTRO NORTE,AAPRESID,Córdoba,Montecristo,15,3,14
CENTRO NORTE,AAPRESID,Córdoba,Montecristo,15,24/01_al_07/02,1
CENTRO NORTE,AAPRESID,Córdoba,Montecristo,15,08/02_al_23/02,2
CENTRO NORTE,AAPRESID,Córdoba,Obispo trejo,15,3,0
CENTRO NORTE,AAPRESID,Córdoba,Obispo trejo,15,24/01_al_07/02,0
CENTRO NORTE,AAPRESID,Córdoba,Obispo trejo,15,08/02_al_23/02,0
CENTRO NORTE,AAPRESID,Córdoba,Río Segundo- T1,15,3,6
CENTRO NORTE,AAPRESID,Córdoba,Río Segundo- T1,15,24/01_al_07/02,2
CENTRO NORTE,AAPRESID,Córdoba,Río Segundo- T1,15,08/02_al_23/02,1
CENTRO NORTE,AAPRESID,Córdoba,San Francisco,15,3,0
CENTRO NORTE,AAPRESID,Córdoba,San Francisco,15,24/01_al_07/02,0
CENTRO NORTE,AAPRESID,Córdoba,San Francisco,15,08/02_al_23/02,Sin datos
CENTRO NORTE,AAPRESID,Córdoba,Santa Catalina,15,3,0
CENTRO NORTE,AAPRESID,Córdoba,Santa Catalina,15,24/01_al_07/02,1
CENTRO NORTE,AAPRESID,Córdoba,Santa Catalina,15,08/02_al_23/02,0
CENTRO NORTE,AAPRESID,Córdoba,Tancacha,15,3,0
CENTRO NORTE,AAPRESID,Córdoba,Tancacha,15,24/01_al_07/02,0
CENTRO NORTE,AAPRESID,Córdoba,Tancacha,15,08/02_al_23/02,0
CENTRO NORTE,AAPRESID,Córdoba,Villa de María,15,3,10
CENTRO NORTE,AAPRESID,Córdoba,Villa de María,15,24/01_al_07/02,0
CENTRO NORTE,AAPRESID,Córdoba,Villa de María,15,08/02_al_23/02,Sin datos
CENTRO NORTE,AAPRESID,Córdoba,Arroyito,15,3,1
CENTRO NORTE,AAPRESID,Córdoba,Arroyito,15,24/01_al_07/02,0
CENTRO NORTE,AAPRESID,Córdoba,Arroyito,15,08/02_al_23/02,0
CENTRO NORTE,AAPRESID,Córdoba,Villa Sta. Rosa,15,3,8
CENTRO NORTE,AAPRESID,Córdoba,Villa Sta. Rosa,15,24/01_al_07/02,2
CENTRO NORTE,AAPRESID,Córdoba,Villa Sta. Rosa,15,08/02_al_23/02,2
CENTRO NORTE,AAPRESID,Córdoba,Hernando,15,3,0
CENTRO NORTE,AAPRESID,Córdoba,Hernando,15,24/01_al_07/02,Sin datos
CENTRO NORTE,AAPRESID,Córdoba,Hernando,15,08/02_al_23/02,Sin datos
CENTRO NORTE,CREA,Córdoba,Piquillín,15,3,Sin datos
CENTRO NORTE,CREA,Córdoba,Piquillín,15,24/01_al_07/02,0
CENTRO NORTE,CREA,Córdoba,Piquillín,15,08/02_al_23/02,0
CENTRO NORTE,CREA,Córdoba,Las Chilcas,15,3,0
CENTRO NORTE,CREA,Córdoba,Las Chilcas,15,24/01_al_07/02,0
CENTRO NORTE,CREA,Córdoba,Las Chilcas,15,08/02_al_23/02,2
CENTRO NORTE,CREA,Córdoba,Sebastián el Cano,15,3,Sin datos
CENTRO NORTE,CREA,Córdoba,Sebastián el Cano,15,24/01_al_07/02,3
CENTRO NORTE,CREA,Córdoba,Sebastián el Cano,15,08/02_al_23/02,5
CENTRO NORTE,CREA,Córdoba,El Tío,15,3,Sin datos
CENTRO NORTE,CREA,Córdoba,El Tío,15,24/01_al_07/02,0
CENTRO NORTE,CREA,Córdoba,El Tío,15,08/02_al_23/02,0
CENTRO NORTE,CREA,Córdoba,Colonia Tirolesa,15,3,0
CENTRO NORTE,CREA,Córdoba,Colonia Tirolesa,15,24/01_al_07/02,0
CENTRO NORTE,CREA,Córdoba,Colonia Tirolesa,15,08/02_al_23/02,2
CENTRO SUR,INTA,Santa Fe,Rafaela,15,3,106
CENTRO SUR,INTA,Santa Fe,Rafaela,15,24/01_al_07/02,27
CENTRO SUR,INTA,Santa Fe,Rafaela,15,08/02_al_23/02,27
CENTRO SUR,INTA,Santa Fe,Ceres,15,3,7
CENTRO SUR,INTA,Santa Fe,Ceres,15,24/01_al_07/02,2
CENTRO SUR,INTA,Santa Fe,Ceres,15,08/02_al_23/02,6
CENTRO SUR,INTA,Santa Fe,San Justo,15,3,32
CENTRO SUR,INTA,Santa Fe,San Justo,15,24/01_al_07/02,14
CENTRO SUR,INTA,Santa Fe,San Justo,15,08/02_al_23/02,13
CENTRO SUR,AAPRESID,San Luís,La Angelina,15,3,0
CENTRO SUR,AAPRESID,San Luís,La Angelina,15,24/01_al_07/02,0
CENTRO SUR,AAPRESID,San Luís,La Angelina,15,08/02_al_23/02,0
CENTRO SUR,AAPRESID,San Luís,Nueva Galia,15,3,0
CENTRO SUR,AAPRESID,San Luís,Nueva Galia,15,24/01_al_07/02,0
CENTRO SUR,AAPRESID,San Luís,Nueva Galia,15,08/02_al_23/02,0
CENTRO SUR,CREA,San Luís,Buena Esperanza,15,3,0
CENTRO SUR,CREA,San Luís,Buena Esperanza,15,24/01_al_07/02,0
CENTRO SUR,CREA,San Luís,Buena Esperanza,15,08/02_al_23/02,0
CENTRO SUR,CREA,San Luís,Juan Jorba,15,3,0
CENTRO SUR,CREA,San Luís,Juan Jorba,15,24/01_al_07/02,0
CENTRO SUR,CREA,San Luís,Juan Jorba,15,08/02_al_23/02,0
CENTRO SUR,CREA,San Luís,Los molles,15,3,0
CENTRO SUR,CREA,San Luís,Los molles,15,24/01_al_07/02,0
CENTRO SUR,CREA,San Luís,Los molles,15,08/02_al_23/02,0
CENTRO SUR,CREA,San Luís,Naschel,15,3,3
CENTRO SUR,CREA,San Luís,Naschel,15,24/01_al_07/02,0
CENTRO SUR,CREA,San Luís,Naschel,15,08/02_al_23/02,0
CENTRO SUR,CREA,San Luís,San Martín,15,3,0
CENTRO SUR,CREA,San Luís,San Martín,15,24/01_al_07/02,0
CENTRO SUR,CREA,San Luís,San Martín,15,08/02_al_23/02,0
CENTRO SUR,INTA,San Luís,San Luis 1,15,3,0
CENTRO SUR,INTA,San Luís,San Luis 1,15,24/01_al_07/02,Trampa perdida
CENTRO SUR,INTA,San Luís,San Luis 1,15,08/02_al_23/02,0
CENTRO SUR,INTA,San Luís,Quines,15,3,5
CENTRO SUR,INTA,San Luís,Quines,15,24/01_al_07/02,0
CENTRO SUR,INTA,San Luís,Quines,15,08/02_al_23/02,0
CENTRO SUR,AAPPCE,Córdoba,Ana Zumaran,15,3,6
CENTRO SUR,AAPPCE,Córdoba,Ana Zumaran,15,24/01_al_07/02,0
CENTRO SUR,AAPPCE,Córdoba,Ana Zumaran,15,08/02_al_23/02,0
CENTRO SUR,AAPPCE,Córdoba,Cnel. Baigorria,15,3,0
CENTRO SUR,AAPPCE,Córdoba,Cnel. Baigorria,15,24/01_al_07/02,0
CENTRO SUR,AAPPCE,Córdoba,Cnel. Baigorria,15,08/02_al_23/02,0
CENTRO SUR,AAPPCE,Córdoba,General Roca,15,3,0
CENTRO SUR,AAPPCE,Córdoba,General Roca,15,24/01_al_07/02,Trampa perdida
CENTRO SUR,AAPPCE,Córdoba,General Roca,15,08/02_al_23/02,0
CENTRO SUR,AAPPCE,Córdoba,Gral. Cabrera,15,3,0
CENTRO SUR,AAPPCE,Córdoba,Gral. Cabrera,15,24/01_al_07/02,0
CENTRO SUR,AAPPCE,Córdoba,Gral. Cabrera,15,08/02_al_23/02,0
CENTRO SUR,AAPPCE,Córdoba,La playosa,15,3,12
CENTRO SUR,AAPPCE,Córdoba,La playosa,15,24/01_al_07/02,0
CENTRO SUR,AAPPCE,Córdoba,La playosa,15,08/02_al_23/02,0
CENTRO SUR,AAPPCE,Córdoba,Ordoñez,15,3,0
CENTRO SUR,AAPPCE,Córdoba,Ordoñez,15,24/01_al_07/02,0
CENTRO SUR,AAPPCE,Córdoba,Ordoñez,15,08/02_al_23/02,0
CENTRO SUR,AAPPCE,Córdoba,Tosquita,15,3,0
CENTRO SUR,AAPPCE,Córdoba,Tosquita,15,24/01_al_07/02,0
CENTRO SUR,AAPPCE,Córdoba,Tosquita,15,08/02_al_23/02,0
CENTRO SUR,AAPPCE,Córdoba,Arroyo Cabral,15,3,9
CENTRO SUR,AAPPCE,Córdoba,Arroyo Cabral,15,24/01_al_07/02,0
CENTRO SUR,AAPPCE,Córdoba,Arroyo Cabral,15,08/02_al_23/02,0
CENTRO SUR,AAPPCE,Córdoba,Villa María,15,3,18
CENTRO SUR,AAPPCE,Córdoba,Villa María,15,24/01_al_07/02,Trampa perdida
CENTRO SUR,AAPPCE,Córdoba,Villa María,15,08/02_al_23/02,0
CENTRO SUR,AAPRESID,Córdoba,Benjamín Gould,15,3,0
CENTRO SUR,AAPRESID,Córdoba,Benjamín Gould,15,24/01_al_07/02,0
CENTRO SUR,AAPRESID,Córdoba,Benjamín Gould,15,08/02_al_23/02,0
CENTRO SUR,AAPRESID,Córdoba,Buchardo,15,3,0
CENTRO SUR,AAPRESID,Córdoba,Buchardo,15,24/01_al_07/02,0
CENTRO SUR,AAPRESID,Córdoba,Buchardo,15,08/02_al_23/02,0
CENTRO SUR,AAPRESID,Córdoba,Coronel Moldes,15,3,0
CENTRO SUR,AAPRESID,Córdoba,Coronel Moldes,15,24/01_al_07/02,0
CENTRO SUR,AAPRESID,Córdoba,Coronel Moldes,15,08/02_al_23/02,0
CENTRO SUR,AAPRESID,Córdoba,Corral de Bustos,15,3,0
CENTRO SUR,AAPRESID,Córdoba,Corral de Bustos,15,24/01_al_07/02,0
CENTRO SUR,AAPRESID,Córdoba,Corral de Bustos,15,08/02_al_23/02,0
CENTRO SUR,AAPRESID,Córdoba,Guatimozin,15,3,0
CENTRO SUR,AAPRESID,Córdoba,Guatimozin,15,24/01_al_07/02,0
CENTRO SUR,AAPRESID,Córdoba,Guatimozin,15,08/02_al_23/02,0
CENTRO SUR,AAPRESID,Córdoba,Idiazabal,15,3,1
CENTRO SUR,AAPRESID,Córdoba,Idiazabal,15,24/01_al_07/02,0
CENTRO SUR,AAPRESID,Córdoba,Idiazabal,15,08/02_al_23/02,1
CENTRO SUR,AAPRESID,Córdoba,Lecueder,15,3,0
CENTRO SUR,AAPRESID,Córdoba,Lecueder,15,24/01_al_07/02,0
CENTRO SUR,AAPRESID,Córdoba,Lecueder,15,08/02_al_23/02,0
CENTRO SUR,AAPRESID,Córdoba,Villa Valeria,15,3,0
CENTRO SUR,AAPRESID,Córdoba,Villa Valeria,15,24/01_al_07/02,0
CENTRO SUR,AAPRESID,Córdoba,Villa Valeria,15,08/02_al_23/02,0
CENTRO SUR,AGTSA,,Vergara,16,08/02_al_23/02,Sin datos
CENTRO SUR,AGTSA,,Vergara,16,24/02_al_13/03,Sin datos
CENTRO SUR,AGTSA,,Rosario,16,08/02_al_23/02,6
CENTRO SUR,AGTSA,,Rosario,16,24/02_al_13/03,6
CENTRO SUR,AGTSA,,Chamizo,16,08/02_al_23/02,Sin datos
CENTRO SUR,AGTSA,,Chamizo,16,24/02_al_13/03,1
CENTRO SUR,AGTSA,,Young,16,08/02_al_23/02,0
CENTRO SUR,AGTSA,,Young,16,24/02_al_13/03,Sin datos
CENTRO SUR,AGTSA,,Mercedes,16,08/02_al_23/02,0
CENTRO SUR,AGTSA,,Mercedes,16,24/02_al_13/03,0
CENTRO SUR,AGTSA,,Durazno,16,08/02_al_23/02,Sin datos
CENTRO SUR,AGTSA,,Durazno,16,24/02_al_13/03,Sin datos
CENTRO SUR,AGTSA,,Constancia,16,08/02_al_23/02,4
CENTRO SUR,AGTSA,,Constancia,16,24/02_al_13/03,0
CENTRO SUR,AGTSA,,Young,16,08/02_al_23/02,2
CENTRO SUR,AGTSA,,Young,16,24/02_al_13/03,Sin datos
CENTRO SUR,AGTSA,,Palmitas,16,08/02_al_23/02,0
CENTRO SUR,AGTSA,,Palmitas,16,24/02_al_13/03,1
CENTRO SUR,AGTSA,,Sanchez,16,08/02_al_23/02,0
CENTRO SUR,AGTSA,,Sanchez,16,24/02_al_13/03,Sin datos
NOA,AAPRESID,Jujuy,Palpala,16,3,123
NOA,AAPRESID,Jujuy,Palpala,16,08/02_al_23/02,76
NOA,AAPRESID,Jujuy,Palpala,16,24/02_al_13/03,Sin datos
NOA,CREA,Jujuy,EL Carmen,16,3,1
NOA,CREA,Jujuy,EL Carmen,16,08/02_al_23/02,0
NOA,CREA,Jujuy,EL Carmen,16,24/02_al_13/03,5
NOA,CREA,Jujuy,Fraile Pintado,16,3,10
NOA,CREA,Jujuy,Fraile Pintado,16,08/02_al_23/02,7
NOA,CREA,Jujuy,Fraile Pintado,16,24/02_al_13/03,9
NOA,CREA,Jujuy,Santa Clara,16,3,1
NOA,CREA,Jujuy,Santa Clara,16,08/02_al_23/02,0
NOA,CREA,Jujuy,Santa Clara,16,24/02_al_13/03,4
NOA,INTA,Jujuy,El Bananal,16,3,21
NOA,INTA,Jujuy,El Bananal,16,08/02_al_23/02,0
NOA,INTA,Jujuy,El Bananal,16,24/02_al_13/03,0
NOA,AAPPCE,Salta,Rio Piedras,16,3,Sin datos
NOA,AAPPCE,Salta,Rio Piedras,16,08/02_al_23/02,112
NOA,AAPPCE,Salta,Rio Piedras,16,24/02_al_13/03,240
NOA,AAPPCE,Salta,Macapillo,16,3,Sin datos
NOA,AAPPCE,Salta,Macapillo,16,08/02_al_23/02,159
NOA,AAPPCE,Salta,Macapillo,16,24/02_al_13/03,Sin datos
NOA,AAPRESID,Salta,Güemes,16,3,285
NOA,AAPRESID,Salta,Güemes,16,08/02_al_23/02,Trampa perdida
NOA,AAPRESID,Salta,Güemes,16,24/02_al_13/03,200
NOA,AAPRESID,Salta,Rivadavia,16,3,40
NOA,AAPRESID,Salta,Rivadavia,16,08/02_al_23/02,222
NOA,AAPRESID,Salta,Rivadavia,16,24/02_al_13/03,9
NOA,AAPRESID,Salta,Piquete Cabado 1,16,3,248
NOA,AAPRESID,Salta,Piquete Cabado 1,16,08/02_al_23/02,44
NOA,AAPRESID,Salta,Piquete Cabado 1,16,24/02_al_13/03,50
NOA,CREA,Salta,Antilla,16,3,52
NOA,CREA,Salta,Antilla,16,08/02_al_23/02,1
NOA,CREA,Salta,Antilla,16,24/02_al_13/03,32
NOA,CREA,Salta,Ballivián,16,3,22
NOA,CREA,Salta,Ballivián,16,08/02_al_23/02,0
NOA,CREA,Salta,Ballivián,16,24/02_al_13/03,15
NOA,CREA,Salta,Ceibalito,16,3,Sin datos
NOA,CREA,Salta,Ceibalito,16,08/02_al_23/02,36
NOA,CREA,Salta,Ceibalito,16,24/02_al_13/03,24
NOA,CREA,Salta,Chaguaral,16,3,0
NOA,CREA,Salta,Chaguaral,16,08/02_al_23/02,0
NOA,CREA,Salta,Chaguaral,16,24/02_al_13/03,0
NOA,CREA,Salta,Copo Quiles,16,3,72
NOA,CREA,Salta,Copo Quiles,16,08/02_al_23/02,0
NOA,CREA,Salta,Copo Quiles,16,24/02_al_13/03,47
NOA,CREA,Salta,El Bordo,16,3,237
NOA,CREA,Salta,El Bordo,16,08/02_al_23/02,0
NOA,CREA,Salta,El Bordo,16,24/02_al_13/03,0
NOA,CREA,Salta,El Galpón,16,3,369
NOA,CREA,Salta,El Galpón,16,08/02_al_23/02,58
NOA,CREA,Salta,El Galpón,16,24/02_al_13/03,75
NOA,CREA,Salta,El Tunal,16,3,142
NOA,CREA,Salta,El Tunal,16,08/02_al_23/02,4
NOA,CREA,Salta,El Tunal,16,24/02_al_13/03,41
NOA,CREA,Salta,Embarcación,16,3,118
NOA,CREA,Salta,Embarcación,16,08/02_al_23/02,6
NOA,CREA,Salta,Embarcación,16,24/02_al_13/03,20
NOA,CREA,Salta,Gral Pizarro,16,3,54
NOA,CREA,Salta,Gral Pizarro,16,08/02_al_23/02,0
NOA,CREA,Salta,Gral Pizarro,16,24/02_al_13/03,7
NOA,CREA,Salta,Horcones,16,3,120
NOA,CREA,Salta,Horcones,16,08/02_al_23/02,Sin datos
NOA,CREA,Salta,Horcones,16,24/02_al_13/03,30
NOA,CREA,Salta,J V Gonzales,16,3,Sin datos
NOA,CREA,Salta,J V Gonzales,16,08/02_al_23/02,3
NOA,CREA,Salta,J V Gonzales,16,24/02_al_13/03,89
NOA,CREA,Salta,Las Lajitas (este),16,3,Sin datos
NOA,CREA,Salta,Las Lajitas (este),16,08/02_al_23/02,Sin datos
NOA,CREA,Salta,Las Lajitas (este),16,24/02_al_13/03,Sin datos
NOA,CREA,Salta,Las Lajitas T3,16,3,30
NOA,CREA,Salta,Las Lajitas T3,16,08/02_al_23/02,0
NOA,CREA,Salta,Las Lajitas T3,16,24/02_al_13/03,12
NOA,CREA,Salta,Metan 1,16,3,36
NOA,CREA,Salta,Metan 1,16,08/02_al_23/02,0
NOA,CREA,Salta,Metan 1,16,24/02_al_13/03,0
NOA,CREA,Salta,Metan 2,16,3,260
NOA,CREA,Salta,Metan 2,16,08/02_al_23/02,17
NOA,CREA,Salta,Metan 2,16,24/02_al_13/03,375
NOA,CREA,Salta,Mollinedo,16,3,305
NOA,CREA,Salta,Mollinedo,16,08/02_al_23/02,6
NOA,CREA,Salta,Mollinedo,16,24/02_al_13/03,153
NOA,CREA,Salta,Mosconi,16,3,Trampa perdida
NOA,CREA,Salta,Mosconi,16,08/02_al_23/02,5
NOA,CREA,Salta,Mosconi,16,24/02_al_13/03,Trampa perdida
NOA,CREA,Salta,Nstra Sra de Talavera,16,3,Sin datos
NOA,CREA,Salta,Nstra Sra de Talavera,16,08/02_al_23/02,0
NOA,CREA,Salta,Nstra Sra de Talavera,16,24/02_al_13/03,Trampa perdida
NOA,CREA,Salta,Pichanal,16,3,0
NOA,CREA,Salta,Pichanal,16,08/02_al_23/02,5
NOA,CREA,Salta,Pichanal,16,24/02_al_13/03,Trampa perdida
NOA,CREA,Salta,Piquete Cabado 2,16,3,Sin datos
NOA,CREA,Salta,Piquete Cabado 2,16,08/02_al_23/02,6
NOA,CREA,Salta,Piquete Cabado 2,16,24/02_al_13/03,25
NOA,CREA,Salta,Rosario de la Frontera,16,3,Sin datos
NOA,CREA,Salta,Rosario de la Frontera,16,08/02_al_23/02,Sin datos
NOA,CREA,Salta,Rosario de la Frontera,16,24/02_al_13/03,18
NOA,CREA,Salta,Santo Domingo,16,3,Sin datos
NOA,CREA,Salta,Santo Domingo,16,08/02_al_23/02,6
NOA,CREA,Salta,Santo Domingo,16,24/02_al_13/03,23
NOA,CREA,Salta,Saravia,16,3,Sin datos
NOA,CREA,Salta,Saravia,16,08/02_al_23/02,0
NOA,CREA,Salta,Saravia,16,24/02_al_13/03,3
NEA,CREA,Santiago Del Estero,Pozo Hondo,16,2,15
NEA,CREA,Santiago Del Estero,Pozo Hondo,16,3,57
NEA,CREA,Santiago Del Estero,Pozo Hondo,16,24/02_al_13/03,1
NEA,CREA,Santiago Del Estero,"San Pedro de
Guasayán",16,2,49
NEA,CREA,Santiago Del Estero,"San Pedro de
Guasayán",16,3,44
NEA,CREA,Santiago Del Estero,"San Pedro de
Guasayán",16,24/02_al_13/03,10
NEA,CREA,Santiago Del Estero,Termas de Río Hondo,16,2,30
NEA,CREA,Santiago Del Estero,Termas de Río Hondo,16,3,Sin datos
NEA,CREA,Santiago Del Estero,Termas de Río Hondo,16,24/02_al_13/03,Sin datos
NEA,CREA,Santiago Del Estero,Vinará,16,2,Sin datos
NEA,CREA,Santiago Del Estero,Vinará,16,3,5
NEA,CREA,Santiago Del Estero,Vinará,16,24/02_al_13/03,2
NEA,CREA,Catamarca,El Abra,16,2,146
NEA,CREA,Catamarca,El Abra,16,3,271
NEA,CREA,Catamarca,El Abra,16,24/02_al_13/03,8
NEA,CREA,Catamarca,Los Altos,16,2,0
NEA,CREA,Catamarca,Los Altos,16,3,0
NEA,CREA,Catamarca,Los Altos,16,24/02_al_13/03,3
NEA,CREA,Formosa,Las Lomitas,16,2,Sin datos
NEA,CREA,Formosa,Las Lomitas,16,3,Sin datos
NEA,CREA,Formosa,Las Lomitas,16,24/02_al_13/03,0
NEA,CREA,Formosa,Perin,16,2,Sin datos
NEA,CREA,Formosa,Perin,16,3,2
NEA,CREA,Formosa,Perin,16,24/02_al_13/03,2
NEA,INTA,Formosa,El colorado,16,2,6
NEA,INTA,Formosa,El colorado,16,3,0
NEA,INTA,Formosa,El colorado,16,24/02_al_13/03,0
NEA,INTA,Formosa,Comandante Fontana,16,2,0
NEA,INTA,Formosa,Comandante Fontana,16,3,16
NEA,INTA,Formosa,Comandante Fontana,16,24/02_al_13/03,Trampa perdida
NEA,AAPRESID,Chaco,Tres Isletas,16,2,9
NEA,AAPRESID,Chaco,Tres Isletas,16,3,Sin datos
NEA,AAPRESID,Chaco,Tres Isletas,16,24/02_al_13/03,Sin datos
NEA,AAPRESID,Chaco,Pampa del Infierno,16,2,0
NEA,AAPRESID,Chaco,Pampa del Infierno,16,3,12
NEA,AAPRESID,Chaco,Pampa del Infierno,16,24/02_al_13/03,11
NEA,AAPRESID,Chaco,Concepcion del Bermejo,16,2,19
NEA,AAPRESID,Chaco,Concepcion del Bermejo,16,3,Sin datos
NEA,AAPRESID,Chaco,Concepcion del Bermejo,16,24/02_al_13/03,6
NEA,AAPRESID,Chaco,Don Luciano (C. del Bermejo),16,2,5
NEA,AAPRESID,Chaco,Don Luciano (C. del Bermejo),16,3,Sin datos
NEA,AAPRESID,Chaco,Don Luciano (C. del Bermejo),16,24/02_al_13/03,6
NEA,AAPRESID,Chaco,Las Piedritas,16,2,0
NEA,AAPRESID,Chaco,Las Piedritas,16,3,0
NEA,AAPRESID,Chaco,Las Piedritas,16,24/02_al_13/03,0
NEA,CREA,Chaco,Los Frentones,16,2,4
NEA,CREA,Chaco,Los Frentones,16,3,41
NEA,CREA,Chaco,Los Frentones,16,24/02_al_13/03,0
NEA,CREA,Chaco,Juan José Castelli,16,2,32
NEA,CREA,Chaco,Juan José Castelli,16,3,9
NEA,CREA,Chaco,Juan José Castelli,16,24/02_al_13/03,5
NEA,CREA,Chaco,El Timbo Pampa,16,2,19
NEA,CREA,Chaco,El Timbo Pampa,16,3,Sin datos
NEA,CREA,Chaco,El Timbo Pampa,16,24/02_al_13/03,4
NEA,CREA,Chaco,El Tocon Bermejo,16,2,0
NEA,CREA,Chaco,El Tocon Bermejo,16,3,Sin datos
NEA,CREA,Chaco,El Tocon Bermejo,16,24/02_al_13/03,0
NEA,CREA,Chaco,Las Breñas,16,2,0
NEA,CREA,Chaco,Las Breñas,16,3,Sin datos
NEA,CREA,Chaco,Las Breñas,16,24/02_al_13/03,1
NEA,CREA,Chaco,Santa Teresa Capdevilla,16,2,45
NEA,CREA,Chaco,Santa Teresa Capdevilla,16,3,104
NEA,CREA,Chaco,Santa Teresa Capdevilla,16,24/02_al_13/03,12
NEA,CREA,Chaco,Pampa Cejas,16,2,1
NEA,CREA,Chaco,Pampa Cejas,16,3,Sin datos
NEA,CREA,Chaco,Pampa Cejas,16,24/02_al_13/03,0
NEA,CREA,Chaco,3 Retoños,16,2,Sin datos
NEA,CREA,Chaco,3 Retoños,16,3,Sin datos
NEA,CREA,Chaco,3 Retoños,16,24/02_al_13/03,4
NEA,CREA,Chaco,Quitilipi,16,2,0
NEA,CREA,Chaco,Quitilipi,16,3,0
NEA,CREA,Chaco,Quitilipi,16,24/02_al_13/03,0
NEA,CREA,Chaco,Pampa del Infierno,16,2,Sin datos
NEA,CREA,Chaco,Pampa del Infierno,16,3,Sin datos
NEA,CREA,Chaco,Pampa del Infierno,16,24/02_al_13/03,11
NEA,CREA,Chaco,PampaToloza,16,2,Sin datos
NEA,CREA,Chaco,PampaToloza,16,3,Sin datos
NEA,CREA,Chaco,PampaToloza,16,24/02_al_13/03,Sin datos
NEA,CREA,Chaco,Kempe,16,2,0
NEA,CREA,Chaco,Kempe,16,3,0
NEA,CREA,Chaco,Kempe,16,24/02_al_13/03,0
NEA,INTA,Chaco,Gancedo,16,2,Sin datos
NEA,INTA,Chaco,Gancedo,16,3,Sin datos
NEA,INTA,Chaco,Gancedo,16,24/02_al_13/03,Sin datos
LITORAL,INTA,Santiago Del Estero,Pampa de los Guanacos,16,2,24
LITORAL,INTA,Santiago Del Estero,Pampa de los Guanacos,16,3,59
LITORAL,INTA,Santiago Del Estero,Pampa de los Guanacos,16,24/02_al_13/03,38
LITORAL,AAPPCE,Santa Fe,Villa Minetti,16,2,4
LITORAL,AAPPCE,Santa Fe,Villa Minetti,16,3,258
LITORAL,AAPPCE,Santa Fe,Villa Minetti,16,24/02_al_13/03,4
LITORAL,AAPRESID,Santa Fe,Logroño,16,2,Sin datos
LITORAL,AAPRESID,Santa Fe,Logroño,16,3,Sin datos
LITORAL,AAPRESID,Santa Fe,Logroño,16,24/02_al_13/03,Sin datos
LITORAL,AAPRESID,Santa Fe,Villa Minetti,16,2,Sin datos
LITORAL,AAPRESID,Santa Fe,Villa Minetti,16,3,18
LITORAL,AAPRESID,Santa Fe,Villa Minetti,16,24/02_al_13/03,0
LITORAL,CREA,Santa Fe,La Pelada,16,2,Trampa perdida
LITORAL,CREA,Santa Fe,La Pelada,16,3,53
LITORAL,CREA,Santa Fe,La Pelada,16,24/02_al_13/03,39
LITORAL,CREA,Santa Fe,Juamarita,16,2,Sin datos
LITORAL,CREA,Santa Fe,Juamarita,16,3,Sin datos
LITORAL,CREA,Santa Fe,Juamarita,16,24/02_al_13/03,Sin datos
LITORAL,CREA,Santa Fe,Ambrosetti,16,2,Sin datos
LITORAL,CREA,Santa Fe,Ambrosetti,16,3,20
LITORAL,CREA,Santa Fe,Ambrosetti,16,24/02_al_13/03,26
LITORAL,CREA,Santa Fe,Arroyo Ceibal,16,2,7
LITORAL,CREA,Santa Fe,Arroyo Ceibal,16,3,78
LITORAL,CREA,Santa Fe,Arroyo Ceibal,16,24/02_al_13/03,6
LITORAL,CREA,Santa Fe,Hersilia,16,2,2
LITORAL,CREA,Santa Fe,Hersilia,16,3,3
LITORAL,CREA,Santa Fe,Hersilia,16,24/02_al_13/03,1
LITORAL,CREA,Santa Fe,La Penca y Caraguatá,16,2,161
LITORAL,CREA,Santa Fe,La Penca y Caraguatá,16,3,492
LITORAL,CREA,Santa Fe,La Penca y Caraguatá,16,24/02_al_13/03,166
LITORAL,CREA,Santa Fe,Ramayón,16,2,35
LITORAL,CREA,Santa Fe,Ramayón,16,3,29
LITORAL,CREA,Santa Fe,Ramayón,16,24/02_al_13/03,2
LITORAL,CREA,Santa Fe,Alejandra,16,2,31
LITORAL,CREA,Santa Fe,Alejandra,16,3,37
LITORAL,CREA,Santa Fe,Alejandra,16,24/02_al_13/03,27
LITORAL,CREA,Santa Fe,Margarita,16,2,56
LITORAL,CREA,Santa Fe,Margarita,16,3,21
LITORAL,CREA,Santa Fe,Margarita,16,24/02_al_13/03,52
LITORAL,CREA,Santa Fe,Vera y Pintado,16,2,47
LITORAL,CREA,Santa Fe,Vera y Pintado,16,3,29
LITORAL,CREA,Santa Fe,Vera y Pintado,16,24/02_al_13/03,5
LITORAL,CREA,Santa Fe,Emilia,16,2,88
LITORAL,CREA,Santa Fe,Emilia,16,3,32
LITORAL,CREA,Santa Fe,Emilia,16,24/02_al_13/03,Sin datos
LITORAL,CREA,Santa Fe,La María,16,2,31
LITORAL,CREA,Santa Fe,La María,16,3,37
LITORAL,CREA,Santa Fe,La María,16,24/02_al_13/03,27
LITORAL,CREA,Santa Fe,La Osca,16,2,37
LITORAL,CREA,Santa Fe,La Osca,16,3,54
LITORAL,CREA,Santa Fe,La Osca,16,24/02_al_13/03,2
LITORAL,CREA,Santa Fe,Llambí Campbell,16,2,3
LITORAL,CREA,Santa Fe,Llambí Campbell,16,3,10
LITORAL,CREA,Santa Fe,Llambí Campbell,16,24/02_al_13/03,0
LITORAL,CREA,Santa Fe,Malabrigo,16,2,49
LITORAL,CREA,Santa Fe,Malabrigo,16,3,42
LITORAL,CREA,Santa Fe,Malabrigo,16,24/02_al_13/03,13
LITORAL,CREA,Santa Fe,Soledad,16,2,3
LITORAL,CREA,Santa Fe,Soledad,16,3,11
LITORAL,CREA,Santa Fe,Soledad,16,24/02_al_13/03,0
LITORAL,CREA,Santa Fe,Villa Saralegui,16,2,5
LITORAL,CREA,Santa Fe,Villa Saralegui,16,3,18
LITORAL,CREA,Santa Fe,Villa Saralegui,16,24/02_al_13/03,1
LITORAL,INTA,Santa Fe,Reconquista,16,2,588
LITORAL,INTA,Santa Fe,Reconquista,16,3,1031
LITORAL,INTA,Santa Fe,Reconquista,16,24/02_al_13/03,109
LITORAL,INTA,Santa Fe,Calchaquí,16,2,22
LITORAL,INTA,Santa Fe,Calchaquí,16,3,24
LITORAL,INTA,Santa Fe,Calchaquí,16,24/02_al_13/03,21
LITORAL,INTA,Santa Fe,Logroño,16,2,44
LITORAL,INTA,Santa Fe,Logroño,16,3,171
LITORAL,INTA,Santa Fe,Logroño,16,24/02_al_13/03,18
LITORAL,INTA,Santa Fe,San javier,16,2,284
LITORAL,INTA,Santa Fe,San javier,16,3,1640
LITORAL,INTA,Santa Fe,San javier,16,24/02_al_13/03,431
LITORAL,INTA,Santa Fe,La sarita,16,2,Sin datos
LITORAL,INTA,Santa Fe,La sarita,16,3,48
LITORAL,INTA,Santa Fe,La sarita,16,24/02_al_13/03,Sin datos
LITORAL,AAPRESID,Corrientes,Mercedes,16,2,2
LITORAL,AAPRESID,Corrientes,Mercedes,16,3,4
LITORAL,AAPRESID,Corrientes,Mercedes,16,24/02_al_13/03,1
LITORAL,AAPRESID,Corrientes,Ambrosio,16,2,2
LITORAL,AAPRESID,Corrientes,Ambrosio,16,3,1
LITORAL,AAPRESID,Corrientes,Ambrosio,16,24/02_al_13/03,3
LITORAL,AAPRESID,Corrientes,Corrientes,16,2,19
LITORAL,AAPRESID,Corrientes,Corrientes,16,3,160
LITORAL,AAPRESID,Corrientes,Corrientes,16,24/02_al_13/03,18
CENTRO NORTE,AAPRESID,San Luis,La Toma,16,2,0
CENTRO NORTE,AAPRESID,San Luis,La Toma,16,3,Sin datos
CENTRO NORTE,AAPRESID,San Luis,La Toma,16,24/02_al_13/03,0
CENTRO NORTE,AAPPCE,Córdoba,Corralito 2 9,16,24/02_al_13/03,Trampa
CENTRO NORTE,AAPPCE,Córdoba,Freyre,16,2,13
CENTRO NORTE,AAPPCE,Córdoba,Freyre,16,3,55
CENTRO NORTE,AAPPCE,Córdoba,Freyre,16,24/02_al_13/03,2
CENTRO NORTE,AAPPCE,Córdoba,Morteros,16,2,4
CENTRO NORTE,AAPPCE,Córdoba,Morteros,16,3,23
CENTRO NORTE,AAPPCE,Córdoba,Morteros,16,24/02_al_13/03,0
CENTRO NORTE,AAPPCE,Córdoba,Rayo Cortado,16,2,4
CENTRO NORTE,AAPPCE,Córdoba,Rayo Cortado,16,3,12
CENTRO NORTE,AAPPCE,Córdoba,Rayo Cortado,16,24/02_al_13/03,3
CENTRO NORTE,AAPPCE,Córdoba,Jesus María,16,2,0
CENTRO NORTE,AAPPCE,Córdoba,Jesus María,16,3,0
CENTRO NORTE,AAPPCE,Córdoba,Jesus María,16,24/02_al_13/03,Sin datos
CENTRO NORTE,AAPPCE,Córdoba,El Fortín,16,2,2
CENTRO NORTE,AAPPCE,Córdoba,El Fortín,16,3,31
CENTRO NORTE,AAPPCE,Córdoba,El Fortín,16,24/02_al_13/03,0
CENTRO NORTE,AAPPCE,Córdoba,Río Ceballos,16,2,0
CENTRO NORTE,AAPPCE,Córdoba,Río Ceballos,16,3,0
CENTRO NORTE,AAPPCE,Córdoba,Río Ceballos,16,24/02_al_13/03,Sin datos
CENTRO NORTE,AAPRESID,Córdoba,Villa María,16,2,Sin datos
CENTRO NORTE,AAPRESID,Córdoba,Villa María,16,3,0
CENTRO NORTE,AAPRESID,Córdoba,Villa María,16,24/02_al_13/03,0
CENTRO NORTE,AAPRESID,Córdoba,Cañada de Luque,16,2,1
CENTRO NORTE,AAPRESID,Córdoba,Cañada de Luque,16,3,5
CENTRO NORTE,AAPRESID,Córdoba,Cañada de Luque,16,24/02_al_13/03,1
CENTRO NORTE,AAPRESID,Córdoba,Capilla de Sitón,16,2,1
CENTRO NORTE,AAPRESID,Córdoba,Capilla de Sitón,16,3,12
CENTRO NORTE,AAPRESID,Córdoba,Capilla de Sitón,16,24/02_al_13/03,0
CENTRO NORTE,AAPRESID,Córdoba,Carrilobo,16,2,Sin datos
CENTRO NORTE,AAPRESID,Córdoba,Carrilobo,16,3,Sin datos
CENTRO NORTE,AAPRESID,Córdoba,Carrilobo,16,24/02_al_13/03,Sin datos
CENTRO NORTE,AAPRESID,Córdoba,Devoto,16,2,3
CENTRO NORTE,AAPRESID,Córdoba,Devoto,16,3,1
CENTRO NORTE,AAPRESID,Córdoba,Devoto,16,24/02_al_13/03,0
CENTRO NORTE,AAPRESID,Córdoba,Eufrasio Loza,16,2,5
CENTRO NORTE,AAPRESID,Córdoba,Eufrasio Loza,16,3,Sin datos
CENTRO NORTE,AAPRESID,Córdoba,Eufrasio Loza,16,24/02_al_13/03,0
CENTRO NORTE,AAPRESID,Córdoba,Laguna Larga,16,2,1
CENTRO NORTE,AAPRESID,Córdoba,Laguna Larga,16,3,0
CENTRO NORTE,AAPRESID,Córdoba,Laguna Larga,16,24/02_al_13/03,0
CENTRO NORTE,AAPRESID,Córdoba,Las Bajadas,16,2,0
CENTRO NORTE,AAPRESID,Córdoba,Las Bajadas,16,3,1
CENTRO NORTE,AAPRESID,Córdoba,Las Bajadas,16,24/02_al_13/03,1
CENTRO NORTE,AAPRESID,Córdoba,Monte del Rosario,16,2,41
CENTRO NORTE,AAPRESID,Córdoba,Monte del Rosario,16,3,41
CENTRO NORTE,AAPRESID,Córdoba,Monte del Rosario,16,24/02_al_13/03,38
CENTRO NORTE,AAPRESID,Córdoba,Montecristo,16,2,14
CENTRO NORTE,AAPRESID,Córdoba,Montecristo,16,3,45
CENTRO NORTE,AAPRESID,Córdoba,Montecristo,16,24/02_al_13/03,2
CENTRO NORTE,AAPRESID,Córdoba,Obispo trejo,16,2,0
CENTRO NORTE,AAPRESID,Córdoba,Obispo trejo,16,3,0
CENTRO NORTE,AAPRESID,Córdoba,Obispo trejo,16,24/02_al_13/03,0
CENTRO NORTE,AAPRESID,Córdoba,Río Segundo- T1,16,2,6
CENTRO NORTE,AAPRESID,Córdoba,Río Segundo- T1,16,3,8
CENTRO NORTE,AAPRESID,Córdoba,Río Segundo- T1,16,24/02_al_13/03,1
CENTRO NORTE,AAPRESID,Córdoba,San Francisco,16,2,0
CENTRO NORTE,AAPRESID,Córdoba,San Francisco,16,3,1
CENTRO NORTE,AAPRESID,Córdoba,San Francisco,16,24/02_al_13/03,Sin datos
CENTRO NORTE,AAPRESID,Córdoba,Santa Catalina,16,2,0
CENTRO NORTE,AAPRESID,Córdoba,Santa Catalina,16,3,0
CENTRO NORTE,AAPRESID,Córdoba,Santa Catalina,16,24/02_al_13/03,0
CENTRO NORTE,AAPRESID,Córdoba,Tancacha,16,2,0
CENTRO NORTE,AAPRESID,Córdoba,Tancacha,16,3,Sin datos
CENTRO NORTE,AAPRESID,Córdoba,Tancacha,16,24/02_al_13/03,0
CENTRO NORTE,AAPRESID,Córdoba,Villa de Maria,16,2,10
CENTRO NORTE,AAPRESID,Córdoba,Villa de Maria,16,3,Sin datos
CENTRO NORTE,AAPRESID,Córdoba,Villa de Maria,16,24/02_al_13/03,Sin datos
CENTRO NORTE,AAPRESID,Córdoba,Arroyito,16,2,1
CENTRO NORTE,AAPRESID,Córdoba,Arroyito,16,3,1
CENTRO NORTE,AAPRESID,Córdoba,Arroyito,16,24/02_al_13/03,0
CENTRO NORTE,AAPRESID,Córdoba,Villa Sta. Rosa,16,2,8
CENTRO NORTE,AAPRESID,Córdoba,Villa Sta. Rosa,16,3,130
CENTRO NORTE,AAPRESID,Córdoba,Villa Sta. Rosa,16,24/02_al_13/03,2
CENTRO NORTE,AAPRESID,Córdoba,Hernando,16,2,0
CENTRO NORTE,AAPRESID,Córdoba,Hernando,16,3,Sin datos
CENTRO NORTE,AAPRESID,Córdoba,Hernando,16,24/02_al_13/03,Sin datos
CENTRO NORTE,CREA,Córdoba,Piquillín,16,2,Sin datos
CENTRO NORTE,CREA,Córdoba,Piquillín,16,3,0
CENTRO NORTE,CREA,Córdoba,Piquillín,16,24/02_al_13/03,0
CENTRO NORTE,CREA,Córdoba,Las Chilcas,16,2,0
CENTRO NORTE,CREA,Córdoba,Las Chilcas,16,3,13
CENTRO NORTE,CREA,Córdoba,Las Chilcas,16,24/02_al_13/03,2
CENTRO NORTE,CREA,Córdoba,Sebastián el Cano,16,2,Sin datos
CENTRO NORTE,CREA,Córdoba,Sebastián el Cano,16,3,25
CENTRO NORTE,CREA,Córdoba,Sebastián el Cano,16,24/02_al_13/03,5
CENTRO SUR,CREA,Santa Fe,El Trébol 4,16,2,Sin datos
CENTRO SUR,CREA,Santa Fe,El Trébol 4,16,3,0
CENTRO SUR,CREA,Santa Fe,El Trébol 4,16,24/02_al_13/03,0
CENTRO SUR,INTA,Córdoba,Marull,16,2,0
CENTRO SUR,INTA,Córdoba,Marull,16,3,0
CENTRO SUR,INTA,Córdoba,Marull,16,24/02_al_13/03,0
CENTRO SUR,INTA,Santa Fe,Centeno,16,2,20
CENTRO SUR,INTA,Santa Fe,Centeno,16,3,94
CENTRO SUR,INTA,Santa Fe,Centeno,16,24/02_al_13/03,5
CENTRO SUR,INTA,Santa Fe,Rafaela,16,2,106
CENTRO SUR,INTA,Santa Fe,Rafaela,16,3,179
CENTRO SUR,INTA,Santa Fe,Rafaela,16,24/02_al_13/03,27
CENTRO SUR,INTA,Santa Fe,Ceres,16,2,7
CENTRO SUR,INTA,Santa Fe,Ceres,16,3,13
CENTRO SUR,INTA,Santa Fe,Ceres,16,24/02_al_13/03,6
CENTRO SUR,INTA,Santa Fe,San Justo,16,2,32
CENTRO SUR,INTA,Santa Fe,San Justo,16,3,28
CENTRO SUR,INTA,Santa Fe,San Justo,16,24/02_al_13/03,13
CENTRO SUR,AAPRESID,San Luís,La Angelina,16,2,0
CENTRO SUR,AAPRESID,San Luís,La Angelina,16,3,0
CENTRO SUR,AAPRESID,San Luís,La Angelina,16,24/02_al_13/03,0
CENTRO SUR,AAPRESID,San Luís,Nueva Galia,16,2,0
CENTRO SUR,AAPRESID,San Luís,Nueva Galia,16,3,0
CENTRO SUR,AAPRESID,San Luís,Nueva Galia,16,24/02_al_13/03,0
CENTRO SUR,CREA,San Luís,Buena Esperanza,16,2,0
CENTRO SUR,CREA,San Luís,Buena Esperanza,16,3,0
CENTRO SUR,CREA,San Luís,Buena Esperanza,16,24/02_al_13/03,0
CENTRO SUR,CREA,San Luís,Juan Jorba,16,2,0
CENTRO SUR,CREA,San Luís,Juan Jorba,16,3,0
CENTRO SUR,CREA,San Luís,Juan Jorba,16,24/02_al_13/03,0
CENTRO SUR,CREA,San Luís,Los molles,16,2,0
CENTRO SUR,CREA,San Luís,Los molles,16,3,0
CENTRO SUR,CREA,San Luís,Los molles,16,24/02_al_13/03,0
CENTRO SUR,CREA,San Luís,Naschel,16,2,3
CENTRO SUR,CREA,San Luís,Naschel,16,3,7
CENTRO SUR,CREA,San Luís,Naschel,16,24/02_al_13/03,0
CENTRO SUR,CREA,San Luís,San Martín,16,2,0
CENTRO SUR,CREA,San Luís,San Martín,16,3,2
CENTRO SUR,CREA,San Luís,San Martín,16,24/02_al_13/03,0
CENTRO SUR,INTA,San Luís,San Luis 1,16,2,0
CENTRO SUR,INTA,San Luís,San Luis 1,16,3,0
CENTRO SUR,INTA,San Luís,San Luis 1,16,24/02_al_13/03,0
CENTRO SUR,INTA,San Luís,Quines,16,2,5
CENTRO SUR,INTA,San Luís,Quines,16,3,16
CENTRO SUR,INTA,San Luís,Quines,16,24/02_al_13/03,0
CENTRO SUR,AAPPCE,Córdoba,Ana Zumaran,16,2,6
CENTRO SUR,AAPPCE,Córdoba,Ana Zumaran,16,3,20
CENTRO SUR,AAPPCE,Córdoba,Ana Zumaran,16,24/02_al_13/03,0
CENTRO SUR,AAPPCE,Córdoba,Cnel. Baigorria,16,2,0
CENTRO SUR,AAPPCE,Córdoba,Cnel. Baigorria,16,3,0
CENTRO SUR,AAPPCE,Córdoba,Cnel. Baigorria,16,24/02_al_13/03,0
CENTRO SUR,AAPPCE,Córdoba,General Roca,16,2,0
CENTRO SUR,AAPPCE,Córdoba,General Roca,16,3,0
CENTRO SUR,AAPPCE,Córdoba,General Roca,16,24/02_al_13/03,0
CENTRO SUR,AAPPCE,Córdoba,Gral. Cabrera,16,2,0
CENTRO SUR,AAPPCE,Córdoba,Gral. Cabrera,16,3,0
CENTRO SUR,AAPPCE,Córdoba,Gral. Cabrera,16,24/02_al_13/03,0
CENTRO SUR,AAPPCE,Córdoba,La playosa,16,2,12
CENTRO SUR,AAPPCE,Córdoba,La playosa,16,3,14
CENTRO SUR,AAPPCE,Córdoba,La playosa,16,24/02_al_13/03,0
CENTRO SUR,AAPPCE,Córdoba,Ordoñez,16,2,0
CENTRO SUR,AAPPCE,Córdoba,Ordoñez,16,3,0
CENTRO SUR,AAPPCE,Córdoba,Ordoñez,16,24/02_al_13/03,0
CENTRO SUR,AAPPCE,Córdoba,Tosquita,16,2,0
CENTRO SUR,AAPPCE,Córdoba,Tosquita,16,3,0
CENTRO SUR,AAPPCE,Córdoba,Tosquita,16,24/02_al_13/03,0
CENTRO SUR,AAPPCE,Córdoba,Arroyo Cabral,16,2,9
CENTRO SUR,AAPPCE,Córdoba,Arroyo Cabral,16,3,22
CENTRO SUR,AAPPCE,Córdoba,Arroyo Cabral,16,24/02_al_13/03,0
CENTRO SUR,AAPPCE,Córdoba,Villa María,16,2,18
CENTRO SUR,AAPPCE,Córdoba,Villa María,16,3,15
CENTRO SUR,AAPPCE,Córdoba,Villa María,16,24/02_al_13/03,0
CENTRO SUR,AAPRESID,Córdoba,Benjamín Gould,16,2,0
CENTRO SUR,AAPRESID,Córdoba,Benjamín Gould,16,3,0
CENTRO SUR,AAPRESID,Córdoba,Benjamín Gould,16,24/02_al_13/03,0
CENTRO SUR,AAPRESID,Córdoba,Buchardo,16,2,0
CENTRO SUR,AAPRESID,Córdoba,Buchardo,16,3,0
CENTRO SUR,AAPRESID,Córdoba,Buchardo,16,24/02_al_13/03,0
CENTRO SUR,AAPRESID,Córdoba,Coronel Moldes,16,2,0
CENTRO SUR,AAPRESID,Córdoba,Coronel Moldes,16,3,0
CENTRO SUR,AAPRESID,Córdoba,Coronel Moldes,16,24/02_al_13/03,0
CENTRO SUR,AAPRESID,Córdoba,Corral de Bustos,16,2,0
CENTRO SUR,AAPRESID,Córdoba,Corral de Bustos,16,3,0
CENTRO SUR,AAPRESID,Córdoba,Corral de Bustos,16,24/02_al_13/03,0
URUGUAY,AGTSA,,Rosario,17,3,6
URUGUAY,AGTSA,,Rosario,17,24/02_al_13/03,5
URUGUAY,AGTSA,,Rosario,17,14/03_al_28/03,6
URUGUAY,AGTSA,,Chamizo,17,3,1
URUGUAY,AGTSA,,Chamizo,17,24/02_al_13/03,4
URUGUAY,AGTSA,,Chamizo,17,14/03_al_28/03,1
URUGUAY,AGTSA,,Mercedes,17,3,0
URUGUAY,AGTSA,,Mercedes,17,24/02_al_13/03,0
URUGUAY,AGTSA,,Mercedes,17,14/03_al_28/03,0
URUGUAY,AGTSA,,Constancia,17,24/02_al_13/03,0
URUGUAY,AGTSA,,Constancia,17,14/03_al_28/03,0
URUGUAY,AGTSA,,Palmitas,17,3,1
URUGUAY,AGTSA,,Palmitas,17,24/02_al_13/03,0
URUGUAY,AGTSA,,Palmitas,17,14/03_al_28/03,1
NOA,AAPRESID,Jujuy,Palpala,17,3,49
NOA,AAPRESID,Jujuy,Palpala,17,24/02_al_13/03,Sin datos
NOA,AAPRESID,Jujuy,Palpala,17,14/03_al_28/03,123
NOA,CREA,Jujuy,EL Carmen,17,3,6
NOA,CREA,Jujuy,EL Carmen,17,24/02_al_13/03,5
NOA,CREA,Jujuy,EL Carmen,17,14/03_al_28/03,1
NOA,CREA,Jujuy,Fraile Pintado,17,3,32
NOA,CREA,Jujuy,Fraile Pintado,17,24/02_al_13/03,9
NOA,CREA,Jujuy,Fraile Pintado,17,14/03_al_28/03,Trampa perdida
NOA,CREA,Jujuy,Santa Clara,17,3,21
NOA,CREA,Jujuy,Santa Clara,17,24/02_al_13/03,4
NOA,CREA,Jujuy,Santa Clara,17,14/03_al_28/03,1
NOA,INTA,Jujuy,El Bananal,17,3,44
NOA,INTA,Jujuy,El Bananal,17,24/02_al_13/03,0
NOA,INTA,Jujuy,El Bananal,17,14/03_al_28/03,21
NOA,AAPPCE,Salta,Rio Piedras,17,3,Sin datos
NOA,AAPPCE,Salta,Rio Piedras,17,24/02_al_13/03,240
NOA,AAPPCE,Salta,Rio Piedras,17,14/03_al_28/03,Sin datos
NOA,AAPPCE,Salta,Macapillo,17,3,Sin datos
NOA,AAPPCE,Salta,Macapillo,17,24/02_al_13/03,Sin datos
NOA,AAPPCE,Salta,Macapillo,17,14/03_al_28/03,Sin datos
NOA,AAPRESID,Salta,Güemes,17,3,283
NOA,AAPRESID,Salta,Güemes,17,24/02_al_13/03,200
NOA,AAPRESID,Salta,Güemes,17,14/03_al_28/03,285
NOA,AAPRESID,Salta,Rivadavia,17,3,Trampa perdida
NOA,AAPRESID,Salta,Rivadavia,17,24/02_al_13/03,9
NOA,AAPRESID,Salta,Rivadavia,17,14/03_al_28/03,40
NOA,AAPRESID,Salta,Piquete Cabado 1,17,3,748
NOA,AAPRESID,Salta,Piquete Cabado 1,17,24/02_al_13/03,50
NOA,AAPRESID,Salta,Piquete Cabado 1,17,14/03_al_28/03,248
NOA,CREA,Salta,Antilla,17,3,Sin datos
NOA,CREA,Salta,Antilla,17,24/02_al_13/03,32
NOA,CREA,Salta,Antilla,17,14/03_al_28/03,52
NOA,CREA,Salta,Ballivián,17,3,36
NOA,CREA,Salta,Ballivián,17,24/02_al_13/03,15
NOA,CREA,Salta,Ballivián,17,14/03_al_28/03,22
NOA,CREA,Salta,Ceibalito,17,3,328
NOA,CREA,Salta,Ceibalito,17,24/02_al_13/03,24
NOA,CREA,Salta,Ceibalito,17,14/03_al_28/03,Sin datos
NOA,CREA,Salta,Chaguaral,17,3,0
NOA,CREA,Salta,Chaguaral,17,24/02_al_13/03,0
NOA,CREA,Salta,Chaguaral,17,14/03_al_28/03,0
NOA,CREA,Salta,Copo Quiles,17,3,205
NOA,CREA,Salta,Copo Quiles,17,24/02_al_13/03,47
NOA,CREA,Salta,Copo Quiles,17,14/03_al_28/03,72
NOA,CREA,Salta,El Bordo,17,3,384
NOA,CREA,Salta,El Bordo,17,24/02_al_13/03,0
NOA,CREA,Salta,El Bordo,17,14/03_al_28/03,237
NOA,CREA,Salta,El Galpón,17,3,903
NOA,CREA,Salta,El Galpón,17,24/02_al_13/03,75
NOA,CREA,Salta,El Galpón,17,14/03_al_28/03,369
NOA,CREA,Salta,El Tunal,17,3,132
NOA,CREA,Salta,El Tunal,17,24/02_al_13/03,41
NOA,CREA,Salta,El Tunal,17,14/03_al_28/03,142
NOA,CREA,Salta,Embarcación,17,3,163
NOA,CREA,Salta,Embarcación,17,24/02_al_13/03,20
NOA,CREA,Salta,Embarcación,17,14/03_al_28/03,118
NOA,CREA,Salta,Gral Pizarro,17,3,77
NOA,CREA,Salta,Gral Pizarro,17,24/02_al_13/03,7
NOA,CREA,Salta,Gral Pizarro,17,14/03_al_28/03,54
NOA,CREA,Salta,Horcones,17,3,174
NOA,CREA,Salta,Horcones,17,24/02_al_13/03,30
NOA,CREA,Salta,Horcones,17,14/03_al_28/03,120
NOA,CREA,Salta,J V Gonzales,17,3,Sin datos
NOA,CREA,Salta,J V Gonzales,17,24/02_al_13/03,89
NOA,CREA,Salta,J V Gonzales,17,14/03_al_28/03,Sin datos
NOA,CREA,Salta,Las Lajitas (este),17,3,Sin datos
NOA,CREA,Salta,Las Lajitas (este),17,24/02_al_13/03,Sin datos
NOA,CREA,Salta,Las Lajitas (este),17,14/03_al_28/03,Sin datos
NOA,CREA,Salta,Las Lajitas T3,17,3,708
NOA,CREA,Salta,Las Lajitas T3,17,24/02_al_13/03,12
NOA,CREA,Salta,Las Lajitas T3,17,14/03_al_28/03,30
NOA,CREA,Salta,Metan 1,17,3,71
NOA,CREA,Salta,Metan 1,17,24/02_al_13/03,0
NOA,CREA,Salta,Metan 1,17,14/03_al_28/03,36
NOA,CREA,Salta,Metan 2,17,3,816
NOA,CREA,Salta,Metan 2,17,24/02_al_13/03,375
NOA,CREA,Salta,Metan 2,17,14/03_al_28/03,260
NOA,CREA,Salta,Mollinedo,17,3,594
NOA,CREA,Salta,Mollinedo,17,24/02_al_13/03,153
NOA,CREA,Salta,Mollinedo,17,14/03_al_28/03,305
NOA,CREA,Salta,Mosconi,17,3,26
NOA,CREA,Salta,Mosconi,17,24/02_al_13/03,Trampa perdida
NOA,CREA,Salta,Mosconi,17,14/03_al_28/03,Trampa perdida
NOA,CREA,Salta,Nstra Sra de Talavera,17,3,0
NOA,CREA,Salta,Nstra Sra de Talavera,17,24/02_al_13/03,Trampa perdida
NOA,CREA,Salta,Nstra Sra de Talavera,17,14/03_al_28/03,Sin datos
NOA,CREA,Salta,Pichanal,17,3,0
NOA,CREA,Salta,Pichanal,17,24/02_al_13/03,Trampa perdida
NOA,CREA,Salta,Pichanal,17,14/03_al_28/03,0
NOA,CREA,Salta,Piquete Cabado 2,17,3,459
NOA,CREA,Salta,Piquete Cabado 2,17,24/02_al_13/03,25
NOA,CREA,Salta,Piquete Cabado 2,17,14/03_al_28/03,Sin datos
NOA,CREA,Salta,Rosario de la Frontera,17,3,Sin datos
NOA,CREA,Salta,Rosario de la Frontera,17,24/02_al_13/03,18
NOA,CREA,Salta,Rosario de la Frontera,17,14/03_al_28/03,Sin datos
NOA,CREA,Salta,Santo Domingo,17,3,1014
NOA,CREA,Salta,Santo Domingo,17,24/02_al_13/03,23
NOA,CREA,Salta,Santo Domingo,17,14/03_al_28/03,Sin datos
NOA,CREA,Salta,Saravia,17,3,612
NOA,CREA,Salta,Saravia,17,24/02_al_13/03,3
NOA,CREA,Salta,Saravia,17,14/03_al_28/03,Sin datos
NEA,CREA,Santiago Del Estero,Pozo Hondo,17,3,42
NEA,CREA,Santiago Del Estero,Pozo Hondo,17,24/02_al_13/03,15
NEA,CREA,Santiago Del Estero,Pozo Hondo,17,14/03_al_28/03,57
NEA,CREA,Santiago Del Estero,"San Pedro de
Guasayán",17,3,143
NEA,CREA,Santiago Del Estero,"San Pedro de
Guasayán",17,24/02_al_13/03,49
NEA,CREA,Santiago Del Estero,"San Pedro de
Guasayán",17,14/03_al_28/03,44
NEA,CREA,Santiago Del Estero,Termas de Río Hondo,17,3,115
NEA,CREA,Santiago Del Estero,Termas de Río Hondo,17,24/02_al_13/03,30
NEA,CREA,Santiago Del Estero,Termas de Río Hondo,17,14/03_al_28/03,Sin datos
NEA,CREA,Santiago Del Estero,Vinará,17,3,7
NEA,CREA,Santiago Del Estero,Vinará,17,24/02_al_13/03,Sin datos
NEA,CREA,Santiago Del Estero,Vinará,17,14/03_al_28/03,5
NEA,CREA,Catamarca,El Abra,17,3,228
NEA,CREA,Catamarca,El Abra,17,24/02_al_13/03,146
NEA,CREA,Catamarca,El Abra,17,14/03_al_28/03,271
NEA,CREA,Catamarca,Los Altos,17,3,3
NEA,CREA,Catamarca,Los Altos,17,24/02_al_13/03,0
NEA,CREA,Catamarca,Los Altos,17,14/03_al_28/03,0
NEA,CREA,Formosa,Las Lomitas,17,3,Sin datos
NEA,CREA,Formosa,Las Lomitas,17,24/02_al_13/03,Sin datos
NEA,CREA,Formosa,Las Lomitas,17,14/03_al_28/03,Sin datos
NEA,CREA,Formosa,Perin,17,3,41
NEA,CREA,Formosa,Perin,17,24/02_al_13/03,Sin datos
NEA,CREA,Formosa,Perin,17,14/03_al_28/03,2
NEA,,Formosa,I NTA El colorado,17,3,1
NEA,,Formosa,I NTA El colorado,17,24/02_al_13/03,6
NEA,,Formosa,I NTA El colorado,17,14/03_al_28/03,0
NEA,,Formosa,I NTA Comandante Fontana,17,3,67
NEA,,Formosa,I NTA Comandante Fontana,17,24/02_al_13/03,0
NEA,,Formosa,I NTA Comandante Fontana,17,14/03_al_28/03,16
NEA,AAPRESID,Chaco,Tres Isletas,17,3,22
NEA,AAPRESID,Chaco,Tres Isletas,17,24/02_al_13/03,9
NEA,AAPRESID,Chaco,Tres Isletas,17,14/03_al_28/03,Sin datos
NEA,AAPRESID,Chaco,Pampa del Infierno,17,3,45
NEA,AAPRESID,Chaco,Pampa del Infierno,17,24/02_al_13/03,0
NEA,AAPRESID,Chaco,Pampa del Infierno,17,14/03_al_28/03,12
NEA,AAPRESID,Chaco,Concepcion del Bermejo,17,3,Sin datos
NEA,AAPRESID,Chaco,Concepcion del Bermejo,17,24/02_al_13/03,19
NEA,AAPRESID,Chaco,Concepcion del Bermejo,17,14/03_al_28/03,Sin datos
NEA,AAPRESID,Chaco,Don Luciano (C. del,17,3,Trampa perdida
NEA,AAPRESID,Chaco,Don Luciano (C. del,17,24/02_al_13/03,5
NEA,AAPRESID,Chaco,Don Luciano (C. del,17,14/03_al_28/03,Sin datos
NEA,AAPRESID,Chaco,Las Piedritas,17,3,0
NEA,AAPRESID,Chaco,Las Piedritas,17,24/02_al_13/03,0
NEA,AAPRESID,Chaco,Las Piedritas,17,14/03_al_28/03,0
NEA,CREA,Chaco,Los Frentones,17,3,126
NEA,CREA,Chaco,Los Frentones,17,24/02_al_13/03,4
NEA,CREA,Chaco,Los Frentones,17,14/03_al_28/03,41
NEA,CREA,Chaco,Juan José Castelli,17,3,Sin datos
NEA,CREA,Chaco,Juan José Castelli,17,24/02_al_13/03,32
NEA,CREA,Chaco,Juan José Castelli,17,14/03_al_28/03,9
NEA,CREA,Chaco,El Timbo Pampa,17,3,73
NEA,CREA,Chaco,El Timbo Pampa,17,24/02_al_13/03,19
NEA,CREA,Chaco,El Timbo Pampa,17,14/03_al_28/03,Sin datos
NEA,CREA,Chaco,El Tocon Bermejo,17,3,2
NEA,CREA,Chaco,El Tocon Bermejo,17,24/02_al_13/03,0
NEA,CREA,Chaco,El Tocon Bermejo,17,14/03_al_28/03,Sin datos
NEA,CREA,Chaco,Las Breñas,17,3,0
NEA,CREA,Chaco,Las Breñas,17,24/02_al_13/03,0
NEA,CREA,Chaco,Las Breñas,17,14/03_al_28/03,Sin datos
NEA,CREA,Chaco,Santa Teresa Capdevilla,17,3,120
NEA,CREA,Chaco,Santa Teresa Capdevilla,17,24/02_al_13/03,45
NEA,CREA,Chaco,Santa Teresa Capdevilla,17,14/03_al_28/03,104
NEA,CREA,Chaco,Pampa Cejas,17,3,1440
NEA,CREA,Chaco,Pampa Cejas,17,24/02_al_13/03,1
NEA,CREA,Chaco,Pampa Cejas,17,14/03_al_28/03,Sin datos
NEA,CREA,Chaco,3 Retoños,17,3,Sin datos
NEA,CREA,Chaco,3 Retoños,17,24/02_al_13/03,Sin datos
NEA,CREA,Chaco,3 Retoños,17,14/03_al_28/03,43
NEA,CREA,Chaco,Quitilipi,17,3,Sin datos
NEA,CREA,Chaco,Quitilipi,17,24/02_al_13/03,0
NEA,CREA,Chaco,Quitilipi,17,14/03_al_28/03,0
NEA,CREA,Chaco,Pampa del Infierno,17,3,Sin datos
NEA,CREA,Chaco,Pampa del Infierno,17,24/02_al_13/03,Sin datos
NEA,CREA,Chaco,Pampa del Infierno,17,14/03_al_28/03,Sin datos
NEA,CREA,Chaco,PampaToloza,17,3,Sin datos
NEA,CREA,Chaco,PampaToloza,17,24/02_al_13/03,Sin datos
NEA,CREA,Chaco,PampaToloza,17,14/03_al_28/03,Sin datos
LITORAL,AAPRESID,Corrientes,Mercedes,17,3,2
LITORAL,AAPRESID,Corrientes,Mercedes,17,24/02_al_13/03,2
LITORAL,AAPRESID,Corrientes,Mercedes,17,14/03_al_28/03,4
LITORAL,AAPRESID,Corrientes,Ambrosio,17,3,17
LITORAL,AAPRESID,Corrientes,Ambrosio,17,24/02_al_13/03,2
LITORAL,AAPRESID,Corrientes,Ambrosio,17,14/03_al_28/03,1
LITORAL,AAPRESID,Corrientes,Corrientes,17,3,209
LITORAL,AAPRESID,Corrientes,Corrientes,17,24/02_al_13/03,19
LITORAL,AAPRESID,Corrientes,Corrientes,17,14/03_al_28/03,160
LITORAL,AAPRESID,Corrientes,Bella Vista,17,3,4
LITORAL,AAPRESID,Corrientes,Bella Vista,17,24/02_al_13/03,0
LITORAL,AAPRESID,Corrientes,Bella Vista,17,14/03_al_28/03,1
LITORAL,INTA,Corrientes,sauce,17,3,1
LITORAL,INTA,Corrientes,sauce,17,24/02_al_13/03,0
LITORAL,INTA,Corrientes,sauce,17,14/03_al_28/03,0
LITORAL,INTA,Corrientes,"Estancia el Rocio
Copra",17,3,11
LITORAL,INTA,Corrientes,"Estancia el Rocio
Copra",17,24/02_al_13/03,3
LITORAL,INTA,Corrientes,"Estancia el Rocio
Copra",17,14/03_al_28/03,3
LITORAL,INTA,Corrientes,Mercedes,17,3,159
LITORAL,INTA,Corrientes,Mercedes,17,24/02_al_13/03,442
LITORAL,INTA,Corrientes,Mercedes,17,14/03_al_28/03,108
LITORAL,INTA,Corrientes,Virasoro,17,3,2
LITORAL,INTA,Corrientes,Virasoro,17,24/02_al_13/03,0
LITORAL,INTA,Corrientes,Virasoro,17,14/03_al_28/03,3
LITORAL,INTA,Corrientes,Goya,17,3,9
LITORAL,INTA,Corrientes,Goya,17,24/02_al_13/03,0
LITORAL,INTA,Corrientes,Goya,17,14/03_al_28/03,0
LITORAL,INTA,Corrientes,Ituzaingo,17,3,0
LITORAL,INTA,Corrientes,Ituzaingo,17,24/02_al_13/03,Trampa perdida
LITORAL,INTA,Corrientes,Ituzaingo,17,14/03_al_28/03,Sin datos
LITORAL,INTA,Corrientes,Esquina,17,3,0
LITORAL,INTA,Corrientes,Esquina,17,24/02_al_13/03,Trampa perdida
LITORAL,INTA,Corrientes,Esquina,17,14/03_al_28/03,0
LITORAL,AAPPCE,Entre Ríos,Don Cristobal,17,3,51
LITORAL,AAPPCE,Entre Ríos,Don Cristobal,17,24/02_al_13/03,2
LITORAL,AAPPCE,Entre Ríos,Don Cristobal,17,14/03_al_28/03,22
LITORAL,AAPPCE,Entre Ríos,Isletas,17,3,1
LITORAL,AAPPCE,Entre Ríos,Isletas,17,24/02_al_13/03,0
LITORAL,AAPPCE,Entre Ríos,Isletas,17,14/03_al_28/03,Sin datos
LITORAL,AAPPCE,Entre Ríos,La paz,17,3,Sin datos
LITORAL,AAPPCE,Entre Ríos,La paz,17,24/02_al_13/03,0
LITORAL,AAPPCE,Entre Ríos,La paz,17,14/03_al_28/03,0
LITORAL,AAPPCE,Entre Ríos,Hinojal,17,3,23
LITORAL,AAPPCE,Entre Ríos,Hinojal,17,24/02_al_13/03,2
LITORAL,AAPPCE,Entre Ríos,Hinojal,17,14/03_al_28/03,Sin datos
LITORAL,AAPRESID,Entre Ríos,Colonia Celina,17,3,0
LITORAL,AAPRESID,Entre Ríos,Colonia Celina,17,24/02_al_13/03,23
LITORAL,AAPRESID,Entre Ríos,Colonia Celina,17,14/03_al_28/03,37
LITORAL,AAPRESID,Entre Ríos,Viale,17,3,0
LITORAL,AAPRESID,Entre Ríos,Viale,17,24/02_al_13/03,0
LITORAL,AAPRESID,Entre Ríos,Viale,17,14/03_al_28/03,1
LITORAL,AAPRESID,Entre Ríos,Sauce Pinto,17,3,Sin datos
LITORAL,AAPRESID,Entre Ríos,Sauce Pinto,17,24/02_al_13/03,Sin datos
LITORAL,AAPRESID,Entre Ríos,Sauce Pinto,17,14/03_al_28/03,Sin datos
LITORAL,AAPRESID,Entre Ríos,Gualeguay,17,3,0
LITORAL,AAPRESID,Entre Ríos,Gualeguay,17,24/02_al_13/03,0
LITORAL,AAPRESID,Entre Ríos,Gualeguay,17,14/03_al_28/03,0
LITORAL,AAPRESID,Entre Ríos,Paso de las Piedras,17,3,87
LITORAL,AAPRESID,Entre Ríos,Paso de las Piedras,17,24/02_al_13/03,36
LITORAL,AAPRESID,Entre Ríos,Paso de las Piedras,17,14/03_al_28/03,51
LITORAL,AAPRESID,Entre Ríos,Villa Hernandarias,17,3,14
LITORAL,AAPRESID,Entre Ríos,Villa Hernandarias,17,24/02_al_13/03,65
LITORAL,AAPRESID,Entre Ríos,Villa Hernandarias,17,14/03_al_28/03,14
LITORAL,AAPRESID,Entre Ríos,Don Cristobal,17,3,10
LITORAL,AAPRESID,Entre Ríos,Don Cristobal,17,24/02_al_13/03,5
LITORAL,AAPRESID,Entre Ríos,Don Cristobal,17,14/03_al_28/03,22
LITORAL,CREA,Entre Ríos,Las Garzas,17,3,465
LITORAL,CREA,Entre Ríos,Las Garzas,17,24/02_al_13/03,41
LITORAL,CREA,Entre Ríos,Las Garzas,17,14/03_al_28/03,444
LITORAL,CREA,Entre Ríos,Santa Elena,17,3,0
LITORAL,CREA,Entre Ríos,Santa Elena,17,24/02_al_13/03,Sin datos
LITORAL,CREA,Entre Ríos,Santa Elena,17,14/03_al_28/03,0
LITORAL,CREA,Entre Ríos,Montoya,17,3,Sin datos
LITORAL,CREA,Entre Ríos,Montoya,17,24/02_al_13/03,Sin datos
LITORAL,CREA,Entre Ríos,Montoya,17,14/03_al_28/03,Sin datos
LITORAL,CREA,Entre Ríos,La Paz,17,3,2
LITORAL,CREA,Entre Ríos,La Paz,17,24/02_al_13/03,0
LITORAL,CREA,Entre Ríos,La Paz,17,14/03_al_28/03,9
LITORAL,CREA,Entre Ríos,Molino Doll,17,3,0
LITORAL,CREA,Entre Ríos,Molino Doll,17,24/02_al_13/03,0
LITORAL,CREA,Entre Ríos,Molino Doll,17,14/03_al_28/03,0
LITORAL,CREA,Entre Ríos,Feliciano,17,3,Sin datos
LITORAL,CREA,Entre Ríos,Feliciano,17,24/02_al_13/03,0
LITORAL,CREA,Entre Ríos,Feliciano,17,14/03_al_28/03,0
LITORAL,CREA,Entre Ríos,Villa Lila,17,3,6
LITORAL,CREA,Entre Ríos,Villa Lila,17,24/02_al_13/03,0
LITORAL,CREA,Entre Ríos,Villa Lila,17,14/03_al_28/03,9
LITORAL,CREA,Entre Ríos,Gualeguay,17,3,0
LITORAL,CREA,Entre Ríos,Gualeguay,17,24/02_al_13/03,0
LITORAL,CREA,Entre Ríos,Gualeguay,17,14/03_al_28/03,0
LITORAL,CREA,Entre Ríos,Victoria,17,3,3
LITORAL,CREA,Entre Ríos,Victoria,17,24/02_al_13/03,Sin datos
LITORAL,CREA,Entre Ríos,Victoria,17,14/03_al_28/03,0
CENTRO NORTE,CREA,Entre Ríos,San Fernando,17,3,15
CENTRO NORTE,CREA,Entre Ríos,San Fernando,17,24/02_al_13/03,Sin datos
CENTRO NORTE,CREA,Entre Ríos,San Fernando,17,14/03_al_28/03,5
CENTRO NORTE,INTA,Entre Ríos,La Paz,17,3,1
CENTRO NORTE,INTA,Entre Ríos,La Paz,17,24/02_al_13/03,0
CENTRO NORTE,INTA,Entre Ríos,La Paz,17,14/03_al_28/03,0
CENTRO NORTE,INTA,Entre Ríos,Nogoya,17,3,94
CENTRO NORTE,INTA,Entre Ríos,Nogoya,17,24/02_al_13/03,12
CENTRO NORTE,INTA,Entre Ríos,Nogoya,17,14/03_al_28/03,32
CENTRO NORTE,INTA,Entre Ríos,Urdinarrain,17,3,Sin datos
CENTRO NORTE,INTA,Entre Ríos,Urdinarrain,17,24/02_al_13/03,0
CENTRO NORTE,INTA,Entre Ríos,Urdinarrain,17,14/03_al_28/03,56
CENTRO NORTE,INTA,Entre Ríos,Concepción del,17,3,4
CENTRO NORTE,INTA,Entre Ríos,Concepción del,17,24/02_al_13/03,12
CENTRO NORTE,INTA,Entre Ríos,Concepción del,17,14/03_al_28/03,13
CENTRO NORTE,INTA,Entre Ríos,Uruguay,17,24/02_al_13/03,13
CENTRO NORTE,INTA,Entre Ríos,Diamante,17,3,10
CENTRO NORTE,INTA,Entre Ríos,Diamante,17,24/02_al_13/03,4
CENTRO NORTE,INTA,Entre Ríos,Diamante,17,14/03_al_28/03,10
CENTRO NORTE,INTA,Entre Ríos,Gualeguay,17,3,148
CENTRO NORTE,INTA,Entre Ríos,Gualeguay,17,24/02_al_13/03,5
CENTRO NORTE,INTA,Entre Ríos,Gualeguay,17,14/03_al_28/03,153
CENTRO NORTE,INTA,Entre Ríos,Parana,17,3,232
CENTRO NORTE,INTA,Entre Ríos,Parana,17,24/02_al_13/03,357
CENTRO NORTE,INTA,Entre Ríos,Parana,17,14/03_al_28/03,189
CENTRO NORTE,AAPRESID,San Luis,La Toma,17,3,0
CENTRO NORTE,AAPRESID,San Luis,La Toma,17,24/02_al_13/03,0
CENTRO NORTE,AAPRESID,San Luis,La Toma,17,14/03_al_28/03,Sin datos
CENTRO NORTE,AAPPCE,Córdoba,Corralito,17,3,15
CENTRO NORTE,AAPPCE,Córdoba,Corralito,17,24/02_al_13/03,9
CENTRO NORTE,AAPPCE,Córdoba,Corralito,17,14/03_al_28/03,0
CENTRO NORTE,AAPPCE,Córdoba,Freyre,17,3,126
CENTRO NORTE,AAPPCE,Córdoba,Freyre,17,24/02_al_13/03,13
CENTRO NORTE,AAPPCE,Córdoba,Freyre,17,14/03_al_28/03,55
CENTRO NORTE,AAPPCE,Córdoba,Morteros,17,3,53
CENTRO NORTE,AAPPCE,Córdoba,Morteros,17,24/02_al_13/03,4
CENTRO NORTE,AAPPCE,Córdoba,Morteros,17,14/03_al_28/03,23
CENTRO NORTE,AAPPCE,Córdoba,Rayo Cortado,17,3,45
CENTRO NORTE,AAPPCE,Córdoba,Rayo Cortado,17,24/02_al_13/03,4
CENTRO NORTE,AAPPCE,Córdoba,Rayo Cortado,17,14/03_al_28/03,12
CENTRO NORTE,AAPPCE,Córdoba,Jesus María,17,3,5
CENTRO NORTE,AAPPCE,Córdoba,Jesus María,17,24/02_al_13/03,0
CENTRO NORTE,AAPPCE,Córdoba,Jesus María,17,14/03_al_28/03,0
CENTRO NORTE,AAPPCE,Córdoba,El Fortín,17,3,Trampa perdida
CENTRO NORTE,AAPPCE,Córdoba,El Fortín,17,24/02_al_13/03,2
CENTRO NORTE,AAPPCE,Córdoba,El Fortín,17,14/03_al_28/03,31
CENTRO NORTE,AAPPCE,Córdoba,Río Ceballos,17,3,Trampa perdida
CENTRO NORTE,AAPPCE,Córdoba,Río Ceballos,17,24/02_al_13/03,0
CENTRO NORTE,AAPPCE,Córdoba,Río Ceballos,17,14/03_al_28/03,0
CENTRO NORTE,AAPRESID,Córdoba,Villa María,17,3,0
CENTRO NORTE,AAPRESID,Córdoba,Villa María,17,24/02_al_13/03,Sin datos
CENTRO NORTE,AAPRESID,Córdoba,Villa María,17,14/03_al_28/03,0
CENTRO NORTE,AAPRESID,Córdoba,Cañada de Luque,17,3,26
CENTRO NORTE,AAPRESID,Córdoba,Cañada de Luque,17,24/02_al_13/03,1
CENTRO NORTE,AAPRESID,Córdoba,Cañada de Luque,17,14/03_al_28/03,5
CENTRO NORTE,AAPRESID,Córdoba,Capilla de Sitón,17,3,34
CENTRO NORTE,AAPRESID,Córdoba,Capilla de Sitón,17,24/02_al_13/03,1
CENTRO NORTE,AAPRESID,Córdoba,Capilla de Sitón,17,14/03_al_28/03,12
CENTRO NORTE,AAPRESID,Córdoba,Carrilobo,17,3,3
CENTRO NORTE,AAPRESID,Córdoba,Carrilobo,17,24/02_al_13/03,Sin datos
CENTRO NORTE,AAPRESID,Córdoba,Carrilobo,17,14/03_al_28/03,Sin datos
CENTRO NORTE,AAPRESID,Córdoba,Devoto,17,3,12
CENTRO NORTE,AAPRESID,Córdoba,Devoto,17,24/02_al_13/03,3
CENTRO NORTE,AAPRESID,Córdoba,Devoto,17,14/03_al_28/03,1
CENTRO NORTE,AAPRESID,Córdoba,Eufrasio Loza,17,3,5
CENTRO NORTE,AAPRESID,Córdoba,Eufrasio Loza,17,24/02_al_13/03,5
CENTRO NORTE,AAPRESID,Córdoba,Eufrasio Loza,17,14/03_al_28/03,Sin datos
CENTRO NORTE,AAPRESID,Córdoba,Laguna Larga,17,3,1
CENTRO NORTE,AAPRESID,Córdoba,Laguna Larga,17,24/02_al_13/03,1
CENTRO NORTE,AAPRESID,Córdoba,Laguna Larga,17,14/03_al_28/03,0
CENTRO NORTE,AAPRESID,Córdoba,Las Bajadas,17,3,2
CENTRO NORTE,AAPRESID,Córdoba,Las Bajadas,17,24/02_al_13/03,0
CENTRO NORTE,AAPRESID,Córdoba,Las Bajadas,17,14/03_al_28/03,1
CENTRO NORTE,AAPRESID,Córdoba,Monte del Rosario,17,3,161
CENTRO NORTE,AAPRESID,Córdoba,Monte del Rosario,17,24/02_al_13/03,41
CENTRO NORTE,AAPRESID,Córdoba,Monte del Rosario,17,14/03_al_28/03,41
CENTRO NORTE,AAPRESID,Córdoba,Montecristo,17,3,158
CENTRO NORTE,AAPRESID,Córdoba,Montecristo,17,24/02_al_13/03,14
CENTRO NORTE,AAPRESID,Córdoba,Montecristo,17,14/03_al_28/03,45
CENTRO NORTE,AAPRESID,Córdoba,Obispo trejo,17,24/02_al_13/03,0
CENTRO NORTE,AAPRESID,Córdoba,Obispo trejo,17,14/03_al_28/03,0
CENTRO NORTE,AAPRESID,Córdoba,Río Segundo- T1,17,3,12
CENTRO NORTE,AAPRESID,Córdoba,Río Segundo- T1,17,24/02_al_13/03,6
CENTRO NORTE,AAPRESID,Córdoba,Río Segundo- T1,17,14/03_al_28/03,8
CENTRO SUR,CREA,Santa Fe,Ataliva,17,3,38
CENTRO SUR,CREA,Santa Fe,Ataliva,17,24/02_al_13/03,0
CENTRO SUR,CREA,Santa Fe,Ataliva,17,14/03_al_28/03,Sin datos
CENTRO SUR,CREA,Santa Fe,Bernardo de Irigoyen,17,3,8
CENTRO SUR,CREA,Santa Fe,Bernardo de Irigoyen,17,24/02_al_13/03,2
CENTRO SUR,CREA,Santa Fe,Bernardo de Irigoyen,17,14/03_al_28/03,17
CENTRO SUR,CREA,Santa Fe,Crispi,17,3,131
CENTRO SUR,CREA,Santa Fe,Crispi,17,24/02_al_13/03,Sin datos
CENTRO SUR,CREA,Santa Fe,Crispi,17,14/03_al_28/03,39
CENTRO SUR,CREA,Santa Fe,Esperanza,17,3,322
CENTRO SUR,CREA,Santa Fe,Esperanza,17,24/02_al_13/03,24
CENTRO SUR,CREA,Santa Fe,Esperanza,17,14/03_al_28/03,Sin datos
CENTRO SUR,CREA,Santa Fe,Moisés Ville,17,3,38
CENTRO SUR,CREA,Santa Fe,Moisés Ville,17,24/02_al_13/03,0
CENTRO SUR,CREA,Santa Fe,Moisés Ville,17,14/03_al_28/03,4
CENTRO SUR,CREA,Santa Fe,Rincón de Ávila,17,3,230
CENTRO SUR,CREA,Santa Fe,Rincón de Ávila,17,24/02_al_13/03,2
CENTRO SUR,CREA,Santa Fe,Rincón de Ávila,17,14/03_al_28/03,Sin datos
CENTRO SUR,CREA,Santa Fe,San Fabián,17,3,7
CENTRO SUR,CREA,Santa Fe,San Fabián,17,24/02_al_13/03,2
CENTRO SUR,CREA,Santa Fe,San Fabián,17,14/03_al_28/03,22
CENTRO SUR,CREA,Santa Fe,San Martin de las,17,3,174
CENTRO SUR,CREA,Santa Fe,San Martin de las,17,24/02_al_13/03,6
CENTRO SUR,CREA,Santa Fe,San Martin de las,17,14/03_al_28/03,110
CENTRO SUR,,,Escobas,17,24/02_al_13/03,6
CENTRO SUR,CREA,Santa Fe,Cañada Rosquín,17,3,262
CENTRO SUR,CREA,Santa Fe,Cañada Rosquín,17,24/02_al_13/03,6
CENTRO SUR,CREA,Santa Fe,Cañada Rosquín,17,14/03_al_28/03,406
CENTRO SUR,CREA,Santa Fe,El Trébol 4,17,3,Sin datos
CENTRO SUR,CREA,Santa Fe,El Trébol 4,17,24/02_al_13/03,Sin datos
CENTRO SUR,CREA,Santa Fe,El Trébol 4,17,14/03_al_28/03,0
CENTRO SUR,INTA,Córdoba,Marull,17,3,23
CENTRO SUR,INTA,Córdoba,Marull,17,24/02_al_13/03,0
CENTRO SUR,INTA,Córdoba,Marull,17,14/03_al_28/03,0
CENTRO SUR,INTA,Santa Fe,Centeno,17,3,258
CENTRO SUR,INTA,Santa Fe,Centeno,17,24/02_al_13/03,20
CENTRO SUR,INTA,Santa Fe,Centeno,17,14/03_al_28/03,94
CENTRO SUR,INTA,Santa Fe,Rafaela,17,3,564
CENTRO SUR,INTA,Santa Fe,Rafaela,17,24/02_al_13/03,106
CENTRO SUR,INTA,Santa Fe,Rafaela,17,14/03_al_28/03,179
CENTRO SUR,INTA,Santa Fe,Ceres,17,3,302
CENTRO SUR,INTA,Santa Fe,Ceres,17,24/02_al_13/03,7
CENTRO SUR,INTA,Santa Fe,Ceres,17,14/03_al_28/03,13
CENTRO SUR,INTA,Santa Fe,San Justo,17,3,321
CENTRO SUR,INTA,Santa Fe,San Justo,17,24/02_al_13/03,32
CENTRO SUR,INTA,Santa Fe,San Justo,17,14/03_al_28/03,28
CENTRO SUR,AAPRESID,San Luís,La Angelina,17,3,0
CENTRO SUR,AAPRESID,San Luís,La Angelina,17,24/02_al_13/03,0
CENTRO SUR,AAPRESID,San Luís,La Angelina,17,14/03_al_28/03,0
CENTRO SUR,AAPRESID,San Luís,Nueva Galia,17,3,0
CENTRO SUR,AAPRESID,San Luís,Nueva Galia,17,24/02_al_13/03,0
CENTRO SUR,AAPRESID,San Luís,Nueva Galia,17,14/03_al_28/03,0
CENTRO SUR,CREA,San Luís,Buena Esperanza,17,3,1
CENTRO SUR,CREA,San Luís,Buena Esperanza,17,24/02_al_13/03,0
CENTRO SUR,CREA,San Luís,Buena Esperanza,17,14/03_al_28/03,0
CENTRO SUR,CREA,San Luís,Juan Jorba,17,3,5
CENTRO SUR,CREA,San Luís,Juan Jorba,17,24/02_al_13/03,0
CENTRO SUR,CREA,San Luís,Juan Jorba,17,14/03_al_28/03,0
CENTRO SUR,CREA,San Luís,Los molles,17,3,9
CENTRO SUR,CREA,San Luís,Los molles,17,24/02_al_13/03,0
CENTRO SUR,CREA,San Luís,Los molles,17,14/03_al_28/03,0
CENTRO SUR,CREA,San Luís,Naschel,17,3,25
CENTRO SUR,CREA,San Luís,Naschel,17,24/02_al_13/03,3
CENTRO SUR,CREA,San Luís,Naschel,17,14/03_al_28/03,7
CENTRO SUR,CREA,San Luís,San Martín,17,3,2
CENTRO SUR,CREA,San Luís,San Martín,17,24/02_al_13/03,0
CENTRO SUR,CREA,San Luís,San Martín,17,14/03_al_28/03,2
CENTRO SUR,INTA,San Luís,San Luis 1,17,3,0
CENTRO SUR,INTA,San Luís,San Luis 1,17,24/02_al_13/03,0
CENTRO SUR,INTA,San Luís,San Luis 1,17,14/03_al_28/03,0
CENTRO SUR,INTA,San Luís,Quines,17,3,50
CENTRO SUR,INTA,San Luís,Quines,17,24/02_al_13/03,5
CENTRO SUR,INTA,San Luís,Quines,17,14/03_al_28/03,16
CENTRO SUR,AAPPCE,Córdoba,Ana Zumaran,17,3,21
CENTRO SUR,AAPPCE,Córdoba,Ana Zumaran,17,24/02_al_13/03,6
CENTRO SUR,AAPPCE,Córdoba,Ana Zumaran,17,14/03_al_28/03,Sin datos
CENTRO SUR,AAPPCE,Córdoba,Cnel. Baigorria,17,3,0
CENTRO SUR,AAPPCE,Córdoba,Cnel. Baigorria,17,24/02_al_13/03,0
CENTRO SUR,AAPPCE,Córdoba,Cnel. Baigorria,17,14/03_al_28/03,0
CENTRO SUR,AAPPCE,Córdoba,General Roca,17,3,44
CENTRO SUR,AAPPCE,Córdoba,General Roca,17,24/02_al_13/03,0
CENTRO SUR,AAPPCE,Córdoba,General Roca,17,14/03_al_28/03,Sin datos
CENTRO SUR,AAPPCE,Córdoba,Gral. Cabrera,17,3,0
CENTRO SUR,AAPPCE,Córdoba,Gral. Cabrera,17,24/02_al_13/03,0
CENTRO SUR,AAPPCE,Córdoba,Gral. Cabrera,17,14/03_al_28/03,0
CENTRO SUR,AAPPCE,Córdoba,La playosa,17,3,23
CENTRO SUR,AAPPCE,Córdoba,La playosa,17,24/02_al_13/03,12
CENTRO SUR,AAPPCE,Córdoba,La playosa,17,14/03_al_28/03,Sin datos
NOA,AAPRESID,Jujuy,Palpala,18,3,58
NOA,AAPRESID,Jujuy,Palpala,18,14/03_al_28/03,123
NOA,AAPRESID,Jujuy,Palpala,18,29/03_al_14/04,49
NOA,CREA,Jujuy,EL Carmen,18,3,44
NOA,CREA,Jujuy,EL Carmen,18,14/03_al_28/03,1
NOA,CREA,Jujuy,EL Carmen,18,29/03_al_14/04,6
NOA,CREA,Jujuy,Fraile Pintado,18,3,40
NOA,CREA,Jujuy,Fraile Pintado,18,14/03_al_28/03,Trampa perdida
NOA,CREA,Jujuy,Fraile Pintado,18,29/03_al_14/04,32
NOA,CREA,Jujuy,Santa Clara,18,3,68
NOA,CREA,Jujuy,Santa Clara,18,14/03_al_28/03,1
NOA,CREA,Jujuy,Santa Clara,18,29/03_al_14/04,21
NOA,INTA,Jujuy,El Bananal,18,3,221
NOA,INTA,Jujuy,El Bananal,18,14/03_al_28/03,21
NOA,INTA,Jujuy,El Bananal,18,29/03_al_14/04,44
NOA,AAPPCE,Salta,Rio Piedras,18,3,Sin datos
NOA,AAPPCE,Salta,Rio Piedras,18,14/03_al_28/03,Sin datos
NOA,AAPPCE,Salta,Rio Piedras,18,29/03_al_14/04,Sin datos
NOA,AAPRESID,Salta,Güemes,18,3,68
NOA,AAPRESID,Salta,Güemes,18,14/03_al_28/03,285
NOA,AAPRESID,Salta,Güemes,18,29/03_al_14/04,283
NOA,AAPRESID,Salta,Rivadavia,18,3,1
NOA,AAPRESID,Salta,Rivadavia,18,14/03_al_28/03,40
NOA,AAPRESID,Salta,Rivadavia,18,29/03_al_14/04,Trampa perdida
NOA,AAPRESID,Salta,Piquete Cabado 1,18,3,785
NOA,AAPRESID,Salta,Piquete Cabado 1,18,14/03_al_28/03,248
NOA,AAPRESID,Salta,Piquete Cabado 1,18,29/03_al_14/04,748
NOA,CREA,Salta,Antilla,18,3,210
NOA,CREA,Salta,Antilla,18,14/03_al_28/03,52
NOA,CREA,Salta,Antilla,18,29/03_al_14/04,Sin datos
NOA,CREA,Salta,Ballivián,18,3,48
NOA,CREA,Salta,Ballivián,18,14/03_al_28/03,22
NOA,CREA,Salta,Ballivián,18,29/03_al_14/04,36
NOA,CREA,Salta,Ceibalito,18,3,663
NOA,CREA,Salta,Ceibalito,18,14/03_al_28/03,Sin datos
NOA,CREA,Salta,Ceibalito,18,29/03_al_14/04,328
NOA,CREA,Salta,Chaguaral,18,3,Trampa perdida
NOA,CREA,Salta,Chaguaral,18,14/03_al_28/03,0
NOA,CREA,Salta,Chaguaral,18,29/03_al_14/04,0
NOA,CREA,Salta,Copo Quiles,18,3,307
NOA,CREA,Salta,Copo Quiles,18,14/03_al_28/03,72
NOA,CREA,Salta,Copo Quiles,18,29/03_al_14/04,205
NOA,CREA,Salta,El Bordo,18,3,381
NOA,CREA,Salta,El Bordo,18,14/03_al_28/03,237
NOA,CREA,Salta,El Bordo,18,29/03_al_14/04,384
NOA,CREA,Salta,El Galpón,18,3,1269
NOA,CREA,Salta,El Galpón,18,14/03_al_28/03,369
NOA,CREA,Salta,El Galpón,18,29/03_al_14/04,903
NOA,CREA,Salta,El Tunal,18,3,233
NOA,CREA,Salta,El Tunal,18,14/03_al_28/03,142
NOA,CREA,Salta,El Tunal,18,29/03_al_14/04,132
NOA,CREA,Salta,Embarcación,18,3,717
NOA,CREA,Salta,Embarcación,18,14/03_al_28/03,118
NOA,CREA,Salta,Embarcación,18,29/03_al_14/04,163
NOA,CREA,Salta,Gral Pizarro,18,3,Trampa perdida
NOA,CREA,Salta,Gral Pizarro,18,14/03_al_28/03,54
NOA,CREA,Salta,Gral Pizarro,18,29/03_al_14/04,77
NOA,CREA,Salta,Horcones,18,3,283
NOA,CREA,Salta,Horcones,18,14/03_al_28/03,120
NOA,CREA,Salta,Horcones,18,29/03_al_14/04,174
NOA,CREA,Salta,J V Gonzales,18,3,537
NOA,CREA,Salta,J V Gonzales,18,14/03_al_28/03,Sin datos
NOA,CREA,Salta,J V Gonzales,18,29/03_al_14/04,Sin datos
NOA,CREA,Salta,Las Lajitas T3,18,3,968
NOA,CREA,Salta,Las Lajitas T3,18,14/03_al_28/03,30
NOA,CREA,Salta,Las Lajitas T3,18,29/03_al_14/04,708
NOA,CREA,Salta,Metan 1,18,3,220
NOA,CREA,Salta,Metan 1,18,14/03_al_28/03,36
NOA,CREA,Salta,Metan 1,18,29/03_al_14/04,71
NOA,CREA,Salta,Metan 2,18,3,828
NOA,CREA,Salta,Metan 2,18,14/03_al_28/03,260
NOA,CREA,Salta,Metan 2,18,29/03_al_14/04,816
NOA,CREA,Salta,Mollinedo,18,3,1526
NOA,CREA,Salta,Mollinedo,18,14/03_al_28/03,305
NOA,CREA,Salta,Mollinedo,18,29/03_al_14/04,594
NOA,CREA,Salta,Mosconi,18,3,Sin datos
NOA,CREA,Salta,Mosconi,18,14/03_al_28/03,Trampa perdida
NOA,CREA,Salta,Mosconi,18,29/03_al_14/04,26
NOA,CREA,Salta,Nstra Sra de Talavera,18,3,1106
NOA,CREA,Salta,Nstra Sra de Talavera,18,14/03_al_28/03,Sin datos
NOA,CREA,Salta,Nstra Sra de Talavera,18,29/03_al_14/04,Trampa perdida
NOA,CREA,Salta,Pichanal,18,3,Trampa perdida
NOA,CREA,Salta,Pichanal,18,14/03_al_28/03,0
NOA,CREA,Salta,Pichanal,18,29/03_al_14/04,0
NOA,CREA,Salta,Piquete Cabado 2,18,3,628
NOA,CREA,Salta,Piquete Cabado 2,18,14/03_al_28/03,Sin datos
NOA,CREA,Salta,Piquete Cabado 2,18,29/03_al_14/04,459
NOA,CREA,Salta,Santo Domingo,18,3,701
NOA,CREA,Salta,Santo Domingo,18,14/03_al_28/03,Sin datos
NOA,CREA,Salta,Santo Domingo,18,29/03_al_14/04,1014
NOA,CREA,Salta,Saravia,18,3,513
NOA,CREA,Salta,Saravia,18,14/03_al_28/03,Sin datos
NOA,CREA,Salta,Saravia,18,29/03_al_14/04,612
NEA,CREA,Santiago Del Estero,Pozo de Bedert,18,3,285
NEA,CREA,Santiago Del Estero,Pozo de Bedert,18,14/03_al_28/03,105
NEA,CREA,Santiago Del Estero,Pozo de Bedert,18,29/03_al_14/04,Sin datos
NEA,CREA,Santiago Del Estero,Pozo Hondo,18,3,164
NEA,CREA,Santiago Del Estero,Pozo Hondo,18,14/03_al_28/03,57
NEA,CREA,Santiago Del Estero,Pozo Hondo,18,29/03_al_14/04,42
NEA,CREA,Santiago Del Estero,San Pedro de Guasayán,18,3,Sin datos
NEA,CREA,Santiago Del Estero,San Pedro de Guasayán,18,14/03_al_28/03,44
NEA,CREA,Santiago Del Estero,San Pedro de Guasayán,18,29/03_al_14/04,143
NEA,CREA,Santiago Del Estero,Termas de Río Hondo,18,3,325
NEA,CREA,Santiago Del Estero,Termas de Río Hondo,18,14/03_al_28/03,Sin datos
NEA,CREA,Santiago Del Estero,Termas de Río Hondo,18,29/03_al_14/04,115
NEA,CREA,Santiago Del Estero,Vinará,18,3,124
NEA,CREA,Santiago Del Estero,Vinará,18,14/03_al_28/03,5
NEA,CREA,Santiago Del Estero,Vinará,18,29/03_al_14/04,7
NEA,CREA,Catamarca,El Abra,18,3,68
NEA,CREA,Catamarca,El Abra,18,14/03_al_28/03,271
NEA,CREA,Catamarca,El Abra,18,29/03_al_14/04,228
NEA,CREA,Catamarca,Los Altos,18,3,11
NEA,CREA,Catamarca,Los Altos,18,14/03_al_28/03,0
NEA,CREA,Catamarca,Los Altos,18,29/03_al_14/04,3
NEA,CREA,Formosa,Las Lomitas,18,3,6
NEA,CREA,Formosa,Las Lomitas,18,14/03_al_28/03,Sin datos
NEA,CREA,Formosa,Las Lomitas,18,29/03_al_14/04,Sin datos
NEA,CREA,Formosa,Perin,18,3,Sin datos
NEA,CREA,Formosa,Perin,18,14/03_al_28/03,2
NEA,CREA,Formosa,Perin,18,29/03_al_14/04,41
NEA,,Formosa,I NTA El colorado,18,3,2
NEA,,Formosa,I NTA El colorado,18,14/03_al_28/03,0
NEA,,Formosa,I NTA El colorado,18,29/03_al_14/04,1
NEA,,Formosa,I NTA Comandante Fontana,18,3,52
NEA,,Formosa,I NTA Comandante Fontana,18,14/03_al_28/03,16
NEA,,Formosa,I NTA Comandante Fontana,18,29/03_al_14/04,67
NEA,AAPRESID,Chaco,Tres Isletas,18,3,17
NEA,AAPRESID,Chaco,Tres Isletas,18,14/03_al_28/03,Sin datos
NEA,AAPRESID,Chaco,Tres Isletas,18,29/03_al_14/04,22
NEA,AAPRESID,Chaco,Pampa del Infierno,18,3,47
NEA,AAPRESID,Chaco,Pampa del Infierno,18,14/03_al_28/03,12
NEA,AAPRESID,Chaco,Pampa del Infierno,18,29/03_al_14/04,45
NEA,AAPRESID,Chaco,Concepción del Bermejo,18,3,0
NEA,AAPRESID,Chaco,Concepción del Bermejo,18,14/03_al_28/03,Sin datos
NEA,AAPRESID,Chaco,Concepción del Bermejo,18,29/03_al_14/04,9
NEA,AAPRESID,Chaco,Don Luciano (C. del,18,3,Sin datos
NEA,AAPRESID,Chaco,Don Luciano (C. del,18,14/03_al_28/03,Sin datos
NEA,AAPRESID,Chaco,Don Luciano (C. del,18,29/03_al_14/04,Trampa perdida
NEA,AAPRESID,Chaco,Las Piedritas,18,3,0
NEA,AAPRESID,Chaco,Las Piedritas,18,14/03_al_28/03,0
NEA,AAPRESID,Chaco,Las Piedritas,18,29/03_al_14/04,0
NEA,CREA,Chaco,Los Frentones,18,3,0
NEA,CREA,Chaco,Los Frentones,18,14/03_al_28/03,41
NEA,CREA,Chaco,Los Frentones,18,29/03_al_14/04,126
NEA,CREA,Chaco,Juan José Castelli,18,3,38
NEA,CREA,Chaco,Juan José Castelli,18,14/03_al_28/03,9
NEA,CREA,Chaco,Juan José Castelli,18,29/03_al_14/04,Sin datos
NEA,CREA,Chaco,El Timbo Pampa,18,3,880
NEA,CREA,Chaco,El Timbo Pampa,18,14/03_al_28/03,Sin datos
NEA,CREA,Chaco,El Timbo Pampa,18,29/03_al_14/04,73
NEA,CREA,Chaco,El Tocon Bermejo,18,3,346
NEA,CREA,Chaco,El Tocon Bermejo,18,14/03_al_28/03,Sin datos
NEA,CREA,Chaco,El Tocon Bermejo,18,29/03_al_14/04,2
NEA,CREA,Chaco,Las Breñas,18,3,155
NEA,CREA,Chaco,Las Breñas,18,14/03_al_28/03,Sin datos
NEA,CREA,Chaco,Las Breñas,18,29/03_al_14/04,0
NEA,CREA,Chaco,Santa Teresa Capdevilla,18,3,136
NEA,CREA,Chaco,Santa Teresa Capdevilla,18,14/03_al_28/03,104
NEA,CREA,Chaco,Santa Teresa Capdevilla,18,29/03_al_14/04,120
NEA,CREA,Chaco,Pampa Cejas,18,3,0
NEA,CREA,Chaco,Pampa Cejas,18,14/03_al_28/03,Sin datos
NEA,CREA,Chaco,Pampa Cejas,18,29/03_al_14/04,1440
NEA,CREA,Chaco,3 Retoños,18,3,0
NEA,CREA,Chaco,3 Retoños,18,14/03_al_28/03,43
NEA,CREA,Chaco,3 Retoños,18,29/03_al_14/04,Sin datos
NEA,CREA,Chaco,Quitilipi,18,3,481
NEA,CREA,Chaco,Quitilipi,18,14/03_al_28/03,0
NEA,CREA,Chaco,Quitilipi,18,29/03_al_14/04,Sin datos
NEA,CREA,Chaco,PampaToloza,18,3,640
NEA,CREA,Chaco,PampaToloza,18,14/03_al_28/03,Sin datos
NEA,CREA,Chaco,PampaToloza,18,29/03_al_14/04,Sin datos
NEA,CREA,Chaco,Kempe,18,3,5
NEA,CREA,Chaco,Kempe,18,14/03_al_28/03,0
NEA,CREA,Chaco,Kempe,18,29/03_al_14/04,13
LITORAL,CREA,Santa Fe,Hersilia,18,3,37
LITORAL,CREA,Santa Fe,Hersilia,18,14/03_al_28/03,3
LITORAL,CREA,Santa Fe,Hersilia,18,29/03_al_14/04,2
LITORAL,CREA,Santa Fe,La Penca y Caraguatá,18,3,1675
LITORAL,CREA,Santa Fe,La Penca y Caraguatá,18,14/03_al_28/03,492
LITORAL,CREA,Santa Fe,La Penca y Caraguatá,18,29/03_al_14/04,1350
LITORAL,CREA,Santa Fe,Ramayón,18,3,237
LITORAL,CREA,Santa Fe,Ramayón,18,14/03_al_28/03,29
LITORAL,CREA,Santa Fe,Ramayón,18,29/03_al_14/04,244
LITORAL,CREA,Santa Fe,Alejandra,18,3,119
LITORAL,CREA,Santa Fe,Alejandra,18,14/03_al_28/03,37
LITORAL,CREA,Santa Fe,Alejandra,18,29/03_al_14/04,176
LITORAL,CREA,Santa Fe,Margarita,18,3,147
LITORAL,CREA,Santa Fe,Margarita,18,14/03_al_28/03,21
LITORAL,CREA,Santa Fe,Margarita,18,29/03_al_14/04,279
LITORAL,CREA,Santa Fe,Vera y Pintado,18,3,98
LITORAL,CREA,Santa Fe,Vera y Pintado,18,14/03_al_28/03,29
LITORAL,CREA,Santa Fe,Vera y Pintado,18,29/03_al_14/04,193
LITORAL,CREA,Santa Fe,Emilia,18,3,42
LITORAL,CREA,Santa Fe,Emilia,18,14/03_al_28/03,32
LITORAL,CREA,Santa Fe,Emilia,18,29/03_al_14/04,108
LITORAL,CREA,Santa Fe,La María,18,3,119
LITORAL,CREA,Santa Fe,La María,18,14/03_al_28/03,37
LITORAL,CREA,Santa Fe,La María,18,29/03_al_14/04,176
LITORAL,CREA,Santa Fe,La Osca,18,3,140
LITORAL,CREA,Santa Fe,La Osca,18,14/03_al_28/03,54
LITORAL,CREA,Santa Fe,La Osca,18,29/03_al_14/04,160
LITORAL,CREA,Santa Fe,Llambí Campbell,18,3,Sin datos
LITORAL,CREA,Santa Fe,Llambí Campbell,18,14/03_al_28/03,10
LITORAL,CREA,Santa Fe,Llambí Campbell,18,29/03_al_14/04,10
LITORAL,CREA,Santa Fe,Malabrigo,18,3,108
LITORAL,CREA,Santa Fe,Malabrigo,18,14/03_al_28/03,42
LITORAL,CREA,Santa Fe,Malabrigo,18,29/03_al_14/04,207
LITORAL,CREA,Santa Fe,Soledad,18,3,7
LITORAL,CREA,Santa Fe,Soledad,18,14/03_al_28/03,11
LITORAL,CREA,Santa Fe,Soledad,18,29/03_al_14/04,3
LITORAL,CREA,Santa Fe,Villa Saralegui,18,3,85
LITORAL,CREA,Santa Fe,Villa Saralegui,18,14/03_al_28/03,18
LITORAL,CREA,Santa Fe,Villa Saralegui,18,29/03_al_14/04,30
LITORAL,INTA,Santa Fe,Reconquista,18,3,755
LITORAL,INTA,Santa Fe,Reconquista,18,14/03_al_28/03,1031
LITORAL,INTA,Santa Fe,Reconquista,18,29/03_al_14/04,1314
LITORAL,INTA,Santa Fe,Calchaquí,18,3,0
LITORAL,INTA,Santa Fe,Calchaquí,18,14/03_al_28/03,24
LITORAL,INTA,Santa Fe,Calchaquí,18,29/03_al_14/04,20
LITORAL,INTA,Santa Fe,Logroño,18,3,647
LITORAL,INTA,Santa Fe,Logroño,18,14/03_al_28/03,171
LITORAL,INTA,Santa Fe,Logroño,18,29/03_al_14/04,763
LITORAL,INTA,Santa Fe,San javier,18,3,1300
LITORAL,INTA,Santa Fe,San javier,18,14/03_al_28/03,1640
LITORAL,INTA,Santa Fe,San javier,18,29/03_al_14/04,2152
LITORAL,INTA,Santa Fe,La sarita,18,3,190
LITORAL,INTA,Santa Fe,La sarita,18,14/03_al_28/03,48
LITORAL,INTA,Santa Fe,La sarita,18,29/03_al_14/04,389
LITORAL,AAPRESID,Corrientes,Mercedes,18,3,55
LITORAL,AAPRESID,Corrientes,Mercedes,18,14/03_al_28/03,4
LITORAL,AAPRESID,Corrientes,Mercedes,18,29/03_al_14/04,2
LITORAL,AAPRESID,Corrientes,Ambrosio,18,3,25
LITORAL,AAPRESID,Corrientes,Ambrosio,18,14/03_al_28/03,1
LITORAL,AAPRESID,Corrientes,Ambrosio,18,29/03_al_14/04,17
LITORAL,AAPRESID,Corrientes,Corrientes,18,3,181
LITORAL,AAPRESID,Corrientes,Corrientes,18,14/03_al_28/03,160
LITORAL,AAPRESID,Corrientes,Corrientes,18,29/03_al_14/04,209
LITORAL,AAPRESID,Corrientes,Bella Vista,18,3,2
LITORAL,AAPRESID,Corrientes,Bella Vista,18,14/03_al_28/03,1
LITORAL,AAPRESID,Corrientes,Bella Vista,18,29/03_al_14/04,4
LITORAL,INTA,Corrientes,Sauce,18,3,8
LITORAL,INTA,Corrientes,Sauce,18,14/03_al_28/03,0
LITORAL,INTA,Corrientes,Sauce,18,29/03_al_14/04,1
LITORAL,INTA,Corrientes,Estancia el Rocio Copra,18,3,9
LITORAL,INTA,Corrientes,Estancia el Rocio Copra,18,14/03_al_28/03,3
LITORAL,INTA,Corrientes,Estancia el Rocio Copra,18,29/03_al_14/04,11
LITORAL,INTA,Corrientes,Mercedes,18,3,213
LITORAL,INTA,Corrientes,Mercedes,18,14/03_al_28/03,108
LITORAL,INTA,Corrientes,Mercedes,18,29/03_al_14/04,159
LITORAL,INTA,Corrientes,Virasoro,18,3,0
LITORAL,INTA,Corrientes,Virasoro,18,14/03_al_28/03,3
LITORAL,INTA,Corrientes,Virasoro,18,29/03_al_14/04,2
LITORAL,INTA,Corrientes,Goya,18,3,141
LITORAL,INTA,Corrientes,Goya,18,14/03_al_28/03,0
LITORAL,INTA,Corrientes,Goya,18,29/03_al_14/04,9
LITORAL,INTA,Corrientes,Ituzaingo,18,3,0
LITORAL,INTA,Corrientes,Ituzaingo,18,14/03_al_28/03,Sin datos
LITORAL,INTA,Corrientes,Ituzaingo,18,29/03_al_14/04,0
LITORAL,INTA,Corrientes,Esquina,18,3,0
LITORAL,INTA,Corrientes,Esquina,18,14/03_al_28/03,0
LITORAL,INTA,Corrientes,Esquina,18,29/03_al_14/04,0
CENTRO NORTE,AAPPCE,Entre Ríos,Isletas,18,3,2
CENTRO NORTE,AAPPCE,Entre Ríos,Isletas,18,14/03_al_28/03,Sin datos
CENTRO NORTE,AAPPCE,Entre Ríos,Isletas,18,29/03_al_14/04,1
CENTRO NORTE,AAPPCE,Entre Ríos,La paz,18,3,0
CENTRO NORTE,AAPPCE,Entre Ríos,La paz,18,14/03_al_28/03,0
CENTRO NORTE,AAPPCE,Entre Ríos,La paz,18,29/03_al_14/04,Sin datos
CENTRO NORTE,AAPPCE,Entre Ríos,Hinojal,18,3,71
CENTRO NORTE,AAPPCE,Entre Ríos,Hinojal,18,14/03_al_28/03,Sin datos
CENTRO NORTE,AAPPCE,Entre Ríos,Hinojal,18,29/03_al_14/04,23
CENTRO NORTE,AAPRESID,Entre Ríos,Colonia Celina,18,3,0
CENTRO NORTE,AAPRESID,Entre Ríos,Colonia Celina,18,14/03_al_28/03,37
CENTRO NORTE,AAPRESID,Entre Ríos,Colonia Celina,18,29/03_al_14/04,0
CENTRO NORTE,AAPRESID,Entre Ríos,Viale,18,3,2
CENTRO NORTE,AAPRESID,Entre Ríos,Viale,18,14/03_al_28/03,1
CENTRO NORTE,AAPRESID,Entre Ríos,Viale,18,29/03_al_14/04,0
CENTRO NORTE,AAPRESID,Entre Ríos,Gualeguay,18,3,0
CENTRO NORTE,AAPRESID,Entre Ríos,Gualeguay,18,14/03_al_28/03,0
CENTRO NORTE,AAPRESID,Entre Ríos,Gualeguay,18,29/03_al_14/04,0
CENTRO NORTE,AAPRESID,Entre Ríos,Paso de las Piedras,18,3,55
CENTRO NORTE,AAPRESID,Entre Ríos,Paso de las Piedras,18,14/03_al_28/03,51
CENTRO NORTE,AAPRESID,Entre Ríos,Paso de las Piedras,18,29/03_al_14/04,87
CENTRO NORTE,AAPRESID,Entre Ríos,Villa Hernandarias,18,3,9
CENTRO NORTE,AAPRESID,Entre Ríos,Villa Hernandarias,18,14/03_al_28/03,14
CENTRO NORTE,AAPRESID,Entre Ríos,Villa Hernandarias,18,29/03_al_14/04,14
CENTRO NORTE,AAPRESID,Entre Ríos,Don Cristobal,18,3,20
CENTRO NORTE,AAPRESID,Entre Ríos,Don Cristobal,18,14/03_al_28/03,22
CENTRO NORTE,AAPRESID,Entre Ríos,Don Cristobal,18,29/03_al_14/04,10
CENTRO NORTE,CREA,Entre Ríos,Las Garzas,18,3,517
CENTRO NORTE,CREA,Entre Ríos,Las Garzas,18,14/03_al_28/03,444
CENTRO NORTE,CREA,Entre Ríos,Las Garzas,18,29/03_al_14/04,465
CENTRO NORTE,CREA,Entre Ríos,Santa Elena,18,3,0
CENTRO NORTE,CREA,Entre Ríos,Santa Elena,18,14/03_al_28/03,0
CENTRO NORTE,CREA,Entre Ríos,Santa Elena,18,29/03_al_14/04,0
CENTRO NORTE,CREA,Entre Ríos,La Paz,18,3,54
CENTRO NORTE,CREA,Entre Ríos,La Paz,18,14/03_al_28/03,9
CENTRO NORTE,CREA,Entre Ríos,La Paz,18,29/03_al_14/04,2
CENTRO NORTE,CREA,Entre Ríos,Molino Doll,18,3,0
CENTRO NORTE,CREA,Entre Ríos,Molino Doll,18,14/03_al_28/03,0
CENTRO NORTE,CREA,Entre Ríos,Molino Doll,18,29/03_al_14/04,0
CENTRO NORTE,CREA,Entre Ríos,Feliciano,18,3,34
CENTRO NORTE,CREA,Entre Ríos,Feliciano,18,14/03_al_28/03,0
CENTRO NORTE,CREA,Entre Ríos,Feliciano,18,29/03_al_14/04,Sin datos
CENTRO NORTE,CREA,Entre Ríos,Villa Lila,18,3,112
CENTRO NORTE,CREA,Entre Ríos,Villa Lila,18,14/03_al_28/03,9
CENTRO NORTE,CREA,Entre Ríos,Villa Lila,18,29/03_al_14/04,6
CENTRO NORTE,CREA,Entre Ríos,Gualeguay,18,3,0
CENTRO NORTE,CREA,Entre Ríos,Gualeguay,18,14/03_al_28/03,0
CENTRO NORTE,CREA,Entre Ríos,Gualeguay,18,29/03_al_14/04,0
CENTRO NORTE,CREA,Entre Ríos,Victoria,18,3,3
CENTRO NORTE,CREA,Entre Ríos,Victoria,18,14/03_al_28/03,0
CENTRO NORTE,CREA,Entre Ríos,Victoria,18,29/03_al_14/04,3
CENTRO NORTE,CREA,Entre Ríos,Arroyo Barú,18,3,374
CENTRO NORTE,CREA,Entre Ríos,Arroyo Barú,18,14/03_al_28/03,734
CENTRO NORTE,CREA,Entre Ríos,Arroyo Barú,18,29/03_al_14/04,435
CENTRO NORTE,CREA,Entre Ríos,San Fernando,18,3,6
CENTRO NORTE,CREA,Entre Ríos,San Fernando,18,14/03_al_28/03,5
CENTRO NORTE,CREA,Entre Ríos,San Fernando,18,29/03_al_14/04,15
CENTRO NORTE,INTA,Entre Ríos,La Paz,18,3,5
CENTRO NORTE,INTA,Entre Ríos,La Paz,18,14/03_al_28/03,0
CENTRO NORTE,INTA,Entre Ríos,La Paz,18,29/03_al_14/04,1
CENTRO NORTE,INTA,Entre Ríos,Nogoya,18,3,109
CENTRO NORTE,INTA,Entre Ríos,Nogoya,18,14/03_al_28/03,32
CENTRO NORTE,INTA,Entre Ríos,Nogoya,18,29/03_al_14/04,94
CENTRO NORTE,INTA,Entre Ríos,Urdinarrain,18,3,38
CENTRO NORTE,INTA,Entre Ríos,Urdinarrain,18,14/03_al_28/03,56
CENTRO NORTE,INTA,Entre Ríos,Urdinarrain,18,29/03_al_14/04,Sin datos
CENTRO NORTE,INTA,Entre Ríos,Concepción del Uruguay,18,3,17
CENTRO NORTE,INTA,Entre Ríos,Concepción del Uruguay,18,14/03_al_28/03,13
CENTRO NORTE,INTA,Entre Ríos,Concepción del Uruguay,18,29/03_al_14/04,4
CENTRO NORTE,INTA,Entre Ríos,Diamante,18,3,12
CENTRO NORTE,INTA,Entre Ríos,Diamante,18,14/03_al_28/03,10
CENTRO NORTE,INTA,Entre Ríos,Diamante,18,29/03_al_14/04,10
CENTRO NORTE,INTA,Entre Ríos,Gualeguay,18,3,153
CENTRO NORTE,INTA,Entre Ríos,Gualeguay,18,14/03_al_28/03,153
CENTRO NORTE,INTA,Entre Ríos,Gualeguay,18,29/03_al_14/04,148
CENTRO NORTE,INTA,Entre Ríos,Parana,18,3,163
CENTRO NORTE,INTA,Entre Ríos,Parana,18,14/03_al_28/03,189
CENTRO NORTE,INTA,Entre Ríos,Parana,18,29/03_al_14/04,232
CENTRO NORTE,AAPRESID,San Luis,La Toma,18,3,Sin datos
CENTRO NORTE,AAPRESID,San Luis,La Toma,18,14/03_al_28/03,Sin datos
CENTRO NORTE,AAPRESID,San Luis,La Toma,18,29/03_al_14/04,0
CENTRO NORTE,AAPPCE,Córdoba,Corralito,18,3,127
CENTRO NORTE,AAPPCE,Córdoba,Corralito,18,14/03_al_28/03,0
CENTRO NORTE,AAPPCE,Córdoba,Corralito,18,29/03_al_14/04,15
CENTRO SUR,AAPRESID,San Luís,La Angelina,18,3,0
CENTRO SUR,AAPRESID,San Luís,La Angelina,18,14/03_al_28/03,0
CENTRO SUR,AAPRESID,San Luís,La Angelina,18,29/03_al_14/04,0
CENTRO SUR,AAPRESID,San Luís,Nueva Galia,18,3,0
CENTRO SUR,AAPRESID,San Luís,Nueva Galia,18,14/03_al_28/03,0
CENTRO SUR,AAPRESID,San Luís,Nueva Galia,18,29/03_al_14/04,0
CENTRO SUR,CREA,San Luís,Buena Esperanza,18,3,8
CENTRO SUR,CREA,San Luís,Buena Esperanza,18,14/03_al_28/03,0
CENTRO SUR,CREA,San Luís,Buena Esperanza,18,29/03_al_14/04,1
CENTRO SUR,CREA,San Luís,Juan Jorba,18,3,6
CENTRO SUR,CREA,San Luís,Juan Jorba,18,14/03_al_28/03,0
CENTRO SUR,CREA,San Luís,Juan Jorba,18,29/03_al_14/04,5
CENTRO SUR,CREA,San Luís,Los molles,18,3,16
CENTRO SUR,CREA,San Luís,Los molles,18,14/03_al_28/03,0
CENTRO SUR,CREA,San Luís,Los molles,18,29/03_al_14/04,9
CENTRO SUR,CREA,San Luís,Naschel,18,3,39
CENTRO SUR,CREA,San Luís,Naschel,18,14/03_al_28/03,7
CENTRO SUR,CREA,San Luís,Naschel,18,29/03_al_14/04,25
CENTRO SUR,CREA,San Luís,San Martín,18,3,17
CENTRO SUR,CREA,San Luís,San Martín,18,14/03_al_28/03,2
CENTRO SUR,CREA,San Luís,San Martín,18,29/03_al_14/04,2
CENTRO SUR,INTA,San Luís,San Luis 1,18,3,0
CENTRO SUR,INTA,San Luís,San Luis 1,18,14/03_al_28/03,0
CENTRO SUR,INTA,San Luís,San Luis 1,18,29/03_al_14/04,0
CENTRO SUR,INTA,San Luís,Quines,18,3,46
CENTRO SUR,INTA,San Luís,Quines,18,14/03_al_28/03,16
CENTRO SUR,INTA,San Luís,Quines,18,29/03_al_14/04,50
CENTRO SUR,AAPPCE,Córdoba,Ana Zumaran,18,3,62
CENTRO SUR,AAPPCE,Córdoba,Ana Zumaran,18,14/03_al_28/03,Sin datos
CENTRO SUR,AAPPCE,Córdoba,Ana Zumaran,18,29/03_al_14/04,21
CENTRO SUR,AAPPCE,Córdoba,Cnel. Baigorria,18,3,0
CENTRO SUR,AAPPCE,Córdoba,Cnel. Baigorria,18,14/03_al_28/03,0
CENTRO SUR,AAPPCE,Córdoba,Cnel. Baigorria,18,29/03_al_14/04,0
CENTRO SUR,AAPPCE,Córdoba,General Roca,18,3,15
CENTRO SUR,AAPPCE,Córdoba,General Roca,18,14/03_al_28/03,Sin datos
CENTRO SUR,AAPPCE,Córdoba,General Roca,18,29/03_al_14/04,44
CENTRO SUR,AAPPCE,Córdoba,Gral. Cabrera,18,3,0
CENTRO SUR,AAPPCE,Córdoba,Gral. Cabrera,18,14/03_al_28/03,0
CENTRO SUR,AAPPCE,Córdoba,Gral. Cabrera,18,29/03_al_14/04,0
CENTRO SUR,AAPPCE,Córdoba,La playosa,18,3,87
CENTRO SUR,AAPPCE,Córdoba,La playosa,18,14/03_al_28/03,Sin datos
CENTRO SUR,AAPPCE,Córdoba,La playosa,18,29/03_al_14/04,23
CENTRO SUR,AAPPCE,Córdoba,Ordoñez,18,3,0
CENTRO SUR,AAPPCE,Córdoba,Ordoñez,18,14/03_al_28/03,Sin datos
CENTRO SUR,AAPPCE,Córdoba,Ordoñez,18,29/03_al_14/04,0
CENTRO SUR,AAPPCE,Córdoba,Tosquita,18,3,0
CENTRO SUR,AAPPCE,Córdoba,Tosquita,18,14/03_al_28/03,0
CENTRO SUR,AAPPCE,Córdoba,Tosquita,18,29/03_al_14/04,0
CENTRO SUR,AAPPCE,Córdoba,Arroyo Cabral,18,3,52
CENTRO SUR,AAPPCE,Córdoba,Arroyo Cabral,18,14/03_al_28/03,22
CENTRO SUR,AAPPCE,Córdoba,Arroyo Cabral,18,29/03_al_14/04,25
CENTRO SUR,AAPPCE,Córdoba,Villa María,18,3,68
CENTRO SUR,AAPPCE,Córdoba,Villa María,18,14/03_al_28/03,Sin datos
CENTRO SUR,AAPPCE,Córdoba,Villa María,18,29/03_al_14/04,18
CENTRO SUR,AAPRESID,Córdoba,Benjamín Gould,18,3,2
CENTRO SUR,AAPRESID,Córdoba,Benjamín Gould,18,14/03_al_28/03,Sin datos
CENTRO SUR,AAPRESID,Córdoba,Benjamín Gould,18,29/03_al_14/04,0
CENTRO SUR,AAPRESID,Córdoba,Buchardo,18,3,0
CENTRO SUR,AAPRESID,Córdoba,Buchardo,18,14/03_al_28/03,0
CENTRO SUR,AAPRESID,Córdoba,Buchardo,18,29/03_al_14/04,0
CENTRO SUR,AAPRESID,Córdoba,Coronel Moldes,18,3,4
CENTRO SUR,AAPRESID,Córdoba,Coronel Moldes,18,14/03_al_28/03,0
CENTRO SUR,AAPRESID,Córdoba,Coronel Moldes,18,29/03_al_14/04,0
CENTRO SUR,AAPRESID,Córdoba,Corral de Bustos,18,3,46
CENTRO SUR,AAPRESID,Córdoba,Corral de Bustos,18,14/03_al_28/03,Sin datos
CENTRO SUR,AAPRESID,Córdoba,Corral de Bustos,18,29/03_al_14/04,0
CENTRO SUR,AAPRESID,Córdoba,Guatimozin,18,3,Sin datos
CENTRO SUR,AAPRESID,Córdoba,Guatimozin,18,14/03_al_28/03,0
CENTRO SUR,AAPRESID,Córdoba,Guatimozin,18,29/03_al_14/04,0
CENTRO SUR,AAPRESID,Córdoba,Idiazabal,18,3,4
CENTRO SUR,AAPRESID,Córdoba,Idiazabal,18,14/03_al_28/03,1
CENTRO SUR,AAPRESID,Córdoba,Idiazabal,18,29/03_al_14/04,2
CENTRO SUR,AAPRESID,Córdoba,Lecueder,18,3,Sin datos
CENTRO SUR,AAPRESID,Córdoba,Lecueder,18,14/03_al_28/03,Sin datos
CENTRO SUR,AAPRESID,Córdoba,Lecueder,18,29/03_al_14/04,0
CENTRO SUR,AAPRESID,Córdoba,Villa Valeria,18,3,0
CENTRO SUR,AAPRESID,Córdoba,Villa Valeria,18,14/03_al_28/03,0
CENTRO SUR,AAPRESID,Córdoba,Villa Valeria,18,29/03_al_14/04,0
CENTRO SUR,AAPRESID,Córdoba,Jovita,18,3,0
CENTRO SUR,AAPRESID,Córdoba,Jovita,18,14/03_al_28/03,0
CENTRO SUR,AAPRESID,Córdoba,Jovita,18,29/03_al_14/04,0
CENTRO SUR,AAPRESID,Córdoba,Adelia María,18,3,Sin datos
CENTRO SUR,AAPRESID,Córdoba,Adelia María,18,14/03_al_28/03,5
CENTRO SUR,AAPRESID,Córdoba,Adelia María,18,29/03_al_14/04,6
CENTRO SUR,CREA,Córdoba,Chilibroste,18,3,0
CENTRO SUR,CREA,Córdoba,Chilibroste,18,14/03_al_28/03,0
CENTRO SUR,CREA,Córdoba,Chilibroste,18,29/03_al_14/04,0
CENTRO SUR,CREA,Córdoba,Justiniano Posse,18,3,Sin datos
CENTRO SUR,CREA,Córdoba,Justiniano Posse,18,14/03_al_28/03,Sin datos
CENTRO SUR,CREA,Córdoba,Justiniano Posse,18,29/03_al_14/04,0
CENTRO SUR,CREA,Córdoba,Huinca Renanco,18,3,1
CENTRO SUR,CREA,Córdoba,Huinca Renanco,18,14/03_al_28/03,0
CENTRO SUR,CREA,Córdoba,Huinca Renanco,18,29/03_al_14/04,2
NOA,AAPRESID,Jujuy,Palpala,19,3,98
NOA,AAPRESID,Jujuy,Palpala,19,29/03_al_14/04,49
NOA,AAPRESID,Jujuy,Palpala,19,15/04_al_28/04,58
NOA,CREA,Jujuy,EL Carmen,19,3,Sin datos
NOA,CREA,Jujuy,EL Carmen,19,29/03_al_14/04,6
NOA,CREA,Jujuy,EL Carmen,19,15/04_al_28/04,44
NOA,CREA,Jujuy,Fraile Pintado,19,3,Sin datos
NOA,CREA,Jujuy,Fraile Pintado,19,29/03_al_14/04,32
NOA,CREA,Jujuy,Fraile Pintado,19,15/04_al_28/04,40
NOA,CREA,Jujuy,Santa Clara,19,3,Sin datos
NOA,CREA,Jujuy,Santa Clara,19,29/03_al_14/04,21
NOA,CREA,Jujuy,Santa Clara,19,15/04_al_28/04,68
NOA,INTA,Jujuy,El Bananal,19,3,347
NOA,INTA,Jujuy,El Bananal,19,29/03_al_14/04,44
NOA,INTA,Jujuy,El Bananal,19,15/04_al_28/04,221
NOA,AAPRESID,Salta,Güemes,19,3,115
NOA,AAPRESID,Salta,Güemes,19,29/03_al_14/04,283
NOA,AAPRESID,Salta,Güemes,19,15/04_al_28/04,68
NOA,AAPRESID,Salta,Rivadavia,19,3,234
NOA,AAPRESID,Salta,Rivadavia,19,29/03_al_14/04,Trampa perdida
NOA,AAPRESID,Salta,Rivadavia,19,15/04_al_28/04,1
NOA,AAPRESID,Salta,Piquete Cabado 1,19,3,1123
NOA,AAPRESID,Salta,Piquete Cabado 1,19,29/03_al_14/04,748
NOA,AAPRESID,Salta,Piquete Cabado 1,19,15/04_al_28/04,785
NOA,CREA,Salta,Antilla,19,3,2115
NOA,CREA,Salta,Antilla,19,29/03_al_14/04,Sin datos
NOA,CREA,Salta,Antilla,19,15/04_al_28/04,210
NOA,CREA,Salta,Ballivián,19,3,544
NOA,CREA,Salta,Ballivián,19,29/03_al_14/04,36
NOA,CREA,Salta,Ballivián,19,15/04_al_28/04,48
NOA,CREA,Salta,Ceibalito,19,3,Sin datos
NOA,CREA,Salta,Ceibalito,19,29/03_al_14/04,328
NOA,CREA,Salta,Ceibalito,19,15/04_al_28/04,663
NOA,CREA,Salta,Chaguaral,19,3,Trampa perdida
NOA,CREA,Salta,Chaguaral,19,29/03_al_14/04,0
NOA,CREA,Salta,Chaguaral,19,15/04_al_28/04,Trampa perdida
NOA,CREA,Salta,Copo Quiles,19,3,1137
NOA,CREA,Salta,Copo Quiles,19,29/03_al_14/04,205
NOA,CREA,Salta,Copo Quiles,19,15/04_al_28/04,307
NOA,CREA,Salta,El Bordo,19,3,Sin datos
NOA,CREA,Salta,El Bordo,19,29/03_al_14/04,384
NOA,CREA,Salta,El Bordo,19,15/04_al_28/04,381
NOA,CREA,Salta,El Galpón,19,3,1644
NOA,CREA,Salta,El Galpón,19,29/03_al_14/04,903
NOA,CREA,Salta,El Galpón,19,15/04_al_28/04,1269
NOA,CREA,Salta,El Tunal,19,3,351
NOA,CREA,Salta,El Tunal,19,29/03_al_14/04,132
NOA,CREA,Salta,El Tunal,19,15/04_al_28/04,233
NOA,CREA,Salta,Embarcación,19,3,1531
NOA,CREA,Salta,Embarcación,19,29/03_al_14/04,163
NOA,CREA,Salta,Embarcación,19,15/04_al_28/04,717
NOA,CREA,Salta,Gral Pizarro,19,3,50
NOA,CREA,Salta,Gral Pizarro,19,29/03_al_14/04,77
NOA,CREA,Salta,Gral Pizarro,19,15/04_al_28/04,Trampa perdida
NOA,CREA,Salta,Horcones,19,3,Sin datos
NOA,CREA,Salta,Horcones,19,29/03_al_14/04,174
NOA,CREA,Salta,Horcones,19,15/04_al_28/04,283
NOA,CREA,Salta,J V Gonzales,19,3,Sin datos
NOA,CREA,Salta,J V Gonzales,19,29/03_al_14/04,Sin datos
NOA,CREA,Salta,J V Gonzales,19,15/04_al_28/04,537
NOA,CREA,Salta,Las Lajitas T3,19,3,661
NOA,CREA,Salta,Las Lajitas T3,19,29/03_al_14/04,708
NOA,CREA,Salta,Las Lajitas T3,19,15/04_al_28/04,968
NOA,CREA,Salta,Metan 1,19,3,594
NOA,CREA,Salta,Metan 1,19,29/03_al_14/04,71
NOA,CREA,Salta,Metan 1,19,15/04_al_28/04,220
NOA,CREA,Salta,Metan 2,19,3,1623
NOA,CREA,Salta,Metan 2,19,29/03_al_14/04,816
NOA,CREA,Salta,Metan 2,19,15/04_al_28/04,828
NOA,CREA,Salta,Mollinedo,19,3,3600
NOA,CREA,Salta,Mollinedo,19,29/03_al_14/04,594
NOA,CREA,Salta,Mollinedo,19,15/04_al_28/04,1526
NOA,CREA,Salta,Mosconi,19,3,Sin datos
NOA,CREA,Salta,Mosconi,19,29/03_al_14/04,26
NOA,CREA,Salta,Mosconi,19,15/04_al_28/04,Sin datos
NOA,CREA,Salta,Nstra Sra de Talavera,19,3,Sin datos
NOA,CREA,Salta,Nstra Sra de Talavera,19,29/03_al_14/04,Trampa perdida
NOA,CREA,Salta,Nstra Sra de Talavera,19,15/04_al_28/04,1106
NOA,CREA,Salta,Pichanal,19,3,300
NOA,CREA,Salta,Pichanal,19,29/03_al_14/04,0
NOA,CREA,Salta,Pichanal,19,15/04_al_28/04,Trampa perdida
NOA,CREA,Salta,Piquete Cabado 2,19,3,Sin datos
NOA,CREA,Salta,Piquete Cabado 2,19,29/03_al_14/04,459
NOA,CREA,Salta,Piquete Cabado 2,19,15/04_al_28/04,628
NOA,CREA,Salta,Santo Domingo,19,3,Sin datos
NOA,CREA,Salta,Santo Domingo,19,29/03_al_14/04,1014
NOA,CREA,Salta,Santo Domingo,19,15/04_al_28/04,701
NOA,CREA,Salta,Saravia,19,3,Sin datos
NOA,CREA,Salta,Saravia,19,29/03_al_14/04,612
NOA,CREA,Salta,Saravia,19,15/04_al_28/04,513
NOA,CREA,Salta,Tolloche,19,3,Sin datos
NOA,CREA,Salta,Tolloche,19,29/03_al_14/04,459
NOA,CREA,Salta,Tolloche,19,15/04_al_28/04,1202
NOA,CREA,Salta,Urundel,19,3,1280
NOA,CREA,Salta,Urundel,19,29/03_al_14/04,28
NOA,CREA,Salta,Urundel,19,15/04_al_28/04,178
NOA,INTA,Salta,Metán,19,3,263
NOA,INTA,Salta,Metán,19,29/03_al_14/04,966
NOA,INTA,Salta,Metán,19,15/04_al_28/04,613
NOA,CREA,Tucumán,Acequiones,19,3,5120
NOA,CREA,Tucumán,Acequiones,19,29/03_al_14/04,226
NOA,CREA,Tucumán,Acequiones,19,15/04_al_28/04,401
NEA,CREA,Santiago Del Estero,Vinará,19,3,284
NEA,CREA,Santiago Del Estero,Vinará,19,29/03_al_14/04,7
NEA,CREA,Santiago Del Estero,Vinará,19,15/04_al_28/04,124
NEA,CREA,Catamarca,El Abra,19,3,210
NEA,CREA,Catamarca,El Abra,19,29/03_al_14/04,228
NEA,CREA,Catamarca,El Abra,19,15/04_al_28/04,68
NEA,CREA,Catamarca,Los Altos,19,3,169
NEA,CREA,Catamarca,Los Altos,19,29/03_al_14/04,3
NEA,CREA,Catamarca,Los Altos,19,15/04_al_28/04,11
NEA,CREA,Formosa,Las Lomitas,19,3,Sin datos
NEA,CREA,Formosa,Las Lomitas,19,29/03_al_14/04,Sin datos
NEA,CREA,Formosa,Las Lomitas,19,15/04_al_28/04,6
NEA,CREA,Formosa,Perin,19,3,65
NEA,CREA,Formosa,Perin,19,29/03_al_14/04,41
NEA,CREA,Formosa,Perin,19,15/04_al_28/04,Sin datos
NEA,INTA,Formosa,El colorado,19,3,8
NEA,INTA,Formosa,El colorado,19,29/03_al_14/04,1
NEA,INTA,Formosa,El colorado,19,15/04_al_28/04,2
NEA,INTA,Formosa,Comandante Fontana,19,3,475
NEA,INTA,Formosa,Comandante Fontana,19,29/03_al_14/04,67
NEA,INTA,Formosa,Comandante Fontana,19,15/04_al_28/04,52
NEA,AAPRESID,Chaco,Tres Isletas,19,3,Sin datos
NEA,AAPRESID,Chaco,Tres Isletas,19,29/03_al_14/04,22
NEA,AAPRESID,Chaco,Tres Isletas,19,15/04_al_28/04,17
NEA,AAPRESID,Chaco,Pampa del Infierno,19,3,95
NEA,AAPRESID,Chaco,Pampa del Infierno,19,29/03_al_14/04,45
NEA,AAPRESID,Chaco,Pampa del Infierno,19,15/04_al_28/04,47
NEA,AAPRESID,Chaco,Concepción del Bermejo,19,29/03_al_14/04,9
NEA,AAPRESID,Chaco,Concepción del Bermejo,19,15/04_al_28/04,0
NEA,AAPRESID,Chaco,Don Luciano (C. del Bermejo),19,3,43
NEA,AAPRESID,Chaco,Don Luciano (C. del Bermejo),19,29/03_al_14/04,Trampa perdida
NEA,AAPRESID,Chaco,Don Luciano (C. del Bermejo),19,15/04_al_28/04,Sin datos
NEA,AAPRESID,Chaco,Villa Angela,19,3,44
NEA,AAPRESID,Chaco,Villa Angela,19,29/03_al_14/04,Sin datos
NEA,AAPRESID,Chaco,Villa Angela,19,15/04_al_28/04,49
NEA,AAPRESID,Chaco,Las Piedritas,19,3,0
NEA,AAPRESID,Chaco,Las Piedritas,19,29/03_al_14/04,0
NEA,AAPRESID,Chaco,Las Piedritas,19,15/04_al_28/04,0
NEA,CREA,Chaco,Los Frentones,19,3,Sin datos
NEA,CREA,Chaco,Los Frentones,19,29/03_al_14/04,126
NEA,CREA,Chaco,Los Frentones,19,15/04_al_28/04,0
NEA,CREA,Chaco,Juan José Castelli,19,3,Sin datos
NEA,CREA,Chaco,Juan José Castelli,19,29/03_al_14/04,Sin datos
NEA,CREA,Chaco,Juan José Castelli,19,15/04_al_28/04,38
NEA,CREA,Chaco,El Timbo Pampa,19,3,Sin datos
NEA,CREA,Chaco,El Timbo Pampa,19,29/03_al_14/04,73
NEA,CREA,Chaco,El Timbo Pampa,19,15/04_al_28/04,35
NEA,CREA,Chaco,El Tocon Bermejo,19,3,10
NEA,CREA,Chaco,El Tocon Bermejo,19,29/03_al_14/04,2
NEA,CREA,Chaco,El Tocon Bermejo,19,15/04_al_28/04,346
NEA,CREA,Chaco,Las Breñas,19,3,30
NEA,CREA,Chaco,Las Breñas,19,29/03_al_14/04,0
NEA,CREA,Chaco,Las Breñas,19,15/04_al_28/04,155
NEA,CREA,Chaco,Santa Teresa Capdevilla,19,3,Sin datos
NEA,CREA,Chaco,Santa Teresa Capdevilla,19,29/03_al_14/04,120
NEA,CREA,Chaco,Santa Teresa Capdevilla,19,15/04_al_28/04,136
NEA,CREA,Chaco,Pampa Cejas,19,3,Sin datos
NEA,CREA,Chaco,Pampa Cejas,19,29/03_al_14/04,1440
NEA,CREA,Chaco,Pampa Cejas,19,15/04_al_28/04,0
NEA,CREA,Chaco,3 Retoños,19,3,53
NEA,CREA,Chaco,3 Retoños,19,29/03_al_14/04,Sin datos
NEA,CREA,Chaco,3 Retoños,19,15/04_al_28/04,0
NEA,CREA,Chaco,Quitilipi,19,3,Sin datos
NEA,CREA,Chaco,Quitilipi,19,29/03_al_14/04,Sin datos
NEA,CREA,Chaco,Quitilipi,19,15/04_al_28/04,0
NEA,CREA,Chaco,PampaToloza,19,3,Sin datos
NEA,CREA,Chaco,PampaToloza,19,29/03_al_14/04,Sin datos
NEA,CREA,Chaco,PampaToloza,19,15/04_al_28/04,640
NEA,CREA,Chaco,Kempe,19,3,0
NEA,CREA,Chaco,Kempe,19,29/03_al_14/04,13
NEA,CREA,Chaco,Kempe,19,15/04_al_28/04,5
NEA,INTA,Chaco,Gral. Pinedo,19,3,45
NEA,INTA,Chaco,Gral. Pinedo,19,29/03_al_14/04,Sin datos
NEA,INTA,Chaco,Gral. Pinedo,19,15/04_al_28/04,65
NEA,INTA,Chaco,Tres Isletas,19,3,62
NEA,INTA,Chaco,Tres Isletas,19,29/03_al_14/04,18
NEA,INTA,Chaco,Tres Isletas,19,15/04_al_28/04,43
NEA,INTA,Chaco,Pampa del Infierno,19,3,15
NEA,INTA,Chaco,Pampa del Infierno,19,29/03_al_14/04,1
NEA,INTA,Chaco,Pampa del Infierno,19,15/04_al_28/04,7
NEA,INTA,Chaco,Las Breñas,19,3,480
NEA,INTA,Chaco,Las Breñas,19,29/03_al_14/04,191
NEA,INTA,Chaco,Las Breñas,19,15/04_al_28/04,330
LITORAL,CREA,Santa Fe,Ramayón,19,3,277
LITORAL,CREA,Santa Fe,Ramayón,19,29/03_al_14/04,244
LITORAL,CREA,Santa Fe,Ramayón,19,15/04_al_28/04,237
LITORAL,CREA,Santa Fe,Alejandra,19,3,22
LITORAL,CREA,Santa Fe,Alejandra,19,29/03_al_14/04,176
LITORAL,CREA,Santa Fe,Alejandra,19,15/04_al_28/04,119
LITORAL,CREA,Santa Fe,Margarita,19,3,Trampa perdida
LITORAL,CREA,Santa Fe,Margarita,19,29/03_al_14/04,279
LITORAL,CREA,Santa Fe,Margarita,19,15/04_al_28/04,147
LITORAL,CREA,Santa Fe,Vera y Pintado,19,3,166
LITORAL,CREA,Santa Fe,Vera y Pintado,19,29/03_al_14/04,193
LITORAL,CREA,Santa Fe,Vera y Pintado,19,15/04_al_28/04,98
LITORAL,CREA,Santa Fe,Emilia,19,3,Sin datos
LITORAL,CREA,Santa Fe,Emilia,19,29/03_al_14/04,108
LITORAL,CREA,Santa Fe,Emilia,19,15/04_al_28/04,42
LITORAL,CREA,Santa Fe,La María,19,3,22
LITORAL,CREA,Santa Fe,La María,19,29/03_al_14/04,176
LITORAL,CREA,Santa Fe,La María,19,15/04_al_28/04,119
LITORAL,CREA,Santa Fe,La Osca,19,3,236
LITORAL,CREA,Santa Fe,La Osca,19,29/03_al_14/04,160
LITORAL,CREA,Santa Fe,La Osca,19,15/04_al_28/04,140
LITORAL,CREA,Santa Fe,Llambí Campbell,19,3,Sin datos
LITORAL,CREA,Santa Fe,Llambí Campbell,19,29/03_al_14/04,10
LITORAL,CREA,Santa Fe,Llambí Campbell,19,15/04_al_28/04,Sin datos
LITORAL,CREA,Santa Fe,Malabrigo,19,3,122
LITORAL,CREA,Santa Fe,Malabrigo,19,29/03_al_14/04,207
LITORAL,CREA,Santa Fe,Malabrigo,19,15/04_al_28/04,108
LITORAL,CREA,Santa Fe,Soledad,19,3,7
LITORAL,CREA,Santa Fe,Soledad,19,29/03_al_14/04,3
LITORAL,CREA,Santa Fe,Soledad,19,15/04_al_28/04,7
LITORAL,CREA,Santa Fe,Villa Saralegui,19,3,Sin datos
LITORAL,CREA,Santa Fe,Villa Saralegui,19,29/03_al_14/04,30
LITORAL,CREA,Santa Fe,Villa Saralegui,19,15/04_al_28/04,85
LITORAL,INTA,Santa Fe,Reconquista,19,3,567
LITORAL,INTA,Santa Fe,Reconquista,19,29/03_al_14/04,1314
LITORAL,INTA,Santa Fe,Reconquista,19,15/04_al_28/04,755
LITORAL,INTA,Santa Fe,Calchaquí,19,3,5
LITORAL,INTA,Santa Fe,Calchaquí,19,29/03_al_14/04,20
LITORAL,INTA,Santa Fe,Calchaquí,19,15/04_al_28/04,0
LITORAL,INTA,Santa Fe,Logroño,19,3,1158
LITORAL,INTA,Santa Fe,Logroño,19,29/03_al_14/04,763
LITORAL,INTA,Santa Fe,Logroño,19,15/04_al_28/04,647
LITORAL,INTA,Santa Fe,San javier,19,3,0
LITORAL,INTA,Santa Fe,San javier,19,29/03_al_14/04,2152
LITORAL,INTA,Santa Fe,San javier,19,15/04_al_28/04,1300
LITORAL,INTA,Santa Fe,La sarita,19,3,234
LITORAL,INTA,Santa Fe,La sarita,19,29/03_al_14/04,389
LITORAL,INTA,Santa Fe,La sarita,19,15/04_al_28/04,190
LITORAL,AAPRESID,Corrientes,Mercedes,19,3,12
LITORAL,AAPRESID,Corrientes,Mercedes,19,29/03_al_14/04,2
LITORAL,AAPRESID,Corrientes,Mercedes,19,15/04_al_28/04,55
LITORAL,AAPRESID,Corrientes,Ambrosio,19,3,36
LITORAL,AAPRESID,Corrientes,Ambrosio,19,29/03_al_14/04,17
LITORAL,AAPRESID,Corrientes,Ambrosio,19,15/04_al_28/04,25
LITORAL,AAPRESID,Corrientes,Corrientes,19,3,212
LITORAL,AAPRESID,Corrientes,Corrientes,19,29/03_al_14/04,209
LITORAL,AAPRESID,Corrientes,Corrientes,19,15/04_al_28/04,181
LITORAL,AAPRESID,Corrientes,Bella Vista,19,3,17
LITORAL,AAPRESID,Corrientes,Bella Vista,19,29/03_al_14/04,4
LITORAL,AAPRESID,Corrientes,Bella Vista,19,15/04_al_28/04,2
LITORAL,INTA,Corrientes,Sauce,19,3,7
LITORAL,INTA,Corrientes,Sauce,19,29/03_al_14/04,1
LITORAL,INTA,Corrientes,Sauce,19,15/04_al_28/04,8
LITORAL,INTA,Corrientes,Estancia el Rocio Copra,19,3,19
LITORAL,INTA,Corrientes,Estancia el Rocio Copra,19,29/03_al_14/04,11
LITORAL,INTA,Corrientes,Estancia el Rocio Copra,19,15/04_al_28/04,9
LITORAL,INTA,Corrientes,Mercedes,19,3,159
LITORAL,INTA,Corrientes,Mercedes,19,29/03_al_14/04,159
LITORAL,INTA,Corrientes,Mercedes,19,15/04_al_28/04,213
LITORAL,INTA,Corrientes,Virasoro,19,3,0
LITORAL,INTA,Corrientes,Virasoro,19,29/03_al_14/04,2
LITORAL,INTA,Corrientes,Virasoro,19,15/04_al_28/04,0
LITORAL,INTA,Corrientes,Goya,19,3,251
LITORAL,INTA,Corrientes,Goya,19,29/03_al_14/04,9
LITORAL,INTA,Corrientes,Goya,19,15/04_al_28/04,141
LITORAL,INTA,Corrientes,Ituzaingo,19,3,0
LITORAL,INTA,Corrientes,Ituzaingo,19,29/03_al_14/04,0
LITORAL,INTA,Corrientes,Ituzaingo,19,15/04_al_28/04,0
LITORAL,INTA,Corrientes,Esquina,19,3,2
LITORAL,INTA,Corrientes,Esquina,19,29/03_al_14/04,0
LITORAL,INTA,Corrientes,Esquina,19,15/04_al_28/04,0
LITORAL,AAPPCE,Entre Ríos,Don Cristobal,19,3,59
LITORAL,AAPPCE,Entre Ríos,Don Cristobal,19,29/03_al_14/04,51
LITORAL,AAPPCE,Entre Ríos,Don Cristobal,19,15/04_al_28/04,196
LITORAL,AAPPCE,Entre Ríos,Isletas,19,3,6
LITORAL,AAPPCE,Entre Ríos,Isletas,19,29/03_al_14/04,1
LITORAL,AAPPCE,Entre Ríos,Isletas,19,15/04_al_28/04,2
CENTRO NORTE,AAPRESID,San Luis,La Toma,19,3,2
CENTRO NORTE,AAPRESID,San Luis,La Toma,19,29/03_al_14/04,0
CENTRO NORTE,AAPRESID,San Luis,La Toma,19,15/04_al_28/04,Sin datos
CENTRO NORTE,AAPPCE,Córdoba,Corralito,19,3,159
CENTRO NORTE,AAPPCE,Córdoba,Corralito,19,29/03_al_14/04,15
CENTRO NORTE,AAPPCE,Córdoba,Corralito,19,15/04_al_28/04,127
CENTRO NORTE,AAPPCE,Córdoba,Freyre,19,3,273
CENTRO NORTE,AAPPCE,Córdoba,Freyre,19,29/03_al_14/04,126
CENTRO NORTE,AAPPCE,Córdoba,Freyre,19,15/04_al_28/04,217
CENTRO NORTE,AAPPCE,Córdoba,Morteros,19,3,97
CENTRO NORTE,AAPPCE,Córdoba,Morteros,19,29/03_al_14/04,53
CENTRO NORTE,AAPPCE,Córdoba,Morteros,19,15/04_al_28/04,141
CENTRO NORTE,AAPPCE,Córdoba,Rayo Cortado,19,3,285
CENTRO NORTE,AAPPCE,Córdoba,Rayo Cortado,19,29/03_al_14/04,45
CENTRO NORTE,AAPPCE,Córdoba,Rayo Cortado,19,15/04_al_28/04,188
CENTRO NORTE,AAPPCE,Córdoba,Jesus María,19,3,28
CENTRO NORTE,AAPPCE,Córdoba,Jesus María,19,29/03_al_14/04,5
CENTRO NORTE,AAPPCE,Córdoba,Jesus María,19,15/04_al_28/04,36
CENTRO NORTE,AAPPCE,Córdoba,El Fortín,19,3,324
CENTRO NORTE,AAPPCE,Córdoba,El Fortín,19,29/03_al_14/04,Trampa perdida
CENTRO NORTE,AAPPCE,Córdoba,El Fortín,19,15/04_al_28/04,151
CENTRO NORTE,AAPPCE,Córdoba,Río Ceballos,19,3,16
CENTRO NORTE,AAPPCE,Córdoba,Río Ceballos,19,29/03_al_14/04,Trampa perdida
CENTRO NORTE,AAPPCE,Córdoba,Río Ceballos,19,15/04_al_28/04,10
CENTRO NORTE,AAPRESID,Córdoba,Villa María,19,3,0
CENTRO NORTE,AAPRESID,Córdoba,Villa María,19,29/03_al_14/04,0
CENTRO NORTE,AAPRESID,Córdoba,Villa María,19,15/04_al_28/04,0
CENTRO NORTE,AAPRESID,Córdoba,Cañada de Luque,19,3,98
CENTRO NORTE,AAPRESID,Córdoba,Cañada de Luque,19,29/03_al_14/04,26
CENTRO NORTE,AAPRESID,Córdoba,Cañada de Luque,19,15/04_al_28/04,29
CENTRO NORTE,AAPRESID,Córdoba,Capilla de Sitón,19,3,90
CENTRO NORTE,AAPRESID,Córdoba,Capilla de Sitón,19,29/03_al_14/04,34
CENTRO NORTE,AAPRESID,Córdoba,Capilla de Sitón,19,15/04_al_28/04,72
CENTRO NORTE,AAPRESID,Córdoba,Carrilobo,19,3,Sin datos
CENTRO NORTE,AAPRESID,Córdoba,Carrilobo,19,29/03_al_14/04,3
CENTRO NORTE,AAPRESID,Córdoba,Carrilobo,19,15/04_al_28/04,Sin datos
CENTRO NORTE,AAPRESID,Córdoba,Devoto,19,3,0
CENTRO NORTE,AAPRESID,Córdoba,Devoto,19,29/03_al_14/04,12
CENTRO NORTE,AAPRESID,Córdoba,Devoto,19,15/04_al_28/04,29
CENTRO NORTE,AAPRESID,Córdoba,Eufrasio Loza,19,3,13
CENTRO NORTE,AAPRESID,Córdoba,Eufrasio Loza,19,29/03_al_14/04,5
CENTRO NORTE,AAPRESID,Córdoba,Eufrasio Loza,19,15/04_al_28/04,Sin datos
CENTRO NORTE,AAPRESID,Córdoba,Laguna Larga,19,3,26
CENTRO NORTE,AAPRESID,Córdoba,Laguna Larga,19,29/03_al_14/04,1
CENTRO NORTE,AAPRESID,Córdoba,Laguna Larga,19,15/04_al_28/04,1
CENTRO NORTE,AAPRESID,Córdoba,Las Bajadas,19,3,8
CENTRO NORTE,AAPRESID,Córdoba,Las Bajadas,19,29/03_al_14/04,2
CENTRO NORTE,AAPRESID,Córdoba,Las Bajadas,19,15/04_al_28/04,10
CENTRO NORTE,AAPRESID,Córdoba,Monte del Rosario,19,3,634
CENTRO NORTE,AAPRESID,Córdoba,Monte del Rosario,19,29/03_al_14/04,161
CENTRO NORTE,AAPRESID,Córdoba,Monte del Rosario,19,15/04_al_28/04,401
CENTRO NORTE,AAPRESID,Córdoba,Montecristo,19,3,591
CENTRO NORTE,AAPRESID,Córdoba,Montecristo,19,29/03_al_14/04,158
CENTRO NORTE,AAPRESID,Córdoba,Montecristo,19,15/04_al_28/04,258
CENTRO NORTE,AAPRESID,Córdoba,Obispo trejo,19,3,Sin datos
CENTRO NORTE,AAPRESID,Córdoba,Obispo trejo,19,29/03_al_14/04,0
CENTRO NORTE,AAPRESID,Córdoba,Obispo trejo,19,15/04_al_28/04,0
CENTRO NORTE,AAPRESID,Córdoba,Río Segundo- T1,19,3,202
CENTRO NORTE,AAPRESID,Córdoba,Río Segundo- T1,19,29/03_al_14/04,12
CENTRO NORTE,AAPRESID,Córdoba,Río Segundo- T1,19,15/04_al_28/04,18
CENTRO NORTE,AAPRESID,Córdoba,San Francisco,19,3,1
CENTRO NORTE,AAPRESID,Córdoba,San Francisco,19,29/03_al_14/04,2
CENTRO NORTE,AAPRESID,Córdoba,San Francisco,19,15/04_al_28/04,2
CENTRO NORTE,AAPRESID,Córdoba,Santa Catalina,19,3,184
CENTRO NORTE,AAPRESID,Córdoba,Santa Catalina,19,29/03_al_14/04,3
CENTRO NORTE,AAPRESID,Córdoba,Santa Catalina,19,15/04_al_28/04,58
CENTRO NORTE,AAPRESID,Córdoba,Tancacha,19,3,4
CENTRO NORTE,AAPRESID,Córdoba,Tancacha,19,29/03_al_14/04,3
CENTRO NORTE,AAPRESID,Córdoba,Tancacha,19,15/04_al_28/04,Sin datos
CENTRO NORTE,AAPRESID,Córdoba,Villa de Maria,19,3,148
CENTRO NORTE,AAPRESID,Córdoba,Villa de Maria,19,29/03_al_14/04,4
CENTRO NORTE,AAPRESID,Córdoba,Villa de Maria,19,15/04_al_28/04,Sin datos
CENTRO NORTE,AAPRESID,Córdoba,Arroyito,19,3,162
CENTRO NORTE,AAPRESID,Córdoba,Arroyito,19,29/03_al_14/04,18
CENTRO NORTE,AAPRESID,Córdoba,Arroyito,19,15/04_al_28/04,169
CENTRO NORTE,AAPRESID,Córdoba,Villa Sta. Rosa,19,3,422
CENTRO NORTE,AAPRESID,Córdoba,Villa Sta. Rosa,19,29/03_al_14/04,122
CENTRO NORTE,AAPRESID,Córdoba,Villa Sta. Rosa,19,15/04_al_28/04,391
CENTRO NORTE,AAPRESID,Córdoba,Hernando,19,3,0
CENTRO NORTE,AAPRESID,Córdoba,Hernando,19,29/03_al_14/04,0
CENTRO NORTE,AAPRESID,Córdoba,Hernando,19,15/04_al_28/04,0
CENTRO NORTE,CREA,Córdoba,Piquillín,19,3,51
CENTRO NORTE,CREA,Córdoba,Piquillín,19,29/03_al_14/04,0
CENTRO NORTE,CREA,Córdoba,Piquillín,19,15/04_al_28/04,1
CENTRO NORTE,CREA,Córdoba,Las Chilcas,19,3,Sin datos
CENTRO NORTE,CREA,Córdoba,Las Chilcas,19,29/03_al_14/04,67
CENTRO NORTE,CREA,Córdoba,Las Chilcas,19,15/04_al_28/04,75
CENTRO NORTE,CREA,Córdoba,Sebastián el Cano,19,3,291
CENTRO NORTE,CREA,Córdoba,Sebastián el Cano,19,29/03_al_14/04,73
CENTRO NORTE,CREA,Córdoba,Sebastián el Cano,19,15/04_al_28/04,160
CENTRO NORTE,CREA,Córdoba,El Tío,19,3,295
CENTRO NORTE,CREA,Córdoba,El Tío,19,29/03_al_14/04,5
CENTRO NORTE,CREA,Córdoba,El Tío,19,15/04_al_28/04,12
CENTRO NORTE,CREA,Córdoba,Colonia Tirolesa,19,3,Sin datos
CENTRO NORTE,CREA,Córdoba,Colonia Tirolesa,19,29/03_al_14/04,9
CENTRO NORTE,CREA,Córdoba,Colonia Tirolesa,19,15/04_al_28/04,142
CENTRO NORTE,CREA,Córdoba,Las Astillas,19,3,515
CENTRO NORTE,CREA,Córdoba,Las Astillas,19,29/03_al_14/04,Sin datos
CENTRO NORTE,CREA,Córdoba,Las Astillas,19,15/04_al_28/04,80
CENTRO SUR,INTA,Santa Fe,Rafaela,19,3,326
CENTRO SUR,INTA,Santa Fe,Rafaela,19,29/03_al_14/04,564
CENTRO SUR,INTA,Santa Fe,Rafaela,19,15/04_al_28/04,630
CENTRO SUR,INTA,Santa Fe,Ceres,19,3,278
CENTRO SUR,INTA,Santa Fe,Ceres,19,29/03_al_14/04,302
CENTRO SUR,INTA,Santa Fe,Ceres,19,15/04_al_28/04,283
CENTRO SUR,INTA,Santa Fe,San Justo,19,3,225
CENTRO SUR,INTA,Santa Fe,San Justo,19,29/03_al_14/04,321
CENTRO SUR,INTA,Santa Fe,San Justo,19,15/04_al_28/04,336
CENTRO SUR,AAPRESID,San Luís,La Angelina,19,3,0
CENTRO SUR,AAPRESID,San Luís,La Angelina,19,29/03_al_14/04,0
CENTRO SUR,AAPRESID,San Luís,La Angelina,19,15/04_al_28/04,0
CENTRO SUR,AAPRESID,San Luís,Nueva Galia,19,3,0
CENTRO SUR,AAPRESID,San Luís,Nueva Galia,19,29/03_al_14/04,0
CENTRO SUR,AAPRESID,San Luís,Nueva Galia,19,15/04_al_28/04,0
CENTRO SUR,CREA,San Luís,Buena Esperanza,19,3,16
CENTRO SUR,CREA,San Luís,Buena Esperanza,19,29/03_al_14/04,1
CENTRO SUR,CREA,San Luís,Buena Esperanza,19,15/04_al_28/04,8
CENTRO SUR,CREA,San Luís,Juan Jorba,19,3,28
CENTRO SUR,CREA,San Luís,Juan Jorba,19,29/03_al_14/04,5
CENTRO SUR,CREA,San Luís,Juan Jorba,19,15/04_al_28/04,6
CENTRO SUR,CREA,San Luís,Los molles,19,3,42
CENTRO SUR,CREA,San Luís,Los molles,19,29/03_al_14/04,9
CENTRO SUR,CREA,San Luís,Los molles,19,15/04_al_28/04,16
CENTRO SUR,CREA,San Luís,Naschel,19,3,102
CENTRO SUR,CREA,San Luís,Naschel,19,29/03_al_14/04,25
CENTRO SUR,CREA,San Luís,Naschel,19,15/04_al_28/04,39
CENTRO SUR,CREA,San Luís,San Martín,19,3,41
CENTRO SUR,CREA,San Luís,San Martín,19,29/03_al_14/04,2
CENTRO SUR,CREA,San Luís,San Martín,19,15/04_al_28/04,17
CENTRO SUR,INTA,San Luís,San Luis 1,19,3,0
CENTRO SUR,INTA,San Luís,San Luis 1,19,29/03_al_14/04,0
CENTRO SUR,INTA,San Luís,San Luis 1,19,15/04_al_28/04,0
CENTRO SUR,INTA,San Luís,Quines,19,3,41
CENTRO SUR,INTA,San Luís,Quines,19,29/03_al_14/04,50
CENTRO SUR,INTA,San Luís,Quines,19,15/04_al_28/04,46
CENTRO SUR,AAPPCE,Córdoba,Ana Zumaran,19,3,43
CENTRO SUR,AAPPCE,Córdoba,Ana Zumaran,19,29/03_al_14/04,21
CENTRO SUR,AAPPCE,Córdoba,Ana Zumaran,19,15/04_al_28/04,62
CENTRO SUR,AAPPCE,Córdoba,Cnel. Baigorria,19,3,27
CENTRO SUR,AAPPCE,Córdoba,Cnel. Baigorria,19,29/03_al_14/04,0
CENTRO SUR,AAPPCE,Córdoba,Cnel. Baigorria,19,15/04_al_28/04,0
CENTRO SUR,AAPPCE,Córdoba,General Roca,19,3,35
CENTRO SUR,AAPPCE,Córdoba,General Roca,19,29/03_al_14/04,44
CENTRO SUR,AAPPCE,Córdoba,General Roca,19,15/04_al_28/04,15
CENTRO SUR,AAPPCE,Córdoba,Gral. Cabrera,19,3,33
CENTRO SUR,AAPPCE,Córdoba,Gral. Cabrera,19,29/03_al_14/04,0
CENTRO SUR,AAPPCE,Córdoba,Gral. Cabrera,19,15/04_al_28/04,0
CENTRO SUR,AAPPCE,Córdoba,La playosa,19,3,58
CENTRO SUR,AAPPCE,Córdoba,La playosa,19,29/03_al_14/04,23
CENTRO SUR,AAPPCE,Córdoba,La playosa,19,15/04_al_28/04,87
CENTRO SUR,AAPPCE,Córdoba,Ordoñez,19,3,2
CENTRO SUR,AAPPCE,Córdoba,Ordoñez,19,29/03_al_14/04,0
CENTRO SUR,AAPPCE,Córdoba,Ordoñez,19,15/04_al_28/04,0
CENTRO SUR,AAPPCE,Córdoba,Tosquita,19,3,5
CENTRO SUR,AAPPCE,Córdoba,Tosquita,19,29/03_al_14/04,0
CENTRO SUR,AAPPCE,Córdoba,Tosquita,19,15/04_al_28/04,0
CENTRO SUR,AAPPCE,Córdoba,Arroyo Cabral,19,3,36
CENTRO SUR,AAPPCE,Córdoba,Arroyo Cabral,19,29/03_al_14/04,25
CENTRO SUR,AAPPCE,Córdoba,Arroyo Cabral,19,15/04_al_28/04,52
CENTRO SUR,AAPPCE,Córdoba,Villa María,19,3,41
CENTRO SUR,AAPPCE,Córdoba,Villa María,19,29/03_al_14/04,18
CENTRO SUR,AAPPCE,Córdoba,Villa María,19,15/04_al_28/04,68
CENTRO SUR,AAPRESID,Córdoba,Benjamín Gould,19,3,0
CENTRO SUR,AAPRESID,Córdoba,Benjamín Gould,19,29/03_al_14/04,0
CENTRO SUR,AAPRESID,Córdoba,Benjamín Gould,19,15/04_al_28/04,2
CENTRO SUR,AAPRESID,Córdoba,Buchardo,19,3,0
CENTRO SUR,AAPRESID,Córdoba,Buchardo,19,29/03_al_14/04,0
CENTRO SUR,AAPRESID,Córdoba,Buchardo,19,15/04_al_28/04,0
CENTRO SUR,AAPRESID,Córdoba,Coronel Moldes,19,3,16
CENTRO SUR,AAPRESID,Córdoba,Coronel Moldes,19,29/03_al_14/04,0
CENTRO SUR,AAPRESID,Córdoba,Coronel Moldes,19,15/04_al_28/04,4
CENTRO SUR,AAPRESID,Córdoba,Corral de Bustos,19,3,10
CENTRO SUR,AAPRESID,Córdoba,Corral de Bustos,19,29/03_al_14/04,0
CENTRO SUR,AAPRESID,Córdoba,Corral de Bustos,19,15/04_al_28/04,46
CENTRO SUR,AAPRESID,Córdoba,Guatimozin,19,3,1
CENTRO SUR,AAPRESID,Córdoba,Guatimozin,19,29/03_al_14/04,0
CENTRO SUR,AAPRESID,Córdoba,Guatimozin,19,15/04_al_28/04,Sin datos
CENTRO SUR,AAPRESID,Córdoba,Idiazabal,19,3,2
CENTRO SUR,AAPRESID,Córdoba,Idiazabal,19,29/03_al_14/04,2
CENTRO SUR,AAPRESID,Córdoba,Idiazabal,19,15/04_al_28/04,4
CENTRO SUR,AAPRESID,Córdoba,Lecueder,19,3,0
CENTRO SUR,AAPRESID,Córdoba,Lecueder,19,29/03_al_14/04,0
CENTRO SUR,AAPRESID,Córdoba,Lecueder,19,15/04_al_28/04,Sin datos
NOA,AAPRESID,Jujuy,Palpala,20,3,Sin datos
NOA,AAPRESID,Jujuy,Palpala,20,15/04_al_28/04,58
NOA,AAPRESID,Jujuy,Palpala,20,29/04_al_16/05,98
NOA,CREA,Jujuy,EL Carmen,20,3,22
NOA,CREA,Jujuy,EL Carmen,20,15/04_al_28/04,44
NOA,CREA,Jujuy,EL Carmen,20,29/04_al_16/05,Sin datos
NOA,CREA,Jujuy,Fraile Pintado,20,3,15
NOA,CREA,Jujuy,Fraile Pintado,20,15/04_al_28/04,40
NOA,CREA,Jujuy,Fraile Pintado,20,29/04_al_16/05,Sin datos
NOA,CREA,Jujuy,Santa Clara,20,3,28
NOA,CREA,Jujuy,Santa Clara,20,15/04_al_28/04,68
NOA,CREA,Jujuy,Santa Clara,20,29/04_al_16/05,Sin datos
NOA,INTA,Jujuy,El Bananal,20,3,95
NOA,INTA,Jujuy,El Bananal,20,15/04_al_28/04,221
NOA,INTA,Jujuy,El Bananal,20,29/04_al_16/05,347
NOA,AAPRESID,Salta,Güemes,20,3,Sin datos
NOA,AAPRESID,Salta,Güemes,20,15/04_al_28/04,68
NOA,AAPRESID,Salta,Güemes,20,29/04_al_16/05,115
NOA,AAPRESID,Salta,Rivadavia,20,3,28
NOA,AAPRESID,Salta,Rivadavia,20,15/04_al_28/04,1
NOA,AAPRESID,Salta,Rivadavia,20,29/04_al_16/05,234
NOA,AAPRESID,Salta,Piquete Cabado 1,20,3,1960
NOA,AAPRESID,Salta,Piquete Cabado 1,20,15/04_al_28/04,785
NOA,AAPRESID,Salta,Piquete Cabado 1,20,29/04_al_16/05,1123
NOA,CREA,Salta,Antilla,20,3,3061
NOA,CREA,Salta,Antilla,20,15/04_al_28/04,210
NOA,CREA,Salta,Antilla,20,29/04_al_16/05,2115
NOA,CREA,Salta,Ballivián,20,3,118
NOA,CREA,Salta,Ballivián,20,15/04_al_28/04,48
NOA,CREA,Salta,Ballivián,20,29/04_al_16/05,544
NOA,CREA,Salta,Ceibalito,20,3,1520
NOA,CREA,Salta,Ceibalito,20,15/04_al_28/04,663
NOA,CREA,Salta,Ceibalito,20,29/04_al_16/05,Sin datos
NOA,CREA,Salta,Chaguaral,20,3,Sin datos
NOA,CREA,Salta,Chaguaral,20,15/04_al_28/04,Trampa perdida
NOA,CREA,Salta,Chaguaral,20,29/04_al_16/05,Trampa perdida
NOA,CREA,Salta,Copo Quiles,20,3,4464
NOA,CREA,Salta,Copo Quiles,20,15/04_al_28/04,307
NOA,CREA,Salta,Copo Quiles,20,29/04_al_16/05,1137
NOA,CREA,Salta,El Bordo,20,3,2320
NOA,CREA,Salta,El Bordo,20,15/04_al_28/04,381
NOA,CREA,Salta,El Bordo,20,29/04_al_16/05,Sin datos
NOA,CREA,Salta,El Galpón,20,3,2238
NOA,CREA,Salta,El Galpón,20,15/04_al_28/04,1269
NOA,CREA,Salta,El Galpón,20,29/04_al_16/05,1644
NOA,CREA,Salta,El Tunal,20,3,380
NOA,CREA,Salta,El Tunal,20,15/04_al_28/04,233
NOA,CREA,Salta,El Tunal,20,29/04_al_16/05,351
NOA,CREA,Salta,Embarcación,20,3,592
NOA,CREA,Salta,Embarcación,20,15/04_al_28/04,717
NOA,CREA,Salta,Embarcación,20,29/04_al_16/05,1531
NOA,CREA,Salta,Gral Pizarro,20,3,2000
NOA,CREA,Salta,Gral Pizarro,20,15/04_al_28/04,Trampa perdida
NOA,CREA,Salta,Gral Pizarro,20,29/04_al_16/05,50
NOA,CREA,Salta,Horcones,20,3,240
NOA,CREA,Salta,Horcones,20,15/04_al_28/04,283
NOA,CREA,Salta,Horcones,20,29/04_al_16/05,Sin datos
NOA,CREA,Salta,J V Gonzales,20,3,2030
NOA,CREA,Salta,J V Gonzales,20,15/04_al_28/04,537
NOA,CREA,Salta,J V Gonzales,20,29/04_al_16/05,Sin datos
NOA,CREA,Salta,Las Lajitas T3,20,3,1656
NOA,CREA,Salta,Las Lajitas T3,20,15/04_al_28/04,968
NOA,CREA,Salta,Las Lajitas T3,20,29/04_al_16/05,661
NOA,CREA,Salta,Metan 1,20,3,459
NOA,CREA,Salta,Metan 1,20,15/04_al_28/04,220
NOA,CREA,Salta,Metan 1,20,29/04_al_16/05,594
NOA,CREA,Salta,Metan 2,20,3,1665
NOA,CREA,Salta,Metan 2,20,15/04_al_28/04,828
NOA,CREA,Salta,Metan 2,20,29/04_al_16/05,1623
NOA,CREA,Salta,Mollinedo,20,3,2640
NOA,CREA,Salta,Mollinedo,20,15/04_al_28/04,1526
NOA,CREA,Salta,Mollinedo,20,29/04_al_16/05,3600
NOA,CREA,Salta,Mosconi,20,3,Sin datos
NOA,CREA,Salta,Mosconi,20,15/04_al_28/04,Sin datos
NOA,CREA,Salta,Mosconi,20,29/04_al_16/05,Sin datos
NOA,CREA,Salta,Nstra Sra de Talavera,20,3,323
NOA,CREA,Salta,Nstra Sra de Talavera,20,15/04_al_28/04,1106
NOA,CREA,Salta,Nstra Sra de Talavera,20,29/04_al_16/05,Sin datos
NOA,CREA,Salta,Pichanal,20,3,220
NOA,CREA,Salta,Pichanal,20,15/04_al_28/04,Trampa perdida
NOA,CREA,Salta,Pichanal,20,29/04_al_16/05,300
NOA,CREA,Salta,Piquete Cabado 2,20,3,2300
NOA,CREA,Salta,Piquete Cabado 2,20,15/04_al_28/04,628
NOA,CREA,Salta,Piquete Cabado 2,20,29/04_al_16/05,Sin datos
NOA,CREA,Salta,Santo Domingo,20,3,Sin datos
NOA,CREA,Salta,Santo Domingo,20,15/04_al_28/04,701
NOA,CREA,Salta,Santo Domingo,20,29/04_al_16/05,Sin datos
NOA,CREA,Salta,Saravia,20,3,1540
NOA,CREA,Salta,Saravia,20,15/04_al_28/04,513
NOA,CREA,Salta,Saravia,20,29/04_al_16/05,Sin datos
NEA,CREA,Santiago Del Estero,Pozo de Bedert,20,3,521
NEA,CREA,Santiago Del Estero,Pozo de Bedert,20,15/04_al_28/04,285
NEA,CREA,Santiago Del Estero,Pozo de Bedert,20,29/04_al_16/05,Trampa perdida
NEA,CREA,Santiago Del Estero,Pozo Hondo,20,3,278
NEA,CREA,Santiago Del Estero,Pozo Hondo,20,15/04_al_28/04,164
NEA,CREA,Santiago Del Estero,Pozo Hondo,20,29/04_al_16/05,0
NEA,CREA,Santiago Del Estero,San Pedro de Guasayán,20,3,644
NEA,CREA,Santiago Del Estero,San Pedro de Guasayán,20,15/04_al_28/04,Sin datos
NEA,CREA,Santiago Del Estero,San Pedro de Guasayán,20,29/04_al_16/05,Sin datos
NEA,CREA,Santiago Del Estero,Termas de Río Hondo,20,3,Sin datos
NEA,CREA,Santiago Del Estero,Termas de Río Hondo,20,15/04_al_28/04,325
NEA,CREA,Santiago Del Estero,Termas de Río Hondo,20,29/04_al_16/05,371
NEA,CREA,Santiago Del Estero,Vinará,20,3,603
NEA,CREA,Santiago Del Estero,Vinará,20,15/04_al_28/04,124
NEA,CREA,Santiago Del Estero,Vinará,20,29/04_al_16/05,Sin datos
NEA,CREA,Catamarca,El Abra,20,3,150
NEA,CREA,Catamarca,El Abra,20,15/04_al_28/04,68
NEA,CREA,Catamarca,El Abra,20,29/04_al_16/05,210
NEA,CREA,Catamarca,Los Altos,20,3,256
NEA,CREA,Catamarca,Los Altos,20,15/04_al_28/04,11
NEA,CREA,Catamarca,Los Altos,20,29/04_al_16/05,169
NEA,CREA,Formosa,Las Lomitas,20,3,Sin datos
NEA,CREA,Formosa,Las Lomitas,20,15/04_al_28/04,6
NEA,CREA,Formosa,Las Lomitas,20,29/04_al_16/05,Sin datos
NEA,CREA,Formosa,Perin,20,3,59
NEA,CREA,Formosa,Perin,20,15/04_al_28/04,Sin datos
NEA,CREA,Formosa,Perin,20,29/04_al_16/05,65
NEA,INTA,Formosa,El colorado,20,3,8
NEA,INTA,Formosa,El colorado,20,15/04_al_28/04,2
NEA,INTA,Formosa,El colorado,20,29/04_al_16/05,8
NEA,INTA,Formosa,Comandante Fontana,20,3,891
NEA,INTA,Formosa,Comandante Fontana,20,15/04_al_28/04,52
NEA,INTA,Formosa,Comandante Fontana,20,29/04_al_16/05,475
NEA,AAPRESID,Chaco,Tres Isletas,20,3,20
NEA,AAPRESID,Chaco,Tres Isletas,20,15/04_al_28/04,17
NEA,AAPRESID,Chaco,Tres Isletas,20,29/04_al_16/05,Sin datos
NEA,AAPRESID,Chaco,Pampa del Infierno,20,3,83
NEA,AAPRESID,Chaco,Pampa del Infierno,20,15/04_al_28/04,47
NEA,AAPRESID,Chaco,Pampa del Infierno,20,29/04_al_16/05,95
NEA,AAPRESID,Chaco,Concepción del Bermejo 0 30,20,15/04_al_28/04,Trampa
NEA,AAPRESID,Chaco,Don Luciano (C. del Sin datos 43,20,15/04_al_28/04,Trampa
NEA,AAPRESID,Chaco,Villa Angela,20,3,1
NEA,AAPRESID,Chaco,Villa Angela,20,15/04_al_28/04,49
NEA,AAPRESID,Chaco,Villa Angela,20,29/04_al_16/05,44
NEA,AAPRESID,Chaco,Las Piedritas,20,3,0
NEA,AAPRESID,Chaco,Las Piedritas,20,15/04_al_28/04,0
NEA,AAPRESID,Chaco,Las Piedritas,20,29/04_al_16/05,0
NEA,CREA,Chaco,Los Frentones,20,3,Sin datos
NEA,CREA,Chaco,Los Frentones,20,15/04_al_28/04,0
NEA,CREA,Chaco,Los Frentones,20,29/04_al_16/05,Sin datos
NEA,CREA,Chaco,Juan José Castelli,20,3,Sin datos
NEA,CREA,Chaco,Juan José Castelli,20,15/04_al_28/04,38
NEA,CREA,Chaco,Juan José Castelli,20,29/04_al_16/05,Sin datos
NEA,CREA,Chaco,El Timbo Pampa,20,3,Sin datos
NEA,CREA,Chaco,El Timbo Pampa,20,15/04_al_28/04,35
NEA,CREA,Chaco,El Timbo Pampa,20,29/04_al_16/05,Sin datos
NEA,CREA,Chaco,El Tocon Bermejo,20,3,Sin datos
NEA,CREA,Chaco,El Tocon Bermejo,20,15/04_al_28/04,346
NEA,CREA,Chaco,El Tocon Bermejo,20,29/04_al_16/05,10
NEA,CREA,Chaco,Las Breñas,20,3,23
NEA,CREA,Chaco,Las Breñas,20,15/04_al_28/04,155
NEA,CREA,Chaco,Las Breñas,20,29/04_al_16/05,30
NEA,CREA,Chaco,Santa Teresa Capdevilla,20,3,Sin datos
NEA,CREA,Chaco,Santa Teresa Capdevilla,20,15/04_al_28/04,136
NEA,CREA,Chaco,Santa Teresa Capdevilla,20,29/04_al_16/05,Sin datos
NEA,CREA,Chaco,Pampa Cejas,20,3,Sin datos
NEA,CREA,Chaco,Pampa Cejas,20,15/04_al_28/04,0
NEA,CREA,Chaco,Pampa Cejas,20,29/04_al_16/05,Sin datos
NEA,CREA,Chaco,3 Retoños,20,3,37
NEA,CREA,Chaco,3 Retoños,20,15/04_al_28/04,0
NEA,CREA,Chaco,3 Retoños,20,29/04_al_16/05,53
NEA,CREA,Chaco,Quitilipi,20,3,Sin datos
NEA,CREA,Chaco,Quitilipi,20,15/04_al_28/04,0
NEA,CREA,Chaco,Quitilipi,20,29/04_al_16/05,Sin datos
NEA,CREA,Chaco,PampaToloza,20,3,Sin datos
NEA,CREA,Chaco,PampaToloza,20,15/04_al_28/04,640
NEA,CREA,Chaco,PampaToloza,20,29/04_al_16/05,Sin datos
LITORAL,CREA,Santa Fe,Juamarita,20,3,Sin datos
LITORAL,CREA,Santa Fe,Juamarita,20,15/04_al_28/04,Sin datos
LITORAL,CREA,Santa Fe,Juamarita,20,29/04_al_16/05,Sin datos
LITORAL,CREA,Santa Fe,Ambrosetti,20,3,Trampa perdida
LITORAL,CREA,Santa Fe,Ambrosetti,20,15/04_al_28/04,152
LITORAL,CREA,Santa Fe,Ambrosetti,20,29/04_al_16/05,78
LITORAL,CREA,Santa Fe,Arroyo Ceibal,20,3,258
LITORAL,CREA,Santa Fe,Arroyo Ceibal,20,15/04_al_28/04,272
LITORAL,CREA,Santa Fe,Arroyo Ceibal,20,29/04_al_16/05,279
LITORAL,CREA,Santa Fe,Hersilia,20,3,581
LITORAL,CREA,Santa Fe,Hersilia,20,15/04_al_28/04,37
LITORAL,CREA,Santa Fe,Hersilia,20,29/04_al_16/05,122
LITORAL,CREA,Santa Fe,La Penca y Caraguatá,20,3,547
LITORAL,CREA,Santa Fe,La Penca y Caraguatá,20,15/04_al_28/04,1675
LITORAL,CREA,Santa Fe,La Penca y Caraguatá,20,29/04_al_16/05,1262
LITORAL,CREA,Santa Fe,Ramayón,20,3,469
LITORAL,CREA,Santa Fe,Ramayón,20,15/04_al_28/04,237
LITORAL,CREA,Santa Fe,Ramayón,20,29/04_al_16/05,277
LITORAL,CREA,Santa Fe,Alejandra,20,3,51
LITORAL,CREA,Santa Fe,Alejandra,20,15/04_al_28/04,119
LITORAL,CREA,Santa Fe,Alejandra,20,29/04_al_16/05,22
LITORAL,CREA,Santa Fe,Margarita,20,3,141
LITORAL,CREA,Santa Fe,Margarita,20,15/04_al_28/04,147
LITORAL,CREA,Santa Fe,Margarita,20,29/04_al_16/05,Trampa perdida
LITORAL,CREA,Santa Fe,Vera y Pintado,20,3,490
LITORAL,CREA,Santa Fe,Vera y Pintado,20,15/04_al_28/04,98
LITORAL,CREA,Santa Fe,Vera y Pintado,20,29/04_al_16/05,166
LITORAL,CREA,Santa Fe,Emilia,20,3,6
LITORAL,CREA,Santa Fe,Emilia,20,15/04_al_28/04,42
LITORAL,CREA,Santa Fe,Emilia,20,29/04_al_16/05,Sin datos
LITORAL,CREA,Santa Fe,La María,20,3,51
LITORAL,CREA,Santa Fe,La María,20,15/04_al_28/04,119
LITORAL,CREA,Santa Fe,La María,20,29/04_al_16/05,22
LITORAL,CREA,Santa Fe,La Osca,20,3,360
LITORAL,CREA,Santa Fe,La Osca,20,15/04_al_28/04,140
LITORAL,CREA,Santa Fe,La Osca,20,29/04_al_16/05,236
LITORAL,CREA,Santa Fe,Llambí Campbell,20,3,Sin datos
LITORAL,CREA,Santa Fe,Llambí Campbell,20,15/04_al_28/04,Sin datos
LITORAL,CREA,Santa Fe,Llambí Campbell,20,29/04_al_16/05,Sin datos
LITORAL,CREA,Santa Fe,Malabrigo,20,3,102
LITORAL,CREA,Santa Fe,Malabrigo,20,15/04_al_28/04,108
LITORAL,CREA,Santa Fe,Malabrigo,20,29/04_al_16/05,122
LITORAL,CREA,Santa Fe,Soledad,20,3,4
LITORAL,CREA,Santa Fe,Soledad,20,15/04_al_28/04,7
LITORAL,CREA,Santa Fe,Soledad,20,29/04_al_16/05,7
LITORAL,CREA,Santa Fe,Villa Saralegui,20,3,Sin datos
LITORAL,CREA,Santa Fe,Villa Saralegui,20,15/04_al_28/04,85
LITORAL,CREA,Santa Fe,Villa Saralegui,20,29/04_al_16/05,Sin datos
LITORAL,INTA,Santa Fe,Reconquista,20,3,338
LITORAL,INTA,Santa Fe,Reconquista,20,15/04_al_28/04,755
LITORAL,INTA,Santa Fe,Reconquista,20,29/04_al_16/05,567
LITORAL,INTA,Santa Fe,Calchaquí,20,3,7
LITORAL,INTA,Santa Fe,Calchaquí,20,15/04_al_28/04,0
LITORAL,INTA,Santa Fe,Calchaquí,20,29/04_al_16/05,5
LITORAL,INTA,Santa Fe,Logroño,20,3,3217
LITORAL,INTA,Santa Fe,Logroño,20,15/04_al_28/04,647
LITORAL,INTA,Santa Fe,Logroño,20,29/04_al_16/05,1158
LITORAL,INTA,Santa Fe,San javier,20,3,983
LITORAL,INTA,Santa Fe,San javier,20,15/04_al_28/04,1300
LITORAL,INTA,Santa Fe,San javier,20,29/04_al_16/05,0
LITORAL,INTA,Santa Fe,La sarita,20,3,453
LITORAL,INTA,Santa Fe,La sarita,20,15/04_al_28/04,190
LITORAL,INTA,Santa Fe,La sarita,20,29/04_al_16/05,234
LITORAL,AAPRESID,Corrientes,Mercedes,20,3,7
LITORAL,AAPRESID,Corrientes,Mercedes,20,15/04_al_28/04,55
LITORAL,AAPRESID,Corrientes,Mercedes,20,29/04_al_16/05,12
LITORAL,AAPRESID,Corrientes,Ambrosio,20,3,26
LITORAL,AAPRESID,Corrientes,Ambrosio,20,15/04_al_28/04,25
LITORAL,AAPRESID,Corrientes,Ambrosio,20,29/04_al_16/05,36
LITORAL,AAPRESID,Corrientes,Corrientes,20,3,32
LITORAL,AAPRESID,Corrientes,Corrientes,20,15/04_al_28/04,181
LITORAL,AAPRESID,Corrientes,Corrientes,20,29/04_al_16/05,212
LITORAL,AAPRESID,Corrientes,Bella Vista,20,3,3
LITORAL,AAPRESID,Corrientes,Bella Vista,20,15/04_al_28/04,2
LITORAL,AAPRESID,Corrientes,Bella Vista,20,29/04_al_16/05,17
LITORAL,INTA,Corrientes,Sauce,20,3,24
LITORAL,INTA,Corrientes,Sauce,20,15/04_al_28/04,8
LITORAL,INTA,Corrientes,Sauce,20,29/04_al_16/05,7
LITORAL,INTA,Corrientes,Estancia el Rocio Copra,20,3,0
LITORAL,INTA,Corrientes,Estancia el Rocio Copra,20,15/04_al_28/04,9
LITORAL,INTA,Corrientes,Estancia el Rocio Copra,20,29/04_al_16/05,19
CENTRO NORTE,AAPRESID,San Luis,La Toma,20,3,1
CENTRO NORTE,AAPRESID,San Luis,La Toma,20,15/04_al_28/04,Sin datos
CENTRO NORTE,AAPRESID,San Luis,La Toma,20,29/04_al_16/05,2
CENTRO NORTE,AAPPCE,Córdoba,Corralito,20,3,360
CENTRO NORTE,AAPPCE,Córdoba,Corralito,20,15/04_al_28/04,127
CENTRO NORTE,AAPPCE,Córdoba,Corralito,20,29/04_al_16/05,159
CENTRO NORTE,AAPPCE,Córdoba,Freyre,20,3,346
CENTRO NORTE,AAPPCE,Córdoba,Freyre,20,15/04_al_28/04,217
CENTRO NORTE,AAPPCE,Córdoba,Freyre,20,29/04_al_16/05,273
CENTRO NORTE,AAPPCE,Córdoba,Morteros,20,3,32
CENTRO NORTE,AAPPCE,Córdoba,Morteros,20,15/04_al_28/04,141
CENTRO NORTE,AAPPCE,Córdoba,Morteros,20,29/04_al_16/05,97
CENTRO NORTE,AAPPCE,Córdoba,Rayo Cortado,20,3,186
CENTRO NORTE,AAPPCE,Córdoba,Rayo Cortado,20,15/04_al_28/04,188
CENTRO NORTE,AAPPCE,Córdoba,Rayo Cortado,20,29/04_al_16/05,285
CENTRO NORTE,AAPPCE,Córdoba,Jesus María,20,3,650
CENTRO NORTE,AAPPCE,Córdoba,Jesus María,20,15/04_al_28/04,36
CENTRO NORTE,AAPPCE,Córdoba,Jesus María,20,29/04_al_16/05,28
CENTRO NORTE,AAPPCE,Córdoba,El Fortín,20,3,Trampa perdida
CENTRO NORTE,AAPPCE,Córdoba,El Fortín,20,15/04_al_28/04,151
CENTRO NORTE,AAPPCE,Córdoba,El Fortín,20,29/04_al_16/05,324
CENTRO NORTE,AAPPCE,Córdoba,Río Ceballos,20,3,220
CENTRO NORTE,AAPPCE,Córdoba,Río Ceballos,20,15/04_al_28/04,10
CENTRO NORTE,AAPPCE,Córdoba,Río Ceballos,20,29/04_al_16/05,16
CENTRO NORTE,AAPRESID,Córdoba,Villa María,20,3,26
CENTRO NORTE,AAPRESID,Córdoba,Villa María,20,15/04_al_28/04,0
CENTRO NORTE,AAPRESID,Córdoba,Villa María,20,29/04_al_16/05,0
CENTRO NORTE,AAPRESID,Córdoba,Cañada de Luque,20,3,427
CENTRO NORTE,AAPRESID,Córdoba,Cañada de Luque,20,15/04_al_28/04,29
CENTRO NORTE,AAPRESID,Córdoba,Cañada de Luque,20,29/04_al_16/05,98
CENTRO NORTE,AAPRESID,Córdoba,Capilla de Sitón,20,3,369
CENTRO NORTE,AAPRESID,Córdoba,Capilla de Sitón,20,15/04_al_28/04,72
CENTRO NORTE,AAPRESID,Córdoba,Capilla de Sitón,20,29/04_al_16/05,90
CENTRO NORTE,AAPRESID,Córdoba,Carrilobo,20,3,80
CENTRO NORTE,AAPRESID,Córdoba,Carrilobo,20,15/04_al_28/04,Sin datos
CENTRO NORTE,AAPRESID,Córdoba,Carrilobo,20,29/04_al_16/05,Sin datos
CENTRO NORTE,AAPRESID,Córdoba,Devoto,20,3,46
CENTRO NORTE,AAPRESID,Córdoba,Devoto,20,15/04_al_28/04,29
CENTRO NORTE,AAPRESID,Córdoba,Devoto,20,29/04_al_16/05,0
CENTRO NORTE,AAPRESID,Córdoba,Eufrasio Loza,20,3,772
CENTRO NORTE,AAPRESID,Córdoba,Eufrasio Loza,20,15/04_al_28/04,Sin datos
CENTRO NORTE,AAPRESID,Córdoba,Eufrasio Loza,20,29/04_al_16/05,13
CENTRO NORTE,AAPRESID,Córdoba,Laguna Larga,20,3,35
CENTRO NORTE,AAPRESID,Córdoba,Laguna Larga,20,15/04_al_28/04,1
CENTRO NORTE,AAPRESID,Córdoba,Laguna Larga,20,29/04_al_16/05,26
CENTRO NORTE,AAPRESID,Córdoba,Las Bajadas,20,3,49
CENTRO NORTE,AAPRESID,Córdoba,Las Bajadas,20,15/04_al_28/04,10
CENTRO NORTE,AAPRESID,Córdoba,Las Bajadas,20,29/04_al_16/05,8
CENTRO NORTE,AAPRESID,Córdoba,Monte del Rosario,20,3,1196
CENTRO NORTE,AAPRESID,Córdoba,Monte del Rosario,20,15/04_al_28/04,401
CENTRO NORTE,AAPRESID,Córdoba,Monte del Rosario,20,29/04_al_16/05,634
CENTRO NORTE,AAPRESID,Córdoba,Montecristo,20,3,312
CENTRO NORTE,AAPRESID,Córdoba,Montecristo,20,15/04_al_28/04,258
CENTRO NORTE,AAPRESID,Córdoba,Montecristo,20,29/04_al_16/05,591
CENTRO NORTE,AAPRESID,Córdoba,Obispo trejo,20,3,5
CENTRO NORTE,AAPRESID,Córdoba,Obispo trejo,20,15/04_al_28/04,0
CENTRO NORTE,AAPRESID,Córdoba,Obispo trejo,20,29/04_al_16/05,Sin datos
CENTRO NORTE,AAPRESID,Córdoba,Río Segundo- T1,20,3,171
CENTRO NORTE,AAPRESID,Córdoba,Río Segundo- T1,20,15/04_al_28/04,18
CENTRO NORTE,AAPRESID,Córdoba,Río Segundo- T1,20,29/04_al_16/05,202
CENTRO NORTE,AAPRESID,Córdoba,San Francisco,20,3,0
CENTRO NORTE,AAPRESID,Córdoba,San Francisco,20,15/04_al_28/04,2
CENTRO NORTE,AAPRESID,Córdoba,San Francisco,20,29/04_al_16/05,1
CENTRO NORTE,AAPRESID,Córdoba,Santa Catalina,20,3,632
CENTRO NORTE,AAPRESID,Córdoba,Santa Catalina,20,15/04_al_28/04,58
CENTRO NORTE,AAPRESID,Córdoba,Santa Catalina,20,29/04_al_16/05,184
CENTRO NORTE,AAPRESID,Córdoba,Tancacha,20,3,35
CENTRO NORTE,AAPRESID,Córdoba,Tancacha,20,15/04_al_28/04,Sin datos
CENTRO NORTE,AAPRESID,Córdoba,Tancacha,20,29/04_al_16/05,4
CENTRO NORTE,AAPRESID,Córdoba,Villa de Maria,20,3,137
CENTRO NORTE,AAPRESID,Córdoba,Villa de Maria,20,15/04_al_28/04,Sin datos
CENTRO NORTE,AAPRESID,Córdoba,Villa de Maria,20,29/04_al_16/05,148
CENTRO NORTE,AAPRESID,Córdoba,Arroyito,20,3,107
CENTRO NORTE,AAPRESID,Córdoba,Arroyito,20,15/04_al_28/04,169
CENTRO NORTE,AAPRESID,Córdoba,Arroyito,20,29/04_al_16/05,162
CENTRO NORTE,AAPRESID,Córdoba,Villa Sta. Rosa,20,3,284
CENTRO NORTE,AAPRESID,Córdoba,Villa Sta. Rosa,20,15/04_al_28/04,391
CENTRO NORTE,AAPRESID,Córdoba,Villa Sta. Rosa,20,29/04_al_16/05,422
CENTRO NORTE,AAPRESID,Córdoba,Hernando,20,3,0
CENTRO NORTE,AAPRESID,Córdoba,Hernando,20,15/04_al_28/04,0
CENTRO NORTE,AAPRESID,Córdoba,Hernando,20,29/04_al_16/05,0
CENTRO NORTE,CREA,Córdoba,Piquillín,20,3,313
CENTRO NORTE,CREA,Córdoba,Piquillín,20,15/04_al_28/04,1
CENTRO NORTE,CREA,Córdoba,Piquillín,20,29/04_al_16/05,51
CENTRO NORTE,CREA,Córdoba,Las Chilcas,20,3,Sin datos
CENTRO NORTE,CREA,Córdoba,Las Chilcas,20,15/04_al_28/04,75
CENTRO NORTE,CREA,Córdoba,Las Chilcas,20,29/04_al_16/05,Sin datos
CENTRO NORTE,CREA,Córdoba,Sebastián el Cano,20,3,251
CENTRO NORTE,CREA,Córdoba,Sebastián el Cano,20,15/04_al_28/04,160
CENTRO NORTE,CREA,Córdoba,Sebastián el Cano,20,29/04_al_16/05,291
CENTRO SUR,CREA,Santa Fe,El Trébol 4,20,3,Sin datos
CENTRO SUR,CREA,Santa Fe,El Trébol 4,20,15/04_al_28/04,Sin datos
CENTRO SUR,CREA,Santa Fe,El Trébol 4,20,29/04_al_16/05,10
CENTRO SUR,INTA,Córdoba,Marull,20,3,Trampa perdida
CENTRO SUR,INTA,Córdoba,Marull,20,15/04_al_28/04,125
CENTRO SUR,INTA,Córdoba,Marull,20,29/04_al_16/05,Trampa perdida
CENTRO SUR,INTA,Santa Fe,Centeno,20,3,Trampa perdida
CENTRO SUR,INTA,Santa Fe,Centeno,20,15/04_al_28/04,487
CENTRO SUR,INTA,Santa Fe,Centeno,20,29/04_al_16/05,801
CENTRO SUR,INTA,Santa Fe,Rafaela,20,3,938
CENTRO SUR,INTA,Santa Fe,Rafaela,20,15/04_al_28/04,630
CENTRO SUR,INTA,Santa Fe,Rafaela,20,29/04_al_16/05,326
CENTRO SUR,INTA,Santa Fe,Ceres,20,3,2080
CENTRO SUR,INTA,Santa Fe,Ceres,20,15/04_al_28/04,283
CENTRO SUR,INTA,Santa Fe,Ceres,20,29/04_al_16/05,278
CENTRO SUR,INTA,Santa Fe,San Justo,20,3,572
CENTRO SUR,INTA,Santa Fe,San Justo,20,15/04_al_28/04,336
CENTRO SUR,INTA,Santa Fe,San Justo,20,29/04_al_16/05,225
CENTRO SUR,AAPRESID,San Luís,La Angelina,20,3,0
CENTRO SUR,AAPRESID,San Luís,La Angelina,20,15/04_al_28/04,0
CENTRO SUR,AAPRESID,San Luís,La Angelina,20,29/04_al_16/05,0
CENTRO SUR,AAPRESID,San Luís,Nueva Galia,20,3,0
CENTRO SUR,AAPRESID,San Luís,Nueva Galia,20,15/04_al_28/04,0
CENTRO SUR,AAPRESID,San Luís,Nueva Galia,20,29/04_al_16/05,0
CENTRO SUR,CREA,San Luís,Buena Esperanza,20,3,14
CENTRO SUR,CREA,San Luís,Buena Esperanza,20,15/04_al_28/04,8
CENTRO SUR,CREA,San Luís,Buena Esperanza,20,29/04_al_16/05,16
CENTRO SUR,CREA,San Luís,Juan Jorba,20,3,32
CENTRO SUR,CREA,San Luís,Juan Jorba,20,15/04_al_28/04,6
CENTRO SUR,CREA,San Luís,Juan Jorba,20,29/04_al_16/05,28
CENTRO SUR,CREA,San Luís,Los molles,20,3,205
CENTRO SUR,CREA,San Luís,Los molles,20,15/04_al_28/04,16
CENTRO SUR,CREA,San Luís,Los molles,20,29/04_al_16/05,42
CENTRO SUR,CREA,San Luís,Naschel,20,3,53
CENTRO SUR,CREA,San Luís,Naschel,20,15/04_al_28/04,39
CENTRO SUR,CREA,San Luís,Naschel,20,29/04_al_16/05,102
CENTRO SUR,CREA,San Luís,San Martín,20,3,161
CENTRO SUR,CREA,San Luís,San Martín,20,15/04_al_28/04,17
CENTRO SUR,CREA,San Luís,San Martín,20,29/04_al_16/05,41
CENTRO SUR,INTA,San Luís,San Luis 1,20,3,0
CENTRO SUR,INTA,San Luís,San Luis 1,20,15/04_al_28/04,0
CENTRO SUR,INTA,San Luís,San Luis 1,20,29/04_al_16/05,0
CENTRO SUR,INTA,San Luís,Quines,20,3,718
CENTRO SUR,INTA,San Luís,Quines,20,15/04_al_28/04,46
CENTRO SUR,INTA,San Luís,Quines,20,29/04_al_16/05,41
CENTRO SUR,AAPPCE,Córdoba,Ana Zumaran,20,3,18
CENTRO SUR,AAPPCE,Córdoba,Ana Zumaran,20,15/04_al_28/04,62
CENTRO SUR,AAPPCE,Córdoba,Ana Zumaran,20,29/04_al_16/05,43
CENTRO SUR,AAPPCE,Córdoba,Cnel. Baigorria,20,3,18
CENTRO SUR,AAPPCE,Córdoba,Cnel. Baigorria,20,15/04_al_28/04,0
CENTRO SUR,AAPPCE,Córdoba,Cnel. Baigorria,20,29/04_al_16/05,27
CENTRO SUR,AAPPCE,Córdoba,General Roca,20,3,Trampa perdida
CENTRO SUR,AAPPCE,Córdoba,General Roca,20,15/04_al_28/04,15
CENTRO SUR,AAPPCE,Córdoba,General Roca,20,29/04_al_16/05,35
CENTRO SUR,AAPPCE,Córdoba,Gral. Cabrera,20,3,21
CENTRO SUR,AAPPCE,Córdoba,Gral. Cabrera,20,15/04_al_28/04,0
CENTRO SUR,AAPPCE,Córdoba,Gral. Cabrera,20,29/04_al_16/05,33
CENTRO SUR,AAPPCE,Córdoba,La playosa,20,3,31
CENTRO SUR,AAPPCE,Córdoba,La playosa,20,15/04_al_28/04,87
CENTRO SUR,AAPPCE,Córdoba,La playosa,20,29/04_al_16/05,58
CENTRO SUR,AAPPCE,Córdoba,Ordoñez,20,3,0
CENTRO SUR,AAPPCE,Córdoba,Ordoñez,20,15/04_al_28/04,0
CENTRO SUR,AAPPCE,Córdoba,Ordoñez,20,29/04_al_16/05,2
CENTRO SUR,AAPPCE,Córdoba,Tosquita,20,3,17
CENTRO SUR,AAPPCE,Córdoba,Tosquita,20,15/04_al_28/04,0
CENTRO SUR,AAPPCE,Córdoba,Tosquita,20,29/04_al_16/05,5
CENTRO SUR,AAPPCE,Córdoba,Arroyo Cabral,20,3,20
CENTRO SUR,AAPPCE,Córdoba,Arroyo Cabral,20,15/04_al_28/04,52
CENTRO SUR,AAPPCE,Córdoba,Arroyo Cabral,20,29/04_al_16/05,36
CENTRO SUR,AAPPCE,Córdoba,Villa María,20,3,26
CENTRO SUR,AAPPCE,Córdoba,Villa María,20,15/04_al_28/04,68
CENTRO SUR,AAPPCE,Córdoba,Villa María,20,29/04_al_16/05,41
CENTRO SUR,AAPRESID,Córdoba,Benjamín Gould,20,3,6
CENTRO SUR,AAPRESID,Córdoba,Benjamín Gould,20,15/04_al_28/04,2
CENTRO SUR,AAPRESID,Córdoba,Benjamín Gould,20,29/04_al_16/05,0
CENTRO SUR,AAPRESID,Córdoba,Buchardo,20,3,0
CENTRO SUR,AAPRESID,Córdoba,Buchardo,20,15/04_al_28/04,0
CENTRO SUR,AAPRESID,Córdoba,Buchardo,20,29/04_al_16/05,0
CENTRO SUR,AAPRESID,Córdoba,Coronel Moldes,20,3,18
CENTRO SUR,AAPRESID,Córdoba,Coronel Moldes,20,15/04_al_28/04,4
CENTRO SUR,AAPRESID,Córdoba,Coronel Moldes,20,29/04_al_16/05,16
NOA,CREA,Jujuy,EL Carmen,21,2,22
NOA,CREA,Jujuy,EL Carmen,21,3,7
NOA,CREA,Jujuy,EL Carmen,21,29/04_al_16/05,32
NOA,CREA,Jujuy,Fraile Pintado,21,2,15
NOA,CREA,Jujuy,Fraile Pintado,21,3,12
NOA,CREA,Jujuy,Fraile Pintado,21,29/04_al_16/05,38
NOA,CREA,Jujuy,Santa Clara,21,2,28
NOA,CREA,Jujuy,Santa Clara,21,3,43
NOA,CREA,Jujuy,Santa Clara,21,29/04_al_16/05,48
NOA,INTA,Jujuy,El Bananal,21,2,95
NOA,INTA,Jujuy,El Bananal,21,3,675
NOA,INTA,Jujuy,El Bananal,21,29/04_al_16/05,347
NOA,AAPRESID,Salta,Güemes,21,2,Sin datos
NOA,AAPRESID,Salta,Güemes,21,3,Sin datos
NOA,AAPRESID,Salta,Güemes,21,29/04_al_16/05,115
NOA,AAPRESID,Salta,Rivadavia,21,2,28
NOA,AAPRESID,Salta,Rivadavia,21,3,368
NOA,AAPRESID,Salta,Rivadavia,21,29/04_al_16/05,234
NOA,AAPRESID,Salta,Piquete Cabado 1,21,2,1960
NOA,AAPRESID,Salta,Piquete Cabado 1,21,3,2680
NOA,AAPRESID,Salta,Piquete Cabado 1,21,29/04_al_16/05,1123
NOA,CREA,Salta,Antilla,21,2,3061
NOA,CREA,Salta,Antilla,21,3,945
NOA,CREA,Salta,Antilla,21,29/04_al_16/05,2115
NOA,CREA,Salta,Ballivián,21,2,118
NOA,CREA,Salta,Ballivián,21,3,112
NOA,CREA,Salta,Ballivián,21,29/04_al_16/05,544
NOA,CREA,Salta,Ceibalito,21,2,1520
NOA,CREA,Salta,Ceibalito,21,3,1520
NOA,CREA,Salta,Ceibalito,21,29/04_al_16/05,Sin datos
NOA,CREA,Salta,Chaguaral,21,2,Sin datos
NOA,CREA,Salta,Chaguaral,21,3,0
NOA,CREA,Salta,Chaguaral,21,29/04_al_16/05,Trampa perdida
NOA,CREA,Salta,Copo Quiles,21,2,4464
NOA,CREA,Salta,Copo Quiles,21,3,4320
NOA,CREA,Salta,Copo Quiles,21,29/04_al_16/05,1137
NOA,CREA,Salta,El Bordo,21,2,2320
NOA,CREA,Salta,El Bordo,21,3,2800
NOA,CREA,Salta,El Bordo,21,29/04_al_16/05,Sin datos
NOA,CREA,Salta,El Galpón,21,2,2238
NOA,CREA,Salta,El Galpón,21,3,1007
NOA,CREA,Salta,El Galpón,21,29/04_al_16/05,1644
NOA,CREA,Salta,El Tunal,21,2,380
NOA,CREA,Salta,El Tunal,21,3,957
NOA,CREA,Salta,El Tunal,21,29/04_al_16/05,351
NOA,CREA,Salta,Embarcación,21,2,592
NOA,CREA,Salta,Embarcación,21,3,39
NOA,CREA,Salta,Embarcación,21,29/04_al_16/05,1531
NOA,CREA,Salta,Gral Pizarro,21,2,2000
NOA,CREA,Salta,Gral Pizarro,21,3,2240
NOA,CREA,Salta,Gral Pizarro,21,29/04_al_16/05,50
NOA,CREA,Salta,Horcones,21,2,240
NOA,CREA,Salta,Horcones,21,3,260
NOA,CREA,Salta,Horcones,21,29/04_al_16/05,Sin datos
NOA,CREA,Salta,J V Gonzales,21,2,2030
NOA,CREA,Salta,J V Gonzales,21,3,2030
NOA,CREA,Salta,J V Gonzales,21,29/04_al_16/05,Sin datos
NOA,CREA,Salta,Las Lajitas T3,21,2,1656
NOA,CREA,Salta,Las Lajitas T3,21,3,1296
NOA,CREA,Salta,Las Lajitas T3,21,29/04_al_16/05,661
NOA,CREA,Salta,Metan 1,21,2,459
NOA,CREA,Salta,Metan 1,21,3,972
NOA,CREA,Salta,Metan 1,21,29/04_al_16/05,594
NOA,CREA,Salta,Metan 2,21,2,1665
NOA,CREA,Salta,Metan 2,21,3,2564
NOA,CREA,Salta,Metan 2,21,29/04_al_16/05,1623
NOA,CREA,Salta,Mollinedo,21,2,2640
NOA,CREA,Salta,Mollinedo,21,3,0
NOA,CREA,Salta,Mollinedo,21,29/04_al_16/05,3600
NOA,CREA,Salta,Mosconi,21,2,Sin datos
NOA,CREA,Salta,Mosconi,21,3,19
NOA,CREA,Salta,Mosconi,21,29/04_al_16/05,Sin datos
NOA,CREA,Salta,Nstra Sra de Talavera,21,2,323
NOA,CREA,Salta,Nstra Sra de Talavera,21,3,323
NOA,CREA,Salta,Nstra Sra de Talavera,21,29/04_al_16/05,Sin datos
NOA,CREA,Salta,Pichanal,21,2,228
NOA,CREA,Salta,Pichanal,21,3,59
NOA,CREA,Salta,Pichanal,21,29/04_al_16/05,300
NOA,CREA,Salta,Piquete Cabado 2,21,2,2300
NOA,CREA,Salta,Piquete Cabado 2,21,3,2300
NOA,CREA,Salta,Piquete Cabado 2,21,29/04_al_16/05,Sin datos
NOA,CREA,Salta,Santo Domingo,21,2,Sin datos
NOA,CREA,Salta,Santo Domingo,21,3,2320
NOA,CREA,Salta,Santo Domingo,21,29/04_al_16/05,Sin datos
NOA,CREA,Salta,Saravia,21,2,1540
NOA,CREA,Salta,Saravia,21,3,1540
NOA,CREA,Salta,Saravia,21,29/04_al_16/05,Sin datos
NOA,CREA,Salta,Tolloche,21,2,244
NOA,CREA,Salta,Tolloche,21,3,244
NOA,CREA,Salta,Tolloche,21,29/04_al_16/05,Sin datos
NOA,CREA,Salta,Urundel,21,2,701
NOA,CREA,Salta,Urundel,21,3,110
NOA,CREA,Salta,Urundel,21,29/04_al_16/05,1280
NEA,CREA,Formosa,Las Lomitas,21,2,Sin datos
NEA,CREA,Formosa,Las Lomitas,21,3,Sin datos
NEA,CREA,Formosa,Las Lomitas,21,29/04_al_16/05,Sin datos
NEA,CREA,Formosa,Perin,21,2,59
NEA,CREA,Formosa,Perin,21,3,Sin datos
NEA,CREA,Formosa,Perin,21,29/04_al_16/05,65
NEA,INTA,Formosa,El colorado,21,2,8
NEA,INTA,Formosa,El colorado,21,3,3
NEA,INTA,Formosa,El colorado,21,29/04_al_16/05,8
NEA,INTA,Formosa,Comandante Fontana,21,2,891
NEA,INTA,Formosa,Comandante Fontana,21,3,450
NEA,INTA,Formosa,Comandante Fontana,21,29/04_al_16/05,475
NEA,AAPRESID,Chaco,Tres Isletas,21,2,20
NEA,AAPRESID,Chaco,Tres Isletas,21,3,26
NEA,AAPRESID,Chaco,Tres Isletas,21,29/04_al_16/05,Sin datos
NEA,AAPRESID,Chaco,Pampa del Infierno,21,2,83
NEA,AAPRESID,Chaco,Pampa del Infierno,21,3,512
NEA,AAPRESID,Chaco,Pampa del Infierno,21,29/04_al_16/05,95
NEA,AAPRESID,Chaco,Concepcion del Bermejo,21,2,Trampa perdida
NEA,AAPRESID,Chaco,Concepcion del Bermejo,21,3,Sin datos
NEA,AAPRESID,Chaco,Concepcion del Bermejo,21,29/04_al_16/05,30
NEA,AAPRESID,Chaco,Don Luciano (C. del Bermejo),21,2,Trampa perdida
NEA,AAPRESID,Chaco,Don Luciano (C. del Bermejo),21,3,Sin datos
NEA,AAPRESID,Chaco,Don Luciano (C. del Bermejo),21,29/04_al_16/05,43
NEA,AAPRESID,Chaco,Villa Angela,21,2,1
NEA,AAPRESID,Chaco,Villa Angela,21,3,17
NEA,AAPRESID,Chaco,Villa Angela,21,29/04_al_16/05,44
NEA,AAPRESID,Chaco,Las Piedritas,21,2,0
NEA,AAPRESID,Chaco,Las Piedritas,21,3,0
NEA,AAPRESID,Chaco,Las Piedritas,21,29/04_al_16/05,0
NEA,CREA,Chaco,Los Frentones,21,2,Sin datos
NEA,CREA,Chaco,Los Frentones,21,3,Sin datos
NEA,CREA,Chaco,Los Frentones,21,29/04_al_16/05,Sin datos
NEA,CREA,Chaco,Juan José Castelli,21,2,Sin datos
NEA,CREA,Chaco,Juan José Castelli,21,3,Sin datos
NEA,CREA,Chaco,Juan José Castelli,21,29/04_al_16/05,Sin datos
NEA,CREA,Chaco,El Timbo Pampa,21,2,Sin datos
NEA,CREA,Chaco,El Timbo Pampa,21,3,Sin datos
NEA,CREA,Chaco,El Timbo Pampa,21,29/04_al_16/05,Sin datos
NEA,CREA,Chaco,El Tocon Bermejo,21,2,Sin datos
NEA,CREA,Chaco,El Tocon Bermejo,21,3,Sin datos
NEA,CREA,Chaco,El Tocon Bermejo,21,29/04_al_16/05,10
NEA,CREA,Chaco,Las Breñas,21,2,23
NEA,CREA,Chaco,Las Breñas,21,3,19
NEA,CREA,Chaco,Las Breñas,21,29/04_al_16/05,30
NEA,CREA,Chaco,Santa Teresa Capdevilla,21,2,Sin datos
NEA,CREA,Chaco,Santa Teresa Capdevilla,21,3,Sin datos
NEA,CREA,Chaco,Santa Teresa Capdevilla,21,29/04_al_16/05,Sin datos
NEA,CREA,Chaco,Pampa Cejas,21,2,Sin datos
NEA,CREA,Chaco,Pampa Cejas,21,3,Sin datos
NEA,CREA,Chaco,Pampa Cejas,21,29/04_al_16/05,Sin datos
NEA,CREA,Chaco,3 Retoños,21,2,37
NEA,CREA,Chaco,3 Retoños,21,3,41
NEA,CREA,Chaco,3 Retoños,21,29/04_al_16/05,53
NEA,CREA,Chaco,Quitilipi,21,2,Sin datos
NEA,CREA,Chaco,Quitilipi,21,3,Sin datos
NEA,CREA,Chaco,Quitilipi,21,29/04_al_16/05,Sin datos
NEA,CREA,Chaco,PampaToloza,21,2,Sin datos
NEA,CREA,Chaco,PampaToloza,21,3,Sin datos
NEA,CREA,Chaco,PampaToloza,21,29/04_al_16/05,Sin datos
NEA,CREA,Chaco,Kempe,21,2,0
NEA,CREA,Chaco,Kempe,21,3,34
NEA,CREA,Chaco,Kempe,21,29/04_al_16/05,0
NEA,INTA,Chaco,Gral. Pinedo,21,2,42
NEA,INTA,Chaco,Gral. Pinedo,21,3,186
NEA,INTA,Chaco,Gral. Pinedo,21,29/04_al_16/05,45
NEA,CREA,Santiago Del Estero,San Pedro de Guasayán,21,2,644
NEA,CREA,Santiago Del Estero,San Pedro de Guasayán,21,3,286
NEA,CREA,Santiago Del Estero,San Pedro de Guasayán,21,29/04_al_16/05,Sin datos
NEA,CREA,Santiago Del Estero,Termas de Río Hondo,21,2,Sin datos
NEA,CREA,Santiago Del Estero,Termas de Río Hondo,21,3,Trampa perdida
NEA,CREA,Santiago Del Estero,Termas de Río Hondo,21,29/04_al_16/05,371
NEA,CREA,Santiago Del Estero,Vinará,21,2,603
NEA,CREA,Santiago Del Estero,Vinará,21,3,219
NEA,CREA,Santiago Del Estero,Vinará,21,29/04_al_16/05,Sin datos
NEA,CREA,Catamarca,El Abra,21,2,150
NEA,CREA,Catamarca,El Abra,21,3,150
NEA,CREA,Catamarca,El Abra,21,29/04_al_16/05,210
NEA,CREA,Catamarca,Los Altos,21,2,256
NEA,CREA,Catamarca,Los Altos,21,3,98
NEA,CREA,Catamarca,Los Altos,21,29/04_al_16/05,169
LITORAL,CREA,Santa Fe,Hersilia,21,2,581
LITORAL,CREA,Santa Fe,Hersilia,21,3,285
LITORAL,CREA,Santa Fe,Hersilia,21,29/04_al_16/05,122
LITORAL,CREA,Santa Fe,La Penca y Caraguatá,21,2,547
LITORAL,CREA,Santa Fe,La Penca y Caraguatá,21,3,162
LITORAL,CREA,Santa Fe,La Penca y Caraguatá,21,29/04_al_16/05,1262
LITORAL,CREA,Santa Fe,Ramayón,21,2,469
LITORAL,CREA,Santa Fe,Ramayón,21,3,1054
LITORAL,CREA,Santa Fe,Ramayón,21,29/04_al_16/05,277
LITORAL,CREA,Santa Fe,Alejandra,21,2,51
LITORAL,CREA,Santa Fe,Alejandra,21,3,11
LITORAL,CREA,Santa Fe,Alejandra,21,29/04_al_16/05,22
LITORAL,CREA,Santa Fe,Margarita,21,2,141
LITORAL,CREA,Santa Fe,Margarita,21,3,14
LITORAL,CREA,Santa Fe,Margarita,21,29/04_al_16/05,Trampa perdida
LITORAL,CREA,Santa Fe,Vera y Pintado,21,2,490
LITORAL,CREA,Santa Fe,Vera y Pintado,21,3,320
LITORAL,CREA,Santa Fe,Vera y Pintado,21,29/04_al_16/05,166
LITORAL,CREA,Santa Fe,Emilia,21,2,6
LITORAL,CREA,Santa Fe,Emilia,21,3,16
LITORAL,CREA,Santa Fe,Emilia,21,29/04_al_16/05,Sin datos
LITORAL,CREA,Santa Fe,La María,21,2,51
LITORAL,CREA,Santa Fe,La María,21,3,11
LITORAL,CREA,Santa Fe,La María,21,29/04_al_16/05,22
LITORAL,CREA,Santa Fe,La Osca,21,2,360
LITORAL,CREA,Santa Fe,La Osca,21,3,175
LITORAL,CREA,Santa Fe,La Osca,21,29/04_al_16/05,236
LITORAL,CREA,Santa Fe,Llambí Campbell,21,2,Sin datos
LITORAL,CREA,Santa Fe,Llambí Campbell,21,3,Sin datos
LITORAL,CREA,Santa Fe,Llambí Campbell,21,29/04_al_16/05,Sin datos
LITORAL,CREA,Santa Fe,Malabrigo,21,2,102
LITORAL,CREA,Santa Fe,Malabrigo,21,3,153
LITORAL,CREA,Santa Fe,Malabrigo,21,29/04_al_16/05,122
LITORAL,CREA,Santa Fe,Soledad,21,2,4
LITORAL,CREA,Santa Fe,Soledad,21,3,5
LITORAL,CREA,Santa Fe,Soledad,21,29/04_al_16/05,7
LITORAL,CREA,Santa Fe,Villa Saralegui,21,2,Sin datos
LITORAL,CREA,Santa Fe,Villa Saralegui,21,3,Sin datos
LITORAL,CREA,Santa Fe,Villa Saralegui,21,29/04_al_16/05,Sin datos
LITORAL,INTA,Santa Fe,Reconquista,21,2,338
LITORAL,INTA,Santa Fe,Reconquista,21,3,217
LITORAL,INTA,Santa Fe,Reconquista,21,29/04_al_16/05,567
LITORAL,INTA,Santa Fe,Calchaquí,21,2,7
LITORAL,INTA,Santa Fe,Calchaquí,21,3,7
LITORAL,INTA,Santa Fe,Calchaquí,21,29/04_al_16/05,5
LITORAL,INTA,Santa Fe,Logroño,21,2,3217
LITORAL,INTA,Santa Fe,Logroño,21,3,72
LITORAL,INTA,Santa Fe,Logroño,21,29/04_al_16/05,1158
LITORAL,INTA,Santa Fe,San javier,21,2,983
LITORAL,INTA,Santa Fe,San javier,21,3,257
LITORAL,INTA,Santa Fe,San javier,21,29/04_al_16/05,0
LITORAL,INTA,Santa Fe,La sarita,21,2,453
LITORAL,INTA,Santa Fe,La sarita,21,3,219
LITORAL,INTA,Santa Fe,La sarita,21,29/04_al_16/05,234
LITORAL,AAPRESID,Corrientes,Mercedes,21,2,26
LITORAL,AAPRESID,Corrientes,Mercedes,21,3,0
LITORAL,AAPRESID,Corrientes,Mercedes,21,29/04_al_16/05,36
LITORAL,AAPRESID,Corrientes,Ambrosio,21,2,32
LITORAL,AAPRESID,Corrientes,Ambrosio,21,3,55
LITORAL,AAPRESID,Corrientes,Ambrosio,21,29/04_al_16/05,212
LITORAL,AAPRESID,Corrientes,Corrientes,21,2,3
LITORAL,AAPRESID,Corrientes,Corrientes,21,3,10
LITORAL,AAPRESID,Corrientes,Corrientes,21,29/04_al_16/05,17
LITORAL,AAPRESID,Corrientes,Bella Vista,21,2,24
LITORAL,AAPRESID,Corrientes,Bella Vista,21,3,9
LITORAL,AAPRESID,Corrientes,Bella Vista,21,29/04_al_16/05,7
LITORAL,INTA,Corrientes,Sauce,21,2,0
LITORAL,INTA,Corrientes,Sauce,21,3,0
LITORAL,INTA,Corrientes,Sauce,21,29/04_al_16/05,19
LITORAL,INTA,Corrientes,Estancia el Rocio Copra,21,2,54
LITORAL,INTA,Corrientes,Estancia el Rocio Copra,21,3,9
LITORAL,INTA,Corrientes,Estancia el Rocio Copra,21,29/04_al_16/05,159
LITORAL,INTA,Corrientes,Mercedes,21,2,8
LITORAL,INTA,Corrientes,Mercedes,21,3,17
LITORAL,INTA,Corrientes,Mercedes,21,29/04_al_16/05,0
LITORAL,INTA,Corrientes,Virasoro,21,2,782
LITORAL,INTA,Corrientes,Virasoro,21,3,21
LITORAL,INTA,Corrientes,Virasoro,21,29/04_al_16/05,251
LITORAL,INTA,Corrientes,Goya,21,2,0
LITORAL,INTA,Corrientes,Goya,21,3,18
LITORAL,INTA,Corrientes,Goya,21,29/04_al_16/05,0
CENTRO NORTE,INTA,Corrientes,Esquina,21,2,31
CENTRO NORTE,INTA,Corrientes,Esquina,21,3,33
CENTRO NORTE,INTA,Corrientes,Esquina,21,29/04_al_16/05,59
CENTRO NORTE,AAPPCE,Entre Ríos,Don Cristobal,21,2,Trampa perdida
CENTRO NORTE,AAPPCE,Entre Ríos,Don Cristobal,21,3,3
CENTRO NORTE,AAPPCE,Entre Ríos,Don Cristobal,21,29/04_al_16/05,6
CENTRO NORTE,AAPPCE,Entre Ríos,Isletas,21,2,0
CENTRO NORTE,AAPPCE,Entre Ríos,Isletas,21,3,0
CENTRO NORTE,AAPPCE,Entre Ríos,Isletas,21,29/04_al_16/05,Trampa perdida
CENTRO NORTE,AAPPCE,Entre Ríos,La paz,21,2,54
CENTRO NORTE,AAPPCE,Entre Ríos,La paz,21,3,121
CENTRO NORTE,AAPPCE,Entre Ríos,La paz,21,29/04_al_16/05,118
CENTRO NORTE,AAPPCE,Entre Ríos,Hinojal,21,2,0
CENTRO NORTE,AAPPCE,Entre Ríos,Hinojal,21,3,0
CENTRO NORTE,AAPPCE,Entre Ríos,Hinojal,21,29/04_al_16/05,0
CENTRO NORTE,AAPRESID,Entre Ríos,Colonia Celina,21,2,0
CENTRO NORTE,AAPRESID,Entre Ríos,Colonia Celina,21,3,1
CENTRO NORTE,AAPRESID,Entre Ríos,Colonia Celina,21,29/04_al_16/05,2
CENTRO NORTE,AAPRESID,Entre Ríos,Sauce Pinto,21,2,0
CENTRO NORTE,AAPRESID,Entre Ríos,Sauce Pinto,21,3,0
CENTRO NORTE,AAPRESID,Entre Ríos,Sauce Pinto,21,29/04_al_16/05,1
CENTRO NORTE,AAPRESID,Entre Ríos,Gualeguay,21,2,126
CENTRO NORTE,AAPRESID,Entre Ríos,Gualeguay,21,3,0
CENTRO NORTE,AAPRESID,Entre Ríos,Gualeguay,21,29/04_al_16/05,36
CENTRO NORTE,AAPRESID,Entre Ríos,Paso de las Piedras,21,2,28
CENTRO NORTE,AAPRESID,Entre Ríos,Paso de las Piedras,21,3,2
CENTRO NORTE,AAPRESID,Entre Ríos,Paso de las Piedras,21,29/04_al_16/05,31
CENTRO NORTE,AAPRESID,Entre Ríos,Villa Hernandarias,21,2,6
CENTRO NORTE,AAPRESID,Entre Ríos,Villa Hernandarias,21,3,17
CENTRO NORTE,AAPRESID,Entre Ríos,Villa Hernandarias,21,29/04_al_16/05,21
CENTRO NORTE,AAPRESID,Entre Ríos,Don Cristobal,21,2,0
CENTRO NORTE,AAPRESID,Entre Ríos,Don Cristobal,21,3,0
CENTRO NORTE,AAPRESID,Entre Ríos,Don Cristobal,21,29/04_al_16/05,0
CENTRO NORTE,AAPRESID,Entre Ríos,Crespo,21,2,34
CENTRO NORTE,AAPRESID,Entre Ríos,Crespo,21,3,0
CENTRO NORTE,AAPRESID,Entre Ríos,Crespo,21,29/04_al_16/05,Sin datos
CENTRO NORTE,CREA,Entre Ríos,Las Garzas,21,2,Trampa perdida
CENTRO NORTE,CREA,Entre Ríos,Las Garzas,21,3,Sin datos
CENTRO NORTE,CREA,Entre Ríos,Las Garzas,21,29/04_al_16/05,0
CENTRO NORTE,CREA,Entre Ríos,Montoya,21,2,Trampa perdida
CENTRO NORTE,CREA,Entre Ríos,Montoya,21,3,21
CENTRO NORTE,CREA,Entre Ríos,Montoya,21,29/04_al_16/05,38
CENTRO NORTE,CREA,Entre Ríos,La Paz,21,2,Trampa perdida
CENTRO NORTE,CREA,Entre Ríos,La Paz,21,3,3
CENTRO NORTE,CREA,Entre Ríos,La Paz,21,29/04_al_16/05,0
CENTRO NORTE,CREA,Entre Ríos,Molino Doll,21,2,86
CENTRO NORTE,CREA,Entre Ríos,Molino Doll,21,3,Sin datos
CENTRO NORTE,CREA,Entre Ríos,Molino Doll,21,29/04_al_16/05,0
CENTRO NORTE,CREA,Entre Ríos,Feliciano,21,2,4
CENTRO NORTE,CREA,Entre Ríos,Feliciano,21,3,2
CENTRO NORTE,CREA,Entre Ríos,Feliciano,21,29/04_al_16/05,0
CENTRO NORTE,CREA,Entre Ríos,Villa Lila,21,2,0
CENTRO NORTE,CREA,Entre Ríos,Villa Lila,21,3,0
CENTRO NORTE,CREA,Entre Ríos,Villa Lila,21,29/04_al_16/05,0
CENTRO NORTE,CREA,Entre Ríos,Gualeguay,21,2,Trampa perdida
CENTRO NORTE,CREA,Entre Ríos,Gualeguay,21,3,0
CENTRO NORTE,CREA,Entre Ríos,Gualeguay,21,29/04_al_16/05,Sin datos
CENTRO NORTE,CREA,Entre Ríos,Victoria,21,2,328
CENTRO NORTE,CREA,Entre Ríos,Victoria,21,3,Sin datos
CENTRO NORTE,CREA,Entre Ríos,Victoria,21,29/04_al_16/05,413
CENTRO NORTE,CREA,Entre Ríos,Arroyo Barú,21,2,Trampa perdida
CENTRO NORTE,CREA,Entre Ríos,Arroyo Barú,21,3,Sin datos
CENTRO NORTE,CREA,Entre Ríos,Arroyo Barú,21,29/04_al_16/05,Sin datos
CENTRO NORTE,CREA,Entre Ríos,San Fernando,21,2,5
CENTRO NORTE,CREA,Entre Ríos,San Fernando,21,3,10
CENTRO NORTE,CREA,Entre Ríos,San Fernando,21,29/04_al_16/05,9
CENTRO NORTE,INTA,Entre Ríos,La Paz,21,2,36
CENTRO NORTE,INTA,Entre Ríos,La Paz,21,3,Sin datos
CENTRO NORTE,INTA,Entre Ríos,La Paz,21,29/04_al_16/05,56
CENTRO NORTE,INTA,Entre Ríos,Nogoya,21,2,83
CENTRO NORTE,INTA,Entre Ríos,Nogoya,21,3,18
CENTRO NORTE,INTA,Entre Ríos,Nogoya,21,29/04_al_16/05,16
CENTRO NORTE,INTA,Entre Ríos,Urdinarrain,21,2,11
CENTRO NORTE,INTA,Entre Ríos,Urdinarrain,21,3,59
CENTRO NORTE,INTA,Entre Ríos,Urdinarrain,21,29/04_al_16/05,43
CENTRO NORTE,INTA,Entre Ríos,Concepción del,21,2,52
CENTRO NORTE,INTA,Entre Ríos,Concepción del,21,3,6
CENTRO NORTE,INTA,Entre Ríos,Concepción del,21,29/04_al_16/05,6
CENTRO NORTE,INTA,Entre Ríos,Diamante,21,2,235
CENTRO NORTE,INTA,Entre Ríos,Diamante,21,3,44
CENTRO NORTE,INTA,Entre Ríos,Diamante,21,29/04_al_16/05,835
CENTRO NORTE,INTA,Entre Ríos,Gualeguay,21,2,198
CENTRO NORTE,INTA,Entre Ríos,Gualeguay,21,3,123
CENTRO NORTE,INTA,Entre Ríos,Gualeguay,21,29/04_al_16/05,114
CENTRO NORTE,INTA,Entre Ríos,Parana,21,2,198
CENTRO NORTE,INTA,Entre Ríos,Parana,21,3,123
CENTRO NORTE,INTA,Entre Ríos,Parana,21,29/04_al_16/05,114
DESCONOCIDA,AAPRESID,San Luis,La Toma,21,19,2
DESCONOCIDA,AAPRESID,San Luis,La Toma,21,20,1
DESCONOCIDA,AAPRESID,San Luis,La Toma,21,21,4
DESCONOCIDA,AAPPCE,Córdoba,Corralito,21,19,159
DESCONOCIDA,AAPPCE,Córdoba,Corralito,21,20,360
DESCONOCIDA,AAPPCE,Córdoba,Corralito,21,21,326
DESCONOCIDA,AAPPCE,Córdoba,Freyre,21,19,273
DESCONOCIDA,AAPPCE,Córdoba,Freyre,21,20,346
DESCONOCIDA,AAPPCE,Córdoba,Freyre,21,21,79
DESCONOCIDA,AAPPCE,Córdoba,Morteros,21,19,97
DESCONOCIDA,AAPPCE,Córdoba,Morteros,21,20,32
DESCONOCIDA,AAPPCE,Córdoba,Morteros,21,21,4
DESCONOCIDA,AAPPCE,Córdoba,Rayo Cortado,21,19,285
DESCONOCIDA,AAPPCE,Córdoba,Rayo Cortado,21,20,186
DESCONOCIDA,AAPPCE,Córdoba,Rayo Cortado,21,21,57
DESCONOCIDA,AAPPCE,Córdoba,Jesus María,21,19,28
DESCONOCIDA,AAPPCE,Córdoba,Jesus María,21,20,650
DESCONOCIDA,AAPPCE,Córdoba,Jesus María,21,21,460
DESCONOCIDA,AAPPCE,Córdoba,El Fortín,21,19,324
DESCONOCIDA,AAPPCE,Córdoba,El Fortín,21,20,Trampa perdida
DESCONOCIDA,AAPPCE,Córdoba,El Fortín,21,21,13
DESCONOCIDA,AAPPCE,Córdoba,Río Ceballos,21,19,16
DESCONOCIDA,AAPPCE,Córdoba,Río Ceballos,21,20,220
DESCONOCIDA,AAPPCE,Córdoba,Río Ceballos,21,21,130
DESCONOCIDA,AAPRESID,Córdoba,Villa María,21,19,0
DESCONOCIDA,AAPRESID,Córdoba,Villa María,21,20,26
DESCONOCIDA,AAPRESID,Córdoba,Villa María,21,21,47
DESCONOCIDA,AAPRESID,Córdoba,Cañada de Luque,21,19,98
DESCONOCIDA,AAPRESID,Córdoba,Cañada de Luque,21,20,427
DESCONOCIDA,AAPRESID,Córdoba,Cañada de Luque,21,21,Trampa perdida
DESCONOCIDA,AAPRESID,Córdoba,Capilla de Sitón,21,19,90
DESCONOCIDA,AAPRESID,Córdoba,Capilla de Sitón,21,20,369
DESCONOCIDA,AAPRESID,Córdoba,Capilla de Sitón,21,21,191
DESCONOCIDA,AAPRESID,Córdoba,Carrilobo,21,19,Sin datos
DESCONOCIDA,AAPRESID,Córdoba,Carrilobo,21,20,80
DESCONOCIDA,AAPRESID,Córdoba,Carrilobo,21,21,105
DESCONOCIDA,AAPRESID,Córdoba,Devoto,21,19,0
DESCONOCIDA,AAPRESID,Córdoba,Devoto,21,20,46
DESCONOCIDA,AAPRESID,Córdoba,Devoto,21,21,365
DESCONOCIDA,AAPRESID,Córdoba,Eufrasio Loza,21,19,13
DESCONOCIDA,AAPRESID,Córdoba,Eufrasio Loza,21,20,772
DESCONOCIDA,AAPRESID,Córdoba,Eufrasio Loza,21,21,185
DESCONOCIDA,AAPRESID,Córdoba,Laguna Larga,21,19,26
DESCONOCIDA,AAPRESID,Córdoba,Laguna Larga,21,20,35
DESCONOCIDA,AAPRESID,Córdoba,Laguna Larga,21,21,19
DESCONOCIDA,AAPRESID,Córdoba,Las Bajadas,21,19,8
DESCONOCIDA,AAPRESID,Córdoba,Las Bajadas,21,20,49
DESCONOCIDA,AAPRESID,Córdoba,Las Bajadas,21,21,45
DESCONOCIDA,AAPRESID,Córdoba,Monte del Rosario,21,19,634
DESCONOCIDA,AAPRESID,Córdoba,Monte del Rosario,21,20,1196
DESCONOCIDA,AAPRESID,Córdoba,Monte del Rosario,21,21,1727
DESCONOCIDA,AAPRESID,Córdoba,Montecristo,21,19,591
DESCONOCIDA,AAPRESID,Córdoba,Montecristo,21,20,312
DESCONOCIDA,AAPRESID,Córdoba,Montecristo,21,21,74
DESCONOCIDA,AAPRESID,Córdoba,Obispo trejo,21,19,Sin datos
DESCONOCIDA,AAPRESID,Córdoba,Obispo trejo,21,20,5
DESCONOCIDA,AAPRESID,Córdoba,Obispo trejo,21,21,5
DESCONOCIDA,AAPRESID,Córdoba,Río Segundo- T1,21,19,202
DESCONOCIDA,AAPRESID,Córdoba,Río Segundo- T1,21,20,171
DESCONOCIDA,AAPRESID,Córdoba,Río Segundo- T1,21,21,167
DESCONOCIDA,AAPRESID,Córdoba,San Francisco,21,19,1
DESCONOCIDA,AAPRESID,Córdoba,San Francisco,21,20,0
DESCONOCIDA,AAPRESID,Córdoba,San Francisco,21,21,2
DESCONOCIDA,AAPRESID,Córdoba,Santa Catalina,21,19,184
DESCONOCIDA,AAPRESID,Córdoba,Santa Catalina,21,20,632
DESCONOCIDA,AAPRESID,Córdoba,Santa Catalina,21,21,540
DESCONOCIDA,AAPRESID,Córdoba,Tancacha,21,19,4
DESCONOCIDA,AAPRESID,Córdoba,Tancacha,21,20,35
DESCONOCIDA,AAPRESID,Córdoba,Tancacha,21,21,24
DESCONOCIDA,AAPRESID,Córdoba,Villa de Maria,21,19,148
DESCONOCIDA,AAPRESID,Córdoba,Villa de Maria,21,20,137
DESCONOCIDA,AAPRESID,Córdoba,Villa de Maria,21,21,20
DESCONOCIDA,AAPRESID,Córdoba,Arroyito,21,19,162
DESCONOCIDA,AAPRESID,Córdoba,Arroyito,21,20,107
DESCONOCIDA,AAPRESID,Córdoba,Arroyito,21,21,166
DESCONOCIDA,AAPRESID,Córdoba,Villa Sta. Rosa,21,19,422
DESCONOCIDA,AAPRESID,Córdoba,Villa Sta. Rosa,21,20,284
DESCONOCIDA,AAPRESID,Córdoba,Villa Sta. Rosa,21,21,10
DESCONOCIDA,AAPRESID,Córdoba,Hernando,21,19,0
DESCONOCIDA,AAPRESID,Córdoba,Hernando,21,20,0
DESCONOCIDA,AAPRESID,Córdoba,Hernando,21,21,0
DESCONOCIDA,CREA,Córdoba,Piquillín,21,19,51
DESCONOCIDA,CREA,Córdoba,Piquillín,21,20,313
DESCONOCIDA,CREA,Córdoba,Piquillín,21,21,738
DESCONOCIDA,CREA,Córdoba,Las Chilcas,21,19,Sin datos
DESCONOCIDA,CREA,Córdoba,Las Chilcas,21,20,Sin datos
DESCONOCIDA,CREA,Córdoba,Las Chilcas,21,21,61
DESCONOCIDA,CREA,Córdoba,Sebastián el Cano,21,19,291
DESCONOCIDA,CREA,Córdoba,Sebastián el Cano,21,20,251
DESCONOCIDA,CREA,Córdoba,Sebastián el Cano,21,21,72
DESCONOCIDA,CREA,Córdoba,El Tío,21,19,297
DESCONOCIDA,CREA,Córdoba,El Tío,21,20,Sin datos
DESCONOCIDA,CREA,Córdoba,El Tío,21,21,43
DESCONOCIDA,CREA,Córdoba,Colonia Tirolesa,21,19,Sin datos
DESCONOCIDA,CREA,Córdoba,Colonia Tirolesa,21,20,362
DESCONOCIDA,CREA,Córdoba,Colonia Tirolesa,21,21,337
DESCONOCIDA,CREA,Córdoba,Las Astillas,21,19,515
DESCONOCIDA,CREA,Córdoba,Las Astillas,21,20,553
DESCONOCIDA,CREA,Córdoba,Las Astillas,21,21,140
DESCONOCIDA,CREA,Córdoba,Mi Granja,21,19,143
DESCONOCIDA,CREA,Córdoba,Mi Granja,21,20,77
DESCONOCIDA,CREA,Córdoba,Mi Granja,21,21,152
DESCONOCIDA,CREA,Córdoba,Sacanta,21,19,Sin datos
DESCONOCIDA,CREA,Córdoba,Sacanta,21,20,Trampa perdida
DESCONOCIDA,CREA,Córdoba,Sacanta,21,21,11
DESCONOCIDA,CREA,Córdoba,Sinsacate,21,19,143
DESCONOCIDA,CREA,Córdoba,Sinsacate,21,20,Sin datos
DESCONOCIDA,CREA,Córdoba,Sinsacate,21,21,22
DESCONOCIDA,CREA,Córdoba,Tala Norte,21,19,0
DESCONOCIDA,CREA,Córdoba,Tala Norte,21,20,39
DESCONOCIDA,CREA,Córdoba,Tala Norte,21,21,34
CENTRO SUR,AAPRESID,San Luís,La Angelina,21,2,0
CENTRO SUR,AAPRESID,San Luís,La Angelina,21,3,0
CENTRO SUR,AAPRESID,San Luís,La Angelina,21,29/04_al_16/05,0
CENTRO SUR,AAPRESID,San Luís,Nueva Galia,21,2,0
CENTRO SUR,AAPRESID,San Luís,Nueva Galia,21,3,0
CENTRO SUR,AAPRESID,San Luís,Nueva Galia,21,29/04_al_16/05,0
CENTRO SUR,CREA,San Luís,Buena Esperanza,21,2,14
CENTRO SUR,CREA,San Luís,Buena Esperanza,21,3,20
CENTRO SUR,CREA,San Luís,Buena Esperanza,21,29/04_al_16/05,16
CENTRO SUR,CREA,San Luís,Juan Jorba,21,2,32
CENTRO SUR,CREA,San Luís,Juan Jorba,21,3,7
CENTRO SUR,CREA,San Luís,Juan Jorba,21,29/04_al_16/05,28
CENTRO SUR,CREA,San Luís,Los molles,21,2,205
CENTRO SUR,CREA,San Luís,Los molles,21,3,823
CENTRO SUR,CREA,San Luís,Los molles,21,29/04_al_16/05,42
CENTRO SUR,CREA,San Luís,Naschel,21,2,53
CENTRO SUR,CREA,San Luís,Naschel,21,3,72
CENTRO SUR,CREA,San Luís,Naschel,21,29/04_al_16/05,102
CENTRO SUR,CREA,San Luís,San Martín,21,2,161
CENTRO SUR,CREA,San Luís,San Martín,21,3,25
CENTRO SUR,CREA,San Luís,San Martín,21,29/04_al_16/05,41
CENTRO SUR,INTA,San Luís,San Luis 1,21,2,0
CENTRO SUR,INTA,San Luís,San Luis 1,21,3,0
CENTRO SUR,INTA,San Luís,San Luis 1,21,29/04_al_16/05,0
CENTRO SUR,INTA,San Luís,Quines,21,2,718
CENTRO SUR,INTA,San Luís,Quines,21,3,3
CENTRO SUR,INTA,San Luís,Quines,21,29/04_al_16/05,41
CENTRO SUR,AAPPCE,Córdoba,Ana Zumaran,21,2,18
CENTRO SUR,AAPPCE,Córdoba,Ana Zumaran,21,3,14
CENTRO SUR,AAPPCE,Córdoba,Ana Zumaran,21,29/04_al_16/05,43
CENTRO SUR,AAPPCE,Córdoba,Cnel. Baigorria,21,2,18
CENTRO SUR,AAPPCE,Córdoba,Cnel. Baigorria,21,3,6
CENTRO SUR,AAPPCE,Córdoba,Cnel. Baigorria,21,29/04_al_16/05,27
CENTRO SUR,AAPPCE,Córdoba,General Roca,21,2,Trampa perdida
CENTRO SUR,AAPPCE,Córdoba,General Roca,21,3,32
CENTRO SUR,AAPPCE,Córdoba,General Roca,21,29/04_al_16/05,35
CENTRO SUR,AAPPCE,Córdoba,Gral. Cabrera,21,2,21
CENTRO SUR,AAPPCE,Córdoba,Gral. Cabrera,21,3,12
CENTRO SUR,AAPPCE,Córdoba,Gral. Cabrera,21,29/04_al_16/05,33
CENTRO SUR,AAPPCE,Córdoba,La playosa,21,2,31
CENTRO SUR,AAPPCE,Córdoba,La playosa,21,3,19
CENTRO SUR,AAPPCE,Córdoba,La playosa,21,29/04_al_16/05,58
CENTRO SUR,AAPPCE,Córdoba,Ordoñez,21,2,0
CENTRO SUR,AAPPCE,Córdoba,Ordoñez,21,3,0
CENTRO SUR,AAPPCE,Córdoba,Ordoñez,21,29/04_al_16/05,2
CENTRO SUR,AAPPCE,Córdoba,Tosquita,21,2,17
CENTRO SUR,AAPPCE,Córdoba,Tosquita,21,3,7
CENTRO SUR,AAPPCE,Córdoba,Tosquita,21,29/04_al_16/05,5
CENTRO SUR,AAPPCE,Córdoba,Arroyo Cabral,21,2,20
CENTRO SUR,AAPPCE,Córdoba,Arroyo Cabral,21,3,20
CENTRO SUR,AAPPCE,Córdoba,Arroyo Cabral,21,29/04_al_16/05,36
CENTRO SUR,AAPPCE,Córdoba,Villa María,21,2,26
CENTRO SUR,AAPPCE,Córdoba,Villa María,21,3,23
CENTRO SUR,AAPPCE,Córdoba,Villa María,21,29/04_al_16/05,41
CENTRO SUR,AAPRESID,Córdoba,Benjamín Gould,21,2,6
CENTRO SUR,AAPRESID,Córdoba,Benjamín Gould,21,3,34
CENTRO SUR,AAPRESID,Córdoba,Benjamín Gould,21,29/04_al_16/05,0
CENTRO SUR,AAPRESID,Córdoba,Buchardo,21,2,0
CENTRO SUR,AAPRESID,Córdoba,Buchardo,21,3,0
CENTRO SUR,AAPRESID,Córdoba,Buchardo,21,29/04_al_16/05,0
CENTRO SUR,AAPRESID,Córdoba,Coronel Moldes,21,2,18
CENTRO SUR,AAPRESID,Córdoba,Coronel Moldes,21,3,14
CENTRO SUR,AAPRESID,Córdoba,Coronel Moldes,21,29/04_al_16/05,16
CENTRO SUR,AAPRESID,Córdoba,Corral de Bustos,21,2,20
CENTRO SUR,AAPRESID,Córdoba,Corral de Bustos,21,3,8
CENTRO SUR,AAPRESID,Córdoba,Corral de Bustos,21,29/04_al_16/05,10
CENTRO SUR,AAPRESID,Córdoba,Guatimozin,21,2,2
CENTRO SUR,AAPRESID,Córdoba,Guatimozin,21,3,0
CENTRO SUR,AAPRESID,Córdoba,Guatimozin,21,29/04_al_16/05,1
CENTRO SUR,AAPRESID,Córdoba,Idiazabal,21,2,2
CENTRO SUR,AAPRESID,Córdoba,Idiazabal,21,3,Trampa perdida
CENTRO SUR,AAPRESID,Córdoba,Idiazabal,21,29/04_al_16/05,2
CENTRO SUR,AAPRESID,Córdoba,Lecueder,21,2,0
CENTRO SUR,AAPRESID,Córdoba,Lecueder,21,3,0
CENTRO SUR,AAPRESID,Córdoba,Lecueder,21,29/04_al_16/05,0
CENTRO SUR,AAPRESID,Córdoba,Villa Valeria,21,2,0
CENTRO SUR,AAPRESID,Córdoba,Villa Valeria,21,3,0
CENTRO SUR,AAPRESID,Córdoba,Villa Valeria,21,29/04_al_16/05,0
CENTRO SUR,AAPRESID,Córdoba,Jovita,21,2,0
CENTRO SUR,AAPRESID,Córdoba,Jovita,21,3,0
CENTRO SUR,AAPRESID,Córdoba,Jovita,21,29/04_al_16/05,0
CENTRO SUR,AAPRESID,Córdoba,Adelia María,21,2,41
CENTRO SUR,AAPRESID,Córdoba,Adelia María,21,3,19
CENTRO SUR,AAPRESID,Córdoba,Adelia María,21,29/04_al_16/05,25
NOA,CREA,Jujuy,EL Carmen,22,3,2
NOA,CREA,Jujuy,EL Carmen,22,17/05_al_02/06,22
NOA,CREA,Jujuy,EL Carmen,22,03/06_al_19/06,7
NOA,CREA,Jujuy,Fraile Pintado,22,3,5
NOA,CREA,Jujuy,Fraile Pintado,22,17/05_al_02/06,15
NOA,CREA,Jujuy,Fraile Pintado,22,03/06_al_19/06,12
NOA,CREA,Jujuy,Santa Clara,22,3,19
NOA,CREA,Jujuy,Santa Clara,22,17/05_al_02/06,28
NOA,CREA,Jujuy,Santa Clara,22,03/06_al_19/06,43
NOA,INTA,Jujuy,El Bananal,22,3,244
NOA,INTA,Jujuy,El Bananal,22,17/05_al_02/06,95
NOA,INTA,Jujuy,El Bananal,22,03/06_al_19/06,675
NOA,AAPRESID,Salta,Rivadavia,22,3,32
NOA,AAPRESID,Salta,Rivadavia,22,17/05_al_02/06,28
NOA,AAPRESID,Salta,Rivadavia,22,03/06_al_19/06,368
NOA,AAPRESID,Salta,Piquete Cabado 1,22,3,1416
NOA,AAPRESID,Salta,Piquete Cabado 1,22,17/05_al_02/06,1960
NOA,AAPRESID,Salta,Piquete Cabado 1,22,03/06_al_19/06,2680
NOA,CREA,Salta,Antilla,22,3,Sin datos
NOA,CREA,Salta,Antilla,22,17/05_al_02/06,3061
NOA,CREA,Salta,Antilla,22,03/06_al_19/06,945
NOA,CREA,Salta,Ballivián,22,3,32
NOA,CREA,Salta,Ballivián,22,17/05_al_02/06,118
NOA,CREA,Salta,Ballivián,22,03/06_al_19/06,112
NOA,CREA,Salta,Ceibalito,22,3,113
NOA,CREA,Salta,Ceibalito,22,17/05_al_02/06,1520
NOA,CREA,Salta,Ceibalito,22,03/06_al_19/06,1520
NOA,CREA,Salta,Chaguaral,22,3,0
NOA,CREA,Salta,Chaguaral,22,17/05_al_02/06,Sin datos
NOA,CREA,Salta,Chaguaral,22,03/06_al_19/06,0
NOA,CREA,Salta,Copo Quiles,22,3,Sin datos
NOA,CREA,Salta,Copo Quiles,22,17/05_al_02/06,4464
NOA,CREA,Salta,Copo Quiles,22,03/06_al_19/06,4320
NOA,CREA,Salta,El Bordo,22,3,Sin datos
NOA,CREA,Salta,El Bordo,22,17/05_al_02/06,2320
NOA,CREA,Salta,El Bordo,22,03/06_al_19/06,2800
NOA,CREA,Salta,El Galpón,22,3,Sin datos
NOA,CREA,Salta,El Galpón,22,17/05_al_02/06,2238
NOA,CREA,Salta,El Galpón,22,03/06_al_19/06,1007
NOA,CREA,Salta,El Tunal,22,3,Sin datos
NOA,CREA,Salta,El Tunal,22,17/05_al_02/06,380
NOA,CREA,Salta,El Tunal,22,03/06_al_19/06,957
NOA,CREA,Salta,Embarcación,22,3,32
NOA,CREA,Salta,Embarcación,22,17/05_al_02/06,592
NOA,CREA,Salta,Embarcación,22,03/06_al_19/06,39
NOA,CREA,Salta,Gral Pizarro,22,3,20
NOA,CREA,Salta,Gral Pizarro,22,17/05_al_02/06,2000
NOA,CREA,Salta,Gral Pizarro,22,03/06_al_19/06,2240
NOA,CREA,Salta,Horcones,22,3,31
NOA,CREA,Salta,Horcones,22,17/05_al_02/06,240
NOA,CREA,Salta,Horcones,22,03/06_al_19/06,260
NOA,CREA,Salta,J V Gonzales,22,3,0
NOA,CREA,Salta,J V Gonzales,22,17/05_al_02/06,2030
NOA,CREA,Salta,J V Gonzales,22,03/06_al_19/06,2030
NOA,CREA,Salta,Las Lajitas T3,22,3,282
NOA,CREA,Salta,Las Lajitas T3,22,17/05_al_02/06,1656
NOA,CREA,Salta,Las Lajitas T3,22,03/06_al_19/06,1296
NOA,CREA,Salta,Metan 1,22,3,155
NOA,CREA,Salta,Metan 1,22,17/05_al_02/06,459
NOA,CREA,Salta,Metan 1,22,03/06_al_19/06,972
NOA,CREA,Salta,Metan 2,22,3,804
NOA,CREA,Salta,Metan 2,22,17/05_al_02/06,1665
NOA,CREA,Salta,Metan 2,22,03/06_al_19/06,2564
NOA,CREA,Salta,Mollinedo,22,3,21
NOA,CREA,Salta,Mollinedo,22,17/05_al_02/06,2640
NOA,CREA,Salta,Mollinedo,22,03/06_al_19/06,0
NOA,CREA,Salta,Mosconi,22,3,7
NOA,CREA,Salta,Mosconi,22,17/05_al_02/06,Sin datos
NOA,CREA,Salta,Mosconi,22,03/06_al_19/06,19
NOA,CREA,Salta,Nstra Sra de Talavera,22,3,9
NOA,CREA,Salta,Nstra Sra de Talavera,22,17/05_al_02/06,323
NOA,CREA,Salta,Nstra Sra de Talavera,22,03/06_al_19/06,323
NOA,CREA,Salta,Pichanal,22,3,2
NOA,CREA,Salta,Pichanal,22,17/05_al_02/06,228
NOA,CREA,Salta,Pichanal,22,03/06_al_19/06,59
NOA,CREA,Salta,Piquete Cabado 2,22,3,363
NOA,CREA,Salta,Piquete Cabado 2,22,17/05_al_02/06,2300
NOA,CREA,Salta,Piquete Cabado 2,22,03/06_al_19/06,2300
NOA,CREA,Salta,Santo Domingo,22,3,448
NOA,CREA,Salta,Santo Domingo,22,17/05_al_02/06,Sin datos
NOA,CREA,Salta,Santo Domingo,22,03/06_al_19/06,2320
NOA,CREA,Salta,Saravia,22,3,1000
NOA,CREA,Salta,Saravia,22,17/05_al_02/06,1540
NOA,CREA,Salta,Saravia,22,03/06_al_19/06,1540
NOA,CREA,Salta,Tolloche,22,3,53
NOA,CREA,Salta,Tolloche,22,17/05_al_02/06,244
NOA,CREA,Salta,Tolloche,22,03/06_al_19/06,244
NOA,CREA,Salta,Urundel,22,3,21
NOA,CREA,Salta,Urundel,22,17/05_al_02/06,701
NOA,CREA,Salta,Urundel,22,03/06_al_19/06,110
NOA,INTA,Salta,Metán,22,3,6
NOA,INTA,Salta,Metán,22,17/05_al_02/06,359
NOA,INTA,Salta,Metán,22,03/06_al_19/06,6
NEA,CREA,Formosa,Perin,22,3,35
NEA,CREA,Formosa,Perin,22,17/05_al_02/06,59
NEA,CREA,Formosa,Perin,22,03/06_al_19/06,Sin datos
NEA,INTA,Formosa,El colorado,22,3,14
NEA,INTA,Formosa,El colorado,22,17/05_al_02/06,8
NEA,INTA,Formosa,El colorado,22,03/06_al_19/06,3
NEA,INTA,Formosa,Comandante Fontana,22,3,215
NEA,INTA,Formosa,Comandante Fontana,22,17/05_al_02/06,891
NEA,INTA,Formosa,Comandante Fontana,22,03/06_al_19/06,450
NEA,AAPRESID,Chaco,Tres Isletas,22,3,18
NEA,AAPRESID,Chaco,Tres Isletas,22,17/05_al_02/06,20
NEA,AAPRESID,Chaco,Tres Isletas,22,03/06_al_19/06,26
NEA,AAPRESID,Chaco,Pampa del Infierno,22,3,266
NEA,AAPRESID,Chaco,Pampa del Infierno,22,17/05_al_02/06,83
NEA,AAPRESID,Chaco,Pampa del Infierno,22,03/06_al_19/06,512
NEA,AAPRESID,Chaco,Concepcion del Bermejo,22,3,210
NEA,AAPRESID,Chaco,Concepcion del Bermejo,22,17/05_al_02/06,Trampa perdida
NEA,AAPRESID,Chaco,Concepcion del Bermejo,22,03/06_al_19/06,Sin datos
NEA,AAPRESID,Chaco,Villa Angela,22,3,9
NEA,AAPRESID,Chaco,Villa Angela,22,17/05_al_02/06,1
NEA,AAPRESID,Chaco,Villa Angela,22,03/06_al_19/06,17
NEA,AAPRESID,Chaco,Las Piedritas,22,3,Sin datos
NEA,AAPRESID,Chaco,Las Piedritas,22,17/05_al_02/06,0
NEA,AAPRESID,Chaco,Las Piedritas,22,03/06_al_19/06,0
NEA,CREA,Chaco,Las Breñas,22,3,97
NEA,CREA,Chaco,Las Breñas,22,17/05_al_02/06,23
NEA,CREA,Chaco,Las Breñas,22,03/06_al_19/06,19
NEA,CREA,Chaco,Santa Teresa Capdevilla,22,3,Sin datos
NEA,CREA,Chaco,Santa Teresa Capdevilla,22,17/05_al_02/06,Sin datos
NEA,CREA,Chaco,Santa Teresa Capdevilla,22,03/06_al_19/06,Sin datos
NEA,CREA,Chaco,Pampa Cejas,22,3,Sin datos
NEA,CREA,Chaco,Pampa Cejas,22,17/05_al_02/06,Sin datos
NEA,CREA,Chaco,Pampa Cejas,22,03/06_al_19/06,Sin datos
NEA,CREA,Chaco,3 Retoños,22,3,Sin datos
NEA,CREA,Chaco,3 Retoños,22,17/05_al_02/06,37
NEA,CREA,Chaco,3 Retoños,22,03/06_al_19/06,41
NEA,CREA,Chaco,Kempe,22,3,Sin datos
NEA,CREA,Chaco,Kempe,22,17/05_al_02/06,0
NEA,CREA,Chaco,Kempe,22,03/06_al_19/06,34
NEA,INTA,Chaco,Gral. Pinedo,22,3,125
NEA,INTA,Chaco,Gral. Pinedo,22,17/05_al_02/06,42
NEA,INTA,Chaco,Gral. Pinedo,22,03/06_al_19/06,186
NEA,INTA,Chaco,Tres Isletas,22,3,21
NEA,INTA,Chaco,Tres Isletas,22,17/05_al_02/06,102
NEA,INTA,Chaco,Tres Isletas,22,03/06_al_19/06,43
NEA,INTA,Chaco,Pampa del Infierno,22,3,52
NEA,INTA,Chaco,Pampa del Infierno,22,17/05_al_02/06,2
NEA,INTA,Chaco,Pampa del Infierno,22,03/06_al_19/06,179
NEA,INTA,Chaco,Las Breñas,22,3,611
NEA,INTA,Chaco,Las Breñas,22,17/05_al_02/06,Trampa perdida
NEA,INTA,Chaco,Las Breñas,22,03/06_al_19/06,310
NEA,INTA,Chaco,Juan José Castelli,22,3,124
NEA,INTA,Chaco,Juan José Castelli,22,17/05_al_02/06,65
NEA,INTA,Chaco,Juan José Castelli,22,03/06_al_19/06,116
NEA,INTA,Chaco,Sylvina,22,3,246
NEA,INTA,Chaco,Sylvina,22,17/05_al_02/06,143
NEA,INTA,Chaco,Sylvina,22,03/06_al_19/06,147
NEA,INTA,Chaco,Basail,22,3,81
NEA,INTA,Chaco,Basail,22,17/05_al_02/06,35
NEA,INTA,Chaco,Basail,22,03/06_al_19/06,92
NEA,AAPPCE,Santiago Del Estero,Weisburd,22,3,320
NEA,AAPPCE,Santiago Del Estero,Weisburd,22,17/05_al_02/06,1120
NEA,AAPPCE,Santiago Del Estero,Weisburd,22,03/06_al_19/06,1900
NEA,AAPPCE,Santiago Del Estero,Bandera,22,3,32
NEA,AAPPCE,Santiago Del Estero,Bandera,22,17/05_al_02/06,2057
NEA,AAPPCE,Santiago Del Estero,Bandera,22,03/06_al_19/06,94
NEA,AAPRESID,Santiago Del Estero,Bandera,22,3,0
NEA,AAPRESID,Santiago Del Estero,Bandera,22,17/05_al_02/06,Sin datos
NEA,AAPRESID,Santiago Del Estero,Bandera,22,03/06_al_19/06,0
NEA,AAPRESID,Santiago Del Estero,Arbol Blanco,22,3,7
NEA,AAPRESID,Santiago Del Estero,Arbol Blanco,22,17/05_al_02/06,125
NEA,AAPRESID,Santiago Del Estero,Arbol Blanco,22,03/06_al_19/06,Sin datos
NEA,CREA,Santiago Del Estero,Termas de Río Hondo,22,3,27
NEA,CREA,Santiago Del Estero,Termas de Río Hondo,22,17/05_al_02/06,603
NEA,CREA,Santiago Del Estero,Termas de Río Hondo,22,03/06_al_19/06,Trampa perdida
NEA,CREA,Santiago Del Estero,Vinará,22,3,68
NEA,CREA,Santiago Del Estero,Vinará,22,17/05_al_02/06,603
NEA,CREA,Santiago Del Estero,Vinará,22,03/06_al_19/06,219
NEA,CREA,Catamarca,El Abra,22,3,675
NEA,CREA,Catamarca,El Abra,22,17/05_al_02/06,150
NEA,CREA,Catamarca,El Abra,22,03/06_al_19/06,150
NEA,CREA,Catamarca,Los Altos,22,3,55
NEA,CREA,Catamarca,Los Altos,22,17/05_al_02/06,256
NEA,CREA,Catamarca,Los Altos,22,03/06_al_19/06,98
LITORAL,AAPRESID,Corrientes,Mercedes,22,3,6
LITORAL,AAPRESID,Corrientes,Mercedes,22,17/05_al_02/06,7
LITORAL,AAPRESID,Corrientes,Mercedes,22,03/06_al_19/06,15
LITORAL,AAPRESID,Corrientes,Ambrosio,22,3,Trampa perdida
LITORAL,AAPRESID,Corrientes,Ambrosio,22,17/05_al_02/06,26
LITORAL,AAPRESID,Corrientes,Ambrosio,22,03/06_al_19/06,Trampa perdida
LITORAL,AAPRESID,Corrientes,Corrientes,22,3,10
LITORAL,AAPRESID,Corrientes,Corrientes,22,17/05_al_02/06,32
LITORAL,AAPRESID,Corrientes,Corrientes,22,03/06_al_19/06,55
LITORAL,AAPRESID,Corrientes,Bella Vista,22,3,2
LITORAL,AAPRESID,Corrientes,Bella Vista,22,17/05_al_02/06,3
LITORAL,AAPRESID,Corrientes,Bella Vista,22,03/06_al_19/06,10
LITORAL,INTA,Corrientes,Sauce,22,3,2
LITORAL,INTA,Corrientes,Sauce,22,17/05_al_02/06,24
LITORAL,INTA,Corrientes,Sauce,22,03/06_al_19/06,9
LITORAL,INTA,Corrientes,Estancia el Rocio Copra,22,3,0
LITORAL,INTA,Corrientes,Estancia el Rocio Copra,22,17/05_al_02/06,0
LITORAL,INTA,Corrientes,Estancia el Rocio Copra,22,03/06_al_19/06,0
LITORAL,INTA,Corrientes,Mercedes,22,3,11
LITORAL,INTA,Corrientes,Mercedes,22,17/05_al_02/06,54
LITORAL,INTA,Corrientes,Mercedes,22,03/06_al_19/06,9
LITORAL,INTA,Corrientes,Virasoro,22,3,8
LITORAL,INTA,Corrientes,Virasoro,22,17/05_al_02/06,8
LITORAL,INTA,Corrientes,Virasoro,22,03/06_al_19/06,17
LITORAL,INTA,Corrientes,Goya,22,3,7
LITORAL,INTA,Corrientes,Goya,22,17/05_al_02/06,782
LITORAL,INTA,Corrientes,Goya,22,03/06_al_19/06,21
LITORAL,INTA,Corrientes,Ituzaingo,22,3,Trampa perdida
LITORAL,INTA,Corrientes,Ituzaingo,22,17/05_al_02/06,0
LITORAL,INTA,Corrientes,Ituzaingo,22,03/06_al_19/06,18
LITORAL,INTA,Corrientes,Esquina,22,3,0
LITORAL,INTA,Corrientes,Esquina,22,17/05_al_02/06,0
LITORAL,INTA,Corrientes,Esquina,22,03/06_al_19/06,0
LITORAL,AAPPCE,Entre Ríos,Don Cristobal,22,3,9
LITORAL,AAPPCE,Entre Ríos,Don Cristobal,22,17/05_al_02/06,31
LITORAL,AAPPCE,Entre Ríos,Don Cristobal,22,03/06_al_19/06,33
LITORAL,AAPPCE,Entre Ríos,Isletas,22,3,0
LITORAL,AAPPCE,Entre Ríos,Isletas,22,17/05_al_02/06,Trampa perdida
LITORAL,AAPPCE,Entre Ríos,Isletas,22,03/06_al_19/06,3
LITORAL,AAPPCE,Entre Ríos,La paz,22,3,0
LITORAL,AAPPCE,Entre Ríos,La paz,22,17/05_al_02/06,0
LITORAL,AAPPCE,Entre Ríos,La paz,22,03/06_al_19/06,0
LITORAL,AAPPCE,Entre Ríos,Hinojal,22,3,11
LITORAL,AAPPCE,Entre Ríos,Hinojal,22,17/05_al_02/06,54
LITORAL,AAPPCE,Entre Ríos,Hinojal,22,03/06_al_19/06,121
LITORAL,AAPRESID,Entre Ríos,Colonia Celina,22,3,0
LITORAL,AAPRESID,Entre Ríos,Colonia Celina,22,17/05_al_02/06,0
LITORAL,AAPRESID,Entre Ríos,Colonia Celina,22,03/06_al_19/06,0
LITORAL,AAPRESID,Entre Ríos,Viale,22,3,Trampa perdida
LITORAL,AAPRESID,Entre Ríos,Viale,22,17/05_al_02/06,0
LITORAL,AAPRESID,Entre Ríos,Viale,22,03/06_al_19/06,1
LITORAL,AAPRESID,Entre Ríos,Gualeguay,22,3,2
LITORAL,AAPRESID,Entre Ríos,Gualeguay,22,17/05_al_02/06,0
LITORAL,AAPRESID,Entre Ríos,Gualeguay,22,03/06_al_19/06,0
LITORAL,AAPRESID,Entre Ríos,Paso de las Piedras,22,3,5
LITORAL,AAPRESID,Entre Ríos,Paso de las Piedras,22,17/05_al_02/06,126
LITORAL,AAPRESID,Entre Ríos,Paso de las Piedras,22,03/06_al_19/06,0
LITORAL,AAPRESID,Entre Ríos,Villa Hernandarias,22,3,0
LITORAL,AAPRESID,Entre Ríos,Villa Hernandarias,22,17/05_al_02/06,28
LITORAL,AAPRESID,Entre Ríos,Villa Hernandarias,22,03/06_al_19/06,2
LITORAL,AAPRESID,Entre Ríos,Don Cristobal,22,3,11
LITORAL,AAPRESID,Entre Ríos,Don Cristobal,22,17/05_al_02/06,6
LITORAL,AAPRESID,Entre Ríos,Don Cristobal,22,03/06_al_19/06,17
LITORAL,AAPRESID,Entre Ríos,Crespo,22,3,0
LITORAL,AAPRESID,Entre Ríos,Crespo,22,17/05_al_02/06,0
LITORAL,AAPRESID,Entre Ríos,Crespo,22,03/06_al_19/06,0
LITORAL,CREA,Entre Ríos,Las Garzas,22,3,1
LITORAL,CREA,Entre Ríos,Las Garzas,22,17/05_al_02/06,34
LITORAL,CREA,Entre Ríos,Las Garzas,22,03/06_al_19/06,0
LITORAL,CREA,Entre Ríos,Santa Elena,22,3,2
LITORAL,CREA,Entre Ríos,Santa Elena,22,17/05_al_02/06,Trampa perdida
LITORAL,CREA,Entre Ríos,Santa Elena,22,03/06_al_19/06,Sin datos
LITORAL,CREA,Entre Ríos,La Paz,22,3,19
LITORAL,CREA,Entre Ríos,La Paz,22,17/05_al_02/06,Trampa perdida
LITORAL,CREA,Entre Ríos,La Paz,22,03/06_al_19/06,21
LITORAL,CREA,Entre Ríos,Molino Doll,22,3,Sin datos
LITORAL,CREA,Entre Ríos,Molino Doll,22,17/05_al_02/06,Trampa perdida
LITORAL,CREA,Entre Ríos,Molino Doll,22,03/06_al_19/06,3
LITORAL,CREA,Entre Ríos,Feliciano,22,3,0
LITORAL,CREA,Entre Ríos,Feliciano,22,17/05_al_02/06,86
LITORAL,CREA,Entre Ríos,Feliciano,22,03/06_al_19/06,Sin datos
LITORAL,CREA,Entre Ríos,Villa Lila,22,3,Sin datos
LITORAL,CREA,Entre Ríos,Villa Lila,22,17/05_al_02/06,4
LITORAL,CREA,Entre Ríos,Villa Lila,22,03/06_al_19/06,2
CENTRO NORTE,CREA,Entre Ríos,Victoria,22,3,1
CENTRO NORTE,CREA,Entre Ríos,Victoria,22,17/05_al_02/06,Trampa perdida
CENTRO NORTE,CREA,Entre Ríos,Victoria,22,03/06_al_19/06,0
CENTRO NORTE,CREA,Entre Ríos,Arroyo Barú,22,3,Sin datos
CENTRO NORTE,CREA,Entre Ríos,Arroyo Barú,22,17/05_al_02/06,328
CENTRO NORTE,CREA,Entre Ríos,Arroyo Barú,22,03/06_al_19/06,Sin datos
CENTRO NORTE,CREA,Entre Ríos,San Fernando,22,3,Sin datos
CENTRO NORTE,CREA,Entre Ríos,San Fernando,22,17/05_al_02/06,Trampa perdida
CENTRO NORTE,CREA,Entre Ríos,San Fernando,22,03/06_al_19/06,Sin datos
CENTRO NORTE,INTA,Entre Ríos,La Paz,22,3,1
CENTRO NORTE,INTA,Entre Ríos,La Paz,22,17/05_al_02/06,5
CENTRO NORTE,INTA,Entre Ríos,La Paz,22,03/06_al_19/06,10
CENTRO NORTE,INTA,Entre Ríos,Nogoya,22,3,70
CENTRO NORTE,INTA,Entre Ríos,Nogoya,22,17/05_al_02/06,36
CENTRO NORTE,INTA,Entre Ríos,Nogoya,22,03/06_al_19/06,162
CENTRO NORTE,INTA,Entre Ríos,Urdinarrain,22,3,12
CENTRO NORTE,INTA,Entre Ríos,Urdinarrain,22,17/05_al_02/06,83
CENTRO NORTE,INTA,Entre Ríos,Urdinarrain,22,03/06_al_19/06,18
CENTRO NORTE,INTA,Entre Ríos,Concepción del Uruguay,22,3,27
CENTRO NORTE,INTA,Entre Ríos,Concepción del Uruguay,22,17/05_al_02/06,11
CENTRO NORTE,INTA,Entre Ríos,Concepción del Uruguay,22,03/06_al_19/06,59
CENTRO NORTE,INTA,Entre Ríos,Diamante,22,3,0
CENTRO NORTE,INTA,Entre Ríos,Diamante,22,17/05_al_02/06,52
CENTRO NORTE,INTA,Entre Ríos,Diamante,22,03/06_al_19/06,6
CENTRO NORTE,INTA,Entre Ríos,Gualeguay,22,3,19
CENTRO NORTE,INTA,Entre Ríos,Gualeguay,22,17/05_al_02/06,235
CENTRO NORTE,INTA,Entre Ríos,Gualeguay,22,03/06_al_19/06,44
CENTRO NORTE,INTA,Entre Ríos,Parana,22,3,104
CENTRO NORTE,INTA,Entre Ríos,Parana,22,17/05_al_02/06,198
CENTRO NORTE,INTA,Entre Ríos,Parana,22,03/06_al_19/06,123
CENTRO NORTE,AAPRESID,San Luis,La Toma,22,3,0
CENTRO NORTE,AAPRESID,San Luis,La Toma,22,17/05_al_02/06,1
CENTRO NORTE,AAPRESID,San Luis,La Toma,22,03/06_al_19/06,4
CENTRO NORTE,AAPPCE,Córdoba,Corralito,22,3,30
CENTRO NORTE,AAPPCE,Córdoba,Corralito,22,17/05_al_02/06,360
CENTRO NORTE,AAPPCE,Córdoba,Corralito,22,03/06_al_19/06,326
CENTRO NORTE,AAPPCE,Córdoba,Freyre,22,3,29
CENTRO NORTE,AAPPCE,Córdoba,Freyre,22,17/05_al_02/06,346
CENTRO NORTE,AAPPCE,Córdoba,Freyre,22,03/06_al_19/06,79
CENTRO NORTE,AAPPCE,Córdoba,Morteros,22,3,4
CENTRO NORTE,AAPPCE,Córdoba,Morteros,22,17/05_al_02/06,32
CENTRO NORTE,AAPPCE,Córdoba,Morteros,22,03/06_al_19/06,4
CENTRO NORTE,AAPPCE,Córdoba,Rayo Cortado,22,3,53
CENTRO NORTE,AAPPCE,Córdoba,Rayo Cortado,22,17/05_al_02/06,186
CENTRO NORTE,AAPPCE,Córdoba,Rayo Cortado,22,03/06_al_19/06,57
CENTRO NORTE,AAPPCE,Córdoba,Jesus María,22,3,5
CENTRO NORTE,AAPPCE,Córdoba,Jesus María,22,17/05_al_02/06,650
CENTRO NORTE,AAPPCE,Córdoba,Jesus María,22,03/06_al_19/06,460
CENTRO NORTE,AAPPCE,Córdoba,El Fortín,22,3,2
CENTRO NORTE,AAPPCE,Córdoba,El Fortín,22,17/05_al_02/06,Trampa perdida
CENTRO NORTE,AAPPCE,Córdoba,El Fortín,22,03/06_al_19/06,13
CENTRO NORTE,AAPPCE,Córdoba,Río Ceballos,22,3,Trampa perdida
CENTRO NORTE,AAPPCE,Córdoba,Río Ceballos,22,17/05_al_02/06,220
CENTRO NORTE,AAPPCE,Córdoba,Río Ceballos,22,03/06_al_19/06,130
CENTRO NORTE,AAPRESID,Córdoba,Villa María,22,3,2
CENTRO NORTE,AAPRESID,Córdoba,Villa María,22,17/05_al_02/06,26
CENTRO NORTE,AAPRESID,Córdoba,Villa María,22,03/06_al_19/06,47
CENTRO NORTE,AAPRESID,Córdoba,Cañada de Luque,22,3,5
CENTRO NORTE,AAPRESID,Córdoba,Cañada de Luque,22,17/05_al_02/06,427
CENTRO NORTE,AAPRESID,Córdoba,Cañada de Luque,22,03/06_al_19/06,Trampa perdida
CENTRO NORTE,AAPRESID,Córdoba,Capilla de Sitón,22,3,34
CENTRO NORTE,AAPRESID,Córdoba,Capilla de Sitón,22,17/05_al_02/06,369
CENTRO NORTE,AAPRESID,Córdoba,Capilla de Sitón,22,03/06_al_19/06,191
CENTRO NORTE,AAPRESID,Córdoba,Carrilobo,22,3,5
CENTRO NORTE,AAPRESID,Córdoba,Carrilobo,22,17/05_al_02/06,80
CENTRO NORTE,AAPRESID,Córdoba,Carrilobo,22,03/06_al_19/06,105
CENTRO NORTE,AAPRESID,Córdoba,Devoto,22,3,4
CENTRO NORTE,AAPRESID,Córdoba,Devoto,22,17/05_al_02/06,46
CENTRO NORTE,AAPRESID,Córdoba,Devoto,22,03/06_al_19/06,365
CENTRO NORTE,AAPRESID,Córdoba,Eufrasio Loza,22,3,37
CENTRO NORTE,AAPRESID,Córdoba,Eufrasio Loza,22,17/05_al_02/06,772
CENTRO NORTE,AAPRESID,Córdoba,Eufrasio Loza,22,03/06_al_19/06,185
CENTRO NORTE,AAPRESID,Córdoba,Laguna Larga,22,3,3
CENTRO NORTE,AAPRESID,Córdoba,Laguna Larga,22,17/05_al_02/06,35
CENTRO NORTE,AAPRESID,Córdoba,Laguna Larga,22,03/06_al_19/06,19
CENTRO NORTE,AAPRESID,Córdoba,Las Bajadas,22,3,4
CENTRO NORTE,AAPRESID,Córdoba,Las Bajadas,22,17/05_al_02/06,49
CENTRO NORTE,AAPRESID,Córdoba,Las Bajadas,22,03/06_al_19/06,45
CENTRO NORTE,AAPRESID,Córdoba,Monte del Rosario,22,3,112
CENTRO NORTE,AAPRESID,Córdoba,Monte del Rosario,22,17/05_al_02/06,1196
CENTRO NORTE,AAPRESID,Córdoba,Monte del Rosario,22,03/06_al_19/06,1727
CENTRO SUR,AAPRESID,Santa Fe,Sastre,22,3,1
CENTRO SUR,AAPRESID,Santa Fe,Sastre,22,17/05_al_02/06,1
CENTRO SUR,AAPRESID,Santa Fe,Sastre,22,03/06_al_19/06,2
CENTRO SUR,AAPRESID,Santa Fe,Helvecia,22,3,3
CENTRO SUR,AAPRESID,Santa Fe,Helvecia,22,17/05_al_02/06,6
CENTRO SUR,AAPRESID,Santa Fe,Helvecia,22,03/06_al_19/06,2
CENTRO SUR,AAPRESID,Santa Fe,Aldao,22,3,Sin datos
CENTRO SUR,AAPRESID,Santa Fe,Aldao,22,17/05_al_02/06,3
CENTRO SUR,AAPRESID,Santa Fe,Aldao,22,03/06_al_19/06,4
CENTRO SUR,CREA,Santa Fe,San Jerónimo Norte,22,3,18
CENTRO SUR,CREA,Santa Fe,San Jerónimo Norte,22,17/05_al_02/06,244
CENTRO SUR,CREA,Santa Fe,San Jerónimo Norte,22,03/06_al_19/06,70
CENTRO SUR,CREA,Santa Fe,Ataliva,22,3,Sin datos
CENTRO SUR,CREA,Santa Fe,Ataliva,22,17/05_al_02/06,5
CENTRO SUR,CREA,Santa Fe,Ataliva,22,03/06_al_19/06,115
CENTRO SUR,CREA,Santa Fe,Bernardo de Irigoyen,22,3,8
CENTRO SUR,CREA,Santa Fe,Bernardo de Irigoyen,22,17/05_al_02/06,Trampa perdida
CENTRO SUR,CREA,Santa Fe,Bernardo de Irigoyen,22,03/06_al_19/06,66
CENTRO SUR,CREA,Santa Fe,Crispi,22,3,Sin datos
CENTRO SUR,CREA,Santa Fe,Crispi,22,17/05_al_02/06,646
CENTRO SUR,CREA,Santa Fe,Crispi,22,03/06_al_19/06,Sin datos
CENTRO SUR,CREA,Santa Fe,Esperanza,22,3,Sin datos
CENTRO SUR,CREA,Santa Fe,Esperanza,22,17/05_al_02/06,278
CENTRO SUR,CREA,Santa Fe,Esperanza,22,03/06_al_19/06,279
CENTRO SUR,CREA,Santa Fe,Moisés Ville,22,3,Sin datos
CENTRO SUR,CREA,Santa Fe,Moisés Ville,22,17/05_al_02/06,62
CENTRO SUR,CREA,Santa Fe,Moisés Ville,22,03/06_al_19/06,49
CENTRO SUR,CREA,Santa Fe,Rincón de Ávila,22,3,Sin datos
CENTRO SUR,CREA,Santa Fe,Rincón de Ávila,22,17/05_al_02/06,169
CENTRO SUR,CREA,Santa Fe,Rincón de Ávila,22,03/06_al_19/06,207
CENTRO SUR,CREA,Santa Fe,San Fabián,22,3,1
CENTRO SUR,CREA,Santa Fe,San Fabián,22,17/05_al_02/06,Trampa perdida
CENTRO SUR,CREA,Santa Fe,San Fabián,22,03/06_al_19/06,5
CENTRO SUR,CREA,Santa Fe,San Martin de las Escobas,22,3,10
CENTRO SUR,CREA,Santa Fe,San Martin de las Escobas,22,17/05_al_02/06,840
CENTRO SUR,CREA,Santa Fe,San Martin de las Escobas,22,03/06_al_19/06,75
CENTRO SUR,CREA,Santa Fe,Cañada Rosquín,22,3,2
CENTRO SUR,CREA,Santa Fe,Cañada Rosquín,22,17/05_al_02/06,0
CENTRO SUR,CREA,Santa Fe,Cañada Rosquín,22,03/06_al_19/06,7
CENTRO SUR,CREA,Santa Fe,El Trébol 4,22,3,0
CENTRO SUR,CREA,Santa Fe,El Trébol 4,22,17/05_al_02/06,Sin datos
CENTRO SUR,CREA,Santa Fe,El Trébol 4,22,03/06_al_19/06,0
CENTRO SUR,INTA,Córdoba,Marull,22,3,0
CENTRO SUR,INTA,Córdoba,Marull,22,17/05_al_02/06,Trampa perdida
CENTRO SUR,INTA,Córdoba,Marull,22,03/06_al_19/06,Sin datos
CENTRO SUR,INTA,Santa Fe,Centeno,22,3,20
CENTRO SUR,INTA,Santa Fe,Centeno,22,17/05_al_02/06,Trampa perdida
CENTRO SUR,INTA,Santa Fe,Centeno,22,03/06_al_19/06,186
CENTRO SUR,INTA,Santa Fe,Rafaela,22,3,39
CENTRO SUR,INTA,Santa Fe,Rafaela,22,17/05_al_02/06,938
CENTRO SUR,INTA,Santa Fe,Rafaela,22,03/06_al_19/06,1175
CENTRO SUR,INTA,Santa Fe,Ceres,22,3,23
CENTRO SUR,INTA,Santa Fe,Ceres,22,17/05_al_02/06,2080
CENTRO SUR,INTA,Santa Fe,Ceres,22,03/06_al_19/06,229
CENTRO SUR,INTA,Santa Fe,San Justo,22,3,23
CENTRO SUR,INTA,Santa Fe,San Justo,22,17/05_al_02/06,572
CENTRO SUR,INTA,Santa Fe,San Justo,22,03/06_al_19/06,326
CENTRO SUR,AAPRESID,San Luís,La Angelina,22,3,0
CENTRO SUR,AAPRESID,San Luís,La Angelina,22,17/05_al_02/06,0
CENTRO SUR,AAPRESID,San Luís,La Angelina,22,03/06_al_19/06,0
CENTRO SUR,AAPRESID,San Luís,Nueva Galia,22,3,0
CENTRO SUR,AAPRESID,San Luís,Nueva Galia,22,17/05_al_02/06,0
CENTRO SUR,AAPRESID,San Luís,Nueva Galia,22,03/06_al_19/06,0
CENTRO SUR,CREA,San Luís,Buena Esperanza,22,3,3
CENTRO SUR,CREA,San Luís,Buena Esperanza,22,17/05_al_02/06,14
CENTRO SUR,CREA,San Luís,Buena Esperanza,22,03/06_al_19/06,20
CENTRO SUR,CREA,San Luís,Juan Jorba,22,3,9
CENTRO SUR,CREA,San Luís,Juan Jorba,22,17/05_al_02/06,32
CENTRO SUR,CREA,San Luís,Juan Jorba,22,03/06_al_19/06,7
CENTRO SUR,CREA,San Luís,Los molles,22,3,31
CENTRO SUR,CREA,San Luís,Los molles,22,17/05_al_02/06,205
CENTRO SUR,CREA,San Luís,Los molles,22,03/06_al_19/06,823
CENTRO SUR,CREA,San Luís,Naschel,22,3,2
CENTRO SUR,CREA,San Luís,Naschel,22,17/05_al_02/06,53
CENTRO SUR,CREA,San Luís,Naschel,22,03/06_al_19/06,72
CENTRO SUR,CREA,San Luís,San Martín,22,3,0
CENTRO SUR,CREA,San Luís,San Martín,22,17/05_al_02/06,161
CENTRO SUR,CREA,San Luís,San Martín,22,03/06_al_19/06,25
CENTRO SUR,INTA,San Luís,San Luis 1,22,3,0
CENTRO SUR,INTA,San Luís,San Luis 1,22,17/05_al_02/06,0
CENTRO SUR,INTA,San Luís,San Luis 1,22,03/06_al_19/06,0
NOA,AAPRESID,Jujuy,Palpala,23,3,860
NOA,AAPRESID,Jujuy,Palpala,23,03/06_al_19/06,Sin datos
NOA,AAPRESID,Jujuy,Palpala,23,20/06_al_04/07,383
NOA,CREA,Jujuy,EL Carmen,23,3,15
NOA,CREA,Jujuy,EL Carmen,23,03/06_al_19/06,7
NOA,CREA,Jujuy,EL Carmen,23,20/06_al_04/07,2
NOA,CREA,Jujuy,Fraile Pintado,23,3,18
NOA,CREA,Jujuy,Fraile Pintado,23,03/06_al_19/06,12
NOA,CREA,Jujuy,Fraile Pintado,23,20/06_al_04/07,5
NOA,CREA,Jujuy,Santa Clara,23,3,24
NOA,CREA,Jujuy,Santa Clara,23,03/06_al_19/06,43
NOA,CREA,Jujuy,Santa Clara,23,20/06_al_04/07,19
NOA,INTA,Jujuy,El Bananal,23,3,587
NOA,INTA,Jujuy,El Bananal,23,03/06_al_19/06,675
NOA,INTA,Jujuy,El Bananal,23,20/06_al_04/07,244
NOA,AAPRESID,Salta,Rivadavia,23,3,1235
NOA,AAPRESID,Salta,Rivadavia,23,03/06_al_19/06,368
NOA,AAPRESID,Salta,Rivadavia,23,20/06_al_04/07,32
NOA,AAPRESID,Salta,Piquete Cabado 1,23,3,796
NOA,AAPRESID,Salta,Piquete Cabado 1,23,03/06_al_19/06,2680
NOA,AAPRESID,Salta,Piquete Cabado 1,23,20/06_al_04/07,1416
NOA,CREA,Salta,Antilla,23,3,Sin datos
NOA,CREA,Salta,Antilla,23,03/06_al_19/06,945
NOA,CREA,Salta,Antilla,23,20/06_al_04/07,Sin datos
NOA,CREA,Salta,Ballivián,23,3,360
NOA,CREA,Salta,Ballivián,23,03/06_al_19/06,112
NOA,CREA,Salta,Ballivián,23,20/06_al_04/07,32
NOA,CREA,Salta,Ceibalito,23,3,Trampa perdida
NOA,CREA,Salta,Ceibalito,23,03/06_al_19/06,1520
NOA,CREA,Salta,Ceibalito,23,20/06_al_04/07,113
NOA,CREA,Salta,Chaguaral,23,3,Trampa perdida
NOA,CREA,Salta,Chaguaral,23,03/06_al_19/06,0
NOA,CREA,Salta,Chaguaral,23,20/06_al_04/07,0
NOA,CREA,Salta,Copo Quiles,23,3,Sin datos
NOA,CREA,Salta,Copo Quiles,23,03/06_al_19/06,4320
NOA,CREA,Salta,Copo Quiles,23,20/06_al_04/07,Sin datos
NOA,CREA,Salta,El Bordo,23,3,376
NOA,CREA,Salta,El Bordo,23,03/06_al_19/06,2800
NOA,CREA,Salta,El Bordo,23,20/06_al_04/07,Sin datos
NOA,CREA,Salta,El Galpón,23,3,227
NOA,CREA,Salta,El Galpón,23,03/06_al_19/06,1007
NOA,CREA,Salta,El Galpón,23,20/06_al_04/07,669
NOA,CREA,Salta,El Tunal,23,3,Sin datos
NOA,CREA,Salta,El Tunal,23,03/06_al_19/06,957
NOA,CREA,Salta,El Tunal,23,20/06_al_04/07,Sin datos
NOA,CREA,Salta,Embarcación,23,3,42
NOA,CREA,Salta,Embarcación,23,03/06_al_19/06,39
NOA,CREA,Salta,Embarcación,23,20/06_al_04/07,32
NOA,CREA,Salta,Gral Pizarro,23,3,Trampa perdida
NOA,CREA,Salta,Gral Pizarro,23,03/06_al_19/06,2240
NOA,CREA,Salta,Gral Pizarro,23,20/06_al_04/07,20
NOA,CREA,Salta,Horcones,23,3,130
NOA,CREA,Salta,Horcones,23,03/06_al_19/06,260
NOA,CREA,Salta,Horcones,23,20/06_al_04/07,31
NOA,CREA,Salta,J V Gonzales,23,3,47
NOA,CREA,Salta,J V Gonzales,23,03/06_al_19/06,2030
NOA,CREA,Salta,J V Gonzales,23,20/06_al_04/07,Trampa perdida
NOA,CREA,Salta,Las Lajitas T3,23,3,573
NOA,CREA,Salta,Las Lajitas T3,23,03/06_al_19/06,1296
NOA,CREA,Salta,Las Lajitas T3,23,20/06_al_04/07,282
NOA,CREA,Salta,Metan 1,23,3,87
NOA,CREA,Salta,Metan 1,23,03/06_al_19/06,972
NOA,CREA,Salta,Metan 1,23,20/06_al_04/07,155
NOA,CREA,Salta,Metan 2,23,3,846
NOA,CREA,Salta,Metan 2,23,03/06_al_19/06,2564
NOA,CREA,Salta,Metan 2,23,20/06_al_04/07,804
NOA,CREA,Salta,Mollinedo,23,3,1350
NOA,CREA,Salta,Mollinedo,23,03/06_al_19/06,0
NOA,CREA,Salta,Mollinedo,23,20/06_al_04/07,21
NOA,CREA,Salta,Mosconi,23,3,34
NOA,CREA,Salta,Mosconi,23,03/06_al_19/06,19
NOA,CREA,Salta,Mosconi,23,20/06_al_04/07,7
NOA,CREA,Salta,Nstra Sra de Talavera,23,3,Trampa perdida
NOA,CREA,Salta,Nstra Sra de Talavera,23,03/06_al_19/06,323
NOA,CREA,Salta,Nstra Sra de Talavera,23,20/06_al_04/07,9
NOA,CREA,Salta,Pichanal,23,3,280
NOA,CREA,Salta,Pichanal,23,03/06_al_19/06,59
NOA,CREA,Salta,Pichanal,23,20/06_al_04/07,2
NOA,CREA,Salta,Piquete Cabado 2,23,3,1580
NOA,CREA,Salta,Piquete Cabado 2,23,03/06_al_19/06,2300
NOA,CREA,Salta,Piquete Cabado 2,23,20/06_al_04/07,363
NOA,CREA,Salta,Santo Domingo,23,3,1800
NOA,CREA,Salta,Santo Domingo,23,03/06_al_19/06,2320
NOA,CREA,Salta,Santo Domingo,23,20/06_al_04/07,448
NOA,CREA,Salta,Saravia,23,3,Trampa perdida
NOA,CREA,Salta,Saravia,23,03/06_al_19/06,1540
NOA,CREA,Salta,Saravia,23,20/06_al_04/07,1000
NOA,CREA,Salta,Tolloche,23,3,47
NOA,CREA,Salta,Tolloche,23,03/06_al_19/06,244
NOA,CREA,Salta,Tolloche,23,20/06_al_04/07,53
NOA,CREA,Salta,Urundel,23,3,Trampa perdida
NOA,CREA,Salta,Urundel,23,03/06_al_19/06,110
NOA,CREA,Salta,Urundel,23,20/06_al_04/07,21
NOA,INTA,Salta,Metán,23,3,4
NOA,INTA,Salta,Metán,23,03/06_al_19/06,6
NOA,INTA,Salta,Metán,23,20/06_al_04/07,6
NOA,CREA,Tucumán,Acequiones,23,3,43
NOA,CREA,Tucumán,Acequiones,23,03/06_al_19/06,214
NOA,CREA,Tucumán,Acequiones,23,20/06_al_04/07,25
NEA,CREA,Formosa,Perin,23,3,241
NEA,CREA,Formosa,Perin,23,03/06_al_19/06,Sin datos
NEA,CREA,Formosa,Perin,23,20/06_al_04/07,35
NEA,INTA,Formosa,El colorado,23,3,44
NEA,INTA,Formosa,El colorado,23,03/06_al_19/06,3
NEA,INTA,Formosa,El colorado,23,20/06_al_04/07,14
NEA,INTA,Formosa,Comandante Fontana,23,3,Trampa perdida
NEA,INTA,Formosa,Comandante Fontana,23,03/06_al_19/06,450
NEA,INTA,Formosa,Comandante Fontana,23,20/06_al_04/07,215
NEA,AAPRESID,Chaco,Tres Isletas,23,3,18
NEA,AAPRESID,Chaco,Tres Isletas,23,03/06_al_19/06,26
NEA,AAPRESID,Chaco,Tres Isletas,23,20/06_al_04/07,Sin datos
NEA,AAPRESID,Chaco,Pampa del Infierno,23,3,802
NEA,AAPRESID,Chaco,Pampa del Infierno,23,03/06_al_19/06,512
NEA,AAPRESID,Chaco,Pampa del Infierno,23,20/06_al_04/07,266
NEA,AAPRESID,Chaco,Concepcion del Bermejo,23,3,108
NEA,AAPRESID,Chaco,Concepcion del Bermejo,23,03/06_al_19/06,Sin datos
NEA,AAPRESID,Chaco,Concepcion del Bermejo,23,20/06_al_04/07,210
NEA,AAPRESID,Chaco,Don Luciano (C. del Bermejo),23,3,Sin datos
NEA,AAPRESID,Chaco,Don Luciano (C. del Bermejo),23,03/06_al_19/06,Sin datos
NEA,AAPRESID,Chaco,Don Luciano (C. del Bermejo),23,20/06_al_04/07,Sin datos
NEA,AAPRESID,Chaco,Villa Angela,23,3,89
NEA,AAPRESID,Chaco,Villa Angela,23,03/06_al_19/06,17
NEA,AAPRESID,Chaco,Villa Angela,23,20/06_al_04/07,9
NEA,AAPRESID,Chaco,Las Piedritas,23,3,0
NEA,AAPRESID,Chaco,Las Piedritas,23,03/06_al_19/06,0
NEA,AAPRESID,Chaco,Las Piedritas,23,20/06_al_04/07,Sin datos
NEA,CREA,Chaco,Las Breñas,23,3,68
NEA,CREA,Chaco,Las Breñas,23,03/06_al_19/06,19
NEA,CREA,Chaco,Las Breñas,23,20/06_al_04/07,97
NEA,CREA,Chaco,3 Retoños,23,3,72
NEA,CREA,Chaco,3 Retoños,23,03/06_al_19/06,41
NEA,CREA,Chaco,3 Retoños,23,20/06_al_04/07,104
NEA,CREA,Chaco,Kempe,23,3,152
NEA,CREA,Chaco,Kempe,23,03/06_al_19/06,34
NEA,CREA,Chaco,Kempe,23,20/06_al_04/07,Sin datos
NEA,INTA,Chaco,Gral. Pinedo,23,3,194
NEA,INTA,Chaco,Gral. Pinedo,23,03/06_al_19/06,186
NEA,INTA,Chaco,Gral. Pinedo,23,20/06_al_04/07,125
NEA,INTA,Chaco,Tres Isletas,23,3,20
NEA,INTA,Chaco,Tres Isletas,23,03/06_al_19/06,43
NEA,INTA,Chaco,Tres Isletas,23,20/06_al_04/07,21
NEA,INTA,Chaco,Pampa del Infierno,23,3,122
NEA,INTA,Chaco,Pampa del Infierno,23,03/06_al_19/06,179
NEA,INTA,Chaco,Pampa del Infierno,23,20/06_al_04/07,52
NEA,INTA,Chaco,Las Breñas,23,3,1358
NEA,INTA,Chaco,Las Breñas,23,03/06_al_19/06,310
NEA,INTA,Chaco,Las Breñas,23,20/06_al_04/07,611
NEA,INTA,Chaco,Juan José Castelli,23,3,237
NEA,INTA,Chaco,Juan José Castelli,23,03/06_al_19/06,116
NEA,INTA,Chaco,Juan José Castelli,23,20/06_al_04/07,124
NEA,INTA,Chaco,Sylvina,23,3,6
NEA,INTA,Chaco,Sylvina,23,03/06_al_19/06,147
NEA,INTA,Chaco,Sylvina,23,20/06_al_04/07,246
NEA,INTA,Chaco,Basail,23,3,86
NEA,INTA,Chaco,Basail,23,03/06_al_19/06,92
NEA,INTA,Chaco,Basail,23,20/06_al_04/07,81
NEA,AAPPCE,Santiago Del Estero,Weisburd,23,3,131
NEA,AAPPCE,Santiago Del Estero,Weisburd,23,03/06_al_19/06,1900
NEA,AAPPCE,Santiago Del Estero,Weisburd,23,20/06_al_04/07,321
NEA,AAPPCE,Santiago Del Estero,Bandera,23,3,4
NEA,AAPPCE,Santiago Del Estero,Bandera,23,03/06_al_19/06,94
NEA,AAPPCE,Santiago Del Estero,Bandera,23,20/06_al_04/07,32
NEA,AAPRESID,Santiago Del Estero,Bandera,23,3,0
NEA,AAPRESID,Santiago Del Estero,Bandera,23,03/06_al_19/06,0
NEA,AAPRESID,Santiago Del Estero,Bandera,23,20/06_al_04/07,0
NEA,AAPRESID,Santiago Del Estero,Arbol Blanco,23,3,32
NEA,AAPRESID,Santiago Del Estero,Arbol Blanco,23,03/06_al_19/06,Sin datos
NEA,AAPRESID,Santiago Del Estero,Arbol Blanco,23,20/06_al_04/07,7
NEA,AAPRESID,Santiago Del Estero,Los Juries,23,3,5
NEA,AAPRESID,Santiago Del Estero,Los Juries,23,03/06_al_19/06,27
NEA,AAPRESID,Santiago Del Estero,Los Juries,23,20/06_al_04/07,5
NEA,AAPRESID,Santiago Del Estero,Roversi,23,3,67
NEA,AAPRESID,Santiago Del Estero,Roversi,23,03/06_al_19/06,874
NEA,AAPRESID,Santiago Del Estero,Roversi,23,20/06_al_04/07,50
NEA,AAPRESID,Santiago Del Estero,Otumpas,23,3,Sin datos
NEA,AAPRESID,Santiago Del Estero,Otumpas,23,03/06_al_19/06,11
NEA,AAPRESID,Santiago Del Estero,Otumpas,23,20/06_al_04/07,55
NEA,AAPRESID,Santiago Del Estero,Tacañitas,23,3,86
NEA,AAPRESID,Santiago Del Estero,Tacañitas,23,03/06_al_19/06,Sin datos
NEA,AAPRESID,Santiago Del Estero,Tacañitas,23,20/06_al_04/07,304
NEA,AAPRESID,Santiago Del Estero,Sachayoj,23,3,Trampa perdida
NEA,AAPRESID,Santiago Del Estero,Sachayoj,23,03/06_al_19/06,8
NEA,AAPRESID,Santiago Del Estero,Sachayoj,23,20/06_al_04/07,Sin datos
NEA,AAPRESID,Santiago Del Estero,Campo Gallo,23,3,Sin datos
NEA,AAPRESID,Santiago Del Estero,Campo Gallo,23,03/06_al_19/06,273
NEA,AAPRESID,Santiago Del Estero,Campo Gallo,23,20/06_al_04/07,16
LITORAL,AAPRESID,Corrientes,Mercedes,23,3,5
LITORAL,AAPRESID,Corrientes,Mercedes,23,03/06_al_19/06,15
LITORAL,AAPRESID,Corrientes,Mercedes,23,20/06_al_04/07,6
LITORAL,AAPRESID,Corrientes,Ambrosio,23,3,2
LITORAL,AAPRESID,Corrientes,Ambrosio,23,03/06_al_19/06,Trampa perdida
LITORAL,AAPRESID,Corrientes,Ambrosio,23,20/06_al_04/07,Sin datos
LITORAL,AAPRESID,Corrientes,Corrientes,23,3,89
LITORAL,AAPRESID,Corrientes,Corrientes,23,03/06_al_19/06,55
LITORAL,AAPRESID,Corrientes,Corrientes,23,20/06_al_04/07,10
LITORAL,AAPRESID,Corrientes,Bella Vista,23,3,3
LITORAL,AAPRESID,Corrientes,Bella Vista,23,03/06_al_19/06,10
LITORAL,AAPRESID,Corrientes,Bella Vista,23,20/06_al_04/07,2
LITORAL,INTA,Corrientes,Sauce,23,3,0
LITORAL,INTA,Corrientes,Sauce,23,03/06_al_19/06,9
LITORAL,INTA,Corrientes,Sauce,23,20/06_al_04/07,2
LITORAL,INTA,Corrientes,"Estancia el Rocio
Copra",23,3,2
LITORAL,INTA,Corrientes,"Estancia el Rocio
Copra",23,03/06_al_19/06,0
LITORAL,INTA,Corrientes,"Estancia el Rocio
Copra",23,20/06_al_04/07,0
LITORAL,INTA,Corrientes,Mercedes,23,3,6
LITORAL,INTA,Corrientes,Mercedes,23,03/06_al_19/06,9
LITORAL,INTA,Corrientes,Mercedes,23,20/06_al_04/07,11
LITORAL,INTA,Corrientes,Virasoro,23,3,7
LITORAL,INTA,Corrientes,Virasoro,23,03/06_al_19/06,17
LITORAL,INTA,Corrientes,Virasoro,23,20/06_al_04/07,8
LITORAL,INTA,Corrientes,Goya,23,3,13
LITORAL,INTA,Corrientes,Goya,23,03/06_al_19/06,21
LITORAL,INTA,Corrientes,Goya,23,20/06_al_04/07,7
LITORAL,INTA,Corrientes,Ituzaingo,23,3,0
LITORAL,INTA,Corrientes,Ituzaingo,23,03/06_al_19/06,18
LITORAL,INTA,Corrientes,Ituzaingo,23,20/06_al_04/07,Trampa perdida
LITORAL,INTA,Corrientes,Esquina,23,3,0
LITORAL,INTA,Corrientes,Esquina,23,03/06_al_19/06,0
LITORAL,INTA,Corrientes,Esquina,23,20/06_al_04/07,0
LITORAL,AAPPCE,Entre Ríos,Don Cristobal,23,3,4
LITORAL,AAPPCE,Entre Ríos,Don Cristobal,23,03/06_al_19/06,33
LITORAL,AAPPCE,Entre Ríos,Don Cristobal,23,20/06_al_04/07,9
LITORAL,AAPPCE,Entre Ríos,Isletas,23,3,1
LITORAL,AAPPCE,Entre Ríos,Isletas,23,03/06_al_19/06,3
LITORAL,AAPPCE,Entre Ríos,Isletas,23,20/06_al_04/07,0
LITORAL,AAPPCE,Entre Ríos,La paz,23,3,2
LITORAL,AAPPCE,Entre Ríos,La paz,23,03/06_al_19/06,0
LITORAL,AAPPCE,Entre Ríos,La paz,23,20/06_al_04/07,0
LITORAL,AAPPCE,Entre Ríos,Hinojal,23,3,38
LITORAL,AAPPCE,Entre Ríos,Hinojal,23,03/06_al_19/06,121
LITORAL,AAPPCE,Entre Ríos,Hinojal,23,20/06_al_04/07,11
LITORAL,AAPRESID,Entre Ríos,Colonia Celina,23,3,14
LITORAL,AAPRESID,Entre Ríos,Colonia Celina,23,03/06_al_19/06,0
LITORAL,AAPRESID,Entre Ríos,Colonia Celina,23,20/06_al_04/07,0
LITORAL,AAPRESID,Entre Ríos,Viale,23,3,0
LITORAL,AAPRESID,Entre Ríos,Viale,23,03/06_al_19/06,1
LITORAL,AAPRESID,Entre Ríos,Viale,23,20/06_al_04/07,Trampa perdida
LITORAL,AAPRESID,Entre Ríos,Gualeguay,23,3,0
LITORAL,AAPRESID,Entre Ríos,Gualeguay,23,03/06_al_19/06,0
LITORAL,AAPRESID,Entre Ríos,Gualeguay,23,20/06_al_04/07,2
LITORAL,AAPRESID,Entre Ríos,Paso de las Piedras,23,3,9
LITORAL,AAPRESID,Entre Ríos,Paso de las Piedras,23,03/06_al_19/06,0
LITORAL,AAPRESID,Entre Ríos,Paso de las Piedras,23,20/06_al_04/07,5
LITORAL,AAPRESID,Entre Ríos,Villa Hernandarias,23,3,0
LITORAL,AAPRESID,Entre Ríos,Villa Hernandarias,23,03/06_al_19/06,2
LITORAL,AAPRESID,Entre Ríos,Villa Hernandarias,23,20/06_al_04/07,0
LITORAL,AAPRESID,Entre Ríos,Don Cristobal,23,3,8
LITORAL,AAPRESID,Entre Ríos,Don Cristobal,23,03/06_al_19/06,17
LITORAL,AAPRESID,Entre Ríos,Don Cristobal,23,20/06_al_04/07,11
LITORAL,AAPRESID,Entre Ríos,Crespo,23,3,0
LITORAL,AAPRESID,Entre Ríos,Crespo,23,03/06_al_19/06,0
LITORAL,AAPRESID,Entre Ríos,Crespo,23,20/06_al_04/07,0
LITORAL,CREA,Entre Ríos,Las Garzas,23,3,4
LITORAL,CREA,Entre Ríos,Las Garzas,23,03/06_al_19/06,0
LITORAL,CREA,Entre Ríos,Las Garzas,23,20/06_al_04/07,1
LITORAL,CREA,Entre Ríos,Santa Elena,23,3,0
LITORAL,CREA,Entre Ríos,Santa Elena,23,03/06_al_19/06,Sin datos
LITORAL,CREA,Entre Ríos,Santa Elena,23,20/06_al_04/07,2
LITORAL,CREA,Entre Ríos,La Paz,23,3,16
LITORAL,CREA,Entre Ríos,La Paz,23,03/06_al_19/06,21
LITORAL,CREA,Entre Ríos,La Paz,23,20/06_al_04/07,19
LITORAL,CREA,Entre Ríos,Molino Doll,23,3,Sin datos
LITORAL,CREA,Entre Ríos,Molino Doll,23,03/06_al_19/06,3
LITORAL,CREA,Entre Ríos,Molino Doll,23,20/06_al_04/07,0
LITORAL,CREA,Entre Ríos,Feliciano,23,3,0
LITORAL,CREA,Entre Ríos,Feliciano,23,03/06_al_19/06,Sin datos
LITORAL,CREA,Entre Ríos,Feliciano,23,20/06_al_04/07,0
LITORAL,CREA,Entre Ríos,Villa Lila,23,3,1
LITORAL,CREA,Entre Ríos,Villa Lila,23,03/06_al_19/06,2
LITORAL,CREA,Entre Ríos,Villa Lila,23,20/06_al_04/07,0
LITORAL,CREA,Entre Ríos,Gualeguay,23,3,0
LITORAL,CREA,Entre Ríos,Gualeguay,23,03/06_al_19/06,0
LITORAL,CREA,Entre Ríos,Gualeguay,23,20/06_al_04/07,0
LITORAL,CREA,Entre Ríos,Victoria,23,3,1
LITORAL,CREA,Entre Ríos,Victoria,23,03/06_al_19/06,0
LITORAL,CREA,Entre Ríos,Victoria,23,20/06_al_04/07,1
LITORAL,CREA,Entre Ríos,Arroyo Barú,23,3,0
LITORAL,CREA,Entre Ríos,Arroyo Barú,23,03/06_al_19/06,Sin datos
LITORAL,CREA,Entre Ríos,Arroyo Barú,23,20/06_al_04/07,Sin datos
CENTRO NORTE,INTA,Entre Ríos,Nogoya,23,3,12
CENTRO NORTE,INTA,Entre Ríos,Nogoya,23,03/06_al_19/06,162
CENTRO NORTE,INTA,Entre Ríos,Nogoya,23,20/06_al_04/07,70
CENTRO NORTE,INTA,Entre Ríos,Urdinarrain,23,3,Trampa perdida
CENTRO NORTE,INTA,Entre Ríos,Urdinarrain,23,03/06_al_19/06,18
CENTRO NORTE,INTA,Entre Ríos,Urdinarrain,23,20/06_al_04/07,12
CENTRO NORTE,INTA,Entre Ríos,"Concepción del
Uruguay",23,03/06_al_19/06,27
CENTRO NORTE,INTA,Entre Ríos,"Concepción del
Uruguay",23,20/06_al_04/07,Trampa perdida
CENTRO NORTE,INTA,Entre Ríos,Diamante,23,3,1
CENTRO NORTE,INTA,Entre Ríos,Diamante,23,03/06_al_19/06,6
CENTRO NORTE,INTA,Entre Ríos,Diamante,23,20/06_al_04/07,0
CENTRO NORTE,INTA,Entre Ríos,Gualeguay,23,3,4
CENTRO NORTE,INTA,Entre Ríos,Gualeguay,23,03/06_al_19/06,44
CENTRO NORTE,INTA,Entre Ríos,Gualeguay,23,20/06_al_04/07,19
CENTRO NORTE,INTA,Entre Ríos,Parana,23,3,6
CENTRO NORTE,INTA,Entre Ríos,Parana,23,03/06_al_19/06,123
CENTRO NORTE,INTA,Entre Ríos,Parana,23,20/06_al_04/07,104
CENTRO NORTE,AAPRESID,San Luis,La Toma,23,3,0
CENTRO NORTE,AAPRESID,San Luis,La Toma,23,03/06_al_19/06,4
CENTRO NORTE,AAPRESID,San Luis,La Toma,23,20/06_al_04/07,0
CENTRO NORTE,AAPPCE,Córdoba,Corralito,23,3,24
CENTRO NORTE,AAPPCE,Córdoba,Corralito,23,03/06_al_19/06,326
CENTRO NORTE,AAPPCE,Córdoba,Corralito,23,20/06_al_04/07,30
CENTRO NORTE,AAPPCE,Córdoba,Freyre,23,3,5
CENTRO NORTE,AAPPCE,Córdoba,Freyre,23,03/06_al_19/06,79
CENTRO NORTE,AAPPCE,Córdoba,Freyre,23,20/06_al_04/07,29
CENTRO NORTE,AAPPCE,Córdoba,Morteros,23,3,4
CENTRO NORTE,AAPPCE,Córdoba,Morteros,23,03/06_al_19/06,4
CENTRO NORTE,AAPPCE,Córdoba,Morteros,23,20/06_al_04/07,4
CENTRO NORTE,AAPPCE,Córdoba,Rayo Cortado,23,3,Trampa perdida
CENTRO NORTE,AAPPCE,Córdoba,Rayo Cortado,23,03/06_al_19/06,57
CENTRO NORTE,AAPPCE,Córdoba,Rayo Cortado,23,20/06_al_04/07,53
CENTRO NORTE,AAPPCE,Córdoba,Jesus María,23,3,5
CENTRO NORTE,AAPPCE,Córdoba,Jesus María,23,03/06_al_19/06,460
CENTRO NORTE,AAPPCE,Córdoba,Jesus María,23,20/06_al_04/07,5
CENTRO NORTE,AAPPCE,Córdoba,El Fortín,23,3,Trampa perdida
CENTRO NORTE,AAPPCE,Córdoba,El Fortín,23,03/06_al_19/06,13
CENTRO NORTE,AAPPCE,Córdoba,El Fortín,23,20/06_al_04/07,2
CENTRO NORTE,AAPPCE,Córdoba,Río Ceballos,23,3,Trampa perdida
CENTRO NORTE,AAPPCE,Córdoba,Río Ceballos,23,03/06_al_19/06,130
CENTRO NORTE,AAPPCE,Córdoba,Río Ceballos,23,20/06_al_04/07,Trampa perdida
CENTRO NORTE,AAPRESID,Córdoba,Villa María,23,3,0
CENTRO NORTE,AAPRESID,Córdoba,Villa María,23,03/06_al_19/06,47
CENTRO NORTE,AAPRESID,Córdoba,Villa María,23,20/06_al_04/07,2
CENTRO NORTE,AAPRESID,Córdoba,Cañada de Luque,23,3,11
CENTRO NORTE,AAPRESID,Córdoba,Cañada de Luque,23,03/06_al_19/06,Trampa perdida
CENTRO NORTE,AAPRESID,Córdoba,Cañada de Luque,23,20/06_al_04/07,5
CENTRO NORTE,AAPRESID,Córdoba,Capilla de Sitón,23,3,10
CENTRO NORTE,AAPRESID,Córdoba,Capilla de Sitón,23,03/06_al_19/06,191
CENTRO NORTE,AAPRESID,Córdoba,Capilla de Sitón,23,20/06_al_04/07,34
CENTRO NORTE,AAPRESID,Córdoba,Carrilobo,23,3,1
CENTRO NORTE,AAPRESID,Córdoba,Carrilobo,23,03/06_al_19/06,105
CENTRO NORTE,AAPRESID,Córdoba,Carrilobo,23,20/06_al_04/07,5
CENTRO NORTE,AAPRESID,Córdoba,Devoto,23,3,0
CENTRO NORTE,AAPRESID,Córdoba,Devoto,23,03/06_al_19/06,365
CENTRO NORTE,AAPRESID,Córdoba,Devoto,23,20/06_al_04/07,4
CENTRO NORTE,AAPRESID,Córdoba,Eufrasio Loza,23,3,43
CENTRO NORTE,AAPRESID,Córdoba,Eufrasio Loza,23,03/06_al_19/06,185
CENTRO NORTE,AAPRESID,Córdoba,Eufrasio Loza,23,20/06_al_04/07,37
CENTRO NORTE,AAPRESID,Córdoba,Laguna Larga,23,3,1
CENTRO NORTE,AAPRESID,Córdoba,Laguna Larga,23,03/06_al_19/06,19
CENTRO NORTE,AAPRESID,Córdoba,Laguna Larga,23,20/06_al_04/07,3
CENTRO NORTE,AAPRESID,Córdoba,Las Bajadas,23,3,12
CENTRO NORTE,AAPRESID,Córdoba,Las Bajadas,23,03/06_al_19/06,45
CENTRO NORTE,AAPRESID,Córdoba,Las Bajadas,23,20/06_al_04/07,4
CENTRO NORTE,AAPRESID,Córdoba,Monte del Rosario,23,3,14
CENTRO NORTE,AAPRESID,Córdoba,Monte del Rosario,23,03/06_al_19/06,1727
CENTRO NORTE,AAPRESID,Córdoba,Monte del Rosario,23,20/06_al_04/07,112
CENTRO NORTE,AAPRESID,Córdoba,Montecristo,23,3,0
CENTRO NORTE,AAPRESID,Córdoba,Montecristo,23,03/06_al_19/06,74
CENTRO NORTE,AAPRESID,Córdoba,Montecristo,23,20/06_al_04/07,6
CENTRO NORTE,AAPRESID,Córdoba,Obispo trejo,23,3,1
CENTRO NORTE,AAPRESID,Córdoba,Obispo trejo,23,03/06_al_19/06,5
CENTRO NORTE,AAPRESID,Córdoba,Obispo trejo,23,20/06_al_04/07,1
CENTRO NORTE,AAPRESID,Córdoba,Río Segundo- T1,23,3,Trampa perdida
CENTRO NORTE,AAPRESID,Córdoba,Río Segundo- T1,23,03/06_al_19/06,167
CENTRO NORTE,AAPRESID,Córdoba,Río Segundo- T1,23,20/06_al_04/07,17
CENTRO NORTE,AAPRESID,Córdoba,San Francisco,23,3,0
CENTRO NORTE,AAPRESID,Córdoba,San Francisco,23,03/06_al_19/06,2
CENTRO NORTE,AAPRESID,Córdoba,San Francisco,23,20/06_al_04/07,2
CENTRO NORTE,AAPRESID,Córdoba,Santa Catalina,23,3,13
CENTRO NORTE,AAPRESID,Córdoba,Santa Catalina,23,03/06_al_19/06,540
CENTRO NORTE,AAPRESID,Córdoba,Santa Catalina,23,20/06_al_04/07,Sin datos
CENTRO SUR,CREA,Santa Fe,Esperanza,23,3,Sin datos
CENTRO SUR,CREA,Santa Fe,Esperanza,23,03/06_al_19/06,279
CENTRO SUR,CREA,Santa Fe,Esperanza,23,20/06_al_04/07,Sin datos
CENTRO SUR,CREA,Santa Fe,Moisés Ville,23,3,Sin datos
CENTRO SUR,CREA,Santa Fe,Moisés Ville,23,03/06_al_19/06,49
CENTRO SUR,CREA,Santa Fe,Moisés Ville,23,20/06_al_04/07,Sin datos
CENTRO SUR,CREA,Santa Fe,Rincón de Ávila,23,3,Sin datos
CENTRO SUR,CREA,Santa Fe,Rincón de Ávila,23,03/06_al_19/06,207
CENTRO SUR,CREA,Santa Fe,Rincón de Ávila,23,20/06_al_04/07,Sin datos
CENTRO SUR,CREA,Santa Fe,San Fabián,23,3,0
CENTRO SUR,CREA,Santa Fe,San Fabián,23,03/06_al_19/06,5
CENTRO SUR,CREA,Santa Fe,San Fabián,23,20/06_al_04/07,1
CENTRO SUR,CREA,Santa Fe,San Martin de las,23,3,0
CENTRO SUR,CREA,Santa Fe,San Martin de las,23,03/06_al_19/06,75
CENTRO SUR,CREA,Santa Fe,San Martin de las,23,20/06_al_04/07,10
CENTRO SUR,CREA,Santa Fe,Cañada Rosquín,23,3,0
CENTRO SUR,CREA,Santa Fe,Cañada Rosquín,23,03/06_al_19/06,7
CENTRO SUR,CREA,Santa Fe,Cañada Rosquín,23,20/06_al_04/07,2
CENTRO SUR,CREA,Santa Fe,El Trébol 4,23,3,0
CENTRO SUR,CREA,Santa Fe,El Trébol 4,23,03/06_al_19/06,0
CENTRO SUR,CREA,Santa Fe,El Trébol 4,23,20/06_al_04/07,0
CENTRO SUR,INTA,Córdoba,Marull,23,3,0
CENTRO SUR,INTA,Córdoba,Marull,23,03/06_al_19/06,Sin datos
CENTRO SUR,INTA,Córdoba,Marull,23,20/06_al_04/07,0
CENTRO SUR,INTA,Santa Fe,Centeno,23,3,5
CENTRO SUR,INTA,Santa Fe,Centeno,23,03/06_al_19/06,186
CENTRO SUR,INTA,Santa Fe,Centeno,23,20/06_al_04/07,20
CENTRO SUR,INTA,Santa Fe,Rafaela,23,3,25
CENTRO SUR,INTA,Santa Fe,Rafaela,23,03/06_al_19/06,1175
CENTRO SUR,INTA,Santa Fe,Rafaela,23,20/06_al_04/07,39
CENTRO SUR,INTA,Santa Fe,Ceres,23,3,11
CENTRO SUR,INTA,Santa Fe,Ceres,23,03/06_al_19/06,229
CENTRO SUR,INTA,Santa Fe,Ceres,23,20/06_al_04/07,23
CENTRO SUR,INTA,Santa Fe,San Justo,23,3,4
CENTRO SUR,INTA,Santa Fe,San Justo,23,03/06_al_19/06,326
CENTRO SUR,INTA,Santa Fe,San Justo,23,20/06_al_04/07,23
CENTRO SUR,AAPRESID,San Luís,La Angelina,23,3,0
CENTRO SUR,AAPRESID,San Luís,La Angelina,23,03/06_al_19/06,0
CENTRO SUR,AAPRESID,San Luís,La Angelina,23,20/06_al_04/07,0
CENTRO SUR,AAPRESID,San Luís,Nueva Galia,23,3,0
CENTRO SUR,AAPRESID,San Luís,Nueva Galia,23,03/06_al_19/06,0
CENTRO SUR,AAPRESID,San Luís,Nueva Galia,23,20/06_al_04/07,0
CENTRO SUR,CREA,San Luís,Buena Esperanza,23,3,0
CENTRO SUR,CREA,San Luís,Buena Esperanza,23,03/06_al_19/06,20
CENTRO SUR,CREA,San Luís,Buena Esperanza,23,20/06_al_04/07,3
CENTRO SUR,CREA,San Luís,Juan Jorba,23,3,Sin datos
CENTRO SUR,CREA,San Luís,Juan Jorba,23,03/06_al_19/06,7
CENTRO SUR,CREA,San Luís,Juan Jorba,23,20/06_al_04/07,9
CENTRO SUR,CREA,San Luís,Los molles,23,3,Sin datos
CENTRO SUR,CREA,San Luís,Los molles,23,03/06_al_19/06,823
CENTRO SUR,CREA,San Luís,Los molles,23,20/06_al_04/07,31
CENTRO SUR,CREA,San Luís,Naschel,23,3,2
CENTRO SUR,CREA,San Luís,Naschel,23,03/06_al_19/06,72
CENTRO SUR,CREA,San Luís,Naschel,23,20/06_al_04/07,2
CENTRO SUR,CREA,San Luís,San Martín,23,3,0
CENTRO SUR,CREA,San Luís,San Martín,23,03/06_al_19/06,25
CENTRO SUR,CREA,San Luís,San Martín,23,20/06_al_04/07,0
CENTRO SUR,INTA,San Luís,San Luis 1,23,3,0
CENTRO SUR,INTA,San Luís,San Luis 1,23,03/06_al_19/06,0
CENTRO SUR,INTA,San Luís,San Luis 1,23,20/06_al_04/07,0
CENTRO SUR,INTA,San Luís,Quines,23,3,1
CENTRO SUR,INTA,San Luís,Quines,23,03/06_al_19/06,3
CENTRO SUR,INTA,San Luís,Quines,23,20/06_al_04/07,0
CENTRO SUR,AAPPCE,Córdoba,Ana Zumaran,23,3,0
CENTRO SUR,AAPPCE,Córdoba,Ana Zumaran,23,03/06_al_19/06,14
CENTRO SUR,AAPPCE,Córdoba,Ana Zumaran,23,20/06_al_04/07,0
CENTRO SUR,AAPPCE,Córdoba,Cnel. Baigorria,23,3,2
CENTRO SUR,AAPPCE,Córdoba,Cnel. Baigorria,23,03/06_al_19/06,6
CENTRO SUR,AAPPCE,Córdoba,Cnel. Baigorria,23,20/06_al_04/07,7
CENTRO SUR,AAPPCE,Córdoba,General Roca,23,3,2
CENTRO SUR,AAPPCE,Córdoba,General Roca,23,03/06_al_19/06,32
CENTRO SUR,AAPPCE,Córdoba,General Roca,23,20/06_al_04/07,7
CENTRO SUR,AAPPCE,Córdoba,Gral. Cabrera,23,3,3
CENTRO SUR,AAPPCE,Córdoba,Gral. Cabrera,23,03/06_al_19/06,12
CENTRO SUR,AAPPCE,Córdoba,Gral. Cabrera,23,20/06_al_04/07,11
CENTRO SUR,AAPPCE,Córdoba,La playosa,23,3,0
CENTRO SUR,AAPPCE,Córdoba,La playosa,23,03/06_al_19/06,19
CENTRO SUR,AAPPCE,Córdoba,La playosa,23,20/06_al_04/07,4
CENTRO SUR,AAPPCE,Córdoba,Ordoñez,23,3,0
CENTRO SUR,AAPPCE,Córdoba,Ordoñez,23,03/06_al_19/06,0
CENTRO SUR,AAPPCE,Córdoba,Ordoñez,23,20/06_al_04/07,0
CENTRO SUR,AAPPCE,Córdoba,Tosquita,23,3,2
CENTRO SUR,AAPPCE,Córdoba,Tosquita,23,03/06_al_19/06,7
CENTRO SUR,AAPPCE,Córdoba,Tosquita,23,20/06_al_04/07,5
NOA,AAPRESID,Jujuy,Palpala,24,3,Trampa perdida
NOA,AAPRESID,Jujuy,Palpala,24,20/06_al_04/07,383
NOA,AAPRESID,Jujuy,Palpala,24,05/07_al_25/07,860
NOA,CREA,Jujuy,EL Carmen,24,3,5
NOA,CREA,Jujuy,EL Carmen,24,20/06_al_04/07,2
NOA,CREA,Jujuy,EL Carmen,24,05/07_al_25/07,15
NOA,CREA,Jujuy,Fraile Pintado,24,3,8
NOA,CREA,Jujuy,Fraile Pintado,24,20/06_al_04/07,5
NOA,CREA,Jujuy,Fraile Pintado,24,05/07_al_25/07,18
NOA,CREA,Jujuy,Santa Clara,24,3,6
NOA,CREA,Jujuy,Santa Clara,24,20/06_al_04/07,19
NOA,CREA,Jujuy,Santa Clara,24,05/07_al_25/07,24
NOA,INTA,Jujuy,El Bananal,24,3,124
NOA,INTA,Jujuy,El Bananal,24,20/06_al_04/07,244
NOA,INTA,Jujuy,El Bananal,24,05/07_al_25/07,587
NOA,AAPRESID,Salta,Güemes,24,3,Sin datos
NOA,AAPRESID,Salta,Güemes,24,20/06_al_04/07,Sin datos
NOA,AAPRESID,Salta,Güemes,24,05/07_al_25/07,Sin datos
NOA,AAPRESID,Salta,Rivadavia,24,3,504
NOA,AAPRESID,Salta,Rivadavia,24,20/06_al_04/07,32
NOA,AAPRESID,Salta,Rivadavia,24,05/07_al_25/07,1235
NOA,AAPRESID,Salta,Piquete Cabado 1,24,3,217
NOA,AAPRESID,Salta,Piquete Cabado 1,24,20/06_al_04/07,1416
NOA,AAPRESID,Salta,Piquete Cabado 1,24,05/07_al_25/07,796
NOA,CREA,Salta,Antilla,24,3,400
NOA,CREA,Salta,Antilla,24,20/06_al_04/07,Sin datos
NOA,CREA,Salta,Antilla,24,05/07_al_25/07,Sin datos
NOA,CREA,Salta,Ballivián,24,3,40
NOA,CREA,Salta,Ballivián,24,20/06_al_04/07,32
NOA,CREA,Salta,Ballivián,24,05/07_al_25/07,360
NOA,CREA,Salta,Ceibalito,24,3,65
NOA,CREA,Salta,Ceibalito,24,20/06_al_04/07,113
NOA,CREA,Salta,Ceibalito,24,05/07_al_25/07,Trampa perdida
NOA,CREA,Salta,Chaguaral,24,3,Trampa perdida
NOA,CREA,Salta,Chaguaral,24,20/06_al_04/07,0
NOA,CREA,Salta,Chaguaral,24,05/07_al_25/07,Trampa perdida
NOA,CREA,Salta,Copo Quiles,24,3,712
NOA,CREA,Salta,Copo Quiles,24,20/06_al_04/07,Sin datos
NOA,CREA,Salta,Copo Quiles,24,05/07_al_25/07,Sin datos
NOA,CREA,Salta,El Bordo,24,3,66
NOA,CREA,Salta,El Bordo,24,20/06_al_04/07,Sin datos
NOA,CREA,Salta,El Bordo,24,05/07_al_25/07,376
NOA,CREA,Salta,El Galpón,24,3,110
NOA,CREA,Salta,El Galpón,24,20/06_al_04/07,669
NOA,CREA,Salta,El Galpón,24,05/07_al_25/07,227
NOA,CREA,Salta,El Tunal,24,3,11
NOA,CREA,Salta,El Tunal,24,20/06_al_04/07,Sin datos
NOA,CREA,Salta,El Tunal,24,05/07_al_25/07,Sin datos
NOA,CREA,Salta,Embarcación,24,3,12
NOA,CREA,Salta,Embarcación,24,20/06_al_04/07,32
NOA,CREA,Salta,Embarcación,24,05/07_al_25/07,42
NOA,CREA,Salta,Gral Pizarro,24,3,65
NOA,CREA,Salta,Gral Pizarro,24,20/06_al_04/07,20
NOA,CREA,Salta,Gral Pizarro,24,05/07_al_25/07,Trampa perdida
NOA,CREA,Salta,Horcones,24,3,32
NOA,CREA,Salta,Horcones,24,20/06_al_04/07,31
NOA,CREA,Salta,Horcones,24,05/07_al_25/07,130
NOA,CREA,Salta,J V Gonzales,24,3,8
NOA,CREA,Salta,J V Gonzales,24,20/06_al_04/07,Trampa perdida
NOA,CREA,Salta,J V Gonzales,24,05/07_al_25/07,47
NOA,CREA,Salta,Las Lajitas T3,24,3,Sin datos
NOA,CREA,Salta,Las Lajitas T3,24,20/06_al_04/07,282
NOA,CREA,Salta,Las Lajitas T3,24,05/07_al_25/07,573
NOA,CREA,Salta,Metan 1,24,3,Sin datos
NOA,CREA,Salta,Metan 1,24,20/06_al_04/07,155
NOA,CREA,Salta,Metan 1,24,05/07_al_25/07,87
NOA,CREA,Salta,Metan 2,24,3,Sin datos
NOA,CREA,Salta,Metan 2,24,20/06_al_04/07,804
NOA,CREA,Salta,Metan 2,24,05/07_al_25/07,846
NOA,CREA,Salta,Mollinedo,24,3,125
NOA,CREA,Salta,Mollinedo,24,20/06_al_04/07,21
NOA,CREA,Salta,Mollinedo,24,05/07_al_25/07,1350
NOA,CREA,Salta,Mosconi,24,3,15
NOA,CREA,Salta,Mosconi,24,20/06_al_04/07,7
NOA,CREA,Salta,Mosconi,24,05/07_al_25/07,34
NOA,CREA,Salta,Nstra Sra de Talavera,24,3,64
NOA,CREA,Salta,Nstra Sra de Talavera,24,20/06_al_04/07,9
NOA,CREA,Salta,Nstra Sra de Talavera,24,05/07_al_25/07,Trampa perdida
NOA,CREA,Salta,Pichanal,24,3,58
NOA,CREA,Salta,Pichanal,24,20/06_al_04/07,2
NOA,CREA,Salta,Pichanal,24,05/07_al_25/07,280
NOA,CREA,Salta,Piquete Cabado 2,24,3,110
NOA,CREA,Salta,Piquete Cabado 2,24,20/06_al_04/07,363
NOA,CREA,Salta,Piquete Cabado 2,24,05/07_al_25/07,1580
NOA,CREA,Salta,Santo Domingo,24,3,33
NOA,CREA,Salta,Santo Domingo,24,20/06_al_04/07,448
NOA,CREA,Salta,Santo Domingo,24,05/07_al_25/07,1800
NOA,CREA,Salta,Saravia,24,3,26
NOA,CREA,Salta,Saravia,24,20/06_al_04/07,1000
NOA,CREA,Salta,Saravia,24,05/07_al_25/07,Trampa perdida
NOA,CREA,Salta,Tolloche,24,3,5
NOA,CREA,Salta,Tolloche,24,20/06_al_04/07,53
NOA,CREA,Salta,Tolloche,24,05/07_al_25/07,47
NOA,CREA,Salta,Urundel,24,3,22
NOA,CREA,Salta,Urundel,24,20/06_al_04/07,21
NOA,CREA,Salta,Urundel,24,05/07_al_25/07,Trampa perdida
NOA,INTA,Salta,Metán,24,3,3
NOA,INTA,Salta,Metán,24,20/06_al_04/07,6
NOA,INTA,Salta,Metán,24,05/07_al_25/07,4
NEA,CREA,Formosa,Perin,24,3,0
NEA,CREA,Formosa,Perin,24,20/06_al_04/07,35
NEA,CREA,Formosa,Perin,24,05/07_al_25/07,241
NEA,INTA,Formosa,El colorado,24,3,33
NEA,INTA,Formosa,El colorado,24,20/06_al_04/07,14
NEA,INTA,Formosa,El colorado,24,05/07_al_25/07,44
NEA,INTA,Formosa,Comandante Fontana,24,3,1597
NEA,INTA,Formosa,Comandante Fontana,24,20/06_al_04/07,215
NEA,INTA,Formosa,Comandante Fontana,24,05/07_al_25/07,Trampa perdida
NEA,AAPRESID,Chaco,Tres Isletas,24,3,54
NEA,AAPRESID,Chaco,Tres Isletas,24,20/06_al_04/07,18
NEA,AAPRESID,Chaco,Tres Isletas,24,05/07_al_25/07,144
NEA,AAPRESID,Chaco,Pampa del Infierno,24,3,32
NEA,AAPRESID,Chaco,Pampa del Infierno,24,20/06_al_04/07,266
NEA,AAPRESID,Chaco,Pampa del Infierno,24,05/07_al_25/07,802
NEA,AAPRESID,Chaco,Concepcion del Bermejo,24,3,18
NEA,AAPRESID,Chaco,Concepcion del Bermejo,24,20/06_al_04/07,210
NEA,AAPRESID,Chaco,Concepcion del Bermejo,24,05/07_al_25/07,108
NEA,AAPRESID,Chaco,Villa Angela,24,3,10
NEA,AAPRESID,Chaco,Villa Angela,24,20/06_al_04/07,9
NEA,AAPRESID,Chaco,Villa Angela,24,05/07_al_25/07,89
NEA,AAPRESID,Chaco,Las Piedritas,24,3,3
NEA,AAPRESID,Chaco,Las Piedritas,24,20/06_al_04/07,Sin datos
NEA,AAPRESID,Chaco,Las Piedritas,24,05/07_al_25/07,0
NEA,CREA,Chaco,Las Breñas,24,3,Sin datos
NEA,CREA,Chaco,Las Breñas,24,20/06_al_04/07,97
NEA,CREA,Chaco,Las Breñas,24,05/07_al_25/07,68
NEA,CREA,Chaco,3 Retoños,24,3,Sin datos
NEA,CREA,Chaco,3 Retoños,24,20/06_al_04/07,104
NEA,CREA,Chaco,3 Retoños,24,05/07_al_25/07,72
NEA,CREA,Chaco,Kempe,24,3,Sin datos
NEA,CREA,Chaco,Kempe,24,20/06_al_04/07,Sin datos
NEA,CREA,Chaco,Kempe,24,05/07_al_25/07,152
NEA,INTA,Chaco,Gral. Pinedo,24,3,39
NEA,INTA,Chaco,Gral. Pinedo,24,20/06_al_04/07,125
NEA,INTA,Chaco,Gral. Pinedo,24,05/07_al_25/07,194
NEA,INTA,Chaco,Tres Isletas,24,3,6
NEA,INTA,Chaco,Tres Isletas,24,20/06_al_04/07,21
NEA,INTA,Chaco,Tres Isletas,24,05/07_al_25/07,20
NEA,INTA,Chaco,Pampa del Infierno,24,3,3
NEA,INTA,Chaco,Pampa del Infierno,24,20/06_al_04/07,52
NEA,INTA,Chaco,Pampa del Infierno,24,05/07_al_25/07,122
NEA,INTA,Chaco,Las Breñas,24,3,14
NEA,INTA,Chaco,Las Breñas,24,20/06_al_04/07,611
NEA,INTA,Chaco,Las Breñas,24,05/07_al_25/07,1358
NEA,INTA,Chaco,Juan José Castelli,24,3,13
NEA,INTA,Chaco,Juan José Castelli,24,20/06_al_04/07,124
NEA,INTA,Chaco,Juan José Castelli,24,05/07_al_25/07,237
NEA,INTA,Chaco,Sylvina,24,3,1
NEA,INTA,Chaco,Sylvina,24,20/06_al_04/07,246
NEA,INTA,Chaco,Sylvina,24,05/07_al_25/07,6
NEA,INTA,Chaco,Basail,24,3,68
NEA,INTA,Chaco,Basail,24,20/06_al_04/07,81
NEA,INTA,Chaco,Basail,24,05/07_al_25/07,86
NEA,AAPPCE,Santiago Del Estero,Weisburd,24,3,6
NEA,AAPPCE,Santiago Del Estero,Weisburd,24,20/06_al_04/07,321
NEA,AAPPCE,Santiago Del Estero,Weisburd,24,05/07_al_25/07,131
NEA,AAPPCE,Santiago Del Estero,Bandera,24,3,0
NEA,AAPPCE,Santiago Del Estero,Bandera,24,20/06_al_04/07,32
NEA,AAPPCE,Santiago Del Estero,Bandera,24,05/07_al_25/07,4
NEA,AAPRESID,Santiago Del Estero,Bandera,24,3,0
NEA,AAPRESID,Santiago Del Estero,Bandera,24,20/06_al_04/07,0
NEA,AAPRESID,Santiago Del Estero,Bandera,24,05/07_al_25/07,0
NEA,AAPRESID,Santiago Del Estero,Arbol Blanco,24,3,11
NEA,AAPRESID,Santiago Del Estero,Arbol Blanco,24,20/06_al_04/07,7
NEA,AAPRESID,Santiago Del Estero,Arbol Blanco,24,05/07_al_25/07,32
NEA,AAPRESID,Santiago Del Estero,Los Juries,24,3,2
NEA,AAPRESID,Santiago Del Estero,Los Juries,24,20/06_al_04/07,5
NEA,AAPRESID,Santiago Del Estero,Los Juries,24,05/07_al_25/07,5
NEA,AAPRESID,Santiago Del Estero,Roversi,24,3,29
NEA,AAPRESID,Santiago Del Estero,Roversi,24,20/06_al_04/07,50
NEA,AAPRESID,Santiago Del Estero,Roversi,24,05/07_al_25/07,67
NEA,AAPRESID,Santiago Del Estero,Otumpas,24,3,Sin datos
NEA,AAPRESID,Santiago Del Estero,Otumpas,24,20/06_al_04/07,55
NEA,AAPRESID,Santiago Del Estero,Otumpas,24,05/07_al_25/07,Sin datos
NEA,CREA,Santiago Del Estero,Vinará,24,3,99
NEA,CREA,Santiago Del Estero,Vinará,24,20/06_al_04/07,68
NEA,CREA,Santiago Del Estero,Vinará,24,05/07_al_25/07,182
NEA,CREA,Catamarca,El Abra,24,3,97
NEA,CREA,Catamarca,El Abra,24,20/06_al_04/07,675
NEA,CREA,Catamarca,El Abra,24,05/07_al_25/07,238
NEA,CREA,Catamarca,Los Altos,24,3,42
NEA,CREA,Catamarca,Los Altos,24,20/06_al_04/07,55
NEA,CREA,Catamarca,Los Altos,24,05/07_al_25/07,243
LITORAL,AAPRESID,Corrientes,Mercedes,24,3,0
LITORAL,AAPRESID,Corrientes,Mercedes,24,20/06_al_04/07,6
LITORAL,AAPRESID,Corrientes,Mercedes,24,05/07_al_25/07,5
LITORAL,AAPRESID,Corrientes,Ambrosio,24,3,3
LITORAL,AAPRESID,Corrientes,Ambrosio,24,20/06_al_04/07,Sin datos
LITORAL,AAPRESID,Corrientes,Ambrosio,24,05/07_al_25/07,2
LITORAL,AAPRESID,Corrientes,Corrientes,24,3,12
LITORAL,AAPRESID,Corrientes,Corrientes,24,20/06_al_04/07,10
LITORAL,AAPRESID,Corrientes,Corrientes,24,05/07_al_25/07,89
LITORAL,AAPRESID,Corrientes,Bella Vista,24,3,Sin datos
LITORAL,AAPRESID,Corrientes,Bella Vista,24,20/06_al_04/07,2
LITORAL,AAPRESID,Corrientes,Bella Vista,24,05/07_al_25/07,3
LITORAL,INTA,Corrientes,Sauce,24,3,0
LITORAL,INTA,Corrientes,Sauce,24,20/06_al_04/07,2
LITORAL,INTA,Corrientes,Sauce,24,05/07_al_25/07,0
LITORAL,INTA,Corrientes,Estancia el Rocio Copra,24,3,0
LITORAL,INTA,Corrientes,Estancia el Rocio Copra,24,20/06_al_04/07,0
LITORAL,INTA,Corrientes,Estancia el Rocio Copra,24,05/07_al_25/07,2
LITORAL,INTA,Corrientes,Mercedes,24,3,0
LITORAL,INTA,Corrientes,Mercedes,24,20/06_al_04/07,11
LITORAL,INTA,Corrientes,Mercedes,24,05/07_al_25/07,6
LITORAL,INTA,Corrientes,Virasoro,24,3,0
LITORAL,INTA,Corrientes,Virasoro,24,20/06_al_04/07,8
LITORAL,INTA,Corrientes,Virasoro,24,05/07_al_25/07,7
LITORAL,INTA,Corrientes,Goya,24,3,6
LITORAL,INTA,Corrientes,Goya,24,20/06_al_04/07,7
LITORAL,INTA,Corrientes,Goya,24,05/07_al_25/07,13
LITORAL,INTA,Corrientes,Ituzaingo,24,3,0
LITORAL,INTA,Corrientes,Ituzaingo,24,20/06_al_04/07,Trampa perdida
LITORAL,INTA,Corrientes,Ituzaingo,24,05/07_al_25/07,0
LITORAL,INTA,Corrientes,Esquina,24,3,0
LITORAL,INTA,Corrientes,Esquina,24,20/06_al_04/07,0
LITORAL,INTA,Corrientes,Esquina,24,05/07_al_25/07,0
LITORAL,AAPPCE,Entre Ríos,Don Cristobal,24,3,0
LITORAL,AAPPCE,Entre Ríos,Don Cristobal,24,20/06_al_04/07,9
LITORAL,AAPPCE,Entre Ríos,Don Cristobal,24,05/07_al_25/07,4
LITORAL,AAPPCE,Entre Ríos,Isletas,24,3,0
LITORAL,AAPPCE,Entre Ríos,Isletas,24,20/06_al_04/07,0
LITORAL,AAPPCE,Entre Ríos,Isletas,24,05/07_al_25/07,1
LITORAL,AAPPCE,Entre Ríos,La paz,24,3,Trampa perdida
LITORAL,AAPPCE,Entre Ríos,La paz,24,20/06_al_04/07,0
LITORAL,AAPPCE,Entre Ríos,La paz,24,05/07_al_25/07,2
LITORAL,AAPPCE,Entre Ríos,Hinojal,24,3,3
LITORAL,AAPPCE,Entre Ríos,Hinojal,24,20/06_al_04/07,11
LITORAL,AAPPCE,Entre Ríos,Hinojal,24,05/07_al_25/07,38
LITORAL,AAPRESID,Entre Ríos,Colonia Celina,24,3,0
LITORAL,AAPRESID,Entre Ríos,Colonia Celina,24,20/06_al_04/07,0
LITORAL,AAPRESID,Entre Ríos,Colonia Celina,24,05/07_al_25/07,14
LITORAL,AAPRESID,Entre Ríos,Viale,24,3,1
LITORAL,AAPRESID,Entre Ríos,Viale,24,20/06_al_04/07,Trampa perdida
LITORAL,AAPRESID,Entre Ríos,Viale,24,05/07_al_25/07,0
LITORAL,AAPRESID,Entre Ríos,Gualeguay,24,3,0
LITORAL,AAPRESID,Entre Ríos,Gualeguay,24,20/06_al_04/07,2
LITORAL,AAPRESID,Entre Ríos,Gualeguay,24,05/07_al_25/07,0
LITORAL,AAPRESID,Entre Ríos,Paso de las Piedras,24,3,0
LITORAL,AAPRESID,Entre Ríos,Paso de las Piedras,24,20/06_al_04/07,5
LITORAL,AAPRESID,Entre Ríos,Paso de las Piedras,24,05/07_al_25/07,9
LITORAL,AAPRESID,Entre Ríos,Villa Hernandarias,24,3,0
LITORAL,AAPRESID,Entre Ríos,Villa Hernandarias,24,20/06_al_04/07,0
LITORAL,AAPRESID,Entre Ríos,Villa Hernandarias,24,05/07_al_25/07,0
LITORAL,AAPRESID,Entre Ríos,Don Cristobal,24,3,6
LITORAL,AAPRESID,Entre Ríos,Don Cristobal,24,20/06_al_04/07,11
LITORAL,AAPRESID,Entre Ríos,Don Cristobal,24,05/07_al_25/07,8
LITORAL,AAPRESID,Entre Ríos,Crespo,24,3,0
LITORAL,AAPRESID,Entre Ríos,Crespo,24,20/06_al_04/07,0
LITORAL,AAPRESID,Entre Ríos,Crespo,24,05/07_al_25/07,0
LITORAL,CREA,Entre Ríos,Las Garzas,24,3,0
LITORAL,CREA,Entre Ríos,Las Garzas,24,20/06_al_04/07,1
LITORAL,CREA,Entre Ríos,Las Garzas,24,05/07_al_25/07,4
LITORAL,CREA,Entre Ríos,Santa Elena,24,3,0
LITORAL,CREA,Entre Ríos,Santa Elena,24,20/06_al_04/07,2
LITORAL,CREA,Entre Ríos,Santa Elena,24,05/07_al_25/07,0
LITORAL,CREA,Entre Ríos,La Paz,24,3,0
LITORAL,CREA,Entre Ríos,La Paz,24,20/06_al_04/07,19
LITORAL,CREA,Entre Ríos,La Paz,24,05/07_al_25/07,16
LITORAL,CREA,Entre Ríos,Molino Doll,24,3,4
LITORAL,CREA,Entre Ríos,Molino Doll,24,20/06_al_04/07,0
LITORAL,CREA,Entre Ríos,Molino Doll,24,05/07_al_25/07,Sin datos
LITORAL,CREA,Entre Ríos,Feliciano,24,3,0
LITORAL,CREA,Entre Ríos,Feliciano,24,20/06_al_04/07,0
LITORAL,CREA,Entre Ríos,Feliciano,24,05/07_al_25/07,0
LITORAL,CREA,Entre Ríos,Villa Lila,24,3,Sin datos
LITORAL,CREA,Entre Ríos,Villa Lila,24,20/06_al_04/07,0
LITORAL,CREA,Entre Ríos,Villa Lila,24,05/07_al_25/07,1
LITORAL,CREA,Entre Ríos,Gualeguay,24,3,0
LITORAL,CREA,Entre Ríos,Gualeguay,24,20/06_al_04/07,0
LITORAL,CREA,Entre Ríos,Gualeguay,24,05/07_al_25/07,0
LITORAL,CREA,Entre Ríos,Victoria,24,3,0
LITORAL,CREA,Entre Ríos,Victoria,24,20/06_al_04/07,1
LITORAL,CREA,Entre Ríos,Victoria,24,05/07_al_25/07,1
LITORAL,CREA,Entre Ríos,Arroyo Barú,24,3,0
LITORAL,CREA,Entre Ríos,Arroyo Barú,24,20/06_al_04/07,Sin datos
LITORAL,CREA,Entre Ríos,Arroyo Barú,24,05/07_al_25/07,0
CENTRO NORTE,AAPRESID,San Luis,La Toma,24,3,0
CENTRO NORTE,AAPRESID,San Luis,La Toma,24,20/06_al_04/07,0
CENTRO NORTE,AAPRESID,San Luis,La Toma,24,05/07_al_25/07,0
CENTRO NORTE,AAPPCE,Córdoba,Corralito,24,3,5
CENTRO NORTE,AAPPCE,Córdoba,Corralito,24,20/06_al_04/07,30
CENTRO NORTE,AAPPCE,Córdoba,Corralito,24,05/07_al_25/07,24
CENTRO NORTE,AAPPCE,Córdoba,Freyre,24,3,3
CENTRO NORTE,AAPPCE,Córdoba,Freyre,24,20/06_al_04/07,29
CENTRO NORTE,AAPPCE,Córdoba,Freyre,24,05/07_al_25/07,5
CENTRO NORTE,AAPPCE,Córdoba,Morteros,24,3,2
CENTRO NORTE,AAPPCE,Córdoba,Morteros,24,20/06_al_04/07,4
CENTRO NORTE,AAPPCE,Córdoba,Morteros,24,05/07_al_25/07,4
CENTRO NORTE,AAPPCE,Córdoba,Rayo Cortado,24,3,1
CENTRO NORTE,AAPPCE,Córdoba,Rayo Cortado,24,20/06_al_04/07,53
CENTRO NORTE,AAPPCE,Córdoba,Rayo Cortado,24,05/07_al_25/07,Trampa perdida
CENTRO NORTE,AAPPCE,Córdoba,Jesus María,24,3,5
CENTRO NORTE,AAPPCE,Córdoba,Jesus María,24,20/06_al_04/07,5
CENTRO NORTE,AAPPCE,Córdoba,Jesus María,24,05/07_al_25/07,5
CENTRO NORTE,AAPPCE,Córdoba,El Fortín,24,3,Sin datos
CENTRO NORTE,AAPPCE,Córdoba,El Fortín,24,20/06_al_04/07,2
CENTRO NORTE,AAPPCE,Córdoba,El Fortín,24,05/07_al_25/07,Trampa perdida
CENTRO NORTE,AAPPCE,Córdoba,Río Ceballos,24,3,2
CENTRO NORTE,AAPPCE,Córdoba,Río Ceballos,24,20/06_al_04/07,Trampa perdida
CENTRO NORTE,AAPPCE,Córdoba,Río Ceballos,24,05/07_al_25/07,Trampa perdida
CENTRO NORTE,AAPRESID,Córdoba,Villa María,24,3,3
CENTRO NORTE,AAPRESID,Córdoba,Villa María,24,20/06_al_04/07,2
CENTRO NORTE,AAPRESID,Córdoba,Villa María,24,05/07_al_25/07,0
CENTRO NORTE,AAPRESID,Córdoba,Cañada de Luque,24,3,2
CENTRO NORTE,AAPRESID,Córdoba,Cañada de Luque,24,20/06_al_04/07,5
CENTRO NORTE,AAPRESID,Córdoba,Cañada de Luque,24,05/07_al_25/07,11
CENTRO NORTE,AAPRESID,Córdoba,Capilla de Sitón,24,3,2
CENTRO NORTE,AAPRESID,Córdoba,Capilla de Sitón,24,20/06_al_04/07,34
CENTRO NORTE,AAPRESID,Córdoba,Capilla de Sitón,24,05/07_al_25/07,10
CENTRO NORTE,AAPRESID,Córdoba,Carrilobo,24,3,Sin datos
CENTRO NORTE,AAPRESID,Córdoba,Carrilobo,24,20/06_al_04/07,5
CENTRO NORTE,AAPRESID,Córdoba,Carrilobo,24,05/07_al_25/07,1
CENTRO NORTE,AAPRESID,Córdoba,Devoto,24,3,Sin datos
CENTRO NORTE,AAPRESID,Córdoba,Devoto,24,20/06_al_04/07,4
CENTRO NORTE,AAPRESID,Córdoba,Devoto,24,05/07_al_25/07,0
CENTRO NORTE,AAPRESID,Córdoba,Eufrasio Loza,24,3,7
CENTRO NORTE,AAPRESID,Córdoba,Eufrasio Loza,24,20/06_al_04/07,37
CENTRO NORTE,AAPRESID,Córdoba,Eufrasio Loza,24,05/07_al_25/07,43
CENTRO NORTE,AAPRESID,Córdoba,Laguna Larga,24,3,Sin datos
CENTRO NORTE,AAPRESID,Córdoba,Laguna Larga,24,20/06_al_04/07,3
CENTRO NORTE,AAPRESID,Córdoba,Laguna Larga,24,05/07_al_25/07,1
CENTRO NORTE,AAPRESID,Córdoba,Las Bajadas,24,3,2
CENTRO NORTE,AAPRESID,Córdoba,Las Bajadas,24,20/06_al_04/07,4
CENTRO NORTE,AAPRESID,Córdoba,Las Bajadas,24,05/07_al_25/07,12
CENTRO NORTE,AAPRESID,Córdoba,Monte del Rosario,24,3,7
CENTRO NORTE,AAPRESID,Córdoba,Monte del Rosario,24,20/06_al_04/07,112
CENTRO NORTE,AAPRESID,Córdoba,Monte del Rosario,24,05/07_al_25/07,14
CENTRO NORTE,AAPRESID,Córdoba,Montecristo,24,3,2
CENTRO NORTE,AAPRESID,Córdoba,Montecristo,24,20/06_al_04/07,6
CENTRO NORTE,AAPRESID,Córdoba,Montecristo,24,05/07_al_25/07,0
CENTRO NORTE,AAPRESID,Córdoba,Obispo trejo,24,3,Sin datos
CENTRO NORTE,AAPRESID,Córdoba,Obispo trejo,24,20/06_al_04/07,1
CENTRO NORTE,AAPRESID,Córdoba,Obispo trejo,24,05/07_al_25/07,1
CENTRO NORTE,AAPRESID,Córdoba,Río Segundo- T1,24,3,5
CENTRO NORTE,AAPRESID,Córdoba,Río Segundo- T1,24,20/06_al_04/07,17
CENTRO NORTE,AAPRESID,Córdoba,Río Segundo- T1,24,05/07_al_25/07,Trampa perdida
CENTRO NORTE,AAPRESID,Córdoba,San Francisco,24,3,1
CENTRO NORTE,AAPRESID,Córdoba,San Francisco,24,20/06_al_04/07,2
CENTRO NORTE,AAPRESID,Córdoba,San Francisco,24,05/07_al_25/07,0
CENTRO NORTE,AAPRESID,Córdoba,Santa Catalina,24,3,14
CENTRO NORTE,AAPRESID,Córdoba,Santa Catalina,24,20/06_al_04/07,Sin datos
CENTRO NORTE,AAPRESID,Córdoba,Santa Catalina,24,05/07_al_25/07,13
CENTRO NORTE,INTA,Entre Ríos,Nogoya,24,3,0
CENTRO NORTE,INTA,Entre Ríos,Nogoya,24,20/06_al_04/07,70
CENTRO NORTE,INTA,Entre Ríos,Nogoya,24,05/07_al_25/07,12
CENTRO NORTE,INTA,Entre Ríos,Urdinarrain,24,3,2
CENTRO NORTE,INTA,Entre Ríos,Urdinarrain,24,20/06_al_04/07,12
CENTRO NORTE,INTA,Entre Ríos,Urdinarrain,24,05/07_al_25/07,Trampa perdida
CENTRO NORTE,INTA,Entre Ríos,Concepción del Uruguay,24,3,0
CENTRO NORTE,INTA,Entre Ríos,Concepción del Uruguay,24,20/06_al_04/07,27
CENTRO NORTE,INTA,Entre Ríos,Concepción del Uruguay,24,05/07_al_25/07,Trampa perdida
CENTRO NORTE,INTA,Entre Ríos,Diamante,24,3,0
CENTRO NORTE,INTA,Entre Ríos,Diamante,24,20/06_al_04/07,0
CENTRO NORTE,INTA,Entre Ríos,Diamante,24,05/07_al_25/07,1
CENTRO NORTE,INTA,Entre Ríos,Gualeguay,24,3,Trampa perdida
CENTRO NORTE,INTA,Entre Ríos,Gualeguay,24,20/06_al_04/07,19
CENTRO NORTE,INTA,Entre Ríos,Gualeguay,24,05/07_al_25/07,4
CENTRO NORTE,INTA,Entre Ríos,Parana,24,3,0
CENTRO NORTE,INTA,Entre Ríos,Parana,24,20/06_al_04/07,104
CENTRO NORTE,INTA,Entre Ríos,Parana,24,05/07_al_25/07,6
CENTRO SUR,CREA,Santa Fe,Rincón de Ávila,24,3,24
CENTRO SUR,CREA,Santa Fe,Rincón de Ávila,24,20/06_al_04/07,Sin datos
CENTRO SUR,CREA,Santa Fe,Rincón de Ávila,24,05/07_al_25/07,Sin datos
CENTRO SUR,CREA,Santa Fe,San Fabián,24,3,0
CENTRO SUR,CREA,Santa Fe,San Fabián,24,20/06_al_04/07,1
CENTRO SUR,CREA,Santa Fe,San Fabián,24,05/07_al_25/07,0
CENTRO SUR,CREA,Santa Fe,San Martin de las,24,3,0
CENTRO SUR,CREA,Santa Fe,San Martin de las,24,20/06_al_04/07,10
CENTRO SUR,CREA,Santa Fe,San Martin de las,24,05/07_al_25/07,0
CENTRO SUR,CREA,Santa Fe,Cañada Rosquín,24,3,0
CENTRO SUR,CREA,Santa Fe,Cañada Rosquín,24,20/06_al_04/07,2
CENTRO SUR,CREA,Santa Fe,Cañada Rosquín,24,05/07_al_25/07,0
CENTRO SUR,CREA,Santa Fe,El Trébol 4,24,3,1
CENTRO SUR,CREA,Santa Fe,El Trébol 4,24,20/06_al_04/07,0
CENTRO SUR,CREA,Santa Fe,El Trébol 4,24,05/07_al_25/07,0
CENTRO SUR,INTA,Córdoba,Marull,24,3,2
CENTRO SUR,INTA,Córdoba,Marull,24,20/06_al_04/07,0
CENTRO SUR,INTA,Córdoba,Marull,24,05/07_al_25/07,0
CENTRO SUR,INTA,Santa Fe,Centeno,24,3,0
CENTRO SUR,INTA,Santa Fe,Centeno,24,20/06_al_04/07,20
CENTRO SUR,INTA,Santa Fe,Centeno,24,05/07_al_25/07,5
CENTRO SUR,INTA,Santa Fe,Rafaela,24,3,1
CENTRO SUR,INTA,Santa Fe,Rafaela,24,20/06_al_04/07,39
CENTRO SUR,INTA,Santa Fe,Rafaela,24,05/07_al_25/07,25
CENTRO SUR,INTA,Santa Fe,Ceres,24,3,1
CENTRO SUR,INTA,Santa Fe,Ceres,24,20/06_al_04/07,23
CENTRO SUR,INTA,Santa Fe,Ceres,24,05/07_al_25/07,11
CENTRO SUR,INTA,Santa Fe,San Justo,24,3,2
CENTRO SUR,INTA,Santa Fe,San Justo,24,20/06_al_04/07,23
CENTRO SUR,INTA,Santa Fe,San Justo,24,05/07_al_25/07,4
CENTRO SUR,AAPRESID,San Luís,La Angelina,24,3,Sin datos
CENTRO SUR,AAPRESID,San Luís,La Angelina,24,20/06_al_04/07,0
CENTRO SUR,AAPRESID,San Luís,La Angelina,24,05/07_al_25/07,0
CENTRO SUR,AAPRESID,San Luís,Nueva Galia,24,3,0
CENTRO SUR,AAPRESID,San Luís,Nueva Galia,24,20/06_al_04/07,0
CENTRO SUR,AAPRESID,San Luís,Nueva Galia,24,05/07_al_25/07,0
CENTRO SUR,CREA,San Luís,Buena Esperanza,24,3,0
CENTRO SUR,CREA,San Luís,Buena Esperanza,24,20/06_al_04/07,3
CENTRO SUR,CREA,San Luís,Buena Esperanza,24,05/07_al_25/07,0
CENTRO SUR,CREA,San Luís,Juan Jorba,24,3,0
CENTRO SUR,CREA,San Luís,Juan Jorba,24,20/06_al_04/07,9
CENTRO SUR,CREA,San Luís,Juan Jorba,24,05/07_al_25/07,Sin datos
CENTRO SUR,CREA,San Luís,Los molles,24,3,1
CENTRO SUR,CREA,San Luís,Los molles,24,20/06_al_04/07,31
CENTRO SUR,CREA,San Luís,Los molles,24,05/07_al_25/07,Sin datos
CENTRO SUR,CREA,San Luís,Naschel,24,3,0
CENTRO SUR,CREA,San Luís,Naschel,24,20/06_al_04/07,2
CENTRO SUR,CREA,San Luís,Naschel,24,05/07_al_25/07,2
CENTRO SUR,CREA,San Luís,San Martín,24,3,0
CENTRO SUR,CREA,San Luís,San Martín,24,20/06_al_04/07,0
CENTRO SUR,CREA,San Luís,San Martín,24,05/07_al_25/07,0
CENTRO SUR,INTA,San Luís,San Luis 1,24,3,0
CENTRO SUR,INTA,San Luís,San Luis 1,24,20/06_al_04/07,0
CENTRO SUR,INTA,San Luís,San Luis 1,24,05/07_al_25/07,0
CENTRO SUR,INTA,San Luís,Quines,24,3,0
CENTRO SUR,INTA,San Luís,Quines,24,20/06_al_04/07,0
CENTRO SUR,INTA,San Luís,Quines,24,05/07_al_25/07,1
CENTRO SUR,AAPPCE,Córdoba,Ana Zumaran,24,3,0
CENTRO SUR,AAPPCE,Córdoba,Ana Zumaran,24,20/06_al_04/07,0
CENTRO SUR,AAPPCE,Córdoba,Ana Zumaran,24,05/07_al_25/07,0
CENTRO SUR,AAPPCE,Córdoba,Cnel. Baigorria,24,3,3
CENTRO SUR,AAPPCE,Córdoba,Cnel. Baigorria,24,20/06_al_04/07,7
CENTRO SUR,AAPPCE,Córdoba,Cnel. Baigorria,24,05/07_al_25/07,2
CENTRO SUR,AAPPCE,Córdoba,General Roca,24,3,0
CENTRO SUR,AAPPCE,Córdoba,General Roca,24,20/06_al_04/07,7
CENTRO SUR,AAPPCE,Córdoba,General Roca,24,05/07_al_25/07,2
CENTRO SUR,AAPPCE,Córdoba,Gral. Cabrera,24,3,4
CENTRO SUR,AAPPCE,Córdoba,Gral. Cabrera,24,20/06_al_04/07,11
CENTRO SUR,AAPPCE,Córdoba,Gral. Cabrera,24,05/07_al_25/07,3
CENTRO SUR,AAPPCE,Córdoba,La playosa,24,3,0
CENTRO SUR,AAPPCE,Córdoba,La playosa,24,20/06_al_04/07,4
CENTRO SUR,AAPPCE,Córdoba,La playosa,24,05/07_al_25/07,0
CENTRO SUR,AAPPCE,Córdoba,Ordoñez,24,3,0
CENTRO SUR,AAPPCE,Córdoba,Ordoñez,24,20/06_al_04/07,0
CENTRO SUR,AAPPCE,Córdoba,Ordoñez,24,05/07_al_25/07,0
CENTRO SUR,AAPPCE,Córdoba,Tosquita,24,3,2
CENTRO SUR,AAPPCE,Córdoba,Tosquita,24,20/06_al_04/07,5
CENTRO SUR,AAPPCE,Córdoba,Tosquita,24,05/07_al_25/07,2
CENTRO SUR,AAPPCE,Córdoba,Arroyo Cabral,24,3,0
CENTRO SUR,AAPPCE,Córdoba,Arroyo Cabral,24,20/06_al_04/07,3
CENTRO SUR,AAPPCE,Córdoba,Arroyo Cabral,24,05/07_al_25/07,0
NOA,AAPRESID,Jujuy,Palpala,25,3,Sin datos
NOA,AAPRESID,Jujuy,Palpala,25,05/07_al_25/07,860
NOA,AAPRESID,Jujuy,Palpala,25,26/07_al_11/08,Trampa perdida
NOA,CREA,Jujuy,EL Carmen,25,3,5
NOA,CREA,Jujuy,EL Carmen,25,05/07_al_25/07,15
NOA,CREA,Jujuy,EL Carmen,25,26/07_al_11/08,5
NOA,CREA,Jujuy,Fraile Pintado,25,3,7
NOA,CREA,Jujuy,Fraile Pintado,25,05/07_al_25/07,18
NOA,CREA,Jujuy,Fraile Pintado,25,26/07_al_11/08,8
NOA,CREA,Jujuy,Santa Clara,25,3,7
NOA,CREA,Jujuy,Santa Clara,25,05/07_al_25/07,24
NOA,CREA,Jujuy,Santa Clara,25,26/07_al_11/08,6
NOA,INTA,Jujuy,El Bananal,25,3,31
NOA,INTA,Jujuy,El Bananal,25,05/07_al_25/07,587
NOA,INTA,Jujuy,El Bananal,25,26/07_al_11/08,124
NOA,AAPRESID,Salta,Güemes,25,3,Sin datos
NOA,AAPRESID,Salta,Güemes,25,05/07_al_25/07,Sin datos
NOA,AAPRESID,Salta,Güemes,25,26/07_al_11/08,Sin datos
NOA,AAPRESID,Salta,Rivadavia,25,3,186
NOA,AAPRESID,Salta,Rivadavia,25,05/07_al_25/07,1235
NOA,AAPRESID,Salta,Rivadavia,25,26/07_al_11/08,504
NOA,AAPRESID,Salta,Piquete Cabado 1,25,3,103
NOA,AAPRESID,Salta,Piquete Cabado 1,25,05/07_al_25/07,796
NOA,AAPRESID,Salta,Piquete Cabado 1,25,26/07_al_11/08,217
NOA,CREA,Salta,Antilla,25,3,13
NOA,CREA,Salta,Antilla,25,05/07_al_25/07,Sin datos
NOA,CREA,Salta,Antilla,25,26/07_al_11/08,400
NOA,CREA,Salta,Ballivián,25,3,33
NOA,CREA,Salta,Ballivián,25,05/07_al_25/07,360
NOA,CREA,Salta,Ballivián,25,26/07_al_11/08,40
NOA,CREA,Salta,Ceibalito,25,3,13
NOA,CREA,Salta,Ceibalito,25,05/07_al_25/07,Trampa perdida
NOA,CREA,Salta,Ceibalito,25,26/07_al_11/08,65
NOA,CREA,Salta,Chaguaral,25,3,Sin datos
NOA,CREA,Salta,Chaguaral,25,05/07_al_25/07,Trampa perdida
NOA,CREA,Salta,Chaguaral,25,26/07_al_11/08,Trampa perdida
NOA,CREA,Salta,Copo Quiles,25,3,676
NOA,CREA,Salta,Copo Quiles,25,05/07_al_25/07,Sin datos
NOA,CREA,Salta,Copo Quiles,25,26/07_al_11/08,712
NOA,CREA,Salta,El Bordo,25,3,4
NOA,CREA,Salta,El Bordo,25,05/07_al_25/07,376
NOA,CREA,Salta,El Bordo,25,26/07_al_11/08,66
NOA,CREA,Salta,El Galpón,25,3,47
NOA,CREA,Salta,El Galpón,25,05/07_al_25/07,227
NOA,CREA,Salta,El Galpón,25,26/07_al_11/08,110
NOA,CREA,Salta,El Tunal,25,3,10
NOA,CREA,Salta,El Tunal,25,05/07_al_25/07,Sin datos
NOA,CREA,Salta,El Tunal,25,26/07_al_11/08,11
NOA,CREA,Salta,Embarcación,25,3,15
NOA,CREA,Salta,Embarcación,25,05/07_al_25/07,42
NOA,CREA,Salta,Embarcación,25,26/07_al_11/08,12
NOA,CREA,Salta,Gral Pizarro,25,3,25
NOA,CREA,Salta,Gral Pizarro,25,05/07_al_25/07,Trampa perdida
NOA,CREA,Salta,Gral Pizarro,25,26/07_al_11/08,65
NOA,CREA,Salta,Horcones,25,3,27
NOA,CREA,Salta,Horcones,25,05/07_al_25/07,130
NOA,CREA,Salta,Horcones,25,26/07_al_11/08,32
NOA,CREA,Salta,J V Gonzales,25,3,44
NOA,CREA,Salta,J V Gonzales,25,05/07_al_25/07,47
NOA,CREA,Salta,J V Gonzales,25,26/07_al_11/08,8
NOA,CREA,Salta,Las Lajitas T3,25,3,4
NOA,CREA,Salta,Las Lajitas T3,25,05/07_al_25/07,573
NOA,CREA,Salta,Las Lajitas T3,25,26/07_al_11/08,120
NOA,CREA,Salta,Metan 1,25,3,0
NOA,CREA,Salta,Metan 1,25,05/07_al_25/07,87
NOA,CREA,Salta,Metan 1,25,26/07_al_11/08,34
NOA,CREA,Salta,Metan 2,25,3,45
NOA,CREA,Salta,Metan 2,25,05/07_al_25/07,846
NOA,CREA,Salta,Metan 2,25,26/07_al_11/08,112
NOA,CREA,Salta,Mollinedo,25,3,24
NOA,CREA,Salta,Mollinedo,25,05/07_al_25/07,1350
NOA,CREA,Salta,Mollinedo,25,26/07_al_11/08,125
NOA,CREA,Salta,Mosconi,25,3,11
NOA,CREA,Salta,Mosconi,25,05/07_al_25/07,34
NOA,CREA,Salta,Mosconi,25,26/07_al_11/08,15
NOA,CREA,Salta,Nstra Sra de Talavera,25,3,39
NOA,CREA,Salta,Nstra Sra de Talavera,25,05/07_al_25/07,Trampa perdida
NOA,CREA,Salta,Nstra Sra de Talavera,25,26/07_al_11/08,64
NOA,CREA,Salta,Pichanal,25,3,70
NOA,CREA,Salta,Pichanal,25,05/07_al_25/07,280
NOA,CREA,Salta,Pichanal,25,26/07_al_11/08,58
NOA,CREA,Salta,Piquete Cabado 2,25,3,11
NOA,CREA,Salta,Piquete Cabado 2,25,05/07_al_25/07,1580
NOA,CREA,Salta,Piquete Cabado 2,25,26/07_al_11/08,110
NOA,CREA,Salta,Santo Domingo,25,3,33
NOA,CREA,Salta,Santo Domingo,25,05/07_al_25/07,1800
NOA,CREA,Salta,Santo Domingo,25,26/07_al_11/08,33
NEA,CREA,Santiago Del Estero,San Pedro de Guasayán,25,3,26
NEA,CREA,Santiago Del Estero,San Pedro de Guasayán,25,05/07_al_25/07,155
NEA,CREA,Santiago Del Estero,San Pedro de Guasayán,25,26/07_al_11/08,28
NEA,CREA,Santiago Del Estero,Termas de Río Hondo,25,3,2
NEA,CREA,Santiago Del Estero,Termas de Río Hondo,25,05/07_al_25/07,43
NEA,CREA,Santiago Del Estero,Termas de Río Hondo,25,26/07_al_11/08,5
NEA,CREA,Santiago Del Estero,Vinará,25,3,36
NEA,CREA,Santiago Del Estero,Vinará,25,05/07_al_25/07,182
NEA,CREA,Santiago Del Estero,Vinará,25,26/07_al_11/08,99
NEA,CREA,Catamarca,El Abra,25,3,38
NEA,CREA,Catamarca,El Abra,25,05/07_al_25/07,238
NEA,CREA,Catamarca,El Abra,25,26/07_al_11/08,97
NEA,CREA,Catamarca,Los Altos,25,3,17
NEA,CREA,Catamarca,Los Altos,25,05/07_al_25/07,243
NEA,CREA,Catamarca,Los Altos,25,26/07_al_11/08,42
NEA,CREA,Formosa,Perin,25,3,38
NEA,CREA,Formosa,Perin,25,05/07_al_25/07,241
NEA,CREA,Formosa,Perin,25,26/07_al_11/08,0
NEA,INTA,Formosa,El colorado,25,3,14
NEA,INTA,Formosa,El colorado,25,05/07_al_25/07,44
NEA,INTA,Formosa,El colorado,25,26/07_al_11/08,33
NEA,INTA,Formosa,Comandante Fontana,25,3,0
NEA,INTA,Formosa,Comandante Fontana,25,05/07_al_25/07,Trampa perdida
NEA,INTA,Formosa,Comandante Fontana,25,26/07_al_11/08,1597
NEA,AAPRESID,Chaco,Tres Isletas,25,3,Sin datos
NEA,AAPRESID,Chaco,Tres Isletas,25,05/07_al_25/07,18
NEA,AAPRESID,Chaco,Tres Isletas,25,26/07_al_11/08,54
NEA,AAPRESID,Chaco,Pampa del Infierno,25,3,10
NEA,AAPRESID,Chaco,Pampa del Infierno,25,05/07_al_25/07,802
NEA,AAPRESID,Chaco,Pampa del Infierno,25,26/07_al_11/08,32
NEA,AAPRESID,Chaco,Concepción del Bermejo (2),25,3,19
NEA,AAPRESID,Chaco,Concepción del Bermejo (2),25,05/07_al_25/07,108
NEA,AAPRESID,Chaco,Concepción del Bermejo (2),25,26/07_al_11/08,18
NEA,AAPRESID,Chaco,Don Luciano (C. del Bermejo),25,3,Sin datos
NEA,AAPRESID,Chaco,Don Luciano (C. del Bermejo),25,05/07_al_25/07,Sin datos
NEA,AAPRESID,Chaco,Don Luciano (C. del Bermejo),25,26/07_al_11/08,Sin datos
NEA,AAPRESID,Chaco,Villa Angela,25,3,4
NEA,AAPRESID,Chaco,Villa Angela,25,05/07_al_25/07,89
NEA,AAPRESID,Chaco,Villa Angela,25,26/07_al_11/08,10
NEA,AAPRESID,Chaco,Las Piedritas,25,3,2
NEA,AAPRESID,Chaco,Las Piedritas,25,05/07_al_25/07,0
NEA,AAPRESID,Chaco,Las Piedritas,25,26/07_al_11/08,3
NEA,CREA,Formosa,Gral. M. Belgrano,25,05/07_al_25/07,Sin datos
NEA,CREA,Chaco,Las Breñas,25,3,0
NEA,CREA,Chaco,Las Breñas,25,05/07_al_25/07,68
NEA,CREA,Chaco,Las Breñas,25,26/07_al_11/08,Sin datos
NEA,CREA,Chaco,3 Retoños,25,3,0
NEA,CREA,Chaco,3 Retoños,25,05/07_al_25/07,72
NEA,CREA,Chaco,3 Retoños,25,26/07_al_11/08,Sin datos
NEA,CREA,Chaco,Kempe,25,3,5
NEA,CREA,Chaco,Kempe,25,05/07_al_25/07,152
NEA,CREA,Chaco,Kempe,25,26/07_al_11/08,Sin datos
NEA,INTA,Chaco,Gral. Pinedo,25,3,8
NEA,INTA,Chaco,Gral. Pinedo,25,05/07_al_25/07,194
NEA,INTA,Chaco,Gral. Pinedo,25,26/07_al_11/08,39
NEA,INTA,Chaco,Tres Isletas,25,3,2
NEA,INTA,Chaco,Tres Isletas,25,05/07_al_25/07,20
NEA,INTA,Chaco,Tres Isletas,25,26/07_al_11/08,6
NEA,INTA,Chaco,Pampa del Infierno,25,3,0
NEA,INTA,Chaco,Pampa del Infierno,25,05/07_al_25/07,122
NEA,INTA,Chaco,Pampa del Infierno,25,26/07_al_11/08,3
NEA,INTA,Chaco,Las Breñas,25,3,1
NEA,INTA,Chaco,Las Breñas,25,05/07_al_25/07,1358
NEA,INTA,Chaco,Las Breñas,25,26/07_al_11/08,14
NEA,INTA,Chaco,Juan José Castelli,25,3,6
NEA,INTA,Chaco,Juan José Castelli,25,05/07_al_25/07,237
NEA,INTA,Chaco,Juan José Castelli,25,26/07_al_11/08,13
NEA,INTA,Chaco,Sylvina,25,3,0
NEA,INTA,Chaco,Sylvina,25,05/07_al_25/07,6
NEA,INTA,Chaco,Sylvina,25,26/07_al_11/08,1
NEA,INTA,Chaco,Basail,25,3,Trampa perdida
NEA,INTA,Chaco,Basail,25,05/07_al_25/07,86
NEA,INTA,Chaco,Basail,25,26/07_al_11/08,68
NEA,AAPPCE,Santiago Del Estero,Weisburd,25,3,1
NEA,AAPPCE,Santiago Del Estero,Weisburd,25,05/07_al_25/07,131
NEA,AAPPCE,Santiago Del Estero,Weisburd,25,26/07_al_11/08,6
NEA,AAPPCE,Santiago Del Estero,Bandera,25,3,0
NEA,AAPPCE,Santiago Del Estero,Bandera,25,05/07_al_25/07,4
NEA,AAPPCE,Santiago Del Estero,Bandera,25,26/07_al_11/08,0
NEA,AAPRESID,Santiago Del Estero,Bandera,25,3,Sin datos
NEA,AAPRESID,Santiago Del Estero,Bandera,25,05/07_al_25/07,0
NEA,AAPRESID,Santiago Del Estero,Bandera,25,26/07_al_11/08,0
NEA,AAPRESID,Santiago Del Estero,Arbol Blanco,25,3,Trampa perdida
NEA,AAPRESID,Santiago Del Estero,Arbol Blanco,25,05/07_al_25/07,32
NEA,AAPRESID,Santiago Del Estero,Arbol Blanco,25,26/07_al_11/08,11
NEA,AAPRESID,Santiago Del Estero,Los Juries,25,3,1
NEA,AAPRESID,Santiago Del Estero,Los Juries,25,05/07_al_25/07,5
NEA,AAPRESID,Santiago Del Estero,Los Juries,25,26/07_al_11/08,2
LITORAL,AAPRESID,Corrientes,Mercedes,25,3,1
LITORAL,AAPRESID,Corrientes,Mercedes,25,05/07_al_25/07,5
LITORAL,AAPRESID,Corrientes,Mercedes,25,26/07_al_11/08,0
LITORAL,AAPRESID,Corrientes,Ambrosio,25,3,Sin datos
LITORAL,AAPRESID,Corrientes,Ambrosio,25,05/07_al_25/07,2
LITORAL,AAPRESID,Corrientes,Ambrosio,25,26/07_al_11/08,3
LITORAL,AAPRESID,Corrientes,Corrientes,25,3,1
LITORAL,AAPRESID,Corrientes,Corrientes,25,05/07_al_25/07,89
LITORAL,AAPRESID,Corrientes,Corrientes,25,26/07_al_11/08,12
LITORAL,AAPRESID,Corrientes,Bella Vista,25,3,7
LITORAL,AAPRESID,Corrientes,Bella Vista,25,05/07_al_25/07,3
LITORAL,AAPRESID,Corrientes,Bella Vista,25,26/07_al_11/08,12
LITORAL,INTA,Corrientes,Sauce,25,3,1
LITORAL,INTA,Corrientes,Sauce,25,05/07_al_25/07,0
LITORAL,INTA,Corrientes,Sauce,25,26/07_al_11/08,0
LITORAL,INTA,Corrientes,"Estancia el Rocio
Copra",25,3,0
LITORAL,INTA,Corrientes,"Estancia el Rocio
Copra",25,05/07_al_25/07,2
LITORAL,INTA,Corrientes,"Estancia el Rocio
Copra",25,26/07_al_11/08,0
LITORAL,INTA,Corrientes,Mercedes,25,3,0
LITORAL,INTA,Corrientes,Mercedes,25,05/07_al_25/07,6
LITORAL,INTA,Corrientes,Mercedes,25,26/07_al_11/08,0
LITORAL,INTA,Corrientes,Virasoro,25,3,0
LITORAL,INTA,Corrientes,Virasoro,25,05/07_al_25/07,7
LITORAL,INTA,Corrientes,Virasoro,25,26/07_al_11/08,0
LITORAL,INTA,Corrientes,Goya,25,3,2
LITORAL,INTA,Corrientes,Goya,25,05/07_al_25/07,13
LITORAL,INTA,Corrientes,Goya,25,26/07_al_11/08,6
LITORAL,INTA,Corrientes,Ituzaingo,25,3,Trampa perdida
LITORAL,INTA,Corrientes,Ituzaingo,25,05/07_al_25/07,0
LITORAL,INTA,Corrientes,Ituzaingo,25,26/07_al_11/08,0
LITORAL,INTA,Corrientes,Esquina,25,3,Trampa perdida
LITORAL,INTA,Corrientes,Esquina,25,05/07_al_25/07,0
LITORAL,INTA,Corrientes,Esquina,25,26/07_al_11/08,0
LITORAL,AAPPCE,Entre Ríos,Don Cristobal,25,3,2
LITORAL,AAPPCE,Entre Ríos,Don Cristobal,25,05/07_al_25/07,4
LITORAL,AAPPCE,Entre Ríos,Don Cristobal,25,26/07_al_11/08,0
LITORAL,AAPPCE,Entre Ríos,Isletas,25,3,0
LITORAL,AAPPCE,Entre Ríos,Isletas,25,05/07_al_25/07,1
LITORAL,AAPPCE,Entre Ríos,Isletas,25,26/07_al_11/08,0
LITORAL,AAPPCE,Entre Ríos,La paz,25,3,2
LITORAL,AAPPCE,Entre Ríos,La paz,25,05/07_al_25/07,2
LITORAL,AAPPCE,Entre Ríos,La paz,25,26/07_al_11/08,1
LITORAL,AAPPCE,Entre Ríos,Hinojal,25,3,0
LITORAL,AAPPCE,Entre Ríos,Hinojal,25,05/07_al_25/07,38
LITORAL,AAPPCE,Entre Ríos,Hinojal,25,26/07_al_11/08,3
LITORAL,AAPRESID,Entre Ríos,Colonia Celina,25,3,0
LITORAL,AAPRESID,Entre Ríos,Colonia Celina,25,05/07_al_25/07,14
LITORAL,AAPRESID,Entre Ríos,Colonia Celina,25,26/07_al_11/08,0
LITORAL,AAPRESID,Entre Ríos,Viale,25,3,0
LITORAL,AAPRESID,Entre Ríos,Viale,25,05/07_al_25/07,0
LITORAL,AAPRESID,Entre Ríos,Viale,25,26/07_al_11/08,1
LITORAL,AAPRESID,Entre Ríos,Gualeguay,25,3,0
LITORAL,AAPRESID,Entre Ríos,Gualeguay,25,05/07_al_25/07,0
LITORAL,AAPRESID,Entre Ríos,Gualeguay,25,26/07_al_11/08,0
LITORAL,AAPRESID,Entre Ríos,Paso de las Piedras,25,3,0
LITORAL,AAPRESID,Entre Ríos,Paso de las Piedras,25,05/07_al_25/07,9
LITORAL,AAPRESID,Entre Ríos,Paso de las Piedras,25,26/07_al_11/08,0
LITORAL,AAPRESID,Entre Ríos,Villa Hernandarias,25,3,0
LITORAL,AAPRESID,Entre Ríos,Villa Hernandarias,25,05/07_al_25/07,0
LITORAL,AAPRESID,Entre Ríos,Villa Hernandarias,25,26/07_al_11/08,0
LITORAL,AAPRESID,Entre Ríos,Don Cristobal,25,3,0
LITORAL,AAPRESID,Entre Ríos,Don Cristobal,25,05/07_al_25/07,8
LITORAL,AAPRESID,Entre Ríos,Don Cristobal,25,26/07_al_11/08,6
LITORAL,AAPRESID,Entre Ríos,Crespo,25,3,0
LITORAL,AAPRESID,Entre Ríos,Crespo,25,05/07_al_25/07,0
LITORAL,AAPRESID,Entre Ríos,Crespo,25,26/07_al_11/08,0
LITORAL,CREA,Entre Ríos,Las Garzas,25,3,0
LITORAL,CREA,Entre Ríos,Las Garzas,25,05/07_al_25/07,4
LITORAL,CREA,Entre Ríos,Las Garzas,25,26/07_al_11/08,0
LITORAL,CREA,Entre Ríos,Santa Elena,25,3,0
LITORAL,CREA,Entre Ríos,Santa Elena,25,05/07_al_25/07,0
LITORAL,CREA,Entre Ríos,Santa Elena,25,26/07_al_11/08,0
LITORAL,CREA,Entre Ríos,La Paz,25,3,0
LITORAL,CREA,Entre Ríos,La Paz,25,05/07_al_25/07,16
LITORAL,CREA,Entre Ríos,La Paz,25,26/07_al_11/08,0
LITORAL,CREA,Entre Ríos,Molino Doll,25,3,0
LITORAL,CREA,Entre Ríos,Molino Doll,25,05/07_al_25/07,Sin datos
LITORAL,CREA,Entre Ríos,Molino Doll,25,26/07_al_11/08,4
LITORAL,CREA,Entre Ríos,Feliciano,25,3,0
LITORAL,CREA,Entre Ríos,Feliciano,25,05/07_al_25/07,0
LITORAL,CREA,Entre Ríos,Feliciano,25,26/07_al_11/08,0
LITORAL,CREA,Entre Ríos,Gualeguaychú,25,3,Sin datos
LITORAL,CREA,Entre Ríos,Gualeguaychú,25,05/07_al_25/07,1
LITORAL,CREA,Entre Ríos,Gualeguaychú,25,26/07_al_11/08,Sin datos
LITORAL,CREA,Entre Ríos,Gualeguay,25,3,Trampa perdida
LITORAL,CREA,Entre Ríos,Gualeguay,25,05/07_al_25/07,0
LITORAL,CREA,Entre Ríos,Gualeguay,25,26/07_al_11/08,0
LITORAL,CREA,Entre Ríos,Victoria,25,3,0
LITORAL,CREA,Entre Ríos,Victoria,25,05/07_al_25/07,1
LITORAL,CREA,Entre Ríos,Victoria,25,26/07_al_11/08,0
LITORAL,CREA,Entre Ríos,Arroyo Barú,25,3,0
LITORAL,CREA,Entre Ríos,Arroyo Barú,25,05/07_al_25/07,0
LITORAL,CREA,Entre Ríos,Arroyo Barú,25,26/07_al_11/08,0
CENTRO NORTE,INTA,Entre Ríos,Nogoya,25,3,0
CENTRO NORTE,INTA,Entre Ríos,Nogoya,25,05/07_al_25/07,12
CENTRO NORTE,INTA,Entre Ríos,Nogoya,25,26/07_al_11/08,0
CENTRO NORTE,INTA,Entre Ríos,Urdinarrain,25,3,1
CENTRO NORTE,INTA,Entre Ríos,Urdinarrain,25,05/07_al_25/07,Trampa perdida
CENTRO NORTE,INTA,Entre Ríos,Urdinarrain,25,26/07_al_11/08,2
CENTRO NORTE,INTA,Entre Ríos,Concepción del,25,3,0
CENTRO NORTE,INTA,Entre Ríos,Concepción del,25,05/07_al_25/07,Trampa perdida
CENTRO NORTE,INTA,Entre Ríos,Concepción del,25,26/07_al_11/08,0
CENTRO NORTE,INTA,Entre Ríos,Diamante,25,3,0
CENTRO NORTE,INTA,Entre Ríos,Diamante,25,05/07_al_25/07,1
CENTRO NORTE,INTA,Entre Ríos,Diamante,25,26/07_al_11/08,0
CENTRO NORTE,INTA,Entre Ríos,Gualeguay,25,3,1
CENTRO NORTE,INTA,Entre Ríos,Gualeguay,25,05/07_al_25/07,4
CENTRO NORTE,INTA,Entre Ríos,Gualeguay,25,26/07_al_11/08,Trampa perdida
CENTRO NORTE,INTA,Entre Ríos,Parana,25,3,0
CENTRO NORTE,INTA,Entre Ríos,Parana,25,05/07_al_25/07,6
CENTRO NORTE,INTA,Entre Ríos,Parana,25,26/07_al_11/08,0
CENTRO NORTE,AAPRESID,San Luis,La Toma,25,3,0
CENTRO NORTE,AAPRESID,San Luis,La Toma,25,05/07_al_25/07,0
CENTRO NORTE,AAPRESID,San Luis,La Toma,25,26/07_al_11/08,0
CENTRO NORTE,AAPPCE,Córdoba,Corralito,25,3,10
CENTRO NORTE,AAPPCE,Córdoba,Corralito,25,05/07_al_25/07,24
CENTRO NORTE,AAPPCE,Córdoba,Corralito,25,26/07_al_11/08,5
CENTRO NORTE,AAPPCE,Córdoba,Freyre,25,3,1
CENTRO NORTE,AAPPCE,Córdoba,Freyre,25,05/07_al_25/07,5
CENTRO NORTE,AAPPCE,Córdoba,Freyre,25,26/07_al_11/08,3
CENTRO NORTE,AAPPCE,Córdoba,Morteros,25,3,0
CENTRO NORTE,AAPPCE,Córdoba,Morteros,25,05/07_al_25/07,4
CENTRO NORTE,AAPPCE,Córdoba,Morteros,25,26/07_al_11/08,2
CENTRO NORTE,AAPPCE,Córdoba,Rayo Cortado,25,3,3
CENTRO NORTE,AAPPCE,Córdoba,Rayo Cortado,25,05/07_al_25/07,Trampa perdida
CENTRO NORTE,AAPPCE,Córdoba,Rayo Cortado,25,26/07_al_11/08,1
CENTRO NORTE,AAPPCE,Córdoba,Jesus María,25,3,Trampa perdida
CENTRO NORTE,AAPPCE,Córdoba,Jesus María,25,05/07_al_25/07,5
CENTRO NORTE,AAPPCE,Córdoba,Jesus María,25,26/07_al_11/08,5
CENTRO NORTE,AAPPCE,Córdoba,El Fortín,25,3,0
CENTRO NORTE,AAPPCE,Córdoba,El Fortín,25,05/07_al_25/07,Trampa perdida
CENTRO NORTE,AAPPCE,Córdoba,El Fortín,25,26/07_al_11/08,Sin datos
CENTRO NORTE,AAPPCE,Córdoba,Río Ceballos,25,3,11
CENTRO NORTE,AAPPCE,Córdoba,Río Ceballos,25,05/07_al_25/07,Trampa perdida
CENTRO NORTE,AAPPCE,Córdoba,Río Ceballos,25,26/07_al_11/08,2
CENTRO NORTE,AAPRESID,Córdoba,Villa María,25,3,Sin datos
CENTRO NORTE,AAPRESID,Córdoba,Villa María,25,05/07_al_25/07,0
CENTRO NORTE,AAPRESID,Córdoba,Villa María,25,26/07_al_11/08,3
CENTRO NORTE,AAPRESID,Córdoba,Cañada de Luque,25,3,0
CENTRO NORTE,AAPRESID,Córdoba,Cañada de Luque,25,05/07_al_25/07,11
CENTRO NORTE,AAPRESID,Córdoba,Cañada de Luque,25,26/07_al_11/08,2
CENTRO NORTE,AAPRESID,Córdoba,Capilla de Sitón,25,3,0
CENTRO NORTE,AAPRESID,Córdoba,Capilla de Sitón,25,05/07_al_25/07,10
CENTRO NORTE,AAPRESID,Córdoba,Capilla de Sitón,25,26/07_al_11/08,2
CENTRO NORTE,AAPRESID,Córdoba,Carrilobo,25,3,Sin datos
CENTRO NORTE,AAPRESID,Córdoba,Carrilobo,25,05/07_al_25/07,1
CENTRO NORTE,AAPRESID,Córdoba,Carrilobo,25,26/07_al_11/08,Sin datos
CENTRO NORTE,AAPRESID,Córdoba,Devoto,25,3,0
CENTRO NORTE,AAPRESID,Córdoba,Devoto,25,05/07_al_25/07,0
CENTRO NORTE,AAPRESID,Córdoba,Devoto,25,26/07_al_11/08,Trampa perdida
CENTRO NORTE,AAPRESID,Córdoba,Eufrasio Loza,25,3,2
CENTRO NORTE,AAPRESID,Córdoba,Eufrasio Loza,25,05/07_al_25/07,43
CENTRO NORTE,AAPRESID,Córdoba,Eufrasio Loza,25,26/07_al_11/08,7
CENTRO NORTE,AAPRESID,Córdoba,Laguna Larga,25,3,Trampa perdida
CENTRO NORTE,AAPRESID,Córdoba,Laguna Larga,25,05/07_al_25/07,1
CENTRO NORTE,AAPRESID,Córdoba,Laguna Larga,25,26/07_al_11/08,Sin datos
CENTRO NORTE,AAPRESID,Córdoba,Las Bajadas,25,3,0
CENTRO NORTE,AAPRESID,Córdoba,Las Bajadas,25,05/07_al_25/07,12
CENTRO NORTE,AAPRESID,Córdoba,Las Bajadas,25,26/07_al_11/08,2
CENTRO NORTE,AAPRESID,Córdoba,Monte del Rosario,25,3,4
CENTRO NORTE,AAPRESID,Córdoba,Monte del Rosario,25,05/07_al_25/07,14
CENTRO NORTE,AAPRESID,Córdoba,Monte del Rosario,25,26/07_al_11/08,7
CENTRO NORTE,AAPRESID,Córdoba,Montecristo,25,3,2
CENTRO NORTE,AAPRESID,Córdoba,Montecristo,25,05/07_al_25/07,0
CENTRO NORTE,AAPRESID,Córdoba,Montecristo,25,26/07_al_11/08,2
CENTRO NORTE,AAPRESID,Córdoba,Obispo trejo,25,3,2
CENTRO NORTE,AAPRESID,Córdoba,Obispo trejo,25,05/07_al_25/07,1
CENTRO NORTE,AAPRESID,Córdoba,Obispo trejo,25,26/07_al_11/08,1
CENTRO NORTE,AAPRESID,Córdoba,Río Segundo- T1,25,3,1
CENTRO NORTE,AAPRESID,Córdoba,Río Segundo- T1,25,05/07_al_25/07,Trampa perdida
CENTRO NORTE,AAPRESID,Córdoba,Río Segundo- T1,25,26/07_al_11/08,5
CENTRO NORTE,AAPRESID,Córdoba,San Francisco,25,3,Sin datos
CENTRO NORTE,AAPRESID,Córdoba,San Francisco,25,05/07_al_25/07,0
CENTRO NORTE,AAPRESID,Córdoba,San Francisco,25,26/07_al_11/08,1
CENTRO SUR,CREA,Santa Fe,Crispi,25,3,0
CENTRO SUR,CREA,Santa Fe,Crispi,25,05/07_al_25/07,9
CENTRO SUR,CREA,Santa Fe,Crispi,25,26/07_al_11/08,2
CENTRO SUR,CREA,Santa Fe,Esperanza,25,3,0
CENTRO SUR,CREA,Santa Fe,Esperanza,25,05/07_al_25/07,Sin datos
CENTRO SUR,CREA,Santa Fe,Esperanza,25,26/07_al_11/08,14
CENTRO SUR,CREA,Santa Fe,Moisés Ville,25,3,1
CENTRO SUR,CREA,Santa Fe,Moisés Ville,25,05/07_al_25/07,Sin datos
CENTRO SUR,CREA,Santa Fe,Moisés Ville,25,26/07_al_11/08,3
CENTRO SUR,CREA,Santa Fe,Rincón de Ávila,25,3,3
CENTRO SUR,CREA,Santa Fe,Rincón de Ávila,25,05/07_al_25/07,Sin datos
CENTRO SUR,CREA,Santa Fe,Rincón de Ávila,25,26/07_al_11/08,24
CENTRO SUR,CREA,Santa Fe,San Fabián,25,3,0
CENTRO SUR,CREA,Santa Fe,San Fabián,25,05/07_al_25/07,0
CENTRO SUR,CREA,Santa Fe,San Fabián,25,26/07_al_11/08,0
CENTRO SUR,CREA,Santa Fe,San Martin de las Escobas,25,3,0
CENTRO SUR,CREA,Santa Fe,San Martin de las Escobas,25,05/07_al_25/07,0
CENTRO SUR,CREA,Santa Fe,San Martin de las Escobas,25,26/07_al_11/08,0
CENTRO SUR,CREA,Santa Fe,Cañada Rosquín,25,3,0
CENTRO SUR,CREA,Santa Fe,Cañada Rosquín,25,05/07_al_25/07,0
CENTRO SUR,CREA,Santa Fe,Cañada Rosquín,25,26/07_al_11/08,0
CENTRO SUR,CREA,Santa Fe,El Trébol 4,25,3,0
CENTRO SUR,CREA,Santa Fe,El Trébol 4,25,05/07_al_25/07,0
CENTRO SUR,CREA,Santa Fe,El Trébol 4,25,26/07_al_11/08,1
CENTRO SUR,INTA,Córdoba,Marull,25,3,Sin datos
CENTRO SUR,INTA,Córdoba,Marull,25,05/07_al_25/07,0
CENTRO SUR,INTA,Córdoba,Marull,25,26/07_al_11/08,2
CENTRO SUR,INTA,Santa Fe,Centeno,25,3,Trampa perdida
CENTRO SUR,INTA,Santa Fe,Centeno,25,05/07_al_25/07,5
CENTRO SUR,INTA,Santa Fe,Centeno,25,26/07_al_11/08,0
CENTRO SUR,INTA,Santa Fe,Rafaela,25,3,0
CENTRO SUR,INTA,Santa Fe,Rafaela,25,05/07_al_25/07,25
CENTRO SUR,INTA,Santa Fe,Rafaela,25,26/07_al_11/08,1
CENTRO SUR,INTA,Santa Fe,Ceres,25,3,0
CENTRO SUR,INTA,Santa Fe,Ceres,25,05/07_al_25/07,11
CENTRO SUR,INTA,Santa Fe,Ceres,25,26/07_al_11/08,1
CENTRO SUR,INTA,Santa Fe,San Justo,25,3,Trampa perdida
CENTRO SUR,INTA,Santa Fe,San Justo,25,05/07_al_25/07,4
CENTRO SUR,INTA,Santa Fe,San Justo,25,26/07_al_11/08,2
CENTRO SUR,AAPRESID,San Luís,La Angelina,25,3,0
CENTRO SUR,AAPRESID,San Luís,La Angelina,25,05/07_al_25/07,0
CENTRO SUR,AAPRESID,San Luís,La Angelina,25,26/07_al_11/08,0
CENTRO SUR,AAPRESID,San Luís,Nueva Galia,25,3,0
CENTRO SUR,AAPRESID,San Luís,Nueva Galia,25,05/07_al_25/07,0
CENTRO SUR,AAPRESID,San Luís,Nueva Galia,25,26/07_al_11/08,0
CENTRO SUR,CREA,San Luís,Buena Esperanza,25,3,0
CENTRO SUR,CREA,San Luís,Buena Esperanza,25,05/07_al_25/07,0
CENTRO SUR,CREA,San Luís,Buena Esperanza,25,26/07_al_11/08,0
CENTRO SUR,CREA,San Luís,Juan Jorba,25,3,0
CENTRO SUR,CREA,San Luís,Juan Jorba,25,05/07_al_25/07,Sin datos
CENTRO SUR,CREA,San Luís,Juan Jorba,25,26/07_al_11/08,0
CENTRO SUR,CREA,San Luís,Los molles,25,3,0
CENTRO SUR,CREA,San Luís,Los molles,25,05/07_al_25/07,Sin datos
CENTRO SUR,CREA,San Luís,Los molles,25,26/07_al_11/08,1
CENTRO SUR,CREA,San Luís,Naschel,25,3,0
CENTRO SUR,CREA,San Luís,Naschel,25,05/07_al_25/07,2
CENTRO SUR,CREA,San Luís,Naschel,25,26/07_al_11/08,0
CENTRO SUR,CREA,San Luís,San Martín,25,3,0
CENTRO SUR,CREA,San Luís,San Martín,25,05/07_al_25/07,0
CENTRO SUR,CREA,San Luís,San Martín,25,26/07_al_11/08,0
CENTRO SUR,INTA,San Luís,San Luis 1,25,3,0
CENTRO SUR,INTA,San Luís,San Luis 1,25,05/07_al_25/07,0
CENTRO SUR,INTA,San Luís,San Luis 1,25,26/07_al_11/08,0
CENTRO SUR,INTA,San Luís,Quines,25,3,0
CENTRO SUR,INTA,San Luís,Quines,25,05/07_al_25/07,1
CENTRO SUR,INTA,San Luís,Quines,25,26/07_al_11/08,0
CENTRO SUR,AAPPCE,Córdoba,Ana Zumaran,25,3,0
CENTRO SUR,AAPPCE,Córdoba,Ana Zumaran,25,05/07_al_25/07,0
CENTRO SUR,AAPPCE,Córdoba,Ana Zumaran,25,26/07_al_11/08,0
CENTRO SUR,AAPPCE,Córdoba,Cnel. Baigorria,25,3,0
CENTRO SUR,AAPPCE,Córdoba,Cnel. Baigorria,25,05/07_al_25/07,2
CENTRO SUR,AAPPCE,Córdoba,Cnel. Baigorria,25,26/07_al_11/08,3
CENTRO SUR,AAPPCE,Córdoba,General Roca,25,3,0
CENTRO SUR,AAPPCE,Córdoba,General Roca,25,05/07_al_25/07,2
CENTRO SUR,AAPPCE,Córdoba,General Roca,25,26/07_al_11/08,0
CENTRO SUR,AAPPCE,Córdoba,Gral. Cabrera,25,3,0
CENTRO SUR,AAPPCE,Córdoba,Gral. Cabrera,25,05/07_al_25/07,3
CENTRO SUR,AAPPCE,Córdoba,Gral. Cabrera,25,26/07_al_11/08,4
CENTRO SUR,AAPPCE,Córdoba,La playosa,25,3,0
CENTRO SUR,AAPPCE,Córdoba,La playosa,25,05/07_al_25/07,0
CENTRO SUR,AAPPCE,Córdoba,La playosa,25,26/07_al_11/08,0
CENTRO SUR,AAPPCE,Córdoba,Ordoñez,25,3,0
CENTRO SUR,AAPPCE,Córdoba,Ordoñez,25,05/07_al_25/07,0
CENTRO SUR,AAPPCE,Córdoba,Ordoñez,25,26/07_al_11/08,0
NOA,AGTSA,,2025 MERCEDES UY - AGTSA La Loma,26,26/07_al_11/08,0
NOA,AGTSA,,2025 MERCEDES UY - AGTSA La Loma,26,12/08_al_25/08,0
NOA,AGTSA,,2025 MERCEDES UY - AGTSA La Loma,26,26/08_al_11/09,0
NOA,AGTSA,,2025 PALMITAS UY - AGTSA Corralito,26,26/07_al_11/08,0
NOA,AGTSA,,2025 PALMITAS UY - AGTSA Corralito,26,12/08_al_25/08,0
NOA,AGTSA,,2025 PALMITAS UY - AGTSA Corralito,26,26/08_al_11/09,Sin datos
NOA,AGTSA,,"2025 YOUNG UY - AGTSA (El
Cardo) El Desafío",26,26/07_al_11/08,0
NOA,AGTSA,,"2025 YOUNG UY - AGTSA (El
Cardo) El Desafío",26,12/08_al_25/08,0
NOA,AGTSA,,"2025 YOUNG UY - AGTSA (El
Cardo) El Desafío",26,26/08_al_11/09,0
NOA,AGTSA,,2025 YOUNG 2 UY - AGTSA Nahuel Cimarelli,26,26/07_al_11/08,0
NOA,AGTSA,,2025 YOUNG 2 UY - AGTSA Nahuel Cimarelli,26,12/08_al_25/08,Sin datos
NOA,AGTSA,,2025 YOUNG 2 UY - AGTSA Nahuel Cimarelli,26,26/08_al_11/09,1
NOA,AGTSA,,2025 CONSTANCIA UY - AGTSA Ombúes,26,26/07_al_11/08,0
NOA,AGTSA,,2025 CONSTANCIA UY - AGTSA Ombúes,26,12/08_al_25/08,0
NOA,AGTSA,,2025 CONSTANCIA UY - AGTSA Ombúes,26,26/08_al_11/09,0
NOA,AGTSA,,"2025 ACEGUÁ UY - AGTSA Estancia Gaucho,
Los Alamos",26,26/07_al_11/08,0
NOA,AGTSA,,"2025 ACEGUÁ UY - AGTSA Estancia Gaucho,
Los Alamos",26,12/08_al_25/08,Sin datos
NOA,AGTSA,,"2025 ACEGUÁ UY - AGTSA Estancia Gaucho,
Los Alamos",26,26/08_al_11/09,3
NOA,AGTSA,,"2025 VICHADERO UY - AGTSA Estancia Gaucho,
Rivera",26,26/07_al_11/08,Sin datos
NOA,AGTSA,,"2025 VICHADERO UY - AGTSA Estancia Gaucho,
Rivera",26,12/08_al_25/08,0
NOA,AGTSA,,"2025 VICHADERO UY - AGTSA Estancia Gaucho,
Rivera",26,26/08_al_11/09,0
NOA,AGTSA,,2025 OMBUES DE ORIBE - AGTSA Austrey,26,26/07_al_11/08,0
NOA,AGTSA,,2025 OMBUES DE ORIBE - AGTSA Austrey,26,12/08_al_25/08,0
NOA,AGTSA,,2025 OMBUES DE ORIBE - AGTSA Austrey,26,26/08_al_11/09,Sin datos
NOA,AGTSA,,2025 RINCON DEL PINO - AGTSA Chacra Nelson,26,26/07_al_11/08,0
NOA,AGTSA,,2025 RINCON DEL PINO - AGTSA Chacra Nelson,26,12/08_al_25/08,Sin datos
NOA,AGTSA,,2025 RINCON DEL PINO - AGTSA Chacra Nelson,26,26/08_al_11/09,0
NOA,AGTSA,,"2025 NUEVA HELVECIA - AGTSA
(SAN PEDRO) Reina Juana",26,26/07_al_11/08,0
NOA,AGTSA,,"2025 NUEVA HELVECIA - AGTSA
(SAN PEDRO) Reina Juana",26,12/08_al_25/08,6
NOA,AGTSA,,"2025 NUEVA HELVECIA - AGTSA
(SAN PEDRO) Reina Juana",26,26/08_al_11/09,Sin datos
NOA,AGTSA,,2025 LAS ARMAS Colonia,26,26/07_al_11/08,0
NOA,AAPRESID,Jujuy,Palpala,26,26/07_al_11/08,Trampa perdida
NOA,AAPRESID,Jujuy,Palpala,26,12/08_al_25/08,Trampa perdida
NOA,AAPRESID,Jujuy,Palpala,26,26/08_al_11/09,Sin datos
NOA,CREA,Jujuy,EL Carmen,26,26/07_al_11/08,5
NOA,CREA,Jujuy,EL Carmen,26,12/08_al_25/08,5
NOA,CREA,Jujuy,EL Carmen,26,26/08_al_11/09,0
NOA,CREA,Jujuy,Fraile Pintado,26,26/07_al_11/08,8
NOA,CREA,Jujuy,Fraile Pintado,26,12/08_al_25/08,7
NOA,CREA,Jujuy,Fraile Pintado,26,26/08_al_11/09,3
NOA,CREA,Jujuy,Santa Clara,26,26/07_al_11/08,6
NOA,CREA,Jujuy,Santa Clara,26,12/08_al_25/08,7
NOA,CREA,Jujuy,Santa Clara,26,26/08_al_11/09,2
NOA,INTA,Jujuy,El Bananal,26,26/07_al_11/08,124
NOA,INTA,Jujuy,El Bananal,26,12/08_al_25/08,31
NOA,INTA,Jujuy,El Bananal,26,26/08_al_11/09,16
NOA,AAPRESID,Salta,Rivadavia,26,26/07_al_11/08,504
NOA,AAPRESID,Salta,Rivadavia,26,12/08_al_25/08,186
NOA,AAPRESID,Salta,Rivadavia,26,26/08_al_11/09,Trampa perdida
NOA,AAPRESID,Salta,Piquete Cabado 1,26,26/07_al_11/08,217
NOA,AAPRESID,Salta,Piquete Cabado 1,26,12/08_al_25/08,103
NOA,AAPRESID,Salta,Piquete Cabado 1,26,26/08_al_11/09,5
NEA,CREA,Tucumán,Rumi Punco,26,3,8
NEA,CREA,Tucumán,Rumi Punco,26,26/07_al_11/08,98
NEA,CREA,Tucumán,Rumi Punco,26,12/08_al_25/08,30
NEA,CREA,Tucumán,San Agustín,26,3,1
NEA,CREA,Tucumán,San Agustín,26,26/07_al_11/08,56
NEA,CREA,Tucumán,San Agustín,26,12/08_al_25/08,15
NEA,CREA,Tucumán,Tacanas,26,3,5
NEA,CREA,Tucumán,Tacanas,26,26/07_al_11/08,40
NEA,CREA,Tucumán,Tacanas,26,12/08_al_25/08,12
NEA,CREA,Tucumán,Taco Ralo,26,3,12
NEA,CREA,Tucumán,Taco Ralo,26,26/07_al_11/08,16
NEA,CREA,Tucumán,Taco Ralo,26,12/08_al_25/08,8
NEA,CREA,Tucumán,Timbo Viejo,26,3,150
NEA,CREA,Tucumán,Timbo Viejo,26,26/07_al_11/08,61
NEA,CREA,Tucumán,Timbo Viejo,26,12/08_al_25/08,88
NEA,CREA,Tucumán,Trancas,26,3,6
NEA,CREA,Tucumán,Trancas,26,26/07_al_11/08,12
NEA,CREA,Tucumán,Trancas,26,12/08_al_25/08,5
NEA,CREA,Tucumán,Viclos,26,3,9
NEA,CREA,Tucumán,Viclos,26,26/07_al_11/08,46
NEA,CREA,Tucumán,Viclos,26,12/08_al_25/08,59
NEA,INTA,Tucumán,Leales,26,3,5
NEA,INTA,Tucumán,Leales,26,26/07_al_11/08,1
NEA,INTA,Tucumán,Leales,26,12/08_al_25/08,5
NEA,CREA,Santiago Del Estero,Bobadal,26,3,4
NEA,CREA,Santiago Del Estero,Bobadal,26,26/07_al_11/08,10
NEA,CREA,Santiago Del Estero,Bobadal,26,12/08_al_25/08,2
NEA,CREA,Santiago Del Estero,El Charco,26,3,9
NEA,CREA,Santiago Del Estero,El Charco,26,26/07_al_11/08,11
NEA,CREA,Santiago Del Estero,El Charco,26,12/08_al_25/08,7
NEA,CREA,Santiago Del Estero,El Palomar,26,3,0
NEA,CREA,Santiago Del Estero,El Palomar,26,26/07_al_11/08,30
NEA,CREA,Santiago Del Estero,El Palomar,26,12/08_al_25/08,4
NEA,CREA,Santiago Del Estero,Frias 2,26,3,1
NEA,CREA,Santiago Del Estero,Frias 2,26,26/07_al_11/08,7
NEA,CREA,Santiago Del Estero,Frias 2,26,12/08_al_25/08,1
NEA,CREA,Santiago Del Estero,Frias,26,3,0
NEA,CREA,Santiago Del Estero,Frias,26,26/07_al_11/08,7
NEA,CREA,Santiago Del Estero,Frias,26,12/08_al_25/08,3
NEA,CREA,Santiago Del Estero,Isca Yacu 2,26,3,3
NEA,CREA,Santiago Del Estero,Isca Yacu 2,26,26/07_al_11/08,42
NEA,CREA,Santiago Del Estero,Isca Yacu 2,26,12/08_al_25/08,5
NEA,CREA,Santiago Del Estero,Lavalle,26,3,1
NEA,CREA,Santiago Del Estero,Lavalle,26,26/07_al_11/08,Trampa perdida
NEA,CREA,Santiago Del Estero,Lavalle,26,12/08_al_25/08,1
NEA,CREA,Santiago Del Estero,Nueva Esperanza,26,3,2
NEA,CREA,Santiago Del Estero,Nueva Esperanza,26,26/07_al_11/08,6
NEA,CREA,Santiago Del Estero,Nueva Esperanza,26,12/08_al_25/08,Sin datos
NEA,CREA,Santiago Del Estero,Pampa Pozo,26,3,1
NEA,CREA,Santiago Del Estero,Pampa Pozo,26,26/07_al_11/08,39
NEA,CREA,Santiago Del Estero,Pampa Pozo,26,12/08_al_25/08,1
NEA,CREA,Santiago Del Estero,Pozo de Bedert,26,3,Sin datos
NEA,CREA,Santiago Del Estero,Pozo de Bedert,26,26/07_al_11/08,10
NEA,CREA,Santiago Del Estero,Pozo de Bedert,26,12/08_al_25/08,Sin datos
NEA,CREA,Santiago Del Estero,Pozo Hondo,26,3,2
NEA,CREA,Santiago Del Estero,Pozo Hondo,26,26/07_al_11/08,3
NEA,CREA,Santiago Del Estero,Pozo Hondo,26,12/08_al_25/08,Sin datos
NEA,CREA,Santiago Del Estero,"San Pedro de
Guasayán",26,3,9
NEA,CREA,Santiago Del Estero,"San Pedro de
Guasayán",26,26/07_al_11/08,28
NEA,CREA,Santiago Del Estero,"San Pedro de
Guasayán",26,12/08_al_25/08,26
NEA,CREA,Santiago Del Estero,Termas R. Hondo,26,26/07_al_11/08,2
NEA,CREA,Santiago Del Estero,Termas de Río Hondo,26,3,0
NEA,CREA,Santiago Del Estero,Termas de Río Hondo,26,26/07_al_11/08,5
NEA,CREA,Santiago Del Estero,Termas de Río Hondo,26,12/08_al_25/08,2
NEA,CREA,Santiago Del Estero,Vinará,26,3,3
NEA,CREA,Santiago Del Estero,Vinará,26,26/07_al_11/08,99
NEA,CREA,Santiago Del Estero,Vinará,26,12/08_al_25/08,36
NEA,CREA,Santiago Del Estero,Termas de Río Hondo,26,26/07_al_11/08,0
NEA,CREA,Catamarca,El Abra,26,3,0
NEA,CREA,Catamarca,El Abra,26,26/07_al_11/08,97
NEA,CREA,Catamarca,El Abra,26,12/08_al_25/08,38
NEA,CREA,Catamarca,Los Altos,26,3,0
NEA,CREA,Catamarca,Los Altos,26,26/07_al_11/08,42
NEA,CREA,Catamarca,Los Altos,26,12/08_al_25/08,17
NEA,CREA,Catamarca,Frias,26,26/07_al_11/08,1
NEA,INTA,Formosa,El colorado,26,3,0
NEA,INTA,Formosa,El colorado,26,26/07_al_11/08,33
NEA,INTA,Formosa,El colorado,26,12/08_al_25/08,14
NEA,INTA,Formosa,Comandante Fontana,26,3,426
NEA,INTA,Formosa,Comandante Fontana,26,26/07_al_11/08,1597
NEA,INTA,Formosa,Comandante Fontana,26,12/08_al_25/08,Trampa perdida
NEA,AAPRESID,Chaco,Tres Isletas,26,3,Trampa perdida
NEA,AAPRESID,Chaco,Tres Isletas,26,26/07_al_11/08,54
NEA,AAPRESID,Chaco,Tres Isletas,26,12/08_al_25/08,180
LITORAL,AAPRESID,Corrientes,Mercedes,26,3,1
LITORAL,AAPRESID,Corrientes,Mercedes,26,26/07_al_11/08,0
LITORAL,AAPRESID,Corrientes,Mercedes,26,12/08_al_25/08,1
LITORAL,AAPRESID,Corrientes,Ambrosio,26,3,3
LITORAL,AAPRESID,Corrientes,Ambrosio,26,26/07_al_11/08,3
LITORAL,AAPRESID,Corrientes,Ambrosio,26,12/08_al_25/08,Sin datos
LITORAL,AAPRESID,Corrientes,Corrientes,26,3,4
LITORAL,AAPRESID,Corrientes,Corrientes,26,26/07_al_11/08,12
LITORAL,AAPRESID,Corrientes,Corrientes,26,12/08_al_25/08,1
LITORAL,AAPRESID,Corrientes,Bella Vista,26,3,10
LITORAL,AAPRESID,Corrientes,Bella Vista,26,26/07_al_11/08,12
LITORAL,AAPRESID,Corrientes,Bella Vista,26,12/08_al_25/08,7
LITORAL,INTA,Corrientes,Sauce,26,3,0
LITORAL,INTA,Corrientes,Sauce,26,26/07_al_11/08,0
LITORAL,INTA,Corrientes,Sauce,26,12/08_al_25/08,1
LITORAL,INTA,Corrientes,"Estancia el Rocio
Copra",26,3,0
LITORAL,INTA,Corrientes,"Estancia el Rocio
Copra",26,26/07_al_11/08,0
LITORAL,INTA,Corrientes,"Estancia el Rocio
Copra",26,12/08_al_25/08,0
LITORAL,INTA,Corrientes,Mercedes,26,3,0
LITORAL,INTA,Corrientes,Mercedes,26,26/07_al_11/08,0
LITORAL,INTA,Corrientes,Mercedes,26,12/08_al_25/08,0
LITORAL,INTA,Corrientes,Virasoro,26,3,0
LITORAL,INTA,Corrientes,Virasoro,26,26/07_al_11/08,0
LITORAL,INTA,Corrientes,Virasoro,26,12/08_al_25/08,0
LITORAL,INTA,Corrientes,Goya,26,3,0
LITORAL,INTA,Corrientes,Goya,26,26/07_al_11/08,6
LITORAL,INTA,Corrientes,Goya,26,12/08_al_25/08,2
LITORAL,INTA,Corrientes,Ituzaingo,26,3,Trampa perdida
LITORAL,INTA,Corrientes,Ituzaingo,26,26/07_al_11/08,0
LITORAL,INTA,Corrientes,Ituzaingo,26,12/08_al_25/08,Trampa perdida
LITORAL,INTA,Corrientes,Esquina,26,3,Trampa perdida
LITORAL,INTA,Corrientes,Esquina,26,26/07_al_11/08,0
LITORAL,INTA,Corrientes,Esquina,26,12/08_al_25/08,Trampa perdida
LITORAL,AAPPCE,Entre Ríos,Don Cristobal,26,3,0
LITORAL,AAPPCE,Entre Ríos,Don Cristobal,26,26/07_al_11/08,0
LITORAL,AAPPCE,Entre Ríos,Don Cristobal,26,12/08_al_25/08,2
LITORAL,AAPPCE,Entre Ríos,Isletas,26,3,0
LITORAL,AAPPCE,Entre Ríos,Isletas,26,26/07_al_11/08,0
LITORAL,AAPPCE,Entre Ríos,Isletas,26,12/08_al_25/08,0
LITORAL,AAPPCE,Entre Ríos,La paz,26,3,Trampa perdida
LITORAL,AAPPCE,Entre Ríos,La paz,26,26/07_al_11/08,1
LITORAL,AAPPCE,Entre Ríos,La paz,26,12/08_al_25/08,0
LITORAL,AAPPCE,Entre Ríos,Hinojal,26,3,0
LITORAL,AAPPCE,Entre Ríos,Hinojal,26,26/07_al_11/08,3
LITORAL,AAPPCE,Entre Ríos,Hinojal,26,12/08_al_25/08,Sin datos
LITORAL,AAPRESID,Entre Ríos,Colonia Celina,26,3,0
LITORAL,AAPRESID,Entre Ríos,Colonia Celina,26,26/07_al_11/08,0
LITORAL,AAPRESID,Entre Ríos,Colonia Celina,26,12/08_al_25/08,0
LITORAL,AAPRESID,Entre Ríos,Viale,26,3,0
LITORAL,AAPRESID,Entre Ríos,Viale,26,26/07_al_11/08,1
LITORAL,AAPRESID,Entre Ríos,Viale,26,12/08_al_25/08,0
LITORAL,AAPRESID,Entre Ríos,Gualeguay,26,3,0
LITORAL,AAPRESID,Entre Ríos,Gualeguay,26,26/07_al_11/08,0
LITORAL,AAPRESID,Entre Ríos,Gualeguay,26,12/08_al_25/08,0
LITORAL,AAPRESID,Entre Ríos,Paso de las Piedras,26,3,0
LITORAL,AAPRESID,Entre Ríos,Paso de las Piedras,26,26/07_al_11/08,0
LITORAL,AAPRESID,Entre Ríos,Paso de las Piedras,26,12/08_al_25/08,0
LITORAL,AAPRESID,Entre Ríos,Villa Hernandarias,26,3,0
LITORAL,AAPRESID,Entre Ríos,Villa Hernandarias,26,26/07_al_11/08,0
LITORAL,AAPRESID,Entre Ríos,Villa Hernandarias,26,12/08_al_25/08,0
LITORAL,AAPRESID,Entre Ríos,Don Cristobal,26,3,0
LITORAL,AAPRESID,Entre Ríos,Don Cristobal,26,26/07_al_11/08,6
LITORAL,AAPRESID,Entre Ríos,Don Cristobal,26,12/08_al_25/08,0
LITORAL,AAPRESID,Entre Ríos,Crespo,26,3,0
LITORAL,AAPRESID,Entre Ríos,Crespo,26,26/07_al_11/08,0
LITORAL,AAPRESID,Entre Ríos,Crespo,26,12/08_al_25/08,0
LITORAL,CREA,Entre Ríos,Las Garzas,26,3,0
LITORAL,CREA,Entre Ríos,Las Garzas,26,26/07_al_11/08,0
LITORAL,CREA,Entre Ríos,Las Garzas,26,12/08_al_25/08,0
LITORAL,CREA,Entre Ríos,Santa Elena,26,3,0
LITORAL,CREA,Entre Ríos,Santa Elena,26,26/07_al_11/08,0
LITORAL,CREA,Entre Ríos,Santa Elena,26,12/08_al_25/08,0
LITORAL,CREA,Entre Ríos,La Paz,26,3,2
LITORAL,CREA,Entre Ríos,La Paz,26,26/07_al_11/08,0
LITORAL,CREA,Entre Ríos,La Paz,26,12/08_al_25/08,0
LITORAL,CREA,Entre Ríos,Molino Doll,26,3,0
LITORAL,CREA,Entre Ríos,Molino Doll,26,26/07_al_11/08,4
LITORAL,CREA,Entre Ríos,Molino Doll,26,12/08_al_25/08,0
LITORAL,CREA,Entre Ríos,Feliciano,26,3,0
LITORAL,CREA,Entre Ríos,Feliciano,26,26/07_al_11/08,0
LITORAL,CREA,Entre Ríos,Feliciano,26,12/08_al_25/08,0
LITORAL,CREA,Entre Ríos,Gualeguaychu,26,26/07_al_11/08,0
LITORAL,CREA,Entre Ríos,Gualeguaychu,26,12/08_al_25/08,0
LITORAL,CREA,Entre Ríos,Gualeguay,26,3,0
LITORAL,CREA,Entre Ríos,Gualeguay,26,26/07_al_11/08,0
LITORAL,CREA,Entre Ríos,Gualeguay,26,12/08_al_25/08,Trampa perdida
LITORAL,CREA,Entre Ríos,Victoria,26,3,0
LITORAL,CREA,Entre Ríos,Victoria,26,26/07_al_11/08,0
LITORAL,CREA,Entre Ríos,Victoria,26,12/08_al_25/08,0
CENTRO NORTE,INTA,Entre Ríos,La Paz,26,3,0
CENTRO NORTE,INTA,Entre Ríos,La Paz,26,26/07_al_11/08,0
CENTRO NORTE,INTA,Entre Ríos,La Paz,26,12/08_al_25/08,0
CENTRO NORTE,INTA,Entre Ríos,Nogoya,26,3,0
CENTRO NORTE,INTA,Entre Ríos,Nogoya,26,26/07_al_11/08,0
CENTRO NORTE,INTA,Entre Ríos,Nogoya,26,12/08_al_25/08,0
CENTRO NORTE,INTA,Entre Ríos,Urdinarrain,26,3,0
CENTRO NORTE,INTA,Entre Ríos,Urdinarrain,26,26/07_al_11/08,2
CENTRO NORTE,INTA,Entre Ríos,Urdinarrain,26,12/08_al_25/08,1
CENTRO NORTE,INTA,Entre Ríos,Concepción del,26,3,0
CENTRO NORTE,INTA,Entre Ríos,Concepción del,26,26/07_al_11/08,0
CENTRO NORTE,INTA,Entre Ríos,Concepción del,26,12/08_al_25/08,0
CENTRO NORTE,INTA,Entre Ríos,Diamante,26,3,0
CENTRO NORTE,INTA,Entre Ríos,Diamante,26,26/07_al_11/08,0
CENTRO NORTE,INTA,Entre Ríos,Diamante,26,12/08_al_25/08,0
CENTRO NORTE,INTA,Entre Ríos,Gualeguay,26,3,0
CENTRO NORTE,INTA,Entre Ríos,Gualeguay,26,26/07_al_11/08,Trampa perdida
CENTRO NORTE,INTA,Entre Ríos,Gualeguay,26,12/08_al_25/08,1
CENTRO NORTE,INTA,Entre Ríos,Parana,26,3,0
CENTRO NORTE,INTA,Entre Ríos,Parana,26,26/07_al_11/08,0
CENTRO NORTE,INTA,Entre Ríos,Parana,26,12/08_al_25/08,0
CENTRO NORTE,AAPRESID,San Luis,La Toma,26,3,0
CENTRO NORTE,AAPRESID,San Luis,La Toma,26,26/07_al_11/08,0
CENTRO NORTE,AAPRESID,San Luis,La Toma,26,12/08_al_25/08,0
CENTRO NORTE,AAPPCE,Córdoba,5 10,26,26/07_al_11/08,Trampa
CENTRO NORTE,AAPPCE,Córdoba,Freyre,26,3,Sin datos
CENTRO NORTE,AAPPCE,Córdoba,Freyre,26,26/07_al_11/08,3
CENTRO NORTE,AAPPCE,Córdoba,Freyre,26,12/08_al_25/08,1
CENTRO NORTE,AAPPCE,Córdoba,Morteros,26,3,0
CENTRO NORTE,AAPPCE,Córdoba,Morteros,26,26/07_al_11/08,2
CENTRO NORTE,AAPPCE,Córdoba,Morteros,26,12/08_al_25/08,0
CENTRO NORTE,AAPPCE,Córdoba,Rayo Cortado,26,3,2
CENTRO NORTE,AAPPCE,Córdoba,Rayo Cortado,26,26/07_al_11/08,1
CENTRO NORTE,AAPPCE,Córdoba,Rayo Cortado,26,12/08_al_25/08,3
CENTRO NORTE,AAPPCE,Córdoba,Jesus María,26,3,0
CENTRO NORTE,AAPPCE,Córdoba,Jesus María,26,26/07_al_11/08,5
CENTRO NORTE,AAPPCE,Córdoba,Jesus María,26,12/08_al_25/08,Sin datos
CENTRO NORTE,AAPPCE,Córdoba,El Fortín,26,3,0
CENTRO NORTE,AAPPCE,Córdoba,El Fortín,26,26/07_al_11/08,Sin datos
CENTRO NORTE,AAPPCE,Córdoba,El Fortín,26,12/08_al_25/08,0
CENTRO NORTE,AAPPCE,Córdoba,Río Ceballos,26,3,1
CENTRO NORTE,AAPPCE,Córdoba,Río Ceballos,26,26/07_al_11/08,2
CENTRO NORTE,AAPPCE,Córdoba,Río Ceballos,26,12/08_al_25/08,11
CENTRO NORTE,AAPRESID,Córdoba,Villa María,26,3,0
CENTRO NORTE,AAPRESID,Córdoba,Villa María,26,26/07_al_11/08,3
CENTRO NORTE,AAPRESID,Córdoba,Villa María,26,12/08_al_25/08,Sin datos
CENTRO NORTE,AAPRESID,Córdoba,Cañada de Luque,26,3,0
CENTRO NORTE,AAPRESID,Córdoba,Cañada de Luque,26,26/07_al_11/08,2
CENTRO NORTE,AAPRESID,Córdoba,Cañada de Luque,26,12/08_al_25/08,0
CENTRO NORTE,AAPRESID,Córdoba,Capilla de Sitón,26,3,0
CENTRO NORTE,AAPRESID,Córdoba,Capilla de Sitón,26,26/07_al_11/08,2
CENTRO NORTE,AAPRESID,Córdoba,Capilla de Sitón,26,12/08_al_25/08,0
CENTRO NORTE,AAPRESID,Córdoba,Carrilobo,26,3,0
CENTRO NORTE,AAPRESID,Córdoba,Carrilobo,26,26/07_al_11/08,Sin datos
CENTRO NORTE,AAPRESID,Córdoba,Carrilobo,26,12/08_al_25/08,Sin datos
CENTRO NORTE,AAPRESID,Córdoba,trampa,26,26/07_al_11/08,0
CENTRO NORTE,AAPRESID,Córdoba,trampa,26,12/08_al_25/08,0
CENTRO NORTE,AAPRESID,Córdoba,Eufrasio Loza,26,3,0
CENTRO NORTE,AAPRESID,Córdoba,Eufrasio Loza,26,26/07_al_11/08,7
CENTRO NORTE,AAPRESID,Córdoba,Eufrasio Loza,26,12/08_al_25/08,2
CENTRO NORTE,AAPRESID,Córdoba,Sin datos Trampa,26,26/07_al_11/08,Trampa
CENTRO NORTE,AAPRESID,Córdoba,Las Bajadas,26,3,1
CENTRO NORTE,AAPRESID,Córdoba,Las Bajadas,26,26/07_al_11/08,2
CENTRO NORTE,AAPRESID,Córdoba,Las Bajadas,26,12/08_al_25/08,0
CENTRO NORTE,AAPRESID,Córdoba,Monte del Rosario,26,3,14
CENTRO NORTE,AAPRESID,Córdoba,Monte del Rosario,26,26/07_al_11/08,7
CENTRO NORTE,AAPRESID,Córdoba,Monte del Rosario,26,12/08_al_25/08,4
CENTRO NORTE,AAPRESID,Córdoba,Montecristo,26,3,0
CENTRO NORTE,AAPRESID,Córdoba,Montecristo,26,26/07_al_11/08,2
CENTRO NORTE,AAPRESID,Córdoba,Montecristo,26,12/08_al_25/08,2
CENTRO SUR,AAPRESID,Santa Fe,Sastre,26,3,1
CENTRO SUR,AAPRESID,Santa Fe,Sastre,26,26/07_al_11/08,2
CENTRO SUR,AAPRESID,Santa Fe,Sastre,26,12/08_al_25/08,Sin datos
CENTRO SUR,AAPRESID,Santa Fe,Saladero Mariano Cabal,26,3,Sin datos
CENTRO SUR,AAPRESID,Santa Fe,Saladero Mariano Cabal,26,26/07_al_11/08,0
CENTRO SUR,AAPRESID,Santa Fe,Saladero Mariano Cabal,26,12/08_al_25/08,8
CENTRO SUR,AAPRESID,Santa Fe,Aldao,26,3,1
CENTRO SUR,AAPRESID,Santa Fe,Aldao,26,26/07_al_11/08,Sin datos
CENTRO SUR,AAPRESID,Santa Fe,Aldao,26,12/08_al_25/08,0
CENTRO SUR,CREA,Santa Fe,San Jerónimo Norte,26,3,2
CENTRO SUR,CREA,Santa Fe,San Jerónimo Norte,26,26/07_al_11/08,1
CENTRO SUR,CREA,Santa Fe,San Jerónimo Norte,26,12/08_al_25/08,1
CENTRO SUR,CREA,Santa Fe,Ataliva,26,3,0
CENTRO SUR,CREA,Santa Fe,Ataliva,26,26/07_al_11/08,0
CENTRO SUR,CREA,Santa Fe,Ataliva,26,12/08_al_25/08,0
CENTRO SUR,CREA,Santa Fe,Bernardo de Irigoyen,26,3,0
CENTRO SUR,CREA,Santa Fe,Bernardo de Irigoyen,26,26/07_al_11/08,2
CENTRO SUR,CREA,Santa Fe,Bernardo de Irigoyen,26,12/08_al_25/08,0
CENTRO SUR,CREA,Santa Fe,Crispi,26,3,0
CENTRO SUR,CREA,Santa Fe,Crispi,26,26/07_al_11/08,2
CENTRO SUR,CREA,Santa Fe,Crispi,26,12/08_al_25/08,0
CENTRO SUR,CREA,Santa Fe,Esperanza,26,3,0
CENTRO SUR,CREA,Santa Fe,Esperanza,26,26/07_al_11/08,14
CENTRO SUR,CREA,Santa Fe,Esperanza,26,12/08_al_25/08,0
CENTRO SUR,CREA,Santa Fe,Moisés Ville,26,3,Sin datos
CENTRO SUR,CREA,Santa Fe,Moisés Ville,26,26/07_al_11/08,3
CENTRO SUR,CREA,Santa Fe,Moisés Ville,26,12/08_al_25/08,1
CENTRO SUR,CREA,Santa Fe,Rincón de Ávila,26,3,Sin datos
CENTRO SUR,CREA,Santa Fe,Rincón de Ávila,26,26/07_al_11/08,24
CENTRO SUR,CREA,Santa Fe,Rincón de Ávila,26,12/08_al_25/08,3
CENTRO SUR,CREA,Santa Fe,San Fabián,26,3,0
CENTRO SUR,CREA,Santa Fe,San Fabián,26,26/07_al_11/08,0
CENTRO SUR,CREA,Santa Fe,San Fabián,26,12/08_al_25/08,0
CENTRO SUR,CREA,Santa Fe,San Martin de las,26,3,0
CENTRO SUR,CREA,Santa Fe,San Martin de las,26,26/07_al_11/08,0
CENTRO SUR,CREA,Santa Fe,San Martin de las,26,12/08_al_25/08,0
CENTRO SUR,CREA,Santa Fe,Cañada Rosquín,26,3,0
CENTRO SUR,CREA,Santa Fe,Cañada Rosquín,26,26/07_al_11/08,0
CENTRO SUR,CREA,Santa Fe,Cañada Rosquín,26,12/08_al_25/08,0
CENTRO SUR,CREA,Santa Fe,El Trébol 4,26,3,0
CENTRO SUR,CREA,Santa Fe,El Trébol 4,26,26/07_al_11/08,1
CENTRO SUR,CREA,Santa Fe,El Trébol 4,26,12/08_al_25/08,0
CENTRO SUR,INTA,Córdoba,Marull,26,3,0
CENTRO SUR,INTA,Córdoba,Marull,26,26/07_al_11/08,2
CENTRO SUR,INTA,Córdoba,Marull,26,12/08_al_25/08,Sin datos
CENTRO SUR,INTA,Santa Fe,Centeno 0 trampa,26,26/07_al_11/08,0
CENTRO SUR,INTA,Santa Fe,Rafaela,26,3,0
CENTRO SUR,INTA,Santa Fe,Rafaela,26,26/07_al_11/08,1
CENTRO SUR,INTA,Santa Fe,Rafaela,26,12/08_al_25/08,0
CENTRO SUR,INTA,Santa Fe,Ceres,26,3,0
CENTRO SUR,INTA,Santa Fe,Ceres,26,26/07_al_11/08,1
CENTRO SUR,INTA,Santa Fe,Ceres,26,12/08_al_25/08,0
CENTRO SUR,INTA,Santa Fe,San Justo 2 trampa,26,26/07_al_11/08,0
CENTRO SUR,AAPRESID,San Luís,La Angelina,26,3,0
CENTRO SUR,AAPRESID,San Luís,La Angelina,26,26/07_al_11/08,0
CENTRO SUR,AAPRESID,San Luís,La Angelina,26,12/08_al_25/08,0
CENTRO SUR,AAPRESID,San Luís,Nueva Galia,26,3,0
CENTRO SUR,AAPRESID,San Luís,Nueva Galia,26,26/07_al_11/08,0
CENTRO SUR,AAPRESID,San Luís,Nueva Galia,26,12/08_al_25/08,0
CENTRO SUR,CREA,San Luís,Buena Esperanza,26,3,0
CENTRO SUR,CREA,San Luís,Buena Esperanza,26,26/07_al_11/08,0
CENTRO SUR,CREA,San Luís,Buena Esperanza,26,12/08_al_25/08,0
CENTRO SUR,CREA,San Luís,Juan Jorba,26,3,Sin datos
CENTRO SUR,CREA,San Luís,Juan Jorba,26,26/07_al_11/08,0
CENTRO SUR,CREA,San Luís,Juan Jorba,26,12/08_al_25/08,0
CENTRO SUR,INTA,San Luís,San Luis 1,26,3,0
CENTRO SUR,INTA,San Luís,San Luis 1,26,26/07_al_11/08,0
CENTRO SUR,INTA,San Luís,San Luis 1,26,12/08_al_25/08,0
CENTRO SUR,INTA,San Luís,Quines,26,3,0
CENTRO SUR,INTA,San Luís,Quines,26,26/07_al_11/08,0
CENTRO SUR,INTA,San Luís,Quines,26,12/08_al_25/08,0
CENTRO SUR,AAPPCE,Córdoba,Ana Zumaran,26,3,0
CENTRO SUR,AAPPCE,Córdoba,Ana Zumaran,26,26/07_al_11/08,0
CENTRO SUR,AAPPCE,Córdoba,Ana Zumaran,26,12/08_al_25/08,0
NOA,CREA,Jujuy,EL Carmen,27,3,3
NOA,CREA,Jujuy,EL Carmen,27,12/08_al_25/08,5
NOA,CREA,Jujuy,EL Carmen,27,26/08_al_11/09,0
NOA,CREA,Jujuy,Fraile Pintado,27,3,8
NOA,CREA,Jujuy,Fraile Pintado,27,12/08_al_25/08,7
NOA,CREA,Jujuy,Fraile Pintado,27,26/08_al_11/09,3
NOA,CREA,Jujuy,Santa Clara,27,3,1
NOA,CREA,Jujuy,Santa Clara,27,12/08_al_25/08,7
NOA,CREA,Jujuy,Santa Clara,27,26/08_al_11/09,2
NOA,INTA,Jujuy,El Bananal,27,3,30
NOA,INTA,Jujuy,El Bananal,27,12/08_al_25/08,31
NOA,INTA,Jujuy,El Bananal,27,26/08_al_11/09,16
NOA,AAPRESID,Salta,Rivadavia,27,3,2
NOA,AAPRESID,Salta,Rivadavia,27,12/08_al_25/08,186
NOA,AAPRESID,Salta,Rivadavia,27,26/08_al_11/09,Trampa perdida
NOA,AAPRESID,Salta,Piquete Cabado 1,27,3,Sin datos
NOA,AAPRESID,Salta,Piquete Cabado 1,27,12/08_al_25/08,103
NOA,AAPRESID,Salta,Piquete Cabado 1,27,26/08_al_11/09,5
NOA,CREA,Salta,Antilla,27,3,5
NOA,CREA,Salta,Antilla,27,12/08_al_25/08,13
NOA,CREA,Salta,Antilla,27,26/08_al_11/09,2
NOA,CREA,Salta,Ballivián,27,3,0
NOA,CREA,Salta,Ballivián,27,12/08_al_25/08,33
NOA,CREA,Salta,Ballivián,27,26/08_al_11/09,0
NOA,CREA,Salta,Ceibalito,27,3,1
NOA,CREA,Salta,Ceibalito,27,12/08_al_25/08,13
NOA,CREA,Salta,Ceibalito,27,26/08_al_11/09,1
NOA,CREA,Salta,Chaguaral,27,3,Sin datos
NOA,CREA,Salta,Chaguaral,27,12/08_al_25/08,Sin datos
NOA,CREA,Salta,Chaguaral,27,26/08_al_11/09,Sin datos
NOA,CREA,Salta,Copo Quiles,27,3,5
NOA,CREA,Salta,Copo Quiles,27,12/08_al_25/08,676
NOA,CREA,Salta,Copo Quiles,27,26/08_al_11/09,133
NOA,CREA,Salta,El Bordo,27,3,0
NOA,CREA,Salta,El Bordo,27,12/08_al_25/08,4
NOA,CREA,Salta,El Bordo,27,26/08_al_11/09,0
NOA,CREA,Salta,El Galpón,27,3,17
NOA,CREA,Salta,El Galpón,27,12/08_al_25/08,47
NOA,CREA,Salta,El Galpón,27,26/08_al_11/09,13
NOA,CREA,Salta,El Tunal,27,3,Sin datos
NOA,CREA,Salta,El Tunal,27,12/08_al_25/08,10
NOA,CREA,Salta,El Tunal,27,26/08_al_11/09,4
NOA,CREA,Salta,Embarcación,27,3,2
NOA,CREA,Salta,Embarcación,27,12/08_al_25/08,15
NOA,CREA,Salta,Embarcación,27,26/08_al_11/09,2
NOA,CREA,Salta,Gral Pizarro,27,3,2
NOA,CREA,Salta,Gral Pizarro,27,12/08_al_25/08,25
NOA,CREA,Salta,Gral Pizarro,27,26/08_al_11/09,3
NOA,CREA,Salta,Horcones,27,3,Sin datos
NOA,CREA,Salta,Horcones,27,12/08_al_25/08,27
NOA,CREA,Salta,Horcones,27,26/08_al_11/09,5
NOA,CREA,Salta,J V Gonzales,27,3,0
NOA,CREA,Salta,J V Gonzales,27,12/08_al_25/08,44
NOA,CREA,Salta,J V Gonzales,27,26/08_al_11/09,0
NOA,CREA,Salta,Las Lajitas T3,27,3,5
NOA,CREA,Salta,Las Lajitas T3,27,12/08_al_25/08,4
NOA,CREA,Salta,Las Lajitas T3,27,26/08_al_11/09,2
NOA,CREA,Salta,Metan 1,27,3,0
NOA,CREA,Salta,Metan 1,27,12/08_al_25/08,0
NOA,CREA,Salta,Metan 1,27,26/08_al_11/09,1
NOA,CREA,Salta,Metan 2,27,3,19
NOA,CREA,Salta,Metan 2,27,12/08_al_25/08,45
NOA,CREA,Salta,Metan 2,27,26/08_al_11/09,33
NOA,CREA,Salta,Mollinedo,27,3,4
NOA,CREA,Salta,Mollinedo,27,12/08_al_25/08,24
NOA,CREA,Salta,Mollinedo,27,26/08_al_11/09,8
NOA,CREA,Salta,Mosconi,27,3,3
NOA,CREA,Salta,Mosconi,27,12/08_al_25/08,11
NOA,CREA,Salta,Mosconi,27,26/08_al_11/09,4
NOA,CREA,Salta,Nstra Sra de Talavera,27,3,8
NOA,CREA,Salta,Nstra Sra de Talavera,27,12/08_al_25/08,39
NOA,CREA,Salta,Nstra Sra de Talavera,27,26/08_al_11/09,12
NOA,CREA,Salta,Pichanal,27,3,0
NOA,CREA,Salta,Pichanal,27,12/08_al_25/08,70
NOA,CREA,Salta,Pichanal,27,26/08_al_11/09,0
NOA,CREA,Salta,Piquete Cabado 2,27,3,0
NOA,CREA,Salta,Piquete Cabado 2,27,12/08_al_25/08,11
NOA,CREA,Salta,Piquete Cabado 2,27,26/08_al_11/09,0
NOA,CREA,Salta,Santo Domingo,27,3,1
NOA,CREA,Salta,Santo Domingo,27,12/08_al_25/08,33
NOA,CREA,Salta,Santo Domingo,27,26/08_al_11/09,2
NOA,CREA,Salta,Saravia,27,3,0
NOA,CREA,Salta,Saravia,27,12/08_al_25/08,3
NOA,CREA,Salta,Saravia,27,26/08_al_11/09,0
NOA,CREA,Salta,Tolloche,27,3,3
NOA,CREA,Salta,Tolloche,27,12/08_al_25/08,0
NOA,CREA,Salta,Tolloche,27,26/08_al_11/09,0
NOA,CREA,Salta,Urundel,27,3,2
NOA,CREA,Salta,Urundel,27,12/08_al_25/08,30
NOA,CREA,Salta,Urundel,27,26/08_al_11/09,1
NOA,INTA,Salta,Metán,27,3,0
NOA,INTA,Salta,Metán,27,12/08_al_25/08,19
NOA,INTA,Salta,Metán,27,26/08_al_11/09,16
NOA,CREA,Tucumán,Acequiones,27,3,Sin datos
NOA,CREA,Tucumán,Acequiones,27,12/08_al_25/08,Sin datos
NOA,CREA,Tucumán,Acequiones,27,26/08_al_11/09,Sin datos
NOA,CREA,Tucumán,Alto Verde,27,3,44
NOA,CREA,Tucumán,Alto Verde,27,12/08_al_25/08,1
NOA,CREA,Tucumán,Alto Verde,27,26/08_al_11/09,3
NEA,INTA,Formosa,El colorado,27,3,2
NEA,INTA,Formosa,El colorado,27,12/08_al_25/08,14
NEA,INTA,Formosa,El colorado,27,26/08_al_11/09,0
NEA,INTA,Formosa,Comandante Fontana,27,3,181
NEA,INTA,Formosa,Comandante Fontana,27,12/08_al_25/08,Trampa perdida
NEA,INTA,Formosa,Comandante Fontana,27,26/08_al_11/09,426
NEA,AAPRESID,Chaco,Tres Isletas,27,3,6
NEA,AAPRESID,Chaco,Tres Isletas,27,12/08_al_25/08,180
NEA,AAPRESID,Chaco,Tres Isletas,27,26/08_al_11/09,Trampa perdida
NEA,AAPRESID,Chaco,Pampa del Infierno,27,3,0
NEA,AAPRESID,Chaco,Pampa del Infierno,27,12/08_al_25/08,10
NEA,AAPRESID,Chaco,Pampa del Infierno,27,26/08_al_11/09,5
NEA,AAPRESID,Chaco,Concepcion del Bermejo,27,3,3
NEA,AAPRESID,Chaco,Concepcion del Bermejo,27,12/08_al_25/08,19
NEA,AAPRESID,Chaco,Concepcion del Bermejo,27,26/08_al_11/09,Trampa perdida
NEA,AAPRESID,Chaco,Villa Angela,27,3,0
NEA,AAPRESID,Chaco,Villa Angela,27,12/08_al_25/08,4
NEA,AAPRESID,Chaco,Villa Angela,27,26/08_al_11/09,Trampa perdida
NEA,AAPRESID,Chaco,Las Piedritas,27,3,4
NEA,AAPRESID,Chaco,Las Piedritas,27,12/08_al_25/08,2
NEA,AAPRESID,Chaco,Las Piedritas,27,26/08_al_11/09,2
NEA,CREA,Formosa,Gral. M. Belgrano,27,12/08_al_25/08,4
NEA,INTA,Chaco,Gral. Pinedo,27,3,2
NEA,INTA,Chaco,Gral. Pinedo,27,12/08_al_25/08,8
NEA,INTA,Chaco,Gral. Pinedo,27,26/08_al_11/09,1
NEA,INTA,Chaco,Tres Isletas,27,3,11
NEA,INTA,Chaco,Tres Isletas,27,12/08_al_25/08,2
NEA,INTA,Chaco,Tres Isletas,27,26/08_al_11/09,1
NEA,INTA,Chaco,Pampa del Infierno,27,3,0
NEA,INTA,Chaco,Pampa del Infierno,27,12/08_al_25/08,0
NEA,INTA,Chaco,Pampa del Infierno,27,26/08_al_11/09,0
NEA,INTA,Chaco,Las Breñas,27,3,0
NEA,INTA,Chaco,Las Breñas,27,12/08_al_25/08,1
NEA,INTA,Chaco,Las Breñas,27,26/08_al_11/09,1
NEA,INTA,Chaco,Juan José Castelli,27,3,0
NEA,INTA,Chaco,Juan José Castelli,27,12/08_al_25/08,6
NEA,INTA,Chaco,Juan José Castelli,27,26/08_al_11/09,1
NEA,INTA,Chaco,Sylvina,27,3,0
NEA,INTA,Chaco,Sylvina,27,12/08_al_25/08,0
NEA,INTA,Chaco,Sylvina,27,26/08_al_11/09,0
NEA,INTA,Chaco,Basail,27,3,2
NEA,INTA,Chaco,Basail,27,12/08_al_25/08,Trampa perdida
NEA,INTA,Chaco,Basail,27,26/08_al_11/09,15
NEA,AAPPCE,Santiago Del Estero,Weisburd,27,3,0
NEA,AAPPCE,Santiago Del Estero,Weisburd,27,12/08_al_25/08,1
NEA,AAPPCE,Santiago Del Estero,Weisburd,27,26/08_al_11/09,2
NEA,AAPPCE,Santiago Del Estero,Bandera,27,3,0
NEA,AAPPCE,Santiago Del Estero,Bandera,27,12/08_al_25/08,0
NEA,AAPPCE,Santiago Del Estero,Bandera,27,26/08_al_11/09,0
NEA,AAPRESID,Santiago Del Estero,Bandera,27,3,0
NEA,AAPRESID,Santiago Del Estero,Bandera,27,12/08_al_25/08,Sin datos
NEA,AAPRESID,Santiago Del Estero,Bandera,27,26/08_al_11/09,0
NEA,AAPRESID,Santiago Del Estero,Arbol Blanco,27,3,11
NEA,AAPRESID,Santiago Del Estero,Arbol Blanco,27,12/08_al_25/08,Sin datos
NEA,AAPRESID,Santiago Del Estero,Arbol Blanco,27,26/08_al_11/09,15
NEA,AAPRESID,Santiago Del Estero,Los Juries,27,3,0
NEA,AAPRESID,Santiago Del Estero,Los Juries,27,12/08_al_25/08,1
NEA,AAPRESID,Santiago Del Estero,Los Juries,27,26/08_al_11/09,0
NEA,AAPRESID,Santiago Del Estero,Roversi,27,3,1
NEA,AAPRESID,Santiago Del Estero,Roversi,27,12/08_al_25/08,1
NEA,AAPRESID,Santiago Del Estero,Roversi,27,26/08_al_11/09,1
NEA,AAPRESID,Santiago Del Estero,Tacañitas,27,3,0
NEA,AAPRESID,Santiago Del Estero,Tacañitas,27,12/08_al_25/08,0
NEA,AAPRESID,Santiago Del Estero,Tacañitas,27,26/08_al_11/09,0
NEA,AAPRESID,Santiago Del Estero,Sachayoj,27,3,6
NEA,AAPRESID,Santiago Del Estero,Sachayoj,27,12/08_al_25/08,6
NEA,AAPRESID,Santiago Del Estero,Sachayoj,27,26/08_al_11/09,8
NEA,AAPRESID,Santiago Del Estero,Campo Gallo,27,3,0
NEA,AAPRESID,Santiago Del Estero,Campo Gallo,27,12/08_al_25/08,2
NEA,AAPRESID,Santiago Del Estero,Campo Gallo,27,26/08_al_11/09,0
NEA,CREA,Chaco,Bajo Hondo,27,12/08_al_25/08,0
NEA,CREA,Chaco,Bajo Hondo,27,26/08_al_11/09,0
NEA,CREA,Chaco,Las Piedras,27,12/08_al_25/08,Sin datos
NEA,CREA,Chaco,Las Piedras,27,26/08_al_11/09,4
NEA,CREA,Santiago Del Estero,Tierras del Oeste,27,3,0
NEA,CREA,Santiago Del Estero,Tierras del Oeste,27,12/08_al_25/08,2
NEA,CREA,Santiago Del Estero,Tierras del Oeste,27,26/08_al_11/09,0
NEA,CREA,Santiago Del Estero,Weisburd,27,3,Sin datos
NEA,CREA,Santiago Del Estero,Weisburd,27,12/08_al_25/08,3
NEA,CREA,Santiago Del Estero,Weisburd,27,26/08_al_11/09,Sin datos
NEA,CREA,Santiago Del Estero,Isla Baja,27,3,0
NEA,CREA,Santiago Del Estero,Isla Baja,27,12/08_al_25/08,0
NEA,CREA,Santiago Del Estero,Isla Baja,27,26/08_al_11/09,2
LITORAL,CREA,Santiago Del Estero,El colorado,27,12/08_al_25/08,0
LITORAL,CREA,Santiago Del Estero,El colorado,27,26/08_al_11/09,0
LITORAL,CREA,Formosa,Las Lomitas,27,12/08_al_25/08,4
LITORAL,CREA,Formosa,Las Lomitas,27,26/08_al_11/09,5
LITORAL,CREA,Santiago Del Estero,Casares,27,12/08_al_25/08,Sin datos
LITORAL,CREA,Santiago Del Estero,Casares,27,26/08_al_11/09,Sin datos
LITORAL,CREA,Santiago Del Estero,Desvío La Paloma,27,12/08_al_25/08,0
LITORAL,CREA,Santiago Del Estero,Desvío La Paloma,27,26/08_al_11/09,0
LITORAL,CREA,Santiago Del Estero,La Paloma,27,12/08_al_25/08,Sin datos
LITORAL,CREA,Santiago Del Estero,La Paloma,27,26/08_al_11/09,Sin datos
LITORAL,CREA,Chaco,Otumpa,27,12/08_al_25/08,Sin datos
LITORAL,CREA,Chaco,Otumpa,27,26/08_al_11/09,Sin datos
LITORAL,AAPRESID,Corrientes,Mercedes,27,3,0
LITORAL,AAPRESID,Corrientes,Mercedes,27,12/08_al_25/08,1
LITORAL,AAPRESID,Corrientes,Mercedes,27,26/08_al_11/09,1
LITORAL,AAPRESID,Corrientes,Ambrosio,27,3,3
LITORAL,AAPRESID,Corrientes,Ambrosio,27,12/08_al_25/08,Sin datos
LITORAL,AAPRESID,Corrientes,Ambrosio,27,26/08_al_11/09,3
LITORAL,AAPRESID,Corrientes,Corrientes,27,3,0
LITORAL,AAPRESID,Corrientes,Corrientes,27,12/08_al_25/08,1
LITORAL,AAPRESID,Corrientes,Corrientes,27,26/08_al_11/09,4
LITORAL,AAPRESID,Corrientes,Bella Vista,27,3,1
LITORAL,AAPRESID,Corrientes,Bella Vista,27,12/08_al_25/08,7
LITORAL,AAPRESID,Corrientes,Bella Vista,27,26/08_al_11/09,10
LITORAL,INTA,Corrientes,Sauce,27,3,0
LITORAL,INTA,Corrientes,Sauce,27,12/08_al_25/08,1
LITORAL,INTA,Corrientes,Sauce,27,26/08_al_11/09,0
LITORAL,INTA,Corrientes,"Estancia el Rocio
Copra",27,3,0
LITORAL,INTA,Corrientes,"Estancia el Rocio
Copra",27,12/08_al_25/08,0
LITORAL,INTA,Corrientes,"Estancia el Rocio
Copra",27,26/08_al_11/09,0
LITORAL,INTA,Corrientes,Mercedes,27,3,0
LITORAL,INTA,Corrientes,Mercedes,27,12/08_al_25/08,0
LITORAL,INTA,Corrientes,Mercedes,27,26/08_al_11/09,0
LITORAL,INTA,Corrientes,Virasoro,27,3,0
LITORAL,INTA,Corrientes,Virasoro,27,12/08_al_25/08,0
LITORAL,INTA,Corrientes,Virasoro,27,26/08_al_11/09,0
LITORAL,INTA,Corrientes,Goya,27,3,0
LITORAL,INTA,Corrientes,Goya,27,12/08_al_25/08,2
LITORAL,INTA,Corrientes,Goya,27,26/08_al_11/09,0
LITORAL,INTA,Corrientes,Monte Caseros,27,12/08_al_25/08,0
LITORAL,INTA,Corrientes,Esquina,27,3,0
LITORAL,INTA,Corrientes,Esquina,27,12/08_al_25/08,Trampa perdida
LITORAL,INTA,Corrientes,Esquina,27,26/08_al_11/09,Trampa perdida
LITORAL,AAPPCE,Entre Ríos,Don Cristobal,27,3,0
LITORAL,AAPPCE,Entre Ríos,Don Cristobal,27,12/08_al_25/08,2
LITORAL,AAPPCE,Entre Ríos,Don Cristobal,27,26/08_al_11/09,0
LITORAL,AAPPCE,Entre Ríos,Isletas,27,3,0
LITORAL,AAPPCE,Entre Ríos,Isletas,27,12/08_al_25/08,0
LITORAL,AAPPCE,Entre Ríos,Isletas,27,26/08_al_11/09,0
LITORAL,AAPPCE,Entre Ríos,La paz,27,3,0
LITORAL,AAPPCE,Entre Ríos,La paz,27,12/08_al_25/08,0
LITORAL,AAPPCE,Entre Ríos,La paz,27,26/08_al_11/09,Trampa perdida
LITORAL,AAPPCE,Entre Ríos,Hinojal,27,3,0
LITORAL,AAPPCE,Entre Ríos,Hinojal,27,12/08_al_25/08,Sin datos
LITORAL,AAPPCE,Entre Ríos,Hinojal,27,26/08_al_11/09,0
LITORAL,AAPRESID,Entre Ríos,Colonia Celina,27,3,0
LITORAL,AAPRESID,Entre Ríos,Colonia Celina,27,12/08_al_25/08,0
LITORAL,AAPRESID,Entre Ríos,Colonia Celina,27,26/08_al_11/09,0
LITORAL,AAPRESID,Entre Ríos,Viale,27,3,0
LITORAL,AAPRESID,Entre Ríos,Viale,27,12/08_al_25/08,0
LITORAL,AAPRESID,Entre Ríos,Viale,27,26/08_al_11/09,0
LITORAL,AAPRESID,Entre Ríos,Gualeguay,27,3,0
LITORAL,AAPRESID,Entre Ríos,Gualeguay,27,12/08_al_25/08,0
LITORAL,AAPRESID,Entre Ríos,Gualeguay,27,26/08_al_11/09,0
LITORAL,AAPRESID,Entre Ríos,Paso de las Piedras,27,3,0
LITORAL,AAPRESID,Entre Ríos,Paso de las Piedras,27,12/08_al_25/08,0
LITORAL,AAPRESID,Entre Ríos,Paso de las Piedras,27,26/08_al_11/09,0
LITORAL,AAPRESID,Entre Ríos,Villa Hernandarias,27,3,0
LITORAL,AAPRESID,Entre Ríos,Villa Hernandarias,27,12/08_al_25/08,0
LITORAL,AAPRESID,Entre Ríos,Villa Hernandarias,27,26/08_al_11/09,0
LITORAL,AAPRESID,Entre Ríos,Don Cristobal,27,3,0
LITORAL,AAPRESID,Entre Ríos,Don Cristobal,27,12/08_al_25/08,0
LITORAL,AAPRESID,Entre Ríos,Don Cristobal,27,26/08_al_11/09,0
CENTRO NORTE,CREA,Entre Ríos,Las Garzas,27,3,1
CENTRO NORTE,CREA,Entre Ríos,Las Garzas,27,12/08_al_25/08,0
CENTRO NORTE,CREA,Entre Ríos,Las Garzas,27,26/08_al_11/09,0
CENTRO NORTE,CREA,Entre Ríos,Santa Elena,27,3,0
CENTRO NORTE,CREA,Entre Ríos,Santa Elena,27,12/08_al_25/08,0
CENTRO NORTE,CREA,Entre Ríos,Santa Elena,27,26/08_al_11/09,0
CENTRO NORTE,CREA,Entre Ríos,La Paz,27,3,0
CENTRO NORTE,CREA,Entre Ríos,La Paz,27,12/08_al_25/08,0
CENTRO NORTE,CREA,Entre Ríos,La Paz,27,26/08_al_11/09,2
CENTRO NORTE,CREA,Entre Ríos,Molino Doll,27,3,0
CENTRO NORTE,CREA,Entre Ríos,Molino Doll,27,12/08_al_25/08,0
CENTRO NORTE,CREA,Entre Ríos,Molino Doll,27,26/08_al_11/09,0
CENTRO NORTE,CREA,Entre Ríos,Feliciano,27,3,0
CENTRO NORTE,CREA,Entre Ríos,Feliciano,27,12/08_al_25/08,0
CENTRO NORTE,CREA,Entre Ríos,Feliciano,27,26/08_al_11/09,0
CENTRO NORTE,CREA,Entre Ríos,Gualeguaychu,27,3,0
CENTRO NORTE,CREA,Entre Ríos,Gualeguaychu,27,12/08_al_25/08,0
CENTRO NORTE,CREA,Entre Ríos,Gualeguaychu,27,26/08_al_11/09,0
CENTRO NORTE,CREA,Entre Ríos,Gualeguay,27,3,Sin datos
CENTRO NORTE,CREA,Entre Ríos,Gualeguay,27,12/08_al_25/08,Trampa perdida
CENTRO NORTE,CREA,Entre Ríos,Gualeguay,27,26/08_al_11/09,0
CENTRO NORTE,CREA,Entre Ríos,Victoria,27,3,0
CENTRO NORTE,CREA,Entre Ríos,Victoria,27,12/08_al_25/08,0
CENTRO NORTE,CREA,Entre Ríos,Victoria,27,26/08_al_11/09,0
CENTRO NORTE,CREA,Entre Ríos,Arroyo Barú,27,3,0
CENTRO NORTE,CREA,Entre Ríos,Arroyo Barú,27,12/08_al_25/08,0
CENTRO NORTE,CREA,Entre Ríos,Arroyo Barú,27,26/08_al_11/09,0
CENTRO NORTE,INTA,Entre Ríos,La Paz,27,3,0
CENTRO NORTE,INTA,Entre Ríos,La Paz,27,12/08_al_25/08,0
CENTRO NORTE,INTA,Entre Ríos,La Paz,27,26/08_al_11/09,0
CENTRO NORTE,INTA,Entre Ríos,Nogoya,27,3,0
CENTRO NORTE,INTA,Entre Ríos,Nogoya,27,12/08_al_25/08,0
CENTRO NORTE,INTA,Entre Ríos,Nogoya,27,26/08_al_11/09,0
CENTRO NORTE,INTA,Entre Ríos,Urdinarrain,27,3,0
CENTRO NORTE,INTA,Entre Ríos,Urdinarrain,27,12/08_al_25/08,1
CENTRO NORTE,INTA,Entre Ríos,Urdinarrain,27,26/08_al_11/09,0
CENTRO NORTE,INTA,Entre Ríos,Concepción del,27,3,0
CENTRO NORTE,INTA,Entre Ríos,Concepción del,27,12/08_al_25/08,0
CENTRO NORTE,INTA,Entre Ríos,Concepción del,27,26/08_al_11/09,0
CENTRO NORTE,INTA,Entre Ríos,Diamante,27,3,0
CENTRO NORTE,INTA,Entre Ríos,Diamante,27,12/08_al_25/08,0
CENTRO NORTE,INTA,Entre Ríos,Diamante,27,26/08_al_11/09,0
CENTRO NORTE,INTA,Entre Ríos,Gualeguay,27,3,0
CENTRO NORTE,INTA,Entre Ríos,Gualeguay,27,12/08_al_25/08,1
CENTRO NORTE,INTA,Entre Ríos,Gualeguay,27,26/08_al_11/09,0
CENTRO NORTE,INTA,Entre Ríos,Parana,27,3,0
CENTRO NORTE,INTA,Entre Ríos,Parana,27,12/08_al_25/08,0
CENTRO NORTE,INTA,Entre Ríos,Parana,27,26/08_al_11/09,0
CENTRO NORTE,AAPRESID,San Luis,La Toma,27,3,0
CENTRO NORTE,AAPRESID,San Luis,La Toma,27,12/08_al_25/08,0
CENTRO NORTE,AAPRESID,San Luis,La Toma,27,26/08_al_11/09,0
CENTRO NORTE,AAPPCE,Córdoba,Corralito,27,3,1
CENTRO NORTE,AAPPCE,Córdoba,Corralito,27,12/08_al_25/08,10
CENTRO NORTE,AAPPCE,Córdoba,Corralito,27,26/08_al_11/09,Trampa perdida
CENTRO NORTE,AAPPCE,Córdoba,Freyre,27,3,0
CENTRO NORTE,AAPPCE,Córdoba,Freyre,27,12/08_al_25/08,1
CENTRO NORTE,AAPPCE,Córdoba,Freyre,27,26/08_al_11/09,Sin datos
CENTRO NORTE,AAPPCE,Córdoba,Morteros,27,3,0
CENTRO NORTE,AAPPCE,Córdoba,Morteros,27,12/08_al_25/08,0
CENTRO NORTE,AAPPCE,Córdoba,Morteros,27,26/08_al_11/09,0
CENTRO NORTE,AAPPCE,Córdoba,Rayo Cortado,27,3,1
CENTRO NORTE,AAPPCE,Córdoba,Rayo Cortado,27,12/08_al_25/08,3
CENTRO NORTE,AAPPCE,Córdoba,Rayo Cortado,27,26/08_al_11/09,2
CENTRO NORTE,AAPPCE,Córdoba,Jesús María,27,3,3
CENTRO NORTE,AAPPCE,Córdoba,Jesús María,27,12/08_al_25/08,Sin datos
CENTRO NORTE,AAPPCE,Córdoba,Jesús María,27,26/08_al_11/09,0
CENTRO NORTE,AAPPCE,Córdoba,El Fortín,27,3,0
CENTRO NORTE,AAPPCE,Córdoba,El Fortín,27,12/08_al_25/08,0
CENTRO NORTE,AAPPCE,Córdoba,El Fortín,27,26/08_al_11/09,0
CENTRO NORTE,AAPPCE,Córdoba,Río Ceballos,27,3,5
CENTRO NORTE,AAPPCE,Córdoba,Río Ceballos,27,12/08_al_25/08,11
CENTRO NORTE,AAPPCE,Córdoba,Río Ceballos,27,26/08_al_11/09,1
CENTRO NORTE,AAPRESID,Córdoba,Villa María,27,3,0
CENTRO NORTE,AAPRESID,Córdoba,Villa María,27,12/08_al_25/08,Sin datos
CENTRO NORTE,AAPRESID,Córdoba,Villa María,27,26/08_al_11/09,0
CENTRO NORTE,AAPRESID,Córdoba,Cañada de Luque,27,3,0
CENTRO NORTE,AAPRESID,Córdoba,Cañada de Luque,27,12/08_al_25/08,0
CENTRO NORTE,AAPRESID,Córdoba,Cañada de Luque,27,26/08_al_11/09,0
CENTRO NORTE,AAPRESID,Córdoba,Capilla de Sitón,27,3,0
CENTRO NORTE,AAPRESID,Córdoba,Capilla de Sitón,27,12/08_al_25/08,0
CENTRO NORTE,AAPRESID,Córdoba,Capilla de Sitón,27,26/08_al_11/09,0
CENTRO SUR,AAPRESID,San Luís,La Angelina,27,3,0
CENTRO SUR,AAPRESID,San Luís,La Angelina,27,12/08_al_25/08,0
CENTRO SUR,AAPRESID,San Luís,La Angelina,27,26/08_al_11/09,0
CENTRO SUR,AAPRESID,San Luís,Nueva Galia,27,3,Sin datos
CENTRO SUR,AAPRESID,San Luís,Nueva Galia,27,12/08_al_25/08,0
CENTRO SUR,AAPRESID,San Luís,Nueva Galia,27,26/08_al_11/09,0
CENTRO SUR,CREA,San Luís,Buena Esperanza,27,3,0
CENTRO SUR,CREA,San Luís,Buena Esperanza,27,12/08_al_25/08,0
CENTRO SUR,CREA,San Luís,Buena Esperanza,27,26/08_al_11/09,0
CENTRO SUR,CREA,San Luís,Juan Jorba,27,3,0
CENTRO SUR,CREA,San Luís,Juan Jorba,27,12/08_al_25/08,0
CENTRO SUR,CREA,San Luís,Juan Jorba,27,26/08_al_11/09,0
CENTRO SUR,INTA,San Luís,San Luis 1,27,3,0
CENTRO SUR,INTA,San Luís,San Luis 1,27,12/08_al_25/08,0
CENTRO SUR,INTA,San Luís,San Luis 1,27,26/08_al_11/09,0
CENTRO SUR,AAPRESID,Santa Fe,Emilia,27,3,0
CENTRO SUR,AAPRESID,Santa Fe,Emilia,27,12/08_al_25/08,0
CENTRO SUR,AAPRESID,Santa Fe,Emilia,27,26/08_al_11/09,0
CENTRO SUR,AAPRESID,Santa Fe,Gálvez,27,3,0
CENTRO SUR,AAPRESID,Santa Fe,Gálvez,27,12/08_al_25/08,0
CENTRO SUR,AAPRESID,Santa Fe,Gálvez,27,26/08_al_11/09,0
CENTRO SUR,AAPRESID,Santa Fe,La Camila,27,3,0
CENTRO SUR,AAPRESID,Santa Fe,La Camila,27,12/08_al_25/08,2
CENTRO SUR,AAPRESID,Santa Fe,La Camila,27,26/08_al_11/09,0
CENTRO SUR,AAPRESID,Santa Fe,María Juana,27,3,0
CENTRO SUR,AAPRESID,Santa Fe,María Juana,27,12/08_al_25/08,0
CENTRO SUR,AAPRESID,Santa Fe,María Juana,27,26/08_al_11/09,0
CENTRO SUR,AAPRESID,Santa Fe,Progreso,27,3,0
CENTRO SUR,AAPRESID,Santa Fe,Progreso,27,12/08_al_25/08,0
CENTRO SUR,AAPRESID,Santa Fe,Progreso,27,26/08_al_11/09,0
CENTRO SUR,AAPRESID,Santa Fe,Sastre,27,3,0
CENTRO SUR,AAPRESID,Santa Fe,Sastre,27,12/08_al_25/08,Sin datos
CENTRO SUR,AAPRESID,Santa Fe,Sastre,27,26/08_al_11/09,1
CENTRO SUR,AAPRESID,Santa Fe,Saladero Mariano Cabal,27,3,Sin datos
CENTRO SUR,AAPRESID,Santa Fe,Saladero Mariano Cabal,27,12/08_al_25/08,8
CENTRO SUR,AAPRESID,Santa Fe,Saladero Mariano Cabal,27,26/08_al_11/09,0
CENTRO SUR,AAPRESID,Santa Fe,Aldao,27,3,3
CENTRO SUR,AAPRESID,Santa Fe,Aldao,27,12/08_al_25/08,0
CENTRO SUR,AAPRESID,Santa Fe,Aldao,27,26/08_al_11/09,1
CENTRO SUR,CREA,Santa Fe,San Jerónimo Norte,27,3,1
CENTRO SUR,CREA,Santa Fe,San Jerónimo Norte,27,12/08_al_25/08,1
CENTRO SUR,CREA,Santa Fe,San Jerónimo Norte,27,26/08_al_11/09,2
CENTRO SUR,CREA,Santa Fe,Ataliva,27,3,0
CENTRO SUR,CREA,Santa Fe,Ataliva,27,12/08_al_25/08,0
CENTRO SUR,CREA,Santa Fe,Ataliva,27,26/08_al_11/09,0
CENTRO SUR,CREA,Santa Fe,Bernardo de Irigoyen,27,3,0
CENTRO SUR,CREA,Santa Fe,Bernardo de Irigoyen,27,12/08_al_25/08,0
CENTRO SUR,CREA,Santa Fe,Bernardo de Irigoyen,27,26/08_al_11/09,0
CENTRO SUR,CREA,Santa Fe,Crispi,27,3,0
CENTRO SUR,CREA,Santa Fe,Crispi,27,12/08_al_25/08,0
CENTRO SUR,CREA,Santa Fe,Crispi,27,26/08_al_11/09,0
CENTRO SUR,CREA,Santa Fe,Esperanza,27,3,0
CENTRO SUR,CREA,Santa Fe,Esperanza,27,12/08_al_25/08,0
CENTRO SUR,CREA,Santa Fe,Esperanza,27,26/08_al_11/09,0
CENTRO SUR,CREA,Santa Fe,Moisés Ville,27,3,1
CENTRO SUR,CREA,Santa Fe,Moisés Ville,27,12/08_al_25/08,1
CENTRO SUR,CREA,Santa Fe,Moisés Ville,27,26/08_al_11/09,0
CENTRO SUR,CREA,Santa Fe,Rincón de Ávila,27,3,0
CENTRO SUR,CREA,Santa Fe,Rincón de Ávila,27,12/08_al_25/08,3
CENTRO SUR,CREA,Santa Fe,Rincón de Ávila,27,26/08_al_11/09,Sin datos
CENTRO SUR,CREA,Santa Fe,San Fabián,27,3,0
CENTRO SUR,CREA,Santa Fe,San Fabián,27,12/08_al_25/08,0
CENTRO SUR,CREA,Santa Fe,San Fabián,27,26/08_al_11/09,0
CENTRO SUR,CREA,Santa Fe,San Martin de las,27,3,0
CENTRO SUR,CREA,Santa Fe,San Martin de las,27,12/08_al_25/08,0
CENTRO SUR,CREA,Santa Fe,San Martin de las,27,26/08_al_11/09,0
CENTRO SUR,CREA,Santa Fe,Cañada Rosquín,27,3,0
CENTRO SUR,CREA,Santa Fe,Cañada Rosquín,27,12/08_al_25/08,0
CENTRO SUR,CREA,Santa Fe,Cañada Rosquín,27,26/08_al_11/09,0
CENTRO SUR,CREA,Santa Fe,El Trébol 4,27,3,0
CENTRO SUR,CREA,Santa Fe,El Trébol 4,27,12/08_al_25/08,0
CENTRO SUR,CREA,Santa Fe,El Trébol 4,27,26/08_al_11/09,0
CENTRO SUR,INTA,Santa Fe,Centeno,27,3,0
CENTRO SUR,INTA,Santa Fe,Centeno,27,12/08_al_25/08,Trampa perdida
CENTRO SUR,INTA,Santa Fe,Centeno,27,26/08_al_11/09,0
CENTRO SUR,INTA,Santa Fe,Rafaela,27,3,0
CENTRO SUR,INTA,Santa Fe,Rafaela,27,12/08_al_25/08,0
CENTRO SUR,INTA,Santa Fe,Rafaela,27,26/08_al_11/09,0
CENTRO SUR,INTA,Santa Fe,Ceres,27,3,0
CENTRO SUR,INTA,Santa Fe,Ceres,27,12/08_al_25/08,0
CENTRO SUR,INTA,Santa Fe,Ceres,27,26/08_al_11/09,0
CENTRO SUR,INTA,Santa Fe,San Justo,27,3,0
CENTRO SUR,INTA,Santa Fe,San Justo,27,12/08_al_25/08,Trampa perdida
CENTRO SUR,INTA,Santa Fe,San Justo,27,26/08_al_11/09,0
CENTRO SUR,AGTSA,,El Desafío,28,26/08_al_11/09,0
CENTRO SUR,AGTSA,,El Desafío,28,12/09_al_27/09,0
CENTRO SUR,AGTSA,,El Desafío,28,28/10_al_13/10,0
CENTRO SUR,AGTSA,,Nahuel Cimarelli,28,26/08_al_11/09,1
CENTRO SUR,AGTSA,,Nahuel Cimarelli,28,12/09_al_27/09,0
CENTRO SUR,AGTSA,,Nahuel Cimarelli,28,28/10_al_13/10,0
CENTRO SUR,AGTSA,,Chacra Nelson,28,26/08_al_11/09,0
CENTRO SUR,AGTSA,,Chacra Nelson,28,12/09_al_27/09,0
CENTRO SUR,AGTSA,,Chacra Nelson,28,28/10_al_13/10,0
CENTRO SUR,AGTSA,,Reina Juana,28,26/08_al_11/09,0
CENTRO SUR,AGTSA,,Reina Juana,28,12/09_al_27/09,0
CENTRO SUR,AGTSA,,Ombues de Oribe,28,26/08_al_11/09,0
CENTRO SUR,AGTSA,,Ombues de Oribe,28,12/09_al_27/09,0
NOA,CREA,Jujuy,EL Carmen,28,3,0
NOA,CREA,Jujuy,EL Carmen,28,26/08_al_11/09,0
NOA,CREA,Jujuy,EL Carmen,28,12/09_al_27/09,3
NOA,CREA,Jujuy,Fraile Pintado,28,3,13
NOA,CREA,Jujuy,Fraile Pintado,28,26/08_al_11/09,3
NOA,CREA,Jujuy,Fraile Pintado,28,12/09_al_27/09,8
NOA,CREA,Jujuy,Santa Clara,28,3,2
NOA,CREA,Jujuy,Santa Clara,28,26/08_al_11/09,2
NOA,CREA,Jujuy,Santa Clara,28,12/09_al_27/09,1
NOA,INTA,Jujuy,El Bananal,28,3,67
NOA,INTA,Jujuy,El Bananal,28,26/08_al_11/09,16
NOA,INTA,Jujuy,El Bananal,28,12/09_al_27/09,30
NOA,AAPRESID,Salta,Rivadavia,28,3,Sin datos
NOA,AAPRESID,Salta,Rivadavia,28,26/08_al_11/09,Trampa perdida
NOA,AAPRESID,Salta,Rivadavia,28,12/09_al_27/09,2
NOA,AAPRESID,Salta,Piquete Cabado 1,28,3,1
NOA,AAPRESID,Salta,Piquete Cabado 1,28,26/08_al_11/09,5
NOA,AAPRESID,Salta,Piquete Cabado 1,28,12/09_al_27/09,Sin datos
NOA,CREA,Salta,Antilla,28,3,3
NOA,CREA,Salta,Antilla,28,26/08_al_11/09,2
NOA,CREA,Salta,Antilla,28,12/09_al_27/09,5
NOA,CREA,Salta,Ballivián,28,3,0
NOA,CREA,Salta,Ballivián,28,26/08_al_11/09,0
NOA,CREA,Salta,Ballivián,28,12/09_al_27/09,0
NOA,CREA,Salta,Ceibalito,28,3,0
NOA,CREA,Salta,Ceibalito,28,26/08_al_11/09,1
NOA,CREA,Salta,Ceibalito,28,12/09_al_27/09,1
NOA,CREA,Salta,Copo Quiles,28,3,Sin datos
NOA,CREA,Salta,Copo Quiles,28,26/08_al_11/09,133
NOA,CREA,Salta,Copo Quiles,28,12/09_al_27/09,5
NOA,CREA,Salta,El Bordo,28,3,Sin datos
NOA,CREA,Salta,El Bordo,28,26/08_al_11/09,0
NOA,CREA,Salta,El Bordo,28,12/09_al_27/09,0
NOA,CREA,Salta,El Galpón,28,3,0
NOA,CREA,Salta,El Galpón,28,26/08_al_11/09,13
NOA,CREA,Salta,El Galpón,28,12/09_al_27/09,17
NOA,CREA,Salta,El Tunal,28,3,3
NOA,CREA,Salta,El Tunal,28,26/08_al_11/09,4
NOA,CREA,Salta,El Tunal,28,12/09_al_27/09,2
NOA,CREA,Salta,Embarcación,28,3,0
NOA,CREA,Salta,Embarcación,28,26/08_al_11/09,2
NOA,CREA,Salta,Embarcación,28,12/09_al_27/09,2
NOA,CREA,Salta,Gral Pizarro,28,3,0
NOA,CREA,Salta,Gral Pizarro,28,26/08_al_11/09,3
NOA,CREA,Salta,Gral Pizarro,28,12/09_al_27/09,2
NOA,CREA,Salta,Horcones,28,3,0
NOA,CREA,Salta,Horcones,28,26/08_al_11/09,5
NOA,CREA,Salta,Horcones,28,12/09_al_27/09,0
NOA,CREA,Salta,J V Gonzales,28,3,0
NOA,CREA,Salta,J V Gonzales,28,26/08_al_11/09,0
NOA,CREA,Salta,J V Gonzales,28,12/09_al_27/09,0
NOA,CREA,Salta,Las Lajitas T3,28,3,2
NOA,CREA,Salta,Las Lajitas T3,28,26/08_al_11/09,2
NOA,CREA,Salta,Las Lajitas T3,28,12/09_al_27/09,5
NOA,CREA,Salta,Metan 1,28,3,Trampa perdida
NOA,CREA,Salta,Metan 1,28,26/08_al_11/09,1
NOA,CREA,Salta,Metan 1,28,12/09_al_27/09,0
NOA,CREA,Salta,Metan 2,28,3,4
NOA,CREA,Salta,Metan 2,28,26/08_al_11/09,33
NOA,CREA,Salta,Metan 2,28,12/09_al_27/09,19
NOA,CREA,Salta,Mollinedo,28,3,0
NOA,CREA,Salta,Mollinedo,28,26/08_al_11/09,8
NOA,CREA,Salta,Mollinedo,28,12/09_al_27/09,4
NOA,CREA,Salta,Mosconi,28,3,2
NOA,CREA,Salta,Mosconi,28,26/08_al_11/09,4
NOA,CREA,Salta,Mosconi,28,12/09_al_27/09,3
NOA,CREA,Salta,Nstra Sra de Talavera,28,3,0
NOA,CREA,Salta,Nstra Sra de Talavera,28,26/08_al_11/09,12
NOA,CREA,Salta,Nstra Sra de Talavera,28,12/09_al_27/09,8
NOA,CREA,Salta,Pichanal,28,3,0
NOA,CREA,Salta,Pichanal,28,26/08_al_11/09,0
NOA,CREA,Salta,Pichanal,28,12/09_al_27/09,0
NOA,CREA,Salta,Piquete Cabado 2,28,3,0
NOA,CREA,Salta,Piquete Cabado 2,28,26/08_al_11/09,0
NOA,CREA,Salta,Piquete Cabado 2,28,12/09_al_27/09,0
NOA,CREA,Salta,Santo Domingo,28,3,1
NOA,CREA,Salta,Santo Domingo,28,26/08_al_11/09,2
NOA,CREA,Salta,Santo Domingo,28,12/09_al_27/09,1
NOA,CREA,Salta,Saravia,28,3,0
NOA,CREA,Salta,Saravia,28,26/08_al_11/09,0
NOA,CREA,Salta,Saravia,28,12/09_al_27/09,0
NOA,CREA,Salta,Tolloche,28,3,1
NOA,CREA,Salta,Tolloche,28,26/08_al_11/09,0
NOA,CREA,Salta,Tolloche,28,12/09_al_27/09,3
NOA,CREA,Salta,Urundel,28,3,0
NOA,CREA,Salta,Urundel,28,26/08_al_11/09,1
NOA,CREA,Salta,Urundel,28,12/09_al_27/09,2
NOA,INTA,Salta,Metán,28,3,0
NOA,INTA,Salta,Metán,28,26/08_al_11/09,16
NOA,INTA,Salta,Metán,28,12/09_al_27/09,0
NOA,CREA,Tucumán,Alto Verde,28,3,139
NOA,CREA,Tucumán,Alto Verde,28,26/08_al_11/09,3
NOA,CREA,Tucumán,Alto Verde,28,12/09_al_27/09,44
NOA,CREA,Tucumán,Burruyacu,28,3,0
NOA,CREA,Tucumán,Burruyacu,28,26/08_al_11/09,1
NOA,CREA,Tucumán,Burruyacu,28,12/09_al_27/09,1
NOA,CREA,Tucumán,Chilca,28,3,1
NOA,CREA,Tucumán,Chilca,28,26/08_al_11/09,23
NOA,CREA,Tucumán,Chilca,28,12/09_al_27/09,5
NEA,INTA,Formosa,El colorado,28,3,0
NEA,INTA,Formosa,El colorado,28,26/08_al_11/09,0
NEA,INTA,Formosa,El colorado,28,12/09_al_27/09,2
NEA,INTA,Formosa,Comandante Fontana,28,3,178
NEA,INTA,Formosa,Comandante Fontana,28,26/08_al_11/09,426
NEA,INTA,Formosa,Comandante Fontana,28,12/09_al_27/09,181
NEA,AAPRESID,Chaco,Tres Isletas,28,3,Sin datos
NEA,AAPRESID,Chaco,Tres Isletas,28,26/08_al_11/09,Trampa perdida
NEA,AAPRESID,Chaco,Tres Isletas,28,12/09_al_27/09,6
NEA,AAPRESID,Chaco,Pampa del Infierno,28,3,0
NEA,AAPRESID,Chaco,Pampa del Infierno,28,26/08_al_11/09,5
NEA,AAPRESID,Chaco,Pampa del Infierno,28,12/09_al_27/09,0
NEA,AAPRESID,Chaco,Concepcion del Bermejo,28,3,2
NEA,AAPRESID,Chaco,Concepcion del Bermejo,28,26/08_al_11/09,Trampa perdida
NEA,AAPRESID,Chaco,Concepcion del Bermejo,28,12/09_al_27/09,3
NEA,AAPRESID,Chaco,Villa Angela,28,3,0
NEA,AAPRESID,Chaco,Villa Angela,28,26/08_al_11/09,Trampa perdida
NEA,AAPRESID,Chaco,Villa Angela,28,12/09_al_27/09,0
NEA,AAPRESID,Chaco,Las Piedritas,28,3,3
NEA,AAPRESID,Chaco,Las Piedritas,28,26/08_al_11/09,2
NEA,AAPRESID,Chaco,Las Piedritas,28,12/09_al_27/09,4
NEA,CREA,Formosa,Gral. M. Belgrano,28,26/08_al_11/09,4
NEA,CREA,Formosa,Gral. M. Belgrano,28,12/09_al_27/09,Sin datos
NEA,INTA,Chaco,Gral. Pinedo,28,3,0
NEA,INTA,Chaco,Gral. Pinedo,28,26/08_al_11/09,1
NEA,INTA,Chaco,Gral. Pinedo,28,12/09_al_27/09,2
NEA,INTA,Chaco,Tres Isletas,28,3,26
NEA,INTA,Chaco,Tres Isletas,28,26/08_al_11/09,1
NEA,INTA,Chaco,Tres Isletas,28,12/09_al_27/09,11
NEA,INTA,Chaco,Pampa del Infierno,28,3,2
NEA,INTA,Chaco,Pampa del Infierno,28,26/08_al_11/09,0
NEA,INTA,Chaco,Pampa del Infierno,28,12/09_al_27/09,0
NEA,INTA,Chaco,Las Breñas,28,3,3
NEA,INTA,Chaco,Las Breñas,28,26/08_al_11/09,1
NEA,INTA,Chaco,Las Breñas,28,12/09_al_27/09,0
NEA,INTA,Chaco,Juan José Castelli,28,3,0
NEA,INTA,Chaco,Juan José Castelli,28,26/08_al_11/09,1
NEA,INTA,Chaco,Juan José Castelli,28,12/09_al_27/09,0
NEA,INTA,Chaco,Sylvina,28,3,0
NEA,INTA,Chaco,Sylvina,28,26/08_al_11/09,0
NEA,INTA,Chaco,Sylvina,28,12/09_al_27/09,0
NEA,INTA,Chaco,Basail,28,3,2
NEA,INTA,Chaco,Basail,28,26/08_al_11/09,15
NEA,INTA,Chaco,Basail,28,12/09_al_27/09,2
NEA,AAPPCE,Santiago Del Estero,Weisburd,28,3,2
NEA,AAPPCE,Santiago Del Estero,Weisburd,28,26/08_al_11/09,2
NEA,AAPPCE,Santiago Del Estero,Weisburd,28,12/09_al_27/09,0
NEA,AAPPCE,Santiago Del Estero,Bandera,28,3,0
NEA,AAPPCE,Santiago Del Estero,Bandera,28,26/08_al_11/09,0
NEA,AAPPCE,Santiago Del Estero,Bandera,28,12/09_al_27/09,0
NEA,AAPRESID,Santiago Del Estero,Bandera,28,3,0
NEA,AAPRESID,Santiago Del Estero,Bandera,28,26/08_al_11/09,0
NEA,AAPRESID,Santiago Del Estero,Bandera,28,12/09_al_27/09,0
NEA,AAPRESID,Santiago Del Estero,Arbol Blanco,28,3,0
NEA,AAPRESID,Santiago Del Estero,Arbol Blanco,28,26/08_al_11/09,15
NEA,AAPRESID,Santiago Del Estero,Arbol Blanco,28,12/09_al_27/09,11
NEA,AAPRESID,Santiago Del Estero,Los Juries,28,3,0
NEA,AAPRESID,Santiago Del Estero,Los Juries,28,26/08_al_11/09,0
NEA,AAPRESID,Santiago Del Estero,Los Juries,28,12/09_al_27/09,0
NEA,AAPRESID,Santiago Del Estero,Roversi,28,3,0
NEA,AAPRESID,Santiago Del Estero,Roversi,28,26/08_al_11/09,1
NEA,AAPRESID,Santiago Del Estero,Roversi,28,12/09_al_27/09,1
NEA,AAPRESID,Santiago Del Estero,Tacañitas,28,3,2
NEA,AAPRESID,Santiago Del Estero,Tacañitas,28,26/08_al_11/09,0
NEA,AAPRESID,Santiago Del Estero,Tacañitas,28,12/09_al_27/09,0
NEA,AAPRESID,Santiago Del Estero,Sachayoj,28,3,11
NEA,AAPRESID,Santiago Del Estero,Sachayoj,28,26/08_al_11/09,8
NEA,AAPRESID,Santiago Del Estero,Sachayoj,28,12/09_al_27/09,6
NEA,AAPRESID,Santiago Del Estero,Campo Gallo,28,3,0
NEA,AAPRESID,Santiago Del Estero,Campo Gallo,28,26/08_al_11/09,0
NEA,AAPRESID,Santiago Del Estero,Campo Gallo,28,12/09_al_27/09,0
NEA,CREA,Chaco,Bajo Hondo,28,3,0
NEA,CREA,Chaco,Bajo Hondo,28,26/08_al_11/09,0
NEA,CREA,Chaco,Bajo Hondo,28,12/09_al_27/09,0
NEA,CREA,Chaco,Las Piedras,28,26/08_al_11/09,4
NEA,CREA,Chaco,Las Piedras,28,12/09_al_27/09,Sin datos
NEA,CREA,Santiago Del Estero,Tierras del Oeste,28,3,0
NEA,CREA,Santiago Del Estero,Tierras del Oeste,28,26/08_al_11/09,0
NEA,CREA,Santiago Del Estero,Tierras del Oeste,28,12/09_al_27/09,0
NEA,CREA,Santiago Del Estero,Weisburd,28,26/08_al_11/09,Sin datos
NEA,CREA,Santiago Del Estero,Weisburd,28,12/09_al_27/09,0
NEA,CREA,Santiago Del Estero,Isla Baja,28,3,0
NEA,CREA,Santiago Del Estero,Isla Baja,28,26/08_al_11/09,2
NEA,CREA,Santiago Del Estero,Isla Baja,28,12/09_al_27/09,0
NEA,CREA,Santiago Del Estero,Tomás Young,28,3,0
NEA,CREA,Santiago Del Estero,Tomás Young,28,26/08_al_11/09,0
NEA,CREA,Santiago Del Estero,Tomás Young,28,12/09_al_27/09,0
NEA,CREA,Santiago Del Estero,Sachayoj,28,26/08_al_11/09,0
NEA,CREA,Santiago Del Estero,Sachayoj,28,12/09_al_27/09,0
LITORAL,CREA,Santiago Del Estero,San Pedro de Guasayán,28,26/08_al_11/09,35
LITORAL,CREA,Santiago Del Estero,San Pedro de Guasayán,28,12/09_al_27/09,2
LITORAL,CREA,Santiago Del Estero,Casares,28,26/08_al_11/09,1
LITORAL,CREA,Santiago Del Estero,Casares,28,12/09_al_27/09,0
LITORAL,CREA,Santiago Del Estero,Desvío La Paloma,28,3,0
LITORAL,CREA,Santiago Del Estero,Desvío La Paloma,28,26/08_al_11/09,0
LITORAL,CREA,Santiago Del Estero,Desvío La Paloma,28,12/09_al_27/09,0
LITORAL,CREA,Santiago Del Estero,La Paloma,28,26/08_al_11/09,Sin datos
LITORAL,CREA,Chaco,Otumpa,28,26/08_al_11/09,Sin datos
LITORAL,CREA,Santa Fe,Arroyo Ceibal,28,3,0
LITORAL,CREA,Santa Fe,Arroyo Ceibal,28,26/08_al_11/09,0
LITORAL,CREA,Santa Fe,Arroyo Ceibal,28,12/09_al_27/09,0
LITORAL,CREA,Santa Fe,Hersilia,28,3,Sin datos
LITORAL,CREA,Santa Fe,Hersilia,28,26/08_al_11/09,0
LITORAL,CREA,Santa Fe,Hersilia,28,12/09_al_27/09,0
LITORAL,AAPRESID,Corrientes,Mercedes,28,3,0
LITORAL,AAPRESID,Corrientes,Mercedes,28,26/08_al_11/09,1
LITORAL,AAPRESID,Corrientes,Mercedes,28,12/09_al_27/09,0
LITORAL,AAPRESID,Corrientes,Ambrosio,28,3,1
LITORAL,AAPRESID,Corrientes,Ambrosio,28,26/08_al_11/09,3
LITORAL,AAPRESID,Corrientes,Ambrosio,28,12/09_al_27/09,3
LITORAL,AAPRESID,Corrientes,Corrientes,28,3,3
LITORAL,AAPRESID,Corrientes,Corrientes,28,26/08_al_11/09,4
LITORAL,AAPRESID,Corrientes,Corrientes,28,12/09_al_27/09,0
LITORAL,AAPRESID,Corrientes,Bella Vista,28,3,Sin datos
LITORAL,AAPRESID,Corrientes,Bella Vista,28,26/08_al_11/09,10
LITORAL,AAPRESID,Corrientes,Bella Vista,28,12/09_al_27/09,1
LITORAL,INTA,Corrientes,Sauce,28,3,0
LITORAL,INTA,Corrientes,Sauce,28,26/08_al_11/09,0
LITORAL,INTA,Corrientes,Sauce,28,12/09_al_27/09,0
LITORAL,INTA,Corrientes,"Estancia el Rocio
Copra",28,3,0
LITORAL,INTA,Corrientes,"Estancia el Rocio
Copra",28,26/08_al_11/09,0
LITORAL,INTA,Corrientes,"Estancia el Rocio
Copra",28,12/09_al_27/09,0
LITORAL,INTA,Corrientes,Mercedes,28,3,0
LITORAL,INTA,Corrientes,Mercedes,28,26/08_al_11/09,0
LITORAL,INTA,Corrientes,Mercedes,28,12/09_al_27/09,0
LITORAL,INTA,Corrientes,Virasoro,28,3,4
LITORAL,INTA,Corrientes,Virasoro,28,26/08_al_11/09,0
LITORAL,INTA,Corrientes,Virasoro,28,12/09_al_27/09,0
LITORAL,INTA,Corrientes,Goya,28,3,0
LITORAL,INTA,Corrientes,Goya,28,26/08_al_11/09,0
LITORAL,INTA,Corrientes,Goya,28,12/09_al_27/09,0
LITORAL,INTA,Corrientes,Monte Caseros,28,26/08_al_11/09,0
LITORAL,INTA,Corrientes,Monte Caseros,28,12/09_al_27/09,0
LITORAL,INTA,Corrientes,Esquina,28,3,0
LITORAL,INTA,Corrientes,Esquina,28,26/08_al_11/09,Trampa perdida
LITORAL,INTA,Corrientes,Esquina,28,12/09_al_27/09,0
LITORAL,AAPPCE,Entre Ríos,Don Cristobal,28,3,1
LITORAL,AAPPCE,Entre Ríos,Don Cristobal,28,26/08_al_11/09,0
LITORAL,AAPPCE,Entre Ríos,Don Cristobal,28,12/09_al_27/09,0
LITORAL,AAPPCE,Entre Ríos,Isletas,28,3,0
LITORAL,AAPPCE,Entre Ríos,Isletas,28,26/08_al_11/09,0
LITORAL,AAPPCE,Entre Ríos,Isletas,28,12/09_al_27/09,0
LITORAL,AAPPCE,Entre Ríos,La paz,28,3,0
LITORAL,AAPPCE,Entre Ríos,La paz,28,26/08_al_11/09,Trampa perdida
LITORAL,AAPPCE,Entre Ríos,La paz,28,12/09_al_27/09,0
LITORAL,AAPPCE,Entre Ríos,Hinojal,28,3,0
LITORAL,AAPPCE,Entre Ríos,Hinojal,28,26/08_al_11/09,0
LITORAL,AAPPCE,Entre Ríos,Hinojal,28,12/09_al_27/09,0
LITORAL,AAPRESID,Entre Ríos,Colonia Celina,28,3,0
LITORAL,AAPRESID,Entre Ríos,Colonia Celina,28,26/08_al_11/09,0
LITORAL,AAPRESID,Entre Ríos,Colonia Celina,28,12/09_al_27/09,0
LITORAL,AAPRESID,Entre Ríos,Viale,28,3,0
LITORAL,AAPRESID,Entre Ríos,Viale,28,26/08_al_11/09,0
LITORAL,AAPRESID,Entre Ríos,Viale,28,12/09_al_27/09,0
LITORAL,AAPRESID,Entre Ríos,Gualeguay,28,3,0
LITORAL,AAPRESID,Entre Ríos,Gualeguay,28,26/08_al_11/09,0
LITORAL,AAPRESID,Entre Ríos,Gualeguay,28,12/09_al_27/09,0
LITORAL,AAPRESID,Entre Ríos,Paso de las Piedras,28,3,0
LITORAL,AAPRESID,Entre Ríos,Paso de las Piedras,28,26/08_al_11/09,0
LITORAL,AAPRESID,Entre Ríos,Paso de las Piedras,28,12/09_al_27/09,0
LITORAL,AAPRESID,Entre Ríos,Villa Hernandarias,28,3,0
LITORAL,AAPRESID,Entre Ríos,Villa Hernandarias,28,26/08_al_11/09,0
LITORAL,AAPRESID,Entre Ríos,Villa Hernandarias,28,12/09_al_27/09,0
CENTRO NORTE,AAPRESID,Entre Ríos,Crespo,28,3,Trampa perdida
CENTRO NORTE,AAPRESID,Entre Ríos,Crespo,28,26/08_al_11/09,0
CENTRO NORTE,AAPRESID,Entre Ríos,Crespo,28,12/09_al_27/09,0
CENTRO NORTE,CREA,Entre Ríos,Las Garzas,28,3,Trampa perdida
CENTRO NORTE,CREA,Entre Ríos,Las Garzas,28,26/08_al_11/09,0
CENTRO NORTE,CREA,Entre Ríos,Las Garzas,28,12/09_al_27/09,1
CENTRO NORTE,CREA,Entre Ríos,Santa Elena,28,3,0
CENTRO NORTE,CREA,Entre Ríos,Santa Elena,28,26/08_al_11/09,0
CENTRO NORTE,CREA,Entre Ríos,Santa Elena,28,12/09_al_27/09,0
CENTRO NORTE,CREA,Entre Ríos,La Paz,28,3,0
CENTRO NORTE,CREA,Entre Ríos,La Paz,28,26/08_al_11/09,2
CENTRO NORTE,CREA,Entre Ríos,La Paz,28,12/09_al_27/09,0
CENTRO NORTE,CREA,Entre Ríos,Molino Doll,28,3,0
CENTRO NORTE,CREA,Entre Ríos,Molino Doll,28,26/08_al_11/09,0
CENTRO NORTE,CREA,Entre Ríos,Molino Doll,28,12/09_al_27/09,0
CENTRO NORTE,CREA,Entre Ríos,Feliciano,28,3,0
CENTRO NORTE,CREA,Entre Ríos,Feliciano,28,26/08_al_11/09,0
CENTRO NORTE,CREA,Entre Ríos,Feliciano,28,12/09_al_27/09,0
CENTRO NORTE,CREA,Entre Ríos,Gualeguaychu,28,3,0
CENTRO NORTE,CREA,Entre Ríos,Gualeguaychu,28,26/08_al_11/09,0
CENTRO NORTE,CREA,Entre Ríos,Gualeguaychu,28,12/09_al_27/09,0
CENTRO NORTE,CREA,Entre Ríos,Gualeguay,28,3,0
CENTRO NORTE,CREA,Entre Ríos,Gualeguay,28,26/08_al_11/09,0
CENTRO NORTE,CREA,Entre Ríos,Gualeguay,28,12/09_al_27/09,0
CENTRO NORTE,CREA,Entre Ríos,Victoria,28,3,0
CENTRO NORTE,CREA,Entre Ríos,Victoria,28,26/08_al_11/09,0
CENTRO NORTE,CREA,Entre Ríos,Victoria,28,12/09_al_27/09,0
CENTRO NORTE,CREA,Entre Ríos,Arroyo Barú,28,3,0
CENTRO NORTE,CREA,Entre Ríos,Arroyo Barú,28,26/08_al_11/09,0
CENTRO NORTE,CREA,Entre Ríos,Arroyo Barú,28,12/09_al_27/09,0
CENTRO NORTE,INTA,Entre Ríos,La Paz,28,3,0
CENTRO NORTE,INTA,Entre Ríos,La Paz,28,26/08_al_11/09,0
CENTRO NORTE,INTA,Entre Ríos,La Paz,28,12/09_al_27/09,0
CENTRO NORTE,INTA,Entre Ríos,Nogoya,28,3,0
CENTRO NORTE,INTA,Entre Ríos,Nogoya,28,26/08_al_11/09,0
CENTRO NORTE,INTA,Entre Ríos,Nogoya,28,12/09_al_27/09,0
CENTRO NORTE,INTA,Entre Ríos,Urdinarrain,28,3,0
CENTRO NORTE,INTA,Entre Ríos,Urdinarrain,28,26/08_al_11/09,0
CENTRO NORTE,INTA,Entre Ríos,Urdinarrain,28,12/09_al_27/09,0
CENTRO NORTE,INTA,Entre Ríos,"Concepción del
Uruguay",28,3,0
CENTRO NORTE,INTA,Entre Ríos,"Concepción del
Uruguay",28,26/08_al_11/09,0
CENTRO NORTE,INTA,Entre Ríos,"Concepción del
Uruguay",28,12/09_al_27/09,0
CENTRO NORTE,INTA,Entre Ríos,Diamante,28,3,0
CENTRO NORTE,INTA,Entre Ríos,Diamante,28,26/08_al_11/09,0
CENTRO NORTE,INTA,Entre Ríos,Diamante,28,12/09_al_27/09,0
CENTRO NORTE,INTA,Entre Ríos,Gualeguay,28,3,0
CENTRO NORTE,INTA,Entre Ríos,Gualeguay,28,26/08_al_11/09,0
CENTRO NORTE,INTA,Entre Ríos,Gualeguay,28,12/09_al_27/09,0
CENTRO NORTE,INTA,Entre Ríos,Parana,28,3,0
CENTRO NORTE,INTA,Entre Ríos,Parana,28,26/08_al_11/09,0
CENTRO NORTE,INTA,Entre Ríos,Parana,28,12/09_al_27/09,0
CENTRO NORTE,AAPRESID,San Luis,La Toma,28,3,0
CENTRO NORTE,AAPRESID,San Luis,La Toma,28,26/08_al_11/09,0
CENTRO NORTE,AAPRESID,San Luis,La Toma,28,12/09_al_27/09,0
CENTRO NORTE,AAPPCE,Córdoba,Corralito,28,3,1
CENTRO NORTE,AAPPCE,Córdoba,Corralito,28,26/08_al_11/09,Trampa perdida
CENTRO NORTE,AAPPCE,Córdoba,Corralito,28,12/09_al_27/09,1
CENTRO NORTE,AAPPCE,Córdoba,Freyre,28,3,0
CENTRO NORTE,AAPPCE,Córdoba,Freyre,28,26/08_al_11/09,Sin datos
CENTRO NORTE,AAPPCE,Córdoba,Freyre,28,12/09_al_27/09,0
CENTRO NORTE,AAPPCE,Córdoba,Morteros,28,3,0
CENTRO NORTE,AAPPCE,Córdoba,Morteros,28,26/08_al_11/09,0
CENTRO NORTE,AAPPCE,Córdoba,Morteros,28,12/09_al_27/09,0
CENTRO NORTE,AAPPCE,Córdoba,Rayo Cortado,28,3,0
CENTRO NORTE,AAPPCE,Córdoba,Rayo Cortado,28,26/08_al_11/09,2
CENTRO NORTE,AAPPCE,Córdoba,Rayo Cortado,28,12/09_al_27/09,1
CENTRO NORTE,AAPPCE,Córdoba,Jesus María,28,3,2
CENTRO NORTE,AAPPCE,Córdoba,Jesus María,28,26/08_al_11/09,0
CENTRO NORTE,AAPPCE,Córdoba,Jesus María,28,12/09_al_27/09,3
CENTRO NORTE,AAPPCE,Córdoba,El Fortín,28,3,Sin datos
CENTRO NORTE,AAPPCE,Córdoba,El Fortín,28,26/08_al_11/09,0
CENTRO NORTE,AAPPCE,Córdoba,El Fortín,28,12/09_al_27/09,0
CENTRO NORTE,AAPPCE,Córdoba,Río Ceballos,28,3,2
CENTRO NORTE,AAPPCE,Córdoba,Río Ceballos,28,26/08_al_11/09,1
CENTRO NORTE,AAPPCE,Córdoba,Río Ceballos,28,12/09_al_27/09,5
CENTRO NORTE,AAPRESID,Córdoba,Villa María,28,3,0
CENTRO NORTE,AAPRESID,Córdoba,Villa María,28,26/08_al_11/09,0
CENTRO NORTE,AAPRESID,Córdoba,Villa María,28,12/09_al_27/09,0
CENTRO NORTE,AAPRESID,Córdoba,Cañada de Luque,28,3,0
CENTRO NORTE,AAPRESID,Córdoba,Cañada de Luque,28,26/08_al_11/09,0
CENTRO NORTE,AAPRESID,Córdoba,Cañada de Luque,28,12/09_al_27/09,0
CENTRO SUR,AAPRESID,San Luís,La Angelina,28,3,0
CENTRO SUR,AAPRESID,San Luís,La Angelina,28,26/08_al_11/09,0
CENTRO SUR,AAPRESID,San Luís,La Angelina,28,12/09_al_27/09,0
CENTRO SUR,AAPRESID,San Luís,Nueva Galia,28,3,Trampa perdida
CENTRO SUR,AAPRESID,San Luís,Nueva Galia,28,26/08_al_11/09,0
CENTRO SUR,AAPRESID,San Luís,Nueva Galia,28,12/09_al_27/09,0
CENTRO SUR,CREA,San Luís,Buena Esperanza,28,3,0
CENTRO SUR,CREA,San Luís,Buena Esperanza,28,26/08_al_11/09,0
CENTRO SUR,CREA,San Luís,Buena Esperanza,28,12/09_al_27/09,0
CENTRO SUR,CREA,San Luís,Juan Jorba,28,3,0
CENTRO SUR,CREA,San Luís,Juan Jorba,28,26/08_al_11/09,0
CENTRO SUR,CREA,San Luís,Juan Jorba,28,12/09_al_27/09,0
CENTRO SUR,INTA,San Luís,San Luis 1,28,3,0
CENTRO SUR,INTA,San Luís,San Luis 1,28,26/08_al_11/09,0
CENTRO SUR,INTA,San Luís,San Luis 1,28,12/09_al_27/09,0
CENTRO SUR,INTA,San Luís,Quines,28,3,0
CENTRO SUR,INTA,San Luís,Quines,28,26/08_al_11/09,0
CENTRO SUR,INTA,San Luís,Quines,28,12/09_al_27/09,0
CENTRO SUR,AAPRESID,Santa Fe,Emilia,28,3,0
CENTRO SUR,AAPRESID,Santa Fe,Emilia,28,26/08_al_11/09,0
CENTRO SUR,AAPRESID,Santa Fe,Emilia,28,12/09_al_27/09,0
CENTRO SUR,AAPRESID,Santa Fe,Gálvez,28,3,Trampa perdida
CENTRO SUR,AAPRESID,Santa Fe,Gálvez,28,26/08_al_11/09,0
CENTRO SUR,AAPRESID,Santa Fe,Gálvez,28,12/09_al_27/09,0
CENTRO SUR,AAPRESID,Santa Fe,La Camila,28,3,5
CENTRO SUR,AAPRESID,Santa Fe,La Camila,28,26/08_al_11/09,0
CENTRO SUR,AAPRESID,Santa Fe,La Camila,28,12/09_al_27/09,0
CENTRO SUR,AAPRESID,Santa Fe,Maria Juana,28,3,0
CENTRO SUR,AAPRESID,Santa Fe,Maria Juana,28,26/08_al_11/09,0
CENTRO SUR,AAPRESID,Santa Fe,Maria Juana,28,12/09_al_27/09,0
CENTRO SUR,AAPRESID,Santa Fe,Progreso,28,3,0
CENTRO SUR,AAPRESID,Santa Fe,Progreso,28,26/08_al_11/09,0
CENTRO SUR,AAPRESID,Santa Fe,Progreso,28,12/09_al_27/09,0
CENTRO SUR,AAPRESID,Santa Fe,Sastre,28,3,2
CENTRO SUR,AAPRESID,Santa Fe,Sastre,28,26/08_al_11/09,1
CENTRO SUR,AAPRESID,Santa Fe,Sastre,28,12/09_al_27/09,0
CENTRO SUR,AAPRESID,Santa Fe,Saladero Mariano Cabal,28,3,Sin datos
CENTRO SUR,AAPRESID,Santa Fe,Saladero Mariano Cabal,28,26/08_al_11/09,0
CENTRO SUR,AAPRESID,Santa Fe,Saladero Mariano Cabal,28,12/09_al_27/09,Sin datos
CENTRO SUR,AAPRESID,Santa Fe,Aldao,28,3,3
CENTRO SUR,AAPRESID,Santa Fe,Aldao,28,26/08_al_11/09,1
CENTRO SUR,AAPRESID,Santa Fe,Aldao,28,12/09_al_27/09,3
CENTRO SUR,CREA,Santa Fe,San Jerónimo Norte,28,3,0
CENTRO SUR,CREA,Santa Fe,San Jerónimo Norte,28,26/08_al_11/09,2
CENTRO SUR,CREA,Santa Fe,San Jerónimo Norte,28,12/09_al_27/09,1
CENTRO SUR,CREA,Santa Fe,Ataliva,28,3,0
CENTRO SUR,CREA,Santa Fe,Ataliva,28,26/08_al_11/09,0
CENTRO SUR,CREA,Santa Fe,Ataliva,28,12/09_al_27/09,0
CENTRO SUR,CREA,Santa Fe,Bernardo de Irigoyen,28,3,0
CENTRO SUR,CREA,Santa Fe,Bernardo de Irigoyen,28,26/08_al_11/09,0
CENTRO SUR,CREA,Santa Fe,Bernardo de Irigoyen,28,12/09_al_27/09,0
CENTRO SUR,CREA,Santa Fe,Crispi,28,3,0
CENTRO SUR,CREA,Santa Fe,Crispi,28,26/08_al_11/09,0
CENTRO SUR,CREA,Santa Fe,Crispi,28,12/09_al_27/09,0
CENTRO SUR,CREA,Santa Fe,Esperanza,28,3,6
CENTRO SUR,CREA,Santa Fe,Esperanza,28,26/08_al_11/09,0
CENTRO SUR,CREA,Santa Fe,Esperanza,28,12/09_al_27/09,0
CENTRO SUR,CREA,Santa Fe,Moisés Ville,28,3,5
CENTRO SUR,CREA,Santa Fe,Moisés Ville,28,26/08_al_11/09,0
CENTRO SUR,CREA,Santa Fe,Moisés Ville,28,12/09_al_27/09,1
CENTRO SUR,CREA,Santa Fe,Rincón de Ávila,28,3,0
CENTRO SUR,CREA,Santa Fe,Rincón de Ávila,28,26/08_al_11/09,Sin datos
CENTRO SUR,CREA,Santa Fe,Rincón de Ávila,28,12/09_al_27/09,0
CENTRO SUR,CREA,Santa Fe,San Fabián,28,3,0
CENTRO SUR,CREA,Santa Fe,San Fabián,28,26/08_al_11/09,0
CENTRO SUR,CREA,Santa Fe,San Fabián,28,12/09_al_27/09,0
CENTRO SUR,CREA,Santa Fe,San Martin de las,28,3,0
CENTRO SUR,CREA,Santa Fe,San Martin de las,28,26/08_al_11/09,0
CENTRO SUR,CREA,Santa Fe,San Martin de las,28,12/09_al_27/09,0
CENTRO SUR,CREA,Santa Fe,Cañada Rosquín,28,3,0
CENTRO SUR,CREA,Santa Fe,Cañada Rosquín,28,26/08_al_11/09,0
CENTRO SUR,CREA,Santa Fe,Cañada Rosquín,28,12/09_al_27/09,0
CENTRO SUR,CREA,Santa Fe,El Trébol 4,28,3,Sin datos
CENTRO SUR,CREA,Santa Fe,El Trébol 4,28,26/08_al_11/09,0
CENTRO SUR,CREA,Santa Fe,El Trébol 4,28,12/09_al_27/09,0
CENTRO SUR,INTA,Santa Fe,Centeno,28,3,Trampa perdida
CENTRO SUR,INTA,Santa Fe,Centeno,28,26/08_al_11/09,0
CENTRO SUR,INTA,Santa Fe,Centeno,28,12/09_al_27/09,0
CENTRO SUR,INTA,Santa Fe,Rafaela,28,3,0
CENTRO SUR,INTA,Santa Fe,Rafaela,28,26/08_al_11/09,0
CENTRO SUR,INTA,Santa Fe,Rafaela,28,12/09_al_27/09,0
CENTRO SUR,INTA,Santa Fe,Ceres,28,3,0
CENTRO SUR,INTA,Santa Fe,Ceres,28,26/08_al_11/09,0
CENTRO SUR,INTA,Santa Fe,Ceres,28,12/09_al_27/09,0
CENTRO SUR,INTA,Santa Fe,San Justo,28,3,0
CENTRO SUR,INTA,Santa Fe,San Justo,28,26/08_al_11/09,0
CENTRO SUR,INTA,Santa Fe,San Justo,28,12/09_al_27/09,0
NOA,AGTSA,,2025 MERCEDES UY - AGTSA Mercedes,29,12/09_al_27/09,0
NOA,AGTSA,,2025 MERCEDES UY - AGTSA Mercedes,29,28/10_al_13/10,0
NOA,AGTSA,,2025 ACEGUÁ UY - AGTSA Peñarol,29,12/09_al_27/09,0
NOA,AGTSA,,2025 ACEGUÁ UY - AGTSA Peñarol,29,28/10_al_13/10,0
NOA,AGTSA,,2025 RINCON DEL PINO - AGTSA Los Arenales,29,12/09_al_27/09,0
NOA,AGTSA,,2025 RINCON DEL PINO - AGTSA Los Arenales,29,28/10_al_13/10,0
NOA,AGTSA,,2025 RINCON DEL PINO - AGTSA Los Arenales,29,14/10_al_29/10,0
NOA,AGTSA,,2025 NUEVA HELVECIA - AGTSA (SAN PEDRO) Nueva Helvecia,29,12/09_al_27/09,0
NOA,AGTSA,,2025 NUEVA HELVECIA - AGTSA (SAN PEDRO) Nueva Helvecia,29,28/10_al_13/10,0
NOA,AGTSA,,2025 NUEVA HELVECIA - AGTSA (SAN PEDRO) Nueva Helvecia,29,14/10_al_29/10,0
NOA,AGTSA,,2025 LAS ARMAS Colonia,29,12/09_al_27/09,0
NOA,AGTSA,,2025 LAS ARMAS Colonia,29,28/10_al_13/10,0
NOA,AGTSA,,2025 CORRALITO - AGTSA Palmitas,29,12/09_al_27/09,0
NOA,AGTSA,,2025 CORRALITO - AGTSA Palmitas,29,28/10_al_13/10,0
NOA,CREA,Jujuy,EL Carmen,29,3,0
NOA,CREA,Jujuy,EL Carmen,29,12/09_al_27/09,3
NOA,CREA,Jujuy,EL Carmen,29,28/09_al_13/10,0
NOA,CREA,Jujuy,Fraile Pintado,29,3,Sin datos
NOA,CREA,Jujuy,Fraile Pintado,29,12/09_al_27/09,8
NOA,CREA,Jujuy,Fraile Pintado,29,28/09_al_13/10,13
NOA,CREA,Jujuy,Santa Clara,29,3,0
NOA,CREA,Jujuy,Santa Clara,29,12/09_al_27/09,1
NOA,CREA,Jujuy,Santa Clara,29,28/09_al_13/10,2
NOA,INTA,Jujuy,El Bananal,29,3,111
NOA,INTA,Jujuy,El Bananal,29,12/09_al_27/09,30
NOA,INTA,Jujuy,El Bananal,29,28/09_al_13/10,67
NOA,AAPRESID,Salta,Rivadavia,29,3,3
NOA,AAPRESID,Salta,Rivadavia,29,12/09_al_27/09,2
NOA,AAPRESID,Salta,Rivadavia,29,28/09_al_13/10,2
NOA,AAPRESID,Salta,Piquete Cabado 1,29,12/09_al_27/09,1
NOA,AAPRESID,Salta,Piquete Cabado 1,29,28/09_al_13/10,0
NOA,CREA,Salta,Antilla,29,3,1
NOA,CREA,Salta,Antilla,29,12/09_al_27/09,5
NOA,CREA,Salta,Antilla,29,28/09_al_13/10,3
NOA,CREA,Salta,Ballivián,29,3,0
NOA,CREA,Salta,Ballivián,29,12/09_al_27/09,0
NOA,CREA,Salta,Ballivián,29,28/09_al_13/10,0
NOA,CREA,Salta,Ceibalito,29,3,0
NOA,CREA,Salta,Ceibalito,29,12/09_al_27/09,1
NOA,CREA,Salta,Ceibalito,29,28/09_al_13/10,0
NOA,CREA,Salta,Copo Quiles,29,3,0
NOA,CREA,Salta,Copo Quiles,29,12/09_al_27/09,5
NOA,CREA,Salta,Copo Quiles,29,28/09_al_13/10,4
NOA,CREA,Salta,El Bordo,29,3,0
NOA,CREA,Salta,El Bordo,29,12/09_al_27/09,0
NOA,CREA,Salta,El Bordo,29,28/09_al_13/10,0
NOA,CREA,Salta,El Galpón,29,3,8
NOA,CREA,Salta,El Galpón,29,12/09_al_27/09,17
NOA,CREA,Salta,El Galpón,29,28/09_al_13/10,0
NOA,CREA,Salta,El Tunal,29,3,3
NOA,CREA,Salta,El Tunal,29,12/09_al_27/09,2
NOA,CREA,Salta,El Tunal,29,28/09_al_13/10,3
NOA,CREA,Salta,Embarcación,29,3,0
NOA,CREA,Salta,Embarcación,29,12/09_al_27/09,2
NOA,CREA,Salta,Embarcación,29,28/09_al_13/10,0
NOA,CREA,Salta,Gral Pizarro,29,3,0
NOA,CREA,Salta,Gral Pizarro,29,12/09_al_27/09,2
NOA,CREA,Salta,Gral Pizarro,29,28/09_al_13/10,0
NOA,CREA,Salta,Horcones,29,3,0
NOA,CREA,Salta,Horcones,29,12/09_al_27/09,0
NOA,CREA,Salta,Horcones,29,28/09_al_13/10,0
NOA,CREA,Salta,J V Gonzales,29,3,0
NOA,CREA,Salta,J V Gonzales,29,12/09_al_27/09,0
NOA,CREA,Salta,J V Gonzales,29,28/09_al_13/10,0
NOA,CREA,Salta,Las Lajitas T3,29,3,0
NOA,CREA,Salta,Las Lajitas T3,29,12/09_al_27/09,5
NOA,CREA,Salta,Las Lajitas T3,29,28/09_al_13/10,2
NOA,CREA,Salta,Metan 1,29,3,0
NOA,CREA,Salta,Metan 1,29,12/09_al_27/09,0
NOA,CREA,Salta,Metan 1,29,28/09_al_13/10,Trampa perdida
NOA,CREA,Salta,Metan 2,29,3,8
NOA,CREA,Salta,Metan 2,29,12/09_al_27/09,19
NOA,CREA,Salta,Metan 2,29,28/09_al_13/10,4
NOA,CREA,Salta,Mollinedo,29,3,0
NOA,CREA,Salta,Mollinedo,29,12/09_al_27/09,4
NOA,CREA,Salta,Mollinedo,29,28/09_al_13/10,0
NOA,CREA,Salta,Mosconi,29,3,0
NOA,CREA,Salta,Mosconi,29,12/09_al_27/09,3
NOA,CREA,Salta,Mosconi,29,28/09_al_13/10,2
NOA,CREA,Salta,Nstra Sra de Talavera,29,3,7
NOA,CREA,Salta,Nstra Sra de Talavera,29,12/09_al_27/09,8
NOA,CREA,Salta,Nstra Sra de Talavera,29,28/09_al_13/10,0
NOA,CREA,Salta,Pichanal,29,3,0
NOA,CREA,Salta,Pichanal,29,12/09_al_27/09,0
NOA,CREA,Salta,Pichanal,29,28/09_al_13/10,0
NOA,CREA,Salta,Piquete Cabado 2,29,3,0
NOA,CREA,Salta,Piquete Cabado 2,29,12/09_al_27/09,0
NOA,CREA,Salta,Piquete Cabado 2,29,28/09_al_13/10,0
NEA,CREA,Santiago Del Estero,Termas R. Hondo,29,3,0
NEA,CREA,Santiago Del Estero,Termas R. Hondo,29,12/09_al_27/09,0
NEA,CREA,Santiago Del Estero,Termas R. Hondo,29,28/09_al_13/10,1
NEA,CREA,Santiago Del Estero,Vinará,29,3,3
NEA,CREA,Santiago Del Estero,Vinará,29,12/09_al_27/09,1
NEA,CREA,Santiago Del Estero,Vinará,29,28/09_al_13/10,3
NEA,CREA,Santiago Del Estero,Termas de Río Hondo,29,3,0
NEA,CREA,Santiago Del Estero,Termas de Río Hondo,29,12/09_al_27/09,0
NEA,CREA,Santiago Del Estero,Termas de Río Hondo,29,28/09_al_13/10,0
NEA,CREA,Santiago Del Estero,Fisco,29,3,0
NEA,CREA,Santiago Del Estero,Fisco,29,12/09_al_27/09,2
NEA,CREA,Santiago Del Estero,Fisco,29,28/09_al_13/10,1
NEA,CREA,Catamarca,El Abra,29,3,0
NEA,CREA,Catamarca,El Abra,29,12/09_al_27/09,3
NEA,CREA,Catamarca,El Abra,29,28/09_al_13/10,1
NEA,CREA,Catamarca,Los Altos,29,3,1
NEA,CREA,Catamarca,Los Altos,29,12/09_al_27/09,0
NEA,CREA,Catamarca,Los Altos,29,28/09_al_13/10,0
NEA,CREA,Catamarca,Frias,29,3,0
NEA,CREA,Catamarca,Frias,29,12/09_al_27/09,1
NEA,CREA,Catamarca,Frias,29,28/09_al_13/10,0
NEA,INTA,Formosa,El colorado,29,3,1
NEA,INTA,Formosa,El colorado,29,12/09_al_27/09,2
NEA,INTA,Formosa,El colorado,29,28/09_al_13/10,0
NEA,INTA,Formosa,Comandante Fontana,29,3,342
NEA,INTA,Formosa,Comandante Fontana,29,12/09_al_27/09,181
NEA,INTA,Formosa,Comandante Fontana,29,28/09_al_13/10,178
NEA,AAPRESID,Chaco,Tres Isletas,29,3,8
NEA,AAPRESID,Chaco,Tres Isletas,29,12/09_al_27/09,6
NEA,AAPRESID,Chaco,Tres Isletas,29,28/09_al_13/10,Trampa perdida
NEA,AAPRESID,Chaco,Pampa del Infierno,29,3,0
NEA,AAPRESID,Chaco,Pampa del Infierno,29,12/09_al_27/09,0
NEA,AAPRESID,Chaco,Pampa del Infierno,29,28/09_al_13/10,0
NEA,AAPRESID,Chaco,Concepcion del Bermejo,29,3,1
NEA,AAPRESID,Chaco,Concepcion del Bermejo,29,12/09_al_27/09,3
NEA,AAPRESID,Chaco,Concepcion del Bermejo,29,28/09_al_13/10,2
NEA,AAPRESID,Chaco,Villa Angela,29,3,0
NEA,AAPRESID,Chaco,Villa Angela,29,12/09_al_27/09,0
NEA,AAPRESID,Chaco,Villa Angela,29,28/09_al_13/10,0
NEA,AAPRESID,Chaco,Las Piedritas,29,3,0
NEA,AAPRESID,Chaco,Las Piedritas,29,12/09_al_27/09,4
NEA,AAPRESID,Chaco,Las Piedritas,29,28/09_al_13/10,3
NEA,CREA,Formosa,Gral. M. Belgrano,29,3,Sin datos
NEA,CREA,Formosa,Gral. M. Belgrano,29,12/09_al_27/09,4
NEA,CREA,Formosa,Gral. M. Belgrano,29,28/09_al_13/10,Sin datos
NEA,INTA,Chaco,Gral. Pinedo,29,3,4
NEA,INTA,Chaco,Gral. Pinedo,29,12/09_al_27/09,2
NEA,INTA,Chaco,Gral. Pinedo,29,28/09_al_13/10,0
NEA,INTA,Chaco,Tres Isletas,29,3,11
NEA,INTA,Chaco,Tres Isletas,29,12/09_al_27/09,11
NEA,INTA,Chaco,Tres Isletas,29,28/09_al_13/10,26
NEA,INTA,Chaco,Pampa del Infierno,29,3,4
NEA,INTA,Chaco,Pampa del Infierno,29,12/09_al_27/09,0
NEA,INTA,Chaco,Pampa del Infierno,29,28/09_al_13/10,2
NEA,INTA,Chaco,Las Breñas,29,3,0
NEA,INTA,Chaco,Las Breñas,29,12/09_al_27/09,Trampa perdida
NEA,INTA,Chaco,Las Breñas,29,28/09_al_13/10,3
NEA,INTA,Chaco,Juan José Castelli,29,3,3
NEA,INTA,Chaco,Juan José Castelli,29,12/09_al_27/09,0
NEA,INTA,Chaco,Juan José Castelli,29,28/09_al_13/10,0
NEA,INTA,Chaco,Sylvina,29,3,Trampa perdida
NEA,INTA,Chaco,Sylvina,29,12/09_al_27/09,0
NEA,INTA,Chaco,Sylvina,29,28/09_al_13/10,0
NEA,INTA,Chaco,Basail,29,3,0
NEA,INTA,Chaco,Basail,29,12/09_al_27/09,2
NEA,INTA,Chaco,Basail,29,28/09_al_13/10,2
NEA,AAPPCE,Santiago Del Estero,Weisburd,29,3,11
NEA,AAPPCE,Santiago Del Estero,Weisburd,29,12/09_al_27/09,0
NEA,AAPPCE,Santiago Del Estero,Weisburd,29,28/09_al_13/10,2
NEA,AAPPCE,Santiago Del Estero,Bandera,29,3,0
NEA,AAPPCE,Santiago Del Estero,Bandera,29,12/09_al_27/09,0
NEA,AAPPCE,Santiago Del Estero,Bandera,29,28/09_al_13/10,0
NEA,AAPRESID,Santiago Del Estero,Bandera,29,3,0
NEA,AAPRESID,Santiago Del Estero,Bandera,29,12/09_al_27/09,0
NEA,AAPRESID,Santiago Del Estero,Bandera,29,28/09_al_13/10,0
NEA,AAPRESID,Santiago Del Estero,Arbol Blanco,29,3,1
NEA,AAPRESID,Santiago Del Estero,Arbol Blanco,29,12/09_al_27/09,11
NEA,AAPRESID,Santiago Del Estero,Arbol Blanco,29,28/09_al_13/10,0
NEA,AAPRESID,Santiago Del Estero,Los Juries,29,3,0
NEA,AAPRESID,Santiago Del Estero,Los Juries,29,12/09_al_27/09,0
NEA,AAPRESID,Santiago Del Estero,Los Juries,29,28/09_al_13/10,0
NEA,AAPRESID,Santiago Del Estero,Roversi,29,3,0
NEA,AAPRESID,Santiago Del Estero,Roversi,29,12/09_al_27/09,1
NEA,AAPRESID,Santiago Del Estero,Roversi,29,28/09_al_13/10,0
LITORAL,CREA,Chaco,Pampa del Infierno,29,3,Sin datos
LITORAL,CREA,Chaco,Pampa del Infierno,29,12/09_al_27/09,Sin datos
LITORAL,CREA,Chaco,Pampa del Infierno,29,28/09_al_13/10,0
LITORAL,CREA,Chaco,Castelli,29,3,Sin datos
LITORAL,CREA,Chaco,Castelli,29,12/09_al_27/09,0
LITORAL,CREA,Chaco,Castelli,29,28/09_al_13/10,Sin datos
LITORAL,CREA,Chaco,El Tocon Bermejo,29,3,Sin datos
LITORAL,CREA,Chaco,El Tocon Bermejo,29,12/09_al_27/09,0
LITORAL,CREA,Chaco,El Tocon Bermejo,29,28/09_al_13/10,0
LITORAL,CREA,Chaco,Charata,29,3,0
LITORAL,CREA,Chaco,Charata,29,12/09_al_27/09,0
LITORAL,CREA,Chaco,Charata,29,28/09_al_13/10,0
LITORAL,CREA,Santiago Del Estero,La Rosita,29,3,0
LITORAL,CREA,Santiago Del Estero,La Rosita,29,12/09_al_27/09,0
LITORAL,CREA,Santiago Del Estero,La Rosita,29,28/09_al_13/10,0
LITORAL,CREA,Chaco,Gancedo,29,3,1
LITORAL,CREA,Chaco,Gancedo,29,12/09_al_27/09,0
LITORAL,CREA,Chaco,Gancedo,29,28/09_al_13/10,0
LITORAL,CREA,Chaco,Las Breñas,29,3,0
LITORAL,CREA,Chaco,Las Breñas,29,12/09_al_27/09,0
LITORAL,CREA,Chaco,Las Breñas,29,28/09_al_13/10,0
LITORAL,CREA,Santiago Del Estero,Girardet,29,3,0
LITORAL,CREA,Santiago Del Estero,Girardet,29,12/09_al_27/09,0
LITORAL,CREA,Santiago Del Estero,Girardet,29,28/09_al_13/10,0
LITORAL,CREA,Santiago Del Estero,Cejolao,29,3,0
LITORAL,CREA,Santiago Del Estero,Cejolao,29,12/09_al_27/09,0
LITORAL,CREA,Santiago Del Estero,Cejolao,29,28/09_al_13/10,0
LITORAL,CREA,Santiago Del Estero,El colorado,29,3,0
LITORAL,CREA,Santiago Del Estero,El colorado,29,12/09_al_27/09,0
LITORAL,CREA,Santiago Del Estero,El colorado,29,28/09_al_13/10,0
LITORAL,CREA,Formosa,Las Lomitas,29,3,55
LITORAL,CREA,Formosa,Las Lomitas,29,12/09_al_27/09,5
LITORAL,CREA,Formosa,Las Lomitas,29,28/09_al_13/10,7
LITORAL,CREA,Santiago Del Estero,San Pedro de Guasayán,29,3,Sin datos
LITORAL,CREA,Santiago Del Estero,San Pedro de Guasayán,29,12/09_al_27/09,35
LITORAL,CREA,Santiago Del Estero,San Pedro de Guasayán,29,28/09_al_13/10,2
LITORAL,CREA,Santiago Del Estero,Casares,29,3,Sin datos
LITORAL,CREA,Santiago Del Estero,Casares,29,12/09_al_27/09,1
LITORAL,CREA,Santiago Del Estero,Casares,29,28/09_al_13/10,0
LITORAL,CREA,Santiago Del Estero,Desvío La Paloma,29,3,0
LITORAL,CREA,Santiago Del Estero,Desvío La Paloma,29,12/09_al_27/09,0
LITORAL,CREA,Santiago Del Estero,Desvío La Paloma,29,28/09_al_13/10,0
LITORAL,CREA,Santiago Del Estero,Pozo de Toba,29,3,0
LITORAL,CREA,Santiago Del Estero,Pozo de Toba,29,12/09_al_27/09,1
LITORAL,CREA,Santiago Del Estero,Pozo de Toba,29,28/09_al_13/10,0
LITORAL,CREA,Chaco,Otumpa,29,12/09_al_27/09,Sin datos
LITORAL,CREA,Chaco,Otumpa,29,28/09_al_13/10,Sin datos
LITORAL,CREA,Santa Fe,Arroyo Ceibal,29,3,0
LITORAL,CREA,Santa Fe,Arroyo Ceibal,29,12/09_al_27/09,0
LITORAL,CREA,Santa Fe,Arroyo Ceibal,29,28/09_al_13/10,0
LITORAL,CREA,Santa Fe,Hersilia,29,3,0
LITORAL,CREA,Santa Fe,Hersilia,29,12/09_al_27/09,0
LITORAL,CREA,Santa Fe,Hersilia,29,28/09_al_13/10,Sin datos
LITORAL,AAPRESID,Corrientes,Mercedes,29,3,1
LITORAL,AAPRESID,Corrientes,Mercedes,29,12/09_al_27/09,0
LITORAL,AAPRESID,Corrientes,Mercedes,29,28/09_al_13/10,0
LITORAL,AAPRESID,Corrientes,Ambrosio,29,3,Sin datos
LITORAL,AAPRESID,Corrientes,Ambrosio,29,12/09_al_27/09,3
LITORAL,AAPRESID,Corrientes,Ambrosio,29,28/09_al_13/10,1
LITORAL,AAPRESID,Corrientes,Corrientes,29,3,Sin datos
LITORAL,AAPRESID,Corrientes,Corrientes,29,12/09_al_27/09,0
LITORAL,AAPRESID,Corrientes,Corrientes,29,28/09_al_13/10,3
LITORAL,AAPRESID,Corrientes,Bella Vista,29,3,0
LITORAL,AAPRESID,Corrientes,Bella Vista,29,12/09_al_27/09,1
LITORAL,AAPRESID,Corrientes,Bella Vista,29,28/09_al_13/10,8
CENTRO NORTE,AAPRESID,San Luis,La Toma,29,3,0
CENTRO NORTE,AAPRESID,San Luis,La Toma,29,12/09_al_27/09,0
CENTRO NORTE,AAPRESID,San Luis,La Toma,29,28/09_al_13/10,0
CENTRO NORTE,AAPPCE,Córdoba,Corralito,29,3,0
CENTRO NORTE,AAPPCE,Córdoba,Corralito,29,12/09_al_27/09,1
CENTRO NORTE,AAPPCE,Córdoba,Corralito,29,28/09_al_13/10,1
CENTRO NORTE,AAPPCE,Córdoba,Freyre,29,3,0
CENTRO NORTE,AAPPCE,Córdoba,Freyre,29,12/09_al_27/09,0
CENTRO NORTE,AAPPCE,Córdoba,Freyre,29,28/09_al_13/10,0
CENTRO NORTE,AAPPCE,Córdoba,Morteros,29,3,0
CENTRO NORTE,AAPPCE,Córdoba,Morteros,29,12/09_al_27/09,0
CENTRO NORTE,AAPPCE,Córdoba,Morteros,29,28/09_al_13/10,0
CENTRO NORTE,AAPPCE,Córdoba,Rayo Cortado,29,3,1
CENTRO NORTE,AAPPCE,Córdoba,Rayo Cortado,29,12/09_al_27/09,1
CENTRO NORTE,AAPPCE,Córdoba,Rayo Cortado,29,28/09_al_13/10,0
CENTRO NORTE,AAPPCE,Córdoba,Jesus María,29,3,0
CENTRO NORTE,AAPPCE,Córdoba,Jesus María,29,12/09_al_27/09,3
CENTRO NORTE,AAPPCE,Córdoba,Jesus María,29,28/09_al_13/10,2
CENTRO NORTE,AAPPCE,Córdoba,El Fortín,29,3,0
CENTRO NORTE,AAPPCE,Córdoba,El Fortín,29,12/09_al_27/09,0
CENTRO NORTE,AAPPCE,Córdoba,El Fortín,29,28/09_al_13/10,Trampa perdida
CENTRO NORTE,AAPPCE,Córdoba,Río Ceballos,29,3,2
CENTRO NORTE,AAPPCE,Córdoba,Río Ceballos,29,12/09_al_27/09,5
CENTRO NORTE,AAPPCE,Córdoba,Río Ceballos,29,28/09_al_13/10,2
CENTRO NORTE,AAPRESID,Córdoba,Villa María,29,3,0
CENTRO NORTE,AAPRESID,Córdoba,Villa María,29,12/09_al_27/09,0
CENTRO NORTE,AAPRESID,Córdoba,Villa María,29,28/09_al_13/10,0
CENTRO NORTE,AAPRESID,Córdoba,Cañada de Luque,29,3,0
CENTRO NORTE,AAPRESID,Córdoba,Cañada de Luque,29,12/09_al_27/09,0
CENTRO NORTE,AAPRESID,Córdoba,Cañada de Luque,29,28/09_al_13/10,0
CENTRO NORTE,AAPRESID,Córdoba,Capilla de Sitón,29,3,0
CENTRO NORTE,AAPRESID,Córdoba,Capilla de Sitón,29,12/09_al_27/09,0
CENTRO NORTE,AAPRESID,Córdoba,Capilla de Sitón,29,28/09_al_13/10,1
CENTRO NORTE,AAPRESID,Córdoba,Carrilobo,29,3,0
CENTRO NORTE,AAPRESID,Córdoba,Carrilobo,29,12/09_al_27/09,0
CENTRO NORTE,AAPRESID,Córdoba,Carrilobo,29,28/09_al_13/10,0
CENTRO NORTE,AAPRESID,Córdoba,Devoto,29,3,0
CENTRO NORTE,AAPRESID,Córdoba,Devoto,29,12/09_al_27/09,0
CENTRO NORTE,AAPRESID,Córdoba,Devoto,29,28/09_al_13/10,0
CENTRO NORTE,AAPRESID,Córdoba,Eufrasio Loza,29,3,0
CENTRO NORTE,AAPRESID,Córdoba,Eufrasio Loza,29,12/09_al_27/09,0
CENTRO NORTE,AAPRESID,Córdoba,Eufrasio Loza,29,28/09_al_13/10,0
CENTRO NORTE,AAPRESID,Córdoba,Laguna Larga,29,3,0
CENTRO NORTE,AAPRESID,Córdoba,Laguna Larga,29,12/09_al_27/09,0
CENTRO NORTE,AAPRESID,Córdoba,Laguna Larga,29,28/09_al_13/10,Trampa perdida
CENTRO NORTE,AAPRESID,Córdoba,Las Bajadas,29,3,2
CENTRO NORTE,AAPRESID,Córdoba,Las Bajadas,29,12/09_al_27/09,0
CENTRO NORTE,AAPRESID,Córdoba,Las Bajadas,29,28/09_al_13/10,0
CENTRO NORTE,AAPRESID,Córdoba,Monte del Rosario,29,3,0
CENTRO NORTE,AAPRESID,Córdoba,Monte del Rosario,29,12/09_al_27/09,3
CENTRO NORTE,AAPRESID,Córdoba,Monte del Rosario,29,28/09_al_13/10,0
CENTRO NORTE,AAPRESID,Córdoba,Montecristo,29,3,0
CENTRO NORTE,AAPRESID,Córdoba,Montecristo,29,12/09_al_27/09,0
CENTRO NORTE,AAPRESID,Córdoba,Montecristo,29,28/09_al_13/10,Trampa perdida
CENTRO NORTE,AAPRESID,Córdoba,Obispo trejo,29,3,0
CENTRO NORTE,AAPRESID,Córdoba,Obispo trejo,29,12/09_al_27/09,0
CENTRO NORTE,AAPRESID,Córdoba,Obispo trejo,29,28/09_al_13/10,Sin datos
CENTRO NORTE,AAPRESID,Córdoba,Río Segundo- T1,29,3,0
CENTRO NORTE,AAPRESID,Córdoba,Río Segundo- T1,29,12/09_al_27/09,0
CENTRO NORTE,AAPRESID,Córdoba,Río Segundo- T1,29,28/09_al_13/10,0
CENTRO NORTE,AAPRESID,Córdoba,San Francisco,29,3,Sin datos
CENTRO NORTE,AAPRESID,Córdoba,San Francisco,29,12/09_al_27/09,0
CENTRO NORTE,AAPRESID,Córdoba,San Francisco,29,28/09_al_13/10,1
CENTRO NORTE,AAPRESID,Córdoba,Santa Catalina,29,3,0
CENTRO NORTE,AAPRESID,Córdoba,Santa Catalina,29,12/09_al_27/09,6
CENTRO NORTE,AAPRESID,Córdoba,Santa Catalina,29,28/09_al_13/10,0
CENTRO NORTE,AAPRESID,Córdoba,Tancacha,29,3,0
CENTRO NORTE,AAPRESID,Córdoba,Tancacha,29,12/09_al_27/09,0
CENTRO NORTE,AAPRESID,Córdoba,Tancacha,29,28/09_al_13/10,0
CENTRO NORTE,AAPRESID,Córdoba,Villa de Maria,29,3,0
CENTRO NORTE,AAPRESID,Córdoba,Villa de Maria,29,12/09_al_27/09,0
CENTRO NORTE,AAPRESID,Córdoba,Villa de Maria,29,28/09_al_13/10,0
CENTRO NORTE,AAPRESID,Córdoba,Arroyito,29,3,0
CENTRO NORTE,AAPRESID,Córdoba,Arroyito,29,12/09_al_27/09,0
CENTRO NORTE,AAPRESID,Córdoba,Arroyito,29,28/09_al_13/10,0
CENTRO NORTE,AAPRESID,Córdoba,Villa Sta. Rosa,29,3,0
CENTRO NORTE,AAPRESID,Córdoba,Villa Sta. Rosa,29,12/09_al_27/09,0
CENTRO NORTE,AAPRESID,Córdoba,Villa Sta. Rosa,29,28/09_al_13/10,0
CENTRO NORTE,AAPRESID,Córdoba,Hernando,29,3,2
CENTRO NORTE,AAPRESID,Córdoba,Hernando,29,12/09_al_27/09,1
CENTRO NORTE,AAPRESID,Córdoba,Hernando,29,28/09_al_13/10,1
CENTRO NORTE,CREA,Córdoba,Piquillín,29,3,0
CENTRO NORTE,CREA,Córdoba,Piquillín,29,12/09_al_27/09,0
CENTRO NORTE,CREA,Córdoba,Piquillín,29,28/09_al_13/10,0
CENTRO NORTE,CREA,Córdoba,Las Chilcas,29,3,0
CENTRO NORTE,CREA,Córdoba,Las Chilcas,29,12/09_al_27/09,0
CENTRO NORTE,CREA,Córdoba,Las Chilcas,29,28/09_al_13/10,0
CENTRO NORTE,CREA,Córdoba,Sebastián el Cano,29,3,0
CENTRO NORTE,CREA,Córdoba,Sebastián el Cano,29,12/09_al_27/09,0
CENTRO NORTE,CREA,Córdoba,Sebastián el Cano,29,28/09_al_13/10,0
CENTRO NORTE,CREA,Córdoba,El Tío,29,3,0
CENTRO NORTE,CREA,Córdoba,El Tío,29,12/09_al_27/09,0
CENTRO NORTE,CREA,Córdoba,El Tío,29,28/09_al_13/10,0
CENTRO NORTE,CREA,Córdoba,Colonia Tirolesa,29,3,0
CENTRO NORTE,CREA,Córdoba,Colonia Tirolesa,29,12/09_al_27/09,0
CENTRO NORTE,CREA,Córdoba,Colonia Tirolesa,29,28/09_al_13/10,0
CENTRO NORTE,CREA,Córdoba,Las Astillas,29,3,1
CENTRO NORTE,CREA,Córdoba,Las Astillas,29,12/09_al_27/09,0
CENTRO NORTE,CREA,Córdoba,Las Astillas,29,28/09_al_13/10,0
CENTRO NORTE,CREA,Córdoba,Mi Granja,29,3,0
CENTRO NORTE,CREA,Córdoba,Mi Granja,29,12/09_al_27/09,1
CENTRO NORTE,CREA,Córdoba,Mi Granja,29,28/09_al_13/10,1
CENTRO SUR,AAPRESID,San Luís,La Angelina,29,3,0
CENTRO SUR,AAPRESID,San Luís,La Angelina,29,12/09_al_27/09,0
CENTRO SUR,AAPRESID,San Luís,La Angelina,29,28/09_al_13/10,0
CENTRO SUR,AAPRESID,San Luís,Nueva Galia,29,3,0
CENTRO SUR,AAPRESID,San Luís,Nueva Galia,29,12/09_al_27/09,0
CENTRO SUR,AAPRESID,San Luís,Nueva Galia,29,28/09_al_13/10,Trampa perdida
CENTRO SUR,CREA,San Luís,Buena Esperanza,29,3,0
CENTRO SUR,CREA,San Luís,Buena Esperanza,29,12/09_al_27/09,0
CENTRO SUR,CREA,San Luís,Buena Esperanza,29,28/09_al_13/10,0
CENTRO SUR,CREA,San Luís,Juan Jorba,29,3,0
CENTRO SUR,CREA,San Luís,Juan Jorba,29,12/09_al_27/09,0
CENTRO SUR,CREA,San Luís,Juan Jorba,29,28/09_al_13/10,0
CENTRO SUR,INTA,San Luís,San Luis 1,29,3,0
CENTRO SUR,INTA,San Luís,San Luis 1,29,12/09_al_27/09,0
CENTRO SUR,INTA,San Luís,San Luis 1,29,28/09_al_13/10,0
CENTRO SUR,INTA,San Luís,Quines,29,3,0
CENTRO SUR,INTA,San Luís,Quines,29,12/09_al_27/09,0
CENTRO SUR,INTA,San Luís,Quines,29,28/09_al_13/10,0
CENTRO SUR,AAPPCE,Córdoba,Ana Zumaran,29,3,0
CENTRO SUR,AAPPCE,Córdoba,Ana Zumaran,29,12/09_al_27/09,0
CENTRO SUR,AAPPCE,Córdoba,Ana Zumaran,29,28/09_al_13/10,0
CENTRO SUR,AAPPCE,Córdoba,Cnel. Baigorria,29,3,0
CENTRO SUR,AAPPCE,Córdoba,Cnel. Baigorria,29,12/09_al_27/09,0
CENTRO SUR,AAPPCE,Córdoba,Cnel. Baigorria,29,28/09_al_13/10,0
CENTRO SUR,AAPPCE,Córdoba,General Roca,29,3,0
CENTRO SUR,AAPPCE,Córdoba,General Roca,29,12/09_al_27/09,0
CENTRO SUR,AAPPCE,Córdoba,General Roca,29,28/09_al_13/10,0
CENTRO SUR,AAPPCE,Córdoba,Gral. Cabrera,29,3,0
CENTRO SUR,AAPPCE,Córdoba,Gral. Cabrera,29,12/09_al_27/09,0
CENTRO SUR,AAPPCE,Córdoba,Gral. Cabrera,29,28/09_al_13/10,0
CENTRO SUR,AAPPCE,Córdoba,La playosa,29,3,0
CENTRO SUR,AAPPCE,Córdoba,La playosa,29,12/09_al_27/09,0
CENTRO SUR,AAPPCE,Córdoba,La playosa,29,28/09_al_13/10,0
CENTRO SUR,AAPPCE,Córdoba,Ordoñez,29,3,0
CENTRO SUR,AAPPCE,Córdoba,Ordoñez,29,12/09_al_27/09,0
CENTRO SUR,AAPPCE,Córdoba,Ordoñez,29,28/09_al_13/10,0
CENTRO SUR,AAPPCE,Córdoba,Tosquita,29,3,0
CENTRO SUR,AAPPCE,Córdoba,Tosquita,29,12/09_al_27/09,0
CENTRO SUR,AAPPCE,Córdoba,Tosquita,29,28/09_al_13/10,0
CENTRO SUR,AAPPCE,Córdoba,Arroyo Cabral,29,3,0
CENTRO SUR,AAPPCE,Córdoba,Arroyo Cabral,29,12/09_al_27/09,0
CENTRO SUR,AAPPCE,Córdoba,Arroyo Cabral,29,28/09_al_13/10,0
CENTRO SUR,AAPPCE,Córdoba,Villa María,29,3,0
CENTRO SUR,AAPPCE,Córdoba,Villa María,29,12/09_al_27/09,0
CENTRO SUR,AAPPCE,Córdoba,Villa María,29,28/09_al_13/10,0
CENTRO SUR,AAPRESID,Córdoba,Benjamín Gould,29,3,0
CENTRO SUR,AAPRESID,Córdoba,Benjamín Gould,29,12/09_al_27/09,0
CENTRO SUR,AAPRESID,Córdoba,Benjamín Gould,29,28/09_al_13/10,0
CENTRO SUR,AAPRESID,Córdoba,Buchardo,29,3,0
CENTRO SUR,AAPRESID,Córdoba,Buchardo,29,12/09_al_27/09,0
CENTRO SUR,AAPRESID,Córdoba,Buchardo,29,28/09_al_13/10,0
CENTRO SUR,AAPRESID,Córdoba,Coronel Moldes,29,3,0
CENTRO SUR,AAPRESID,Córdoba,Coronel Moldes,29,12/09_al_27/09,Trampa perdida
CENTRO SUR,AAPRESID,Córdoba,Coronel Moldes,29,28/09_al_13/10,0
CENTRO SUR,AAPRESID,Córdoba,Guatimozin,29,3,Trampa perdida
CENTRO SUR,AAPRESID,Córdoba,Guatimozin,29,12/09_al_27/09,0
CENTRO SUR,AAPRESID,Córdoba,Guatimozin,29,28/09_al_13/10,0
CENTRO SUR,AAPRESID,Córdoba,Lecueder,29,3,0
CENTRO SUR,AAPRESID,Córdoba,Lecueder,29,12/09_al_27/09,0
CENTRO SUR,AAPRESID,Córdoba,Lecueder,29,28/09_al_13/10,0
CENTRO SUR,AAPRESID,Córdoba,Villa Valeria,29,3,0
CENTRO SUR,AAPRESID,Córdoba,Villa Valeria,29,12/09_al_27/09,0
CENTRO SUR,AAPRESID,Córdoba,Villa Valeria,29,28/09_al_13/10,0
CENTRO SUR,AAPRESID,Córdoba,Jovita,29,3,0
CENTRO SUR,AAPRESID,Córdoba,Jovita,29,12/09_al_27/09,0
CENTRO SUR,AAPRESID,Córdoba,Jovita,29,28/09_al_13/10,0
CENTRO SUR,AAPRESID,Córdoba,Adelia María,29,3,0
CENTRO SUR,AAPRESID,Córdoba,Adelia María,29,12/09_al_27/09,0
CENTRO SUR,AAPRESID,Córdoba,Adelia María,29,28/09_al_13/10,0
CENTRO SUR,CREA,Córdoba,Cuatro Vientos,29,3,0
CENTRO SUR,CREA,Córdoba,Cuatro Vientos,29,12/09_al_27/09,0
CENTRO SUR,CREA,Córdoba,Cuatro Vientos,29,28/09_al_13/10,0
CENTRO SUR,CREA,Córdoba,General Levalle,29,3,Sin datos
CENTRO SUR,CREA,Córdoba,General Levalle,29,12/09_al_27/09,0
CENTRO SUR,CREA,Córdoba,General Levalle,29,28/09_al_13/10,0
CENTRO SUR,CREA,Córdoba,La Carlota,29,3,0
CENTRO SUR,CREA,Córdoba,La Carlota,29,12/09_al_27/09,0
CENTRO SUR,CREA,Córdoba,La Carlota,29,28/09_al_13/10,0
CENTRO SUR,CREA,Córdoba,Melo,29,3,0
CENTRO SUR,CREA,Córdoba,Melo,29,12/09_al_27/09,0
CENTRO SUR,CREA,Córdoba,Melo,29,28/09_al_13/10,1
CENTRO SUR,CREA,Córdoba,Vicuña Mackenna,29,3,1
CENTRO SUR,CREA,Córdoba,Vicuña Mackenna,29,12/09_al_27/09,1
CENTRO SUR,CREA,Córdoba,Vicuña Mackenna,29,28/09_al_13/10,1
CENTRO SUR,CREA,Córdoba,Villa valeria,29,3,0
CENTRO SUR,CREA,Córdoba,Villa valeria,29,12/09_al_27/09,0
CENTRO SUR,CREA,Córdoba,Villa valeria,29,28/09_al_13/10,0
CENTRO SUR,AGTSA,,2025 MERCEDES UY - AGTSA Mercedes,30,12/09_al_27/09,0
CENTRO SUR,AGTSA,,2025 MERCEDES UY - AGTSA Mercedes,30,28/10_al_13/10,0
CENTRO SUR,AGTSA,,2025 ACEGUÁ UY - AGTSA Peñarol,30,12/09_al_27/09,0
CENTRO SUR,AGTSA,,2025 ACEGUÁ UY - AGTSA Peñarol,30,28/10_al_13/10,0
CENTRO SUR,AGTSA,,2025 RINCON DEL PINO - AGTSA Los Arenales,30,12/09_al_27/09,0
CENTRO SUR,AGTSA,,2025 RINCON DEL PINO - AGTSA Los Arenales,30,28/10_al_13/10,0
CENTRO SUR,AGTSA,,2025 RINCON DEL PINO - AGTSA Los Arenales,30,14/10_al_29/10,0
CENTRO SUR,AGTSA,,2025 NUEVA HELVECIA - AGTSA (SAN PEDRO) Nueva Helvecia,30,12/09_al_27/09,0
CENTRO SUR,AGTSA,,2025 NUEVA HELVECIA - AGTSA (SAN PEDRO) Nueva Helvecia,30,28/10_al_13/10,0
CENTRO SUR,AGTSA,,2025 NUEVA HELVECIA - AGTSA (SAN PEDRO) Nueva Helvecia,30,14/10_al_29/10,0
CENTRO SUR,AGTSA,,2025 LAS ARMAS Colonia,30,12/09_al_27/09,0
CENTRO SUR,AGTSA,,2025 LAS ARMAS Colonia,30,28/10_al_13/10,0
CENTRO SUR,AGTSA,,2025 CORRALITO - AGTSA Palmitas,30,12/09_al_27/09,0
CENTRO SUR,AGTSA,,2025 CORRALITO - AGTSA Palmitas,30,28/10_al_13/10,0
NOA,CREA,Jujuy,EL Carmen,30,3,0
NOA,CREA,Jujuy,EL Carmen,30,14/10_al_29/10,0
NOA,CREA,Jujuy,EL Carmen,30,28/09_al_13/10,0
NOA,CREA,Jujuy,Fraile Pintado,30,3,0
NOA,CREA,Jujuy,Fraile Pintado,30,14/10_al_29/10,Sin datos
NOA,CREA,Jujuy,Fraile Pintado,30,28/09_al_13/10,13
NOA,CREA,Jujuy,Santa Clara,30,3,2
NOA,CREA,Jujuy,Santa Clara,30,14/10_al_29/10,0
NOA,CREA,Jujuy,Santa Clara,30,28/09_al_13/10,2
NOA,INTA,Jujuy,El Bananal,30,3,16
NOA,INTA,Jujuy,El Bananal,30,14/10_al_29/10,111
NOA,INTA,Jujuy,El Bananal,30,28/09_al_13/10,67
NOA,AAPPCE,Salta,Agua Sucia,30,28/09_al_13/10,1
NOA,AAPPCE,Salta,Rio Piedras,30,28/09_al_13/10,2
NOA,AAPRESID,Salta,Rivadavia,30,3,0
NOA,AAPRESID,Salta,Rivadavia,30,14/10_al_29/10,3
NOA,AAPRESID,Salta,Rivadavia,30,28/09_al_13/10,2
NOA,AAPRESID,Salta,Piquete Cabado 1,30,3,0
NOA,AAPRESID,Salta,Piquete Cabado 1,30,14/10_al_29/10,0
NOA,AAPRESID,Salta,Piquete Cabado 1,30,28/09_al_13/10,1
NOA,CREA,Salta,Antilla,30,3,2
NOA,CREA,Salta,Antilla,30,14/10_al_29/10,1
NOA,CREA,Salta,Antilla,30,28/09_al_13/10,3
NOA,CREA,Salta,Ballivián,30,3,0
NOA,CREA,Salta,Ballivián,30,14/10_al_29/10,0
NOA,CREA,Salta,Ballivián,30,28/09_al_13/10,0
NOA,CREA,Salta,Ceibalito,30,3,0
NOA,CREA,Salta,Ceibalito,30,14/10_al_29/10,0
NOA,CREA,Salta,Ceibalito,30,28/09_al_13/10,0
NOA,CREA,Salta,Copo Quiles,30,3,0
NOA,CREA,Salta,Copo Quiles,30,14/10_al_29/10,0
NOA,CREA,Salta,Copo Quiles,30,28/09_al_13/10,4
NOA,CREA,Salta,El Bordo,30,3,0
NOA,CREA,Salta,El Bordo,30,14/10_al_29/10,0
NOA,CREA,Salta,El Bordo,30,28/09_al_13/10,0
NOA,CREA,Salta,El Galpón,30,3,5
NOA,CREA,Salta,El Galpón,30,14/10_al_29/10,8
NOA,CREA,Salta,El Galpón,30,28/09_al_13/10,0
NOA,CREA,Salta,El Tunal,30,3,Sin datos
NOA,CREA,Salta,El Tunal,30,14/10_al_29/10,3
NOA,CREA,Salta,El Tunal,30,28/09_al_13/10,3
NOA,CREA,Salta,Embarcación,30,3,0
NOA,CREA,Salta,Embarcación,30,14/10_al_29/10,0
NOA,CREA,Salta,Embarcación,30,28/09_al_13/10,0
NOA,CREA,Salta,Gral Pizarro,30,3,0
NOA,CREA,Salta,Gral Pizarro,30,14/10_al_29/10,0
NOA,CREA,Salta,Gral Pizarro,30,28/09_al_13/10,0
NOA,CREA,Salta,Horcones,30,3,0
NOA,CREA,Salta,Horcones,30,14/10_al_29/10,0
NOA,CREA,Salta,Horcones,30,28/09_al_13/10,0
NOA,CREA,Salta,J V Gonzales,30,3,6
NOA,CREA,Salta,J V Gonzales,30,14/10_al_29/10,0
NOA,CREA,Salta,J V Gonzales,30,28/09_al_13/10,0
NOA,CREA,Salta,Las Lajitas T3,30,3,1
NOA,CREA,Salta,Las Lajitas T3,30,14/10_al_29/10,0
NOA,CREA,Salta,Las Lajitas T3,30,28/09_al_13/10,2
NOA,CREA,Salta,Metan 1,30,3,0
NOA,CREA,Salta,Metan 1,30,14/10_al_29/10,0
NOA,CREA,Salta,Metan 1,30,28/09_al_13/10,Trampa perdida
NOA,CREA,Salta,Metan 2,30,3,1
NOA,CREA,Salta,Metan 2,30,14/10_al_29/10,8
NOA,CREA,Salta,Metan 2,30,28/09_al_13/10,4
NOA,CREA,Salta,Mollinedo,30,3,1
NOA,CREA,Salta,Mollinedo,30,14/10_al_29/10,0
NOA,CREA,Salta,Mollinedo,30,28/09_al_13/10,0
NEA,INTA,Formosa,El colorado,30,3,0
NEA,INTA,Formosa,El colorado,30,14/10_al_29/10,1
NEA,INTA,Formosa,El colorado,30,28/09_al_13/10,0
NEA,INTA,Formosa,Comandante Fontana,30,3,371
NEA,INTA,Formosa,Comandante Fontana,30,14/10_al_29/10,342
NEA,INTA,Formosa,Comandante Fontana,30,28/09_al_13/10,178
NEA,CREA,Formosa,Gral. M. Belgrano,30,3,0
NEA,CREA,Formosa,Gral. M. Belgrano,30,14/10_al_29/10,Sin datos
NEA,CREA,Formosa,Gral. M. Belgrano,30,28/09_al_13/10,Sin datos
NEA,CREA,Formosa,Perin,30,3,Sin datos
NEA,CREA,Formosa,Perin,30,14/10_al_29/10,5
NEA,CREA,Formosa,Perin,30,28/09_al_13/10,1
NEA,CREA,Formosa,Las Lomitas,30,3,113
NEA,CREA,Formosa,Las Lomitas,30,14/10_al_29/10,55
NEA,CREA,Formosa,Las Lomitas,30,28/09_al_13/10,7
NEA,AAPRESID,Chaco,Tres Isletas,30,3,10
NEA,AAPRESID,Chaco,Tres Isletas,30,14/10_al_29/10,8
NEA,AAPRESID,Chaco,Tres Isletas,30,28/09_al_13/10,Trampa perdida
NEA,AAPRESID,Chaco,Pampa del Infierno,30,3,0
NEA,AAPRESID,Chaco,Pampa del Infierno,30,14/10_al_29/10,0
NEA,AAPRESID,Chaco,Pampa del Infierno,30,28/09_al_13/10,0
NEA,AAPRESID,Chaco,Concepcion del Bermejo,30,3,0
NEA,AAPRESID,Chaco,Concepcion del Bermejo,30,14/10_al_29/10,1
NEA,AAPRESID,Chaco,Concepcion del Bermejo,30,28/09_al_13/10,2
NEA,AAPRESID,Chaco,(Estanislao),30,3,0
NEA,AAPRESID,Chaco,(Estanislao),30,14/10_al_29/10,1
NEA,AAPRESID,Chaco,(Estanislao),30,28/09_al_13/10,2
NEA,AAPRESID,Chaco,Villa Angela,30,3,8
NEA,AAPRESID,Chaco,Villa Angela,30,14/10_al_29/10,0
NEA,AAPRESID,Chaco,Villa Angela,30,28/09_al_13/10,0
NEA,AAPRESID,Chaco,Las Piedritas,30,3,1
NEA,AAPRESID,Chaco,Las Piedritas,30,14/10_al_29/10,0
NEA,AAPRESID,Chaco,Las Piedritas,30,28/09_al_13/10,3
NEA,INTA,Chaco,Gral. Pinedo,30,3,2
NEA,INTA,Chaco,Gral. Pinedo,30,14/10_al_29/10,4
NEA,INTA,Chaco,Gral. Pinedo,30,28/09_al_13/10,0
NEA,INTA,Chaco,Tres Isletas,30,3,2
NEA,INTA,Chaco,Tres Isletas,30,14/10_al_29/10,11
NEA,INTA,Chaco,Tres Isletas,30,28/09_al_13/10,26
NEA,INTA,Chaco,Pampa del Infierno,30,3,2
NEA,INTA,Chaco,Pampa del Infierno,30,14/10_al_29/10,4
NEA,INTA,Chaco,Pampa del Infierno,30,28/09_al_13/10,2
NEA,INTA,Chaco,Las Breñas,30,3,0
NEA,INTA,Chaco,Las Breñas,30,14/10_al_29/10,0
NEA,INTA,Chaco,Las Breñas,30,28/09_al_13/10,3
NEA,INTA,Chaco,Juan José Castelli,30,3,111
NEA,INTA,Chaco,Juan José Castelli,30,14/10_al_29/10,Trampa perdida
NEA,INTA,Chaco,Juan José Castelli,30,28/09_al_13/10,0
NEA,INTA,Chaco,Sylvina,30,3,0
NEA,INTA,Chaco,Sylvina,30,14/10_al_29/10,Trampa perdida
NEA,INTA,Chaco,Sylvina,30,28/09_al_13/10,0
NEA,INTA,Chaco,Basail,30,3,3
NEA,INTA,Chaco,Basail,30,14/10_al_29/10,0
NEA,INTA,Chaco,Basail,30,28/09_al_13/10,2
NEA,CREA,Santiago Del Estero,Nueva Esperanza,30,3,Sin datos
NEA,CREA,Santiago Del Estero,Nueva Esperanza,30,14/10_al_29/10,0
NEA,CREA,Santiago Del Estero,Nueva Esperanza,30,28/09_al_13/10,0
NEA,CREA,Santiago Del Estero,Pampa Pozo,30,3,Sin datos
NEA,CREA,Santiago Del Estero,Pampa Pozo,30,14/10_al_29/10,0
NEA,CREA,Santiago Del Estero,Pampa Pozo,30,28/09_al_13/10,0
NEA,CREA,Santiago Del Estero,Pozo Hondo,30,3,Sin datos
NEA,CREA,Santiago Del Estero,Pozo Hondo,30,14/10_al_29/10,2
NEA,CREA,Santiago Del Estero,Pozo Hondo,30,28/09_al_13/10,2
NEA,CREA,Santiago Del Estero,San Pedro de Guasayán,30,3,Sin datos
NEA,CREA,Santiago Del Estero,San Pedro de Guasayán,30,14/10_al_29/10,0
NEA,CREA,Santiago Del Estero,San Pedro de Guasayán,30,28/09_al_13/10,2
NEA,CREA,Santiago Del Estero,Termas R. Hondo,30,3,0
NEA,CREA,Santiago Del Estero,Termas R. Hondo,30,14/10_al_29/10,0
NEA,CREA,Santiago Del Estero,Termas R. Hondo,30,28/09_al_13/10,1
NEA,CREA,Santiago Del Estero,Vinará,30,3,0
NEA,CREA,Santiago Del Estero,Vinará,30,14/10_al_29/10,3
NEA,CREA,Santiago Del Estero,Vinará,30,28/09_al_13/10,3
NEA,CREA,Santiago Del Estero,Termas de Río Hondo,30,3,0
NEA,CREA,Santiago Del Estero,Termas de Río Hondo,30,14/10_al_29/10,0
NEA,CREA,Santiago Del Estero,Termas de Río Hondo,30,28/09_al_13/10,0
NEA,CREA,Santiago Del Estero,Fisco,30,3,Sin datos
NEA,CREA,Santiago Del Estero,Fisco,30,14/10_al_29/10,0
NEA,CREA,Santiago Del Estero,Fisco,30,28/09_al_13/10,1
NEA,CREA,Catamarca,El Abra,30,3,1
NEA,CREA,Catamarca,El Abra,30,14/10_al_29/10,0
NEA,CREA,Catamarca,El Abra,30,28/09_al_13/10,1
NEA,CREA,Catamarca,Los Altos,30,3,94
NEA,CREA,Catamarca,Los Altos,30,14/10_al_29/10,1
NEA,CREA,Catamarca,Los Altos,30,28/09_al_13/10,0
NEA,CREA,Catamarca,Frias,30,3,0
NEA,CREA,Catamarca,Frias,30,14/10_al_29/10,0
NEA,CREA,Catamarca,Frias,30,28/09_al_13/10,0
LITORAL,CREA,Santiago Del Estero,Pozo de toba,30,3,0
LITORAL,CREA,Santiago Del Estero,Pozo de toba,30,14/10_al_29/10,0
LITORAL,CREA,Santiago Del Estero,Pozo de toba,30,28/09_al_13/10,0
LITORAL,AAPPCE,Santa Fe,Villa Minetti,30,3,0
LITORAL,AAPPCE,Santa Fe,Villa Minetti,30,14/10_al_29/10,0
LITORAL,AAPPCE,Santa Fe,Villa Minetti,30,28/09_al_13/10,Trampa perdida
LITORAL,AAPPCE,Santa Fe,El Guanagan,30,28/09_al_13/10,0
LITORAL,AAPPCE,Santa Fe,Santa Margarina,30,28/09_al_13/10,0
LITORAL,AAPRESID,Santa Fe,Villa Minetti,30,3,0
LITORAL,AAPRESID,Santa Fe,Villa Minetti,30,14/10_al_29/10,0
LITORAL,AAPRESID,Santa Fe,Villa Minetti,30,28/09_al_13/10,0
LITORAL,CREA,Santa Fe,Emilia,30,3,0
LITORAL,CREA,Santa Fe,Emilia,30,14/10_al_29/10,0
LITORAL,CREA,Santa Fe,Emilia,30,28/09_al_13/10,Sin datos
LITORAL,INTA,Santa Fe,Reconquista,30,3,0
LITORAL,INTA,Santa Fe,Reconquista,30,14/10_al_29/10,0
LITORAL,INTA,Santa Fe,Reconquista,30,28/09_al_13/10,0
LITORAL,INTA,Santa Fe,Calchaquí,30,3,0
LITORAL,INTA,Santa Fe,Calchaquí,30,14/10_al_29/10,0
LITORAL,INTA,Santa Fe,Calchaquí,30,28/09_al_13/10,0
LITORAL,INTA,Santa Fe,Logroño,30,3,0
LITORAL,INTA,Santa Fe,Logroño,30,14/10_al_29/10,0
LITORAL,INTA,Santa Fe,Logroño,30,28/09_al_13/10,0
LITORAL,INTA,Santa Fe,San javier,30,3,0
LITORAL,INTA,Santa Fe,San javier,30,14/10_al_29/10,0
LITORAL,INTA,Santa Fe,San javier,30,28/09_al_13/10,0
LITORAL,INTA,Santa Fe,La sarita,30,3,24
LITORAL,INTA,Santa Fe,La sarita,30,14/10_al_29/10,12
LITORAL,INTA,Santa Fe,La sarita,30,28/09_al_13/10,0
LITORAL,CREA,Santa Fe,La Pelada,30,3,0
LITORAL,CREA,Santa Fe,La Pelada,30,14/10_al_29/10,0
LITORAL,CREA,Santa Fe,La Pelada,30,28/09_al_13/10,0
LITORAL,CREA,Santa Fe,Ambrosetti,30,3,0
LITORAL,CREA,Santa Fe,Ambrosetti,30,14/10_al_29/10,0
LITORAL,CREA,Santa Fe,Ambrosetti,30,28/09_al_13/10,0
LITORAL,CREA,Santa Fe,La Penca y Caraguatá,30,3,1
LITORAL,CREA,Santa Fe,La Penca y Caraguatá,30,14/10_al_29/10,0
LITORAL,CREA,Santa Fe,La Penca y Caraguatá,30,28/09_al_13/10,0
LITORAL,CREA,Santa Fe,Ramayón,30,3,0
LITORAL,CREA,Santa Fe,Ramayón,30,14/10_al_29/10,0
LITORAL,CREA,Santa Fe,Ramayón,30,28/09_al_13/10,1
LITORAL,CREA,Santa Fe,Margarita,30,3,0
LITORAL,CREA,Santa Fe,Margarita,30,14/10_al_29/10,0
LITORAL,CREA,Santa Fe,Margarita,30,28/09_al_13/10,Sin datos
LITORAL,CREA,Santa Fe,Vera y Pintado,30,3,0
LITORAL,CREA,Santa Fe,Vera y Pintado,30,14/10_al_29/10,0
LITORAL,CREA,Santa Fe,Vera y Pintado,30,28/09_al_13/10,0
LITORAL,CREA,Santa Fe,La María,30,3,0
LITORAL,CREA,Santa Fe,La María,30,14/10_al_29/10,0
LITORAL,CREA,Santa Fe,La María,30,28/09_al_13/10,Sin datos
LITORAL,CREA,Santa Fe,La Osca,30,3,0
LITORAL,CREA,Santa Fe,La Osca,30,14/10_al_29/10,0
LITORAL,CREA,Santa Fe,La Osca,30,28/09_al_13/10,0
LITORAL,CREA,Santa Fe,Malabrigo,30,3,0
LITORAL,CREA,Santa Fe,Malabrigo,30,14/10_al_29/10,1
LITORAL,CREA,Santa Fe,Malabrigo,30,28/09_al_13/10,8
LITORAL,CREA,Santa Fe,Soledad,30,3,0
LITORAL,CREA,Santa Fe,Soledad,30,14/10_al_29/10,0
LITORAL,CREA,Santa Fe,Soledad,30,28/09_al_13/10,0
LITORAL,CREA,Santa Fe,Arroyo Ceibal,30,3,0
LITORAL,CREA,Santa Fe,Arroyo Ceibal,30,14/10_al_29/10,0
LITORAL,CREA,Santa Fe,Arroyo Ceibal,30,28/09_al_13/10,0
LITORAL,CREA,Santa Fe,Hersilia,30,3,0
LITORAL,CREA,Santa Fe,Hersilia,30,14/10_al_29/10,0
LITORAL,CREA,Santa Fe,Hersilia,30,28/09_al_13/10,Sin datos
LITORAL,CREA,Santa Fe,Colonia Esther,30,3,0
LITORAL,CREA,Santa Fe,Colonia Esther,30,14/10_al_29/10,0
LITORAL,CREA,Santa Fe,Colonia Esther,30,28/09_al_13/10,0
LITORAL,AAPRESID,Corrientes,Mercedes,30,3,6
LITORAL,AAPRESID,Corrientes,Mercedes,30,14/10_al_29/10,1
LITORAL,AAPRESID,Corrientes,Mercedes,30,28/09_al_13/10,0
LITORAL,AAPRESID,Corrientes,Ambrosio,30,3,0
LITORAL,AAPRESID,Corrientes,Ambrosio,30,14/10_al_29/10,0
LITORAL,AAPRESID,Corrientes,Ambrosio,30,28/09_al_13/10,1
LITORAL,AAPRESID,Corrientes,Corrientes,30,3,0
LITORAL,AAPRESID,Corrientes,Corrientes,30,14/10_al_29/10,0
LITORAL,AAPRESID,Corrientes,Corrientes,30,28/09_al_13/10,3
LITORAL,AAPRESID,Corrientes,Bella Vista,30,3,0
LITORAL,AAPRESID,Corrientes,Bella Vista,30,14/10_al_29/10,0
LITORAL,AAPRESID,Corrientes,Bella Vista,30,28/09_al_13/10,8
LITORAL,INTA,Corrientes,Sauce,30,3,20
LITORAL,INTA,Corrientes,Sauce,30,14/10_al_29/10,0
LITORAL,INTA,Corrientes,Sauce,30,28/09_al_13/10,0
CENTRO NORTE,AAPRESID,San Luis,La Toma,30,3,0
CENTRO NORTE,AAPRESID,San Luis,La Toma,30,14/10_al_29/10,0
CENTRO NORTE,AAPRESID,San Luis,La Toma,30,28/09_al_13/10,0
CENTRO NORTE,AAPPCE,Córdoba,Corralito,30,3,0
CENTRO NORTE,AAPPCE,Córdoba,Corralito,30,14/10_al_29/10,0
CENTRO NORTE,AAPPCE,Córdoba,Corralito,30,28/09_al_13/10,1
CENTRO NORTE,AAPPCE,Córdoba,Freyre,30,3,0
CENTRO NORTE,AAPPCE,Córdoba,Freyre,30,14/10_al_29/10,0
CENTRO NORTE,AAPPCE,Córdoba,Freyre,30,28/09_al_13/10,0
CENTRO NORTE,AAPPCE,Córdoba,Morteros,30,3,0
CENTRO NORTE,AAPPCE,Córdoba,Morteros,30,14/10_al_29/10,0
CENTRO NORTE,AAPPCE,Córdoba,Morteros,30,28/09_al_13/10,0
CENTRO NORTE,AAPPCE,Córdoba,Rayo Cortado,30,3,0
CENTRO NORTE,AAPPCE,Córdoba,Rayo Cortado,30,14/10_al_29/10,1
CENTRO NORTE,AAPPCE,Córdoba,Rayo Cortado,30,28/09_al_13/10,0
CENTRO NORTE,AAPPCE,Córdoba,Jesus María,30,3,0
CENTRO NORTE,AAPPCE,Córdoba,Jesus María,30,14/10_al_29/10,0
CENTRO NORTE,AAPPCE,Córdoba,Jesus María,30,28/09_al_13/10,2
CENTRO NORTE,AAPPCE,Córdoba,El Fortín,30,3,0
CENTRO NORTE,AAPPCE,Córdoba,El Fortín,30,14/10_al_29/10,0
CENTRO NORTE,AAPPCE,Córdoba,El Fortín,30,28/09_al_13/10,Trampa perdida
CENTRO NORTE,AAPPCE,Córdoba,Río Ceballos,30,3,0
CENTRO NORTE,AAPPCE,Córdoba,Río Ceballos,30,14/10_al_29/10,2
CENTRO NORTE,AAPPCE,Córdoba,Río Ceballos,30,28/09_al_13/10,2
CENTRO NORTE,AAPRESID,Córdoba,Villa María,30,3,0
CENTRO NORTE,AAPRESID,Córdoba,Villa María,30,14/10_al_29/10,0
CENTRO NORTE,AAPRESID,Córdoba,Villa María,30,28/09_al_13/10,0
CENTRO NORTE,AAPRESID,Córdoba,Cañada de Luque,30,3,0
CENTRO NORTE,AAPRESID,Córdoba,Cañada de Luque,30,14/10_al_29/10,0
CENTRO NORTE,AAPRESID,Córdoba,Cañada de Luque,30,28/09_al_13/10,0
CENTRO NORTE,AAPRESID,Córdoba,Capilla de Sitón,30,3,0
CENTRO NORTE,AAPRESID,Córdoba,Capilla de Sitón,30,14/10_al_29/10,0
CENTRO NORTE,AAPRESID,Córdoba,Capilla de Sitón,30,28/09_al_13/10,1
CENTRO NORTE,AAPRESID,Córdoba,Carrilobo,30,3,0
CENTRO NORTE,AAPRESID,Córdoba,Carrilobo,30,14/10_al_29/10,0
CENTRO NORTE,AAPRESID,Córdoba,Carrilobo,30,28/09_al_13/10,0
CENTRO NORTE,AAPRESID,Córdoba,Devoto,30,3,Sin datos
CENTRO NORTE,AAPRESID,Córdoba,Devoto,30,14/10_al_29/10,0
CENTRO NORTE,AAPRESID,Córdoba,Devoto,30,28/09_al_13/10,0
CENTRO NORTE,AAPRESID,Córdoba,Eufrasio Loza,30,3,Sin datos
CENTRO NORTE,AAPRESID,Córdoba,Eufrasio Loza,30,14/10_al_29/10,0
CENTRO NORTE,AAPRESID,Córdoba,Eufrasio Loza,30,28/09_al_13/10,0
CENTRO NORTE,AAPRESID,Córdoba,Laguna Larga,30,3,0
CENTRO NORTE,AAPRESID,Córdoba,Laguna Larga,30,14/10_al_29/10,0
CENTRO NORTE,AAPRESID,Córdoba,Laguna Larga,30,28/09_al_13/10,Trampa perdida
CENTRO NORTE,AAPRESID,Córdoba,Las Bajadas,30,3,Sin datos
CENTRO NORTE,AAPRESID,Córdoba,Las Bajadas,30,14/10_al_29/10,2
CENTRO NORTE,AAPRESID,Córdoba,Las Bajadas,30,28/09_al_13/10,0
CENTRO NORTE,AAPRESID,Córdoba,Monte del Rosario,30,3,0
CENTRO NORTE,AAPRESID,Córdoba,Monte del Rosario,30,14/10_al_29/10,0
CENTRO NORTE,AAPRESID,Córdoba,Monte del Rosario,30,28/09_al_13/10,0
CENTRO NORTE,AAPRESID,Córdoba,Montecristo,30,3,1
CENTRO NORTE,AAPRESID,Córdoba,Montecristo,30,14/10_al_29/10,0
CENTRO NORTE,AAPRESID,Córdoba,Montecristo,30,28/09_al_13/10,Trampa perdida
CENTRO NORTE,AAPRESID,Córdoba,Obispo trejo,30,3,0
CENTRO NORTE,AAPRESID,Córdoba,Obispo trejo,30,14/10_al_29/10,0
CENTRO NORTE,AAPRESID,Córdoba,Obispo trejo,30,28/09_al_13/10,Sin datos
CENTRO NORTE,AAPRESID,Córdoba,Río Segundo- T1,30,3,0
CENTRO NORTE,AAPRESID,Córdoba,Río Segundo- T1,30,14/10_al_29/10,0
CENTRO NORTE,AAPRESID,Córdoba,Río Segundo- T1,30,28/09_al_13/10,0
CENTRO NORTE,AAPRESID,Córdoba,San Francisco,30,3,0
CENTRO NORTE,AAPRESID,Córdoba,San Francisco,30,14/10_al_29/10,0
CENTRO NORTE,AAPRESID,Córdoba,San Francisco,30,28/09_al_13/10,1
CENTRO NORTE,AAPRESID,Córdoba,Santa Catalina,30,3,0
CENTRO NORTE,AAPRESID,Córdoba,Santa Catalina,30,14/10_al_29/10,0
CENTRO NORTE,AAPRESID,Córdoba,Santa Catalina,30,28/09_al_13/10,0
CENTRO NORTE,AAPRESID,Córdoba,Tancacha,30,3,0
CENTRO NORTE,AAPRESID,Córdoba,Tancacha,30,14/10_al_29/10,0
CENTRO NORTE,AAPRESID,Córdoba,Tancacha,30,28/09_al_13/10,0
CENTRO NORTE,AAPRESID,Córdoba,Villa de Maria,30,3,0
CENTRO NORTE,AAPRESID,Córdoba,Villa de Maria,30,14/10_al_29/10,0
CENTRO NORTE,AAPRESID,Córdoba,Villa de Maria,30,28/09_al_13/10,0
CENTRO NORTE,AAPRESID,Córdoba,Arroyito,30,3,Sin datos
CENTRO NORTE,AAPRESID,Córdoba,Arroyito,30,14/10_al_29/10,0
CENTRO NORTE,AAPRESID,Córdoba,Arroyito,30,28/09_al_13/10,0
CENTRO NORTE,AAPRESID,Córdoba,Villa Sta. Rosa,30,3,0
CENTRO NORTE,AAPRESID,Córdoba,Villa Sta. Rosa,30,14/10_al_29/10,0
CENTRO NORTE,AAPRESID,Córdoba,Villa Sta. Rosa,30,28/09_al_13/10,0
CENTRO NORTE,AAPRESID,Córdoba,Hernando,30,3,Sin datos
CENTRO NORTE,AAPRESID,Córdoba,Hernando,30,14/10_al_29/10,2
CENTRO NORTE,AAPRESID,Córdoba,Hernando,30,28/09_al_13/10,1
CENTRO NORTE,CREA,Córdoba,Piquillín,30,3,0
CENTRO NORTE,CREA,Córdoba,Piquillín,30,14/10_al_29/10,0
CENTRO NORTE,CREA,Córdoba,Piquillín,30,28/09_al_13/10,0
CENTRO SUR,,,Escobas,30,3,0
CENTRO SUR,,,Escobas,30,14/10_al_29/10,Sin datos
CENTRO SUR,,,Escobas,30,28/09_al_13/10,0
CENTRO SUR,CREA,Santa Fe,Cañada Rosquín,30,3,0
CENTRO SUR,CREA,Santa Fe,Cañada Rosquín,30,14/10_al_29/10,0
CENTRO SUR,CREA,Santa Fe,Cañada Rosquín,30,28/09_al_13/10,0
CENTRO SUR,CREA,Santa Fe,El Trébol 4,30,3,0
CENTRO SUR,CREA,Santa Fe,El Trébol 4,30,14/10_al_29/10,0
CENTRO SUR,CREA,Santa Fe,El Trébol 4,30,28/09_al_13/10,Sin datos
CENTRO SUR,INTA,Santa Fe,Centeno,30,3,0
CENTRO SUR,INTA,Santa Fe,Centeno,30,14/10_al_29/10,0
CENTRO SUR,INTA,Santa Fe,Centeno,30,28/09_al_13/10,Trampa perdida
CENTRO SUR,INTA,Santa Fe,Rafaela,30,3,0
CENTRO SUR,INTA,Santa Fe,Rafaela,30,14/10_al_29/10,0
CENTRO SUR,INTA,Santa Fe,Rafaela,30,28/09_al_13/10,0
CENTRO SUR,INTA,Santa Fe,Ceres,30,3,0
CENTRO SUR,INTA,Santa Fe,Ceres,30,14/10_al_29/10,0
CENTRO SUR,INTA,Santa Fe,Ceres,30,28/09_al_13/10,0
CENTRO SUR,INTA,Santa Fe,San Justo,30,3,0
CENTRO SUR,INTA,Santa Fe,San Justo,30,14/10_al_29/10,Trampa perdida
CENTRO SUR,INTA,Santa Fe,San Justo,30,28/09_al_13/10,0
CENTRO SUR,,Santa Fe,Videla,30,14/10_al_29/10,0
CENTRO SUR,,Santa Fe,Videla,30,28/09_al_13/10,0
CENTRO SUR,,Santa Fe,Angelica,30,14/10_al_29/10,0
CENTRO SUR,,Santa Fe,Angelica,30,28/09_al_13/10,0
CENTRO SUR,,Santa Fe,Fraga,30,14/10_al_29/10,0
CENTRO SUR,,Santa Fe,Fraga,30,28/09_al_13/10,0
CENTRO SUR,,Córdoba,San Francisco,30,14/10_al_29/10,0
CENTRO SUR,,Córdoba,San Francisco,30,28/09_al_13/10,0
CENTRO SUR,,Córdoba,Villa Fontana,30,14/10_al_29/10,0
CENTRO SUR,,Córdoba,Villa Fontana,30,28/09_al_13/10,0
CENTRO SUR,,Córdoba,Loma del Trozo,30,14/10_al_29/10,0
CENTRO SUR,,Córdoba,Loma del Trozo,30,28/09_al_13/10,0
CENTRO SUR,,Córdoba,Colonia Marina,30,14/10_al_29/10,0
CENTRO SUR,,Córdoba,Colonia Marina,30,28/09_al_13/10,0
CENTRO SUR,AAPRESID,San Luís,La Angelina,30,3,0
CENTRO SUR,AAPRESID,San Luís,La Angelina,30,14/10_al_29/10,0
CENTRO SUR,AAPRESID,San Luís,La Angelina,30,28/09_al_13/10,0
CENTRO SUR,AAPRESID,San Luís,Nueva Galia,30,3,0
CENTRO SUR,AAPRESID,San Luís,Nueva Galia,30,14/10_al_29/10,0
CENTRO SUR,AAPRESID,San Luís,Nueva Galia,30,28/09_al_13/10,Trampa perdida
CENTRO SUR,CREA,San Luís,Buena Esperanza,30,3,0
CENTRO SUR,CREA,San Luís,Buena Esperanza,30,14/10_al_29/10,0
CENTRO SUR,CREA,San Luís,Buena Esperanza,30,28/09_al_13/10,0
CENTRO SUR,CREA,San Luís,Juan Jorba,30,3,0
CENTRO SUR,CREA,San Luís,Juan Jorba,30,14/10_al_29/10,0
CENTRO SUR,CREA,San Luís,Juan Jorba,30,28/09_al_13/10,0
CENTRO SUR,CREA,San Luis,Naschel,30,3,0
CENTRO SUR,CREA,San Luis,Naschel,30,14/10_al_29/10,0
CENTRO SUR,CREA,San Luis,Naschel,30,28/09_al_13/10,0
CENTRO SUR,INTA,San Luís,San Luis 1,30,3,0
CENTRO SUR,INTA,San Luís,San Luis 1,30,14/10_al_29/10,0
CENTRO SUR,INTA,San Luís,San Luis 1,30,28/09_al_13/10,0
CENTRO SUR,INTA,San Luís,Quines,30,3,0
CENTRO SUR,INTA,San Luís,Quines,30,14/10_al_29/10,0
CENTRO SUR,INTA,San Luís,Quines,30,28/09_al_13/10,0
CENTRO SUR,AAPPCE,Córdoba,Cnel. Baigorria,30,3,0
CENTRO SUR,AAPPCE,Córdoba,Cnel. Baigorria,30,14/10_al_29/10,0
CENTRO SUR,AAPPCE,Córdoba,Cnel. Baigorria,30,28/09_al_13/10,0
CENTRO SUR,AAPPCE,Córdoba,General Roca,30,3,0
CENTRO SUR,AAPPCE,Córdoba,General Roca,30,14/10_al_29/10,0
CENTRO SUR,AAPPCE,Córdoba,General Roca,30,28/09_al_13/10,0
CENTRO SUR,AAPPCE,Córdoba,Gral. Cabrera,30,3,0
CENTRO SUR,AAPPCE,Córdoba,Gral. Cabrera,30,14/10_al_29/10,0
CENTRO SUR,AAPPCE,Córdoba,Gral. Cabrera,30,28/09_al_13/10,0
CENTRO SUR,AAPPCE,Córdoba,La playosa,30,3,0
CENTRO SUR,AAPPCE,Córdoba,La playosa,30,14/10_al_29/10,0
CENTRO SUR,AAPPCE,Córdoba,La playosa,30,28/09_al_13/10,0
CENTRO SUR,AAPPCE,Córdoba,Ordoñez,30,3,0
CENTRO SUR,AAPPCE,Córdoba,Ordoñez,30,14/10_al_29/10,0
CENTRO SUR,AAPPCE,Córdoba,Ordoñez,30,28/09_al_13/10,0
CENTRO SUR,AAPPCE,Córdoba,Tosquita,30,3,0
CENTRO SUR,AAPPCE,Córdoba,Tosquita,30,14/10_al_29/10,0
CENTRO SUR,AAPPCE,Córdoba,Tosquita,30,28/09_al_13/10,0
CENTRO SUR,AAPPCE,Córdoba,Arroyo Cabral,30,3,0
CENTRO SUR,AAPPCE,Córdoba,Arroyo Cabral,30,14/10_al_29/10,0
CENTRO SUR,AAPPCE,Córdoba,Arroyo Cabral,30,28/09_al_13/10,0
CENTRO SUR,AAPPCE,Córdoba,Villa María,30,3,0
CENTRO SUR,AAPPCE,Córdoba,Villa María,30,14/10_al_29/10,0
CENTRO SUR,AAPPCE,Córdoba,Villa María,30,28/09_al_13/10,0
CENTRO SUR,AGTSA,,2025 MERCEDES UY - AGTSA Mercedes,31,14/10_al_29/10,0
CENTRO SUR,AGTSA,,2025 MERCEDES UY - AGTSA Mercedes,31,30/10_al_14/11,0
CENTRO SUR,AGTSA,,2025 MERCEDES UY - AGTSA Mercedes,31,15/11_al_29/11,0
CENTRO SUR,AGTSA,,2025 ACEGUÁ UY - AGTSA Peñarol,31,14/10_al_29/10,0
CENTRO SUR,AGTSA,,2025 ACEGUÁ UY - AGTSA Peñarol,31,30/10_al_14/11,0
CENTRO SUR,AGTSA,,2025 ACEGUÁ UY - AGTSA Peñarol,31,15/11_al_29/11,0
CENTRO SUR,AGTSA,,2025 RINCON DEL PINO - AGTSA Los Arenales,31,14/10_al_29/10,0
CENTRO SUR,AGTSA,,2025 RINCON DEL PINO - AGTSA Los Arenales,31,30/10_al_14/11,0
CENTRO SUR,AGTSA,,2025 RINCON DEL PINO - AGTSA Los Arenales,31,15/11_al_29/11,0
CENTRO SUR,AGTSA,,2025 NUEVA HELVECIA - AGTSA (SAN PEDRO) Nueva Helvecia,31,14/10_al_29/10,0
CENTRO SUR,AGTSA,,2025 NUEVA HELVECIA - AGTSA (SAN PEDRO) Nueva Helvecia,31,30/10_al_14/11,0
CENTRO SUR,AGTSA,,2025 NUEVA HELVECIA - AGTSA (SAN PEDRO) Nueva Helvecia,31,15/11_al_29/11,0
CENTRO SUR,AGTSA,,2025 LAS ARMAS Colonia,31,14/10_al_29/10,0
CENTRO SUR,AGTSA,,2025 LAS ARMAS Colonia,31,30/10_al_14/11,0
CENTRO SUR,AGTSA,,2025 LAS ARMAS Colonia,31,15/11_al_29/11,0
CENTRO SUR,AGTSA,,2025 CORRALITO - AGTSA Palmitas,31,14/10_al_29/10,0
CENTRO SUR,AGTSA,,2025 CORRALITO - AGTSA Palmitas,31,30/10_al_14/11,0
CENTRO SUR,AGTSA,,2025 CORRALITO - AGTSA Palmitas,31,15/11_al_29/11,0
NOA,CREA,Jujuy,EL Carmen,31,3,0
NOA,CREA,Jujuy,EL Carmen,31,14/10_al_29/10,0
NOA,CREA,Jujuy,EL Carmen,31,30/10_al_14/11,0
NOA,CREA,Jujuy,Fraile Pintado,31,3,1
NOA,CREA,Jujuy,Fraile Pintado,31,14/10_al_29/10,Sin datos
NOA,CREA,Jujuy,Fraile Pintado,31,30/10_al_14/11,2
NOA,CREA,Jujuy,Santa Clara,31,3,0
NOA,CREA,Jujuy,Santa Clara,31,14/10_al_29/10,0
NOA,CREA,Jujuy,Santa Clara,31,30/10_al_14/11,0
NOA,INTA,Jujuy,El Bananal,31,3,3
NOA,INTA,Jujuy,El Bananal,31,14/10_al_29/10,111
NOA,INTA,Jujuy,El Bananal,31,30/10_al_14/11,16
NOA,AAPPCE,Salta,Agua Sucia,31,14/10_al_29/10,1
NOA,AAPPCE,Salta,Agua Sucia,31,30/10_al_14/11,5
NOA,AAPPCE,Salta,Rio Piedras,31,14/10_al_29/10,2
NOA,AAPPCE,Salta,Rio Piedras,31,30/10_al_14/11,4
NOA,AAPRESID,Salta,Rivadavia,31,3,3
NOA,AAPRESID,Salta,Rivadavia,31,14/10_al_29/10,3
NOA,AAPRESID,Salta,Rivadavia,31,30/10_al_14/11,0
NOA,AAPRESID,Salta,Piquete Cabado 1,31,3,2
NOA,AAPRESID,Salta,Piquete Cabado 1,31,14/10_al_29/10,0
NOA,AAPRESID,Salta,Piquete Cabado 1,31,30/10_al_14/11,0
NOA,CREA,Salta,Antilla,31,3,0
NOA,CREA,Salta,Antilla,31,14/10_al_29/10,1
NOA,CREA,Salta,Antilla,31,30/10_al_14/11,2
NOA,CREA,Salta,Ballivián,31,3,Sin datos
NOA,CREA,Salta,Ballivián,31,14/10_al_29/10,0
NOA,CREA,Salta,Ballivián,31,30/10_al_14/11,0
NOA,CREA,Salta,Ceibalito,31,3,0
NOA,CREA,Salta,Ceibalito,31,14/10_al_29/10,0
NOA,CREA,Salta,Ceibalito,31,30/10_al_14/11,0
NOA,CREA,Salta,Copo Quiles,31,3,Sin datos
NOA,CREA,Salta,Copo Quiles,31,14/10_al_29/10,0
NOA,CREA,Salta,Copo Quiles,31,30/10_al_14/11,0
NOA,CREA,Salta,El Bordo,31,3,Sin datos
NOA,CREA,Salta,El Bordo,31,14/10_al_29/10,0
NOA,CREA,Salta,El Bordo,31,30/10_al_14/11,0
NOA,CREA,Salta,El Galpón,31,3,8
NOA,CREA,Salta,El Galpón,31,14/10_al_29/10,8
NOA,CREA,Salta,El Galpón,31,30/10_al_14/11,5
NOA,CREA,Salta,El Tunal,31,3,5
NOA,CREA,Salta,El Tunal,31,14/10_al_29/10,3
NOA,CREA,Salta,El Tunal,31,30/10_al_14/11,Sin datos
NOA,CREA,Salta,Embarcación,31,3,Sin datos
NOA,CREA,Salta,Embarcación,31,14/10_al_29/10,0
NOA,CREA,Salta,Embarcación,31,30/10_al_14/11,0
NOA,CREA,Salta,Gral Pizarro,31,3,Sin datos
NOA,CREA,Salta,Gral Pizarro,31,14/10_al_29/10,0
NOA,CREA,Salta,Gral Pizarro,31,30/10_al_14/11,0
NOA,CREA,Salta,Horcones,31,3,Sin datos
NOA,CREA,Salta,Horcones,31,14/10_al_29/10,0
NOA,CREA,Salta,Horcones,31,30/10_al_14/11,0
NOA,CREA,Salta,J V Gonzales,31,3,0
NOA,CREA,Salta,J V Gonzales,31,14/10_al_29/10,0
NOA,CREA,Salta,J V Gonzales,31,30/10_al_14/11,6
NOA,CREA,Salta,Las Lajitas T3,31,3,1
NOA,CREA,Salta,Las Lajitas T3,31,14/10_al_29/10,0
NOA,CREA,Salta,Las Lajitas T3,31,30/10_al_14/11,1
NOA,CREA,Salta,Metan 1,31,3,1
NOA,CREA,Salta,Metan 1,31,14/10_al_29/10,0
NOA,CREA,Salta,Metan 1,31,30/10_al_14/11,0
NOA,CREA,Salta,Metan 2,31,3,1
NOA,CREA,Salta,Metan 2,31,14/10_al_29/10,8
NOA,CREA,Salta,Metan 2,31,30/10_al_14/11,1
NOA,CREA,Salta,Mollinedo,31,3,Sin datos
NOA,CREA,Salta,Mollinedo,31,14/10_al_29/10,0
NOA,CREA,Salta,Mollinedo,31,30/10_al_14/11,1
NOA,CREA,Salta,Mosconi,31,3,0
NOA,CREA,Salta,Mosconi,31,14/10_al_29/10,0
NOA,CREA,Salta,Mosconi,31,30/10_al_14/11,0
NOA,CREA,Salta,Nstra Sra de Talavera,31,3,0
NOA,CREA,Salta,Nstra Sra de Talavera,31,14/10_al_29/10,7
NOA,CREA,Salta,Nstra Sra de Talavera,31,30/10_al_14/11,0
NOA,CREA,Salta,Pichanal,31,3,Sin datos
NOA,CREA,Salta,Pichanal,31,14/10_al_29/10,0
NOA,CREA,Salta,Pichanal,31,30/10_al_14/11,0
NOA,CREA,Salta,Piquete Cabado 2,31,3,1
NOA,CREA,Salta,Piquete Cabado 2,31,14/10_al_29/10,0
NOA,CREA,Salta,Piquete Cabado 2,31,30/10_al_14/11,0
NEA,CREA,Santiago Del Estero,Vinará,31,3,2
NEA,CREA,Santiago Del Estero,Vinará,31,14/10_al_29/10,3
NEA,CREA,Santiago Del Estero,Vinará,31,30/10_al_14/11,0
NEA,CREA,Santiago Del Estero,Termas de Río Hondo,31,3,0
NEA,CREA,Santiago Del Estero,Termas de Río Hondo,31,14/10_al_29/10,0
NEA,CREA,Santiago Del Estero,Termas de Río Hondo,31,30/10_al_14/11,0
NEA,CREA,Santiago Del Estero,Fisco,31,3,Sin datos
NEA,CREA,Santiago Del Estero,Fisco,31,14/10_al_29/10,0
NEA,CREA,Santiago Del Estero,Fisco,31,30/10_al_14/11,Sin datos
NEA,CREA,Catamarca,El Abra,31,3,0
NEA,CREA,Catamarca,El Abra,31,14/10_al_29/10,0
NEA,CREA,Catamarca,El Abra,31,30/10_al_14/11,1
NEA,CREA,Catamarca,Los Altos,31,3,75
NEA,CREA,Catamarca,Los Altos,31,14/10_al_29/10,1
NEA,CREA,Catamarca,Los Altos,31,30/10_al_14/11,94
NEA,CREA,Catamarca,Frias,31,3,1
NEA,CREA,Catamarca,Frias,31,14/10_al_29/10,0
NEA,CREA,Catamarca,Frias,31,30/10_al_14/11,0
NEA,AAPRESID,Chaco,Tres Isletas,31,3,0
NEA,AAPRESID,Chaco,Tres Isletas,31,14/10_al_29/10,8
NEA,AAPRESID,Chaco,Tres Isletas,31,30/10_al_14/11,10
NEA,AAPRESID,Chaco,Pampa del Infierno,31,3,1
NEA,AAPRESID,Chaco,Pampa del Infierno,31,14/10_al_29/10,0
NEA,AAPRESID,Chaco,Pampa del Infierno,31,30/10_al_14/11,0
NEA,AAPRESID,Chaco,"Concepcion del Bermejo
(Estanislao)",31,3,4
NEA,AAPRESID,Chaco,"Concepcion del Bermejo
(Estanislao)",31,14/10_al_29/10,1
NEA,AAPRESID,Chaco,"Concepcion del Bermejo
(Estanislao)",31,30/10_al_14/11,0
NEA,AAPRESID,Chaco,Villa Angela,31,3,12
NEA,AAPRESID,Chaco,Villa Angela,31,14/10_al_29/10,0
NEA,AAPRESID,Chaco,Villa Angela,31,30/10_al_14/11,8
NEA,AAPRESID,Chaco,Las Piedritas,31,3,0
NEA,AAPRESID,Chaco,Las Piedritas,31,14/10_al_29/10,0
NEA,AAPRESID,Chaco,Las Piedritas,31,30/10_al_14/11,1
NEA,INTA,Chaco,Gral. Pinedo,31,3,13
NEA,INTA,Chaco,Gral. Pinedo,31,14/10_al_29/10,4
NEA,INTA,Chaco,Gral. Pinedo,31,30/10_al_14/11,2
NEA,INTA,Chaco,Tres Isletas,31,3,5
NEA,INTA,Chaco,Tres Isletas,31,14/10_al_29/10,11
NEA,INTA,Chaco,Tres Isletas,31,30/10_al_14/11,2
NEA,INTA,Chaco,Pampa del Infierno,31,3,7
NEA,INTA,Chaco,Pampa del Infierno,31,14/10_al_29/10,4
NEA,INTA,Chaco,Pampa del Infierno,31,30/10_al_14/11,2
NEA,INTA,Chaco,Las Breñas,31,3,4
NEA,INTA,Chaco,Las Breñas,31,14/10_al_29/10,0
NEA,INTA,Chaco,Las Breñas,31,30/10_al_14/11,0
NEA,INTA,Chaco,Juan José Castelli,31,3,446
NEA,INTA,Chaco,Juan José Castelli,31,14/10_al_29/10,3
NEA,INTA,Chaco,Juan José Castelli,31,30/10_al_14/11,111
NEA,INTA,Chaco,Sylvina,31,3,4
NEA,INTA,Chaco,Sylvina,31,14/10_al_29/10,Trampa perdida
NEA,INTA,Chaco,Sylvina,31,30/10_al_14/11,0
NEA,INTA,Chaco,Basail,31,3,3
NEA,INTA,Chaco,Basail,31,14/10_al_29/10,0
NEA,INTA,Chaco,Basail,31,30/10_al_14/11,3
NEA,CREA,Chaco,Bajo Hondo,31,3,Sin datos
NEA,CREA,Chaco,Bajo Hondo,31,14/10_al_29/10,0
NEA,CREA,Chaco,Bajo Hondo,31,30/10_al_14/11,1
NEA,CREA,Chaco,Las Piedras,31,3,Sin datos
NEA,CREA,Chaco,Las Piedras,31,14/10_al_29/10,0
NEA,CREA,Chaco,Las Piedras,31,30/10_al_14/11,Sin datos
NEA,CREA,Chaco,San Bernardo,31,3,0
NEA,CREA,Chaco,San Bernardo,31,14/10_al_29/10,0
NEA,CREA,Chaco,San Bernardo,31,30/10_al_14/11,0
NEA,CREA,Chaco,La Montenegrina,31,3,1
NEA,CREA,Chaco,La Montenegrina,31,14/10_al_29/10,0
NEA,CREA,Chaco,La Montenegrina,31,30/10_al_14/11,0
NEA,CREA,Chaco,Santa Teresa Capdevilla,31,3,0
NEA,CREA,Chaco,Santa Teresa Capdevilla,31,14/10_al_29/10,1
NEA,CREA,Chaco,Santa Teresa Capdevilla,31,30/10_al_14/11,3
NEA,CREA,Chaco,Palo blanco,31,3,0
NEA,CREA,Chaco,Palo blanco,31,14/10_al_29/10,1
NEA,CREA,Chaco,Palo blanco,31,30/10_al_14/11,1
NEA,CREA,Chaco,Pampa del Infierno,31,3,1
NEA,CREA,Chaco,Pampa del Infierno,31,14/10_al_29/10,Sin datos
NEA,CREA,Chaco,Pampa del Infierno,31,30/10_al_14/11,0
NEA,CREA,Chaco,Castelli,31,3,4
NEA,CREA,Chaco,Castelli,31,14/10_al_29/10,1
NEA,CREA,Chaco,Castelli,31,30/10_al_14/11,2
NEA,CREA,Chaco,El Tocon Bermejo,31,3,0
NEA,CREA,Chaco,El Tocon Bermejo,31,14/10_al_29/10,1
NEA,CREA,Chaco,El Tocon Bermejo,31,30/10_al_14/11,2
NEA,CREA,Chaco,Charata,31,3,0
NEA,CREA,Chaco,Charata,31,14/10_al_29/10,0
NEA,CREA,Chaco,Charata,31,30/10_al_14/11,0
NEA,CREA,Chaco,Gancedo,31,3,0
NEA,CREA,Chaco,Gancedo,31,14/10_al_29/10,1
NEA,CREA,Chaco,Gancedo,31,30/10_al_14/11,0
NEA,CREA,Chaco,Las Breñas,31,3,0
NEA,CREA,Chaco,Las Breñas,31,14/10_al_29/10,0
NEA,CREA,Chaco,Las Breñas,31,30/10_al_14/11,0
LITORAL,INTA,Santiago Del Estero,Quimilí,31,3,0
LITORAL,INTA,Santiago Del Estero,Quimilí,31,14/10_al_29/10,0
LITORAL,INTA,Santiago Del Estero,Quimilí,31,30/10_al_14/11,0
LITORAL,INTA,Santiago Del Estero,Añatuya,31,3,Trampa perdida
LITORAL,INTA,Santiago Del Estero,Añatuya,31,14/10_al_29/10,0
LITORAL,INTA,Santiago Del Estero,Añatuya,31,30/10_al_14/11,0
LITORAL,INTA,Santiago Del Estero,Malbran,31,14/10_al_29/10,0
LITORAL,INTA,Santiago Del Estero,Malbran,31,30/10_al_14/11,0
LITORAL,INTA,Santiago Del Estero,Pampa de los Guanacos,31,3,0
LITORAL,INTA,Santiago Del Estero,Pampa de los Guanacos,31,14/10_al_29/10,0
LITORAL,INTA,Santiago Del Estero,Pampa de los Guanacos,31,30/10_al_14/11,0
LITORAL,CREA,Santiago Del Estero,Colonia Alpina,31,3,1
LITORAL,CREA,Santiago Del Estero,Colonia Alpina,31,14/10_al_29/10,0
LITORAL,CREA,Santiago Del Estero,Colonia Alpina,31,30/10_al_14/11,0
LITORAL,CREA,Santiago Del Estero,Cuatro Bocas,31,3,0
LITORAL,CREA,Santiago Del Estero,Cuatro Bocas,31,14/10_al_29/10,0
LITORAL,CREA,Santiago Del Estero,Cuatro Bocas,31,30/10_al_14/11,0
LITORAL,CREA,Santiago Del Estero,Puna,31,3,1
LITORAL,CREA,Santiago Del Estero,Puna,31,14/10_al_29/10,0
LITORAL,CREA,Santiago Del Estero,Puna,31,30/10_al_14/11,1
LITORAL,CREA,Santiago Del Estero,Campo del Cielo,31,3,1
LITORAL,CREA,Santiago Del Estero,Campo del Cielo,31,14/10_al_29/10,Sin datos
LITORAL,CREA,Santiago Del Estero,Campo del Cielo,31,30/10_al_14/11,2
LITORAL,CREA,Santiago Del Estero,Lilo Viejo,31,3,Sin datos
LITORAL,CREA,Santiago Del Estero,Lilo Viejo,31,14/10_al_29/10,0
LITORAL,CREA,Santiago Del Estero,Lilo Viejo,31,30/10_al_14/11,0
LITORAL,CREA,Santiago Del Estero,La Rosita,31,3,0
LITORAL,CREA,Santiago Del Estero,La Rosita,31,14/10_al_29/10,0
LITORAL,CREA,Santiago Del Estero,La Rosita,31,30/10_al_14/11,0
LITORAL,CREA,Santiago Del Estero,Girardet,31,3,0
LITORAL,CREA,Santiago Del Estero,Girardet,31,14/10_al_29/10,0
LITORAL,CREA,Santiago Del Estero,Girardet,31,30/10_al_14/11,0
LITORAL,CREA,Santiago Del Estero,Cejolao,31,3,0
LITORAL,CREA,Santiago Del Estero,Cejolao,31,14/10_al_29/10,0
LITORAL,CREA,Santiago Del Estero,Cejolao,31,30/10_al_14/11,0
LITORAL,CREA,Santiago Del Estero,El colorado,31,3,0
LITORAL,CREA,Santiago Del Estero,El colorado,31,14/10_al_29/10,0
LITORAL,CREA,Santiago Del Estero,El colorado,31,30/10_al_14/11,0
LITORAL,CREA,Santiago Del Estero,Casares,31,3,Sin datos
LITORAL,CREA,Santiago Del Estero,Casares,31,14/10_al_29/10,0
LITORAL,CREA,Santiago Del Estero,Casares,31,30/10_al_14/11,Sin datos
LITORAL,CREA,Santiago Del Estero,Desvío La Paloma,31,3,0
LITORAL,CREA,Santiago Del Estero,Desvío La Paloma,31,14/10_al_29/10,0
LITORAL,CREA,Santiago Del Estero,Desvío La Paloma,31,30/10_al_14/11,0
LITORAL,CREA,Santiago Del Estero,Pozo de toba,31,3,0
LITORAL,CREA,Santiago Del Estero,Pozo de toba,31,14/10_al_29/10,0
LITORAL,CREA,Santiago Del Estero,Pozo de toba,31,30/10_al_14/11,0
LITORAL,,Santiago Del Estero,voluntaria Moreno,31,14/10_al_29/10,0
LITORAL,AAPRESID,Corrientes,Mercedes,31,3,13
LITORAL,AAPRESID,Corrientes,Mercedes,31,14/10_al_29/10,1
LITORAL,AAPRESID,Corrientes,Mercedes,31,30/10_al_14/11,6
LITORAL,AAPRESID,Corrientes,Ambrosio,31,3,3
LITORAL,AAPRESID,Corrientes,Ambrosio,31,14/10_al_29/10,0
LITORAL,AAPRESID,Corrientes,Ambrosio,31,30/10_al_14/11,0
LITORAL,AAPRESID,Corrientes,Corrientes,31,3,0
LITORAL,AAPRESID,Corrientes,Corrientes,31,14/10_al_29/10,0
LITORAL,AAPRESID,Corrientes,Corrientes,31,30/10_al_14/11,0
LITORAL,AAPRESID,Corrientes,Bella Vista,31,3,Sin datos
LITORAL,AAPRESID,Corrientes,Bella Vista,31,14/10_al_29/10,0
LITORAL,AAPRESID,Corrientes,Bella Vista,31,30/10_al_14/11,0
LITORAL,INTA,Corrientes,Sauce,31,3,26
LITORAL,INTA,Corrientes,Sauce,31,14/10_al_29/10,0
LITORAL,INTA,Corrientes,Sauce,31,30/10_al_14/11,20
LITORAL,INTA,Corrientes,"Estancia el Rocio
Copra",31,3,10
LITORAL,INTA,Corrientes,"Estancia el Rocio
Copra",31,14/10_al_29/10,2
LITORAL,INTA,Corrientes,"Estancia el Rocio
Copra",31,30/10_al_14/11,1
LITORAL,INTA,Corrientes,Mercedes,31,3,55
LITORAL,INTA,Corrientes,Mercedes,31,14/10_al_29/10,3
LITORAL,INTA,Corrientes,Mercedes,31,30/10_al_14/11,0
LITORAL,INTA,Corrientes,Virasoro,31,3,4
LITORAL,INTA,Corrientes,Virasoro,31,14/10_al_29/10,0
LITORAL,INTA,Corrientes,Virasoro,31,30/10_al_14/11,6
LITORAL,INTA,Corrientes,Goya,31,3,6
LITORAL,INTA,Corrientes,Goya,31,14/10_al_29/10,0
LITORAL,INTA,Corrientes,Goya,31,30/10_al_14/11,3
LITORAL,INTA,Corrientes,Curuzú,31,3,1
LITORAL,INTA,Corrientes,Curuzú,31,14/10_al_29/10,0
LITORAL,INTA,Corrientes,Curuzú,31,30/10_al_14/11,2
LITORAL,INTA,Corrientes,Esquina,31,3,1
LITORAL,INTA,Corrientes,Esquina,31,14/10_al_29/10,0
LITORAL,INTA,Corrientes,Esquina,31,30/10_al_14/11,0
LITORAL,INTA,Corrientes,Monte Caseros,31,14/10_al_29/10,5
LITORAL,INTA,Corrientes,Monte Caseros,31,30/10_al_14/11,1
CENTRO NORTE,AAPPCE,Entre Ríos,Isletas,31,3,0
CENTRO NORTE,AAPPCE,Entre Ríos,Isletas,31,14/10_al_29/10,0
CENTRO NORTE,AAPPCE,Entre Ríos,Isletas,31,30/10_al_14/11,0
CENTRO NORTE,AAPPCE,Entre Ríos,San Salvador,31,14/10_al_29/10,1
CENTRO NORTE,AAPPCE,Entre Ríos,San Salvador,31,30/10_al_14/11,0
CENTRO NORTE,AAPPCE,Entre Ríos,Hinojal,31,3,0
CENTRO NORTE,AAPPCE,Entre Ríos,Hinojal,31,14/10_al_29/10,0
CENTRO NORTE,AAPPCE,Entre Ríos,Hinojal,31,30/10_al_14/11,1
CENTRO NORTE,AAPRESID,Entre Ríos,Viale,31,3,0
CENTRO NORTE,AAPRESID,Entre Ríos,Viale,31,14/10_al_29/10,0
CENTRO NORTE,AAPRESID,Entre Ríos,Viale,31,30/10_al_14/11,0
CENTRO NORTE,AAPRESID,Entre Ríos,Colonia Celina,31,3,1
CENTRO NORTE,AAPRESID,Entre Ríos,Colonia Celina,31,14/10_al_29/10,0
CENTRO NORTE,AAPRESID,Entre Ríos,Colonia Celina,31,30/10_al_14/11,0
CENTRO NORTE,AAPRESID,Entre Ríos,Gualeguay,31,3,0
CENTRO NORTE,AAPRESID,Entre Ríos,Gualeguay,31,14/10_al_29/10,0
CENTRO NORTE,AAPRESID,Entre Ríos,Gualeguay,31,30/10_al_14/11,0
CENTRO NORTE,AAPRESID,Entre Ríos,Paso de las Piedras,31,3,0
CENTRO NORTE,AAPRESID,Entre Ríos,Paso de las Piedras,31,14/10_al_29/10,0
CENTRO NORTE,AAPRESID,Entre Ríos,Paso de las Piedras,31,30/10_al_14/11,0
CENTRO NORTE,AAPRESID,Entre Ríos,Villa Hernandarias,31,3,0
CENTRO NORTE,AAPRESID,Entre Ríos,Villa Hernandarias,31,14/10_al_29/10,0
CENTRO NORTE,AAPRESID,Entre Ríos,Villa Hernandarias,31,30/10_al_14/11,0
CENTRO NORTE,AAPRESID,Entre Ríos,Don Cristobal,31,3,0
CENTRO NORTE,AAPRESID,Entre Ríos,Don Cristobal,31,14/10_al_29/10,0
CENTRO NORTE,AAPRESID,Entre Ríos,Don Cristobal,31,30/10_al_14/11,0
CENTRO NORTE,AAPRESID,Entre Ríos,Crespo,31,3,0
CENTRO NORTE,AAPRESID,Entre Ríos,Crespo,31,14/10_al_29/10,0
CENTRO NORTE,AAPRESID,Entre Ríos,Crespo,31,30/10_al_14/11,0
CENTRO NORTE,CREA,Entre Ríos,Las Garzas,31,3,0
CENTRO NORTE,CREA,Entre Ríos,Las Garzas,31,14/10_al_29/10,0
CENTRO NORTE,CREA,Entre Ríos,Las Garzas,31,30/10_al_14/11,0
CENTRO NORTE,CREA,Entre Ríos,Santa Elena,31,3,4
CENTRO NORTE,CREA,Entre Ríos,Santa Elena,31,14/10_al_29/10,0
CENTRO NORTE,CREA,Entre Ríos,Santa Elena,31,30/10_al_14/11,Sin datos
CENTRO NORTE,CREA,Entre Ríos,La Paz,31,3,3
CENTRO NORTE,CREA,Entre Ríos,La Paz,31,14/10_al_29/10,0
CENTRO NORTE,CREA,Entre Ríos,La Paz,31,30/10_al_14/11,0
CENTRO NORTE,CREA,Entre Ríos,Feliciano,31,3,Sin datos
CENTRO NORTE,CREA,Entre Ríos,Feliciano,31,14/10_al_29/10,0
CENTRO NORTE,CREA,Entre Ríos,Feliciano,31,30/10_al_14/11,0
CENTRO NORTE,CREA,Entre Ríos,Molino Doll,31,3,0
CENTRO NORTE,CREA,Entre Ríos,Molino Doll,31,14/10_al_29/10,0
CENTRO NORTE,CREA,Entre Ríos,Molino Doll,31,30/10_al_14/11,0
CENTRO NORTE,CREA,Entre Ríos,Gualeguaychu,31,3,0
CENTRO NORTE,CREA,Entre Ríos,Gualeguaychu,31,14/10_al_29/10,0
CENTRO NORTE,CREA,Entre Ríos,Gualeguaychu,31,30/10_al_14/11,0
CENTRO NORTE,CREA,Entre Ríos,Gualeguay,31,3,0
CENTRO NORTE,CREA,Entre Ríos,Gualeguay,31,14/10_al_29/10,0
CENTRO NORTE,CREA,Entre Ríos,Gualeguay,31,30/10_al_14/11,0
CENTRO NORTE,CREA,Entre Ríos,Victoria,31,3,0
CENTRO NORTE,CREA,Entre Ríos,Victoria,31,14/10_al_29/10,0
CENTRO NORTE,CREA,Entre Ríos,Victoria,31,30/10_al_14/11,Sin datos
CENTRO NORTE,CREA,Entre Ríos,Arroyo Barú,31,3,0
CENTRO NORTE,CREA,Entre Ríos,Arroyo Barú,31,14/10_al_29/10,0
CENTRO NORTE,CREA,Entre Ríos,Arroyo Barú,31,30/10_al_14/11,Sin datos
CENTRO NORTE,INTA,Entre Ríos,La Paz,31,3,0
CENTRO NORTE,INTA,Entre Ríos,La Paz,31,14/10_al_29/10,0
CENTRO NORTE,INTA,Entre Ríos,La Paz,31,30/10_al_14/11,1
CENTRO NORTE,INTA,Entre Ríos,Nogoya,31,3,0
CENTRO NORTE,INTA,Entre Ríos,Nogoya,31,14/10_al_29/10,0
CENTRO NORTE,INTA,Entre Ríos,Nogoya,31,30/10_al_14/11,0
CENTRO NORTE,INTA,Entre Ríos,Urdinarrain,31,3,0
CENTRO NORTE,INTA,Entre Ríos,Urdinarrain,31,14/10_al_29/10,0
CENTRO NORTE,INTA,Entre Ríos,Urdinarrain,31,30/10_al_14/11,0
CENTRO NORTE,INTA,Entre Ríos,Concepción del,31,3,0
CENTRO NORTE,INTA,Entre Ríos,Concepción del,31,14/10_al_29/10,0
CENTRO NORTE,INTA,Entre Ríos,Concepción del,31,30/10_al_14/11,0
CENTRO NORTE,INTA,Entre Ríos,Diamante,31,3,0
CENTRO NORTE,INTA,Entre Ríos,Diamante,31,14/10_al_29/10,0
CENTRO NORTE,INTA,Entre Ríos,Diamante,31,30/10_al_14/11,0
CENTRO NORTE,INTA,Entre Ríos,Gualeguay,31,3,0
CENTRO NORTE,INTA,Entre Ríos,Gualeguay,31,14/10_al_29/10,0
CENTRO NORTE,INTA,Entre Ríos,Gualeguay,31,30/10_al_14/11,0
CENTRO NORTE,INTA,Entre Ríos,Parana,31,3,0
CENTRO NORTE,INTA,Entre Ríos,Parana,31,14/10_al_29/10,0
CENTRO NORTE,INTA,Entre Ríos,Parana,31,30/10_al_14/11,0
CENTRO NORTE,AAPPCE,Entre Ríos,Villa Mantero,31,14/10_al_29/10,0
CENTRO NORTE,AAPPCE,Entre Ríos,Villa Mantero,31,30/10_al_14/11,0
CENTRO NORTE,AAPPCE,Córdoba,Corralito,31,3,1
CENTRO NORTE,AAPPCE,Córdoba,Corralito,31,14/10_al_29/10,0
CENTRO NORTE,AAPPCE,Córdoba,Corralito,31,30/10_al_14/11,0
CENTRO NORTE,AAPPCE,Córdoba,El Fortín,31,3,0
CENTRO NORTE,AAPPCE,Córdoba,El Fortín,31,14/10_al_29/10,0
CENTRO NORTE,AAPPCE,Córdoba,El Fortín,31,30/10_al_14/11,0
CENTRO SUR,AAPPCE,Buenos Aires,La Violeta,31,3,0
CENTRO SUR,AAPPCE,Buenos Aires,La Violeta,31,14/10_al_29/10,0
CENTRO SUR,AAPPCE,Buenos Aires,La Violeta,31,30/10_al_14/11,0
CENTRO SUR,AAPPCE,Buenos Aires,América,31,3,Trampa perdida
CENTRO SUR,AAPPCE,Buenos Aires,América,31,14/10_al_29/10,0
CENTRO SUR,AAPPCE,Buenos Aires,América,31,30/10_al_14/11,0
CENTRO SUR,AAPPCE,Buenos Aires,Chacabuco,31,3,0
CENTRO SUR,AAPPCE,Buenos Aires,Chacabuco,31,14/10_al_29/10,0
CENTRO SUR,AAPPCE,Buenos Aires,Chacabuco,31,30/10_al_14/11,0
CENTRO SUR,AAPPCE,Buenos Aires,Cnel. Dorrego,31,3,0
CENTRO SUR,AAPPCE,Buenos Aires,Cnel. Dorrego,31,14/10_al_29/10,Trampa perdida
CENTRO SUR,AAPPCE,Buenos Aires,Cnel. Dorrego,31,30/10_al_14/11,0
CENTRO SUR,AAPPCE,Buenos Aires,Coronel Suarez,31,3,0
CENTRO SUR,AAPPCE,Buenos Aires,Coronel Suarez,31,14/10_al_29/10,0
CENTRO SUR,AAPPCE,Buenos Aires,Coronel Suarez,31,30/10_al_14/11,0
CENTRO SUR,AAPPCE,Buenos Aires,Cura Malal,31,3,0
CENTRO SUR,AAPPCE,Buenos Aires,Cura Malal,31,14/10_al_29/10,0
CENTRO SUR,AAPPCE,Buenos Aires,Cura Malal,31,30/10_al_14/11,0
CENTRO SUR,AAPPCE,Buenos Aires,Germania,31,3,0
CENTRO SUR,AAPPCE,Buenos Aires,Germania,31,14/10_al_29/10,0
CENTRO SUR,AAPPCE,Buenos Aires,Germania,31,30/10_al_14/11,0
CENTRO SUR,AAPPCE,Buenos Aires,Gral. Arenales T1,31,3,0
CENTRO SUR,AAPPCE,Buenos Aires,Gral. Arenales T1,31,14/10_al_29/10,0
CENTRO SUR,AAPPCE,Buenos Aires,Gral. Arenales T1,31,30/10_al_14/11,0
CENTRO SUR,AAPPCE,Buenos Aires,Gobernador Castro,31,3,0
CENTRO SUR,AAPPCE,Buenos Aires,Gobernador Castro,31,14/10_al_29/10,0
CENTRO SUR,AAPPCE,Buenos Aires,Gobernador Castro,31,30/10_al_14/11,0
CENTRO SUR,AAPPCE,Buenos Aires,González Moreno,31,3,Trampa perdida
CENTRO SUR,AAPPCE,Buenos Aires,González Moreno,31,14/10_al_29/10,0
CENTRO SUR,AAPPCE,Buenos Aires,González Moreno,31,30/10_al_14/11,0
CENTRO SUR,AAPPCE,Buenos Aires,Guaminí,31,3,0
CENTRO SUR,AAPPCE,Buenos Aires,Guaminí,31,14/10_al_29/10,0
CENTRO SUR,AAPPCE,Buenos Aires,Guaminí,31,30/10_al_14/11,0
CENTRO SUR,AAPPCE,Buenos Aires,Leandro N. Alem,31,3,0
CENTRO SUR,AAPPCE,Buenos Aires,Leandro N. Alem,31,14/10_al_29/10,0
CENTRO SUR,AAPPCE,Buenos Aires,Leandro N. Alem,31,30/10_al_14/11,0
CENTRO SUR,AAPPCE,Buenos Aires,Los Toldos,31,3,0
CENTRO SUR,AAPPCE,Buenos Aires,Los Toldos,31,14/10_al_29/10,0
CENTRO SUR,AAPPCE,Buenos Aires,Los Toldos,31,30/10_al_14/11,0
CENTRO SUR,AAPPCE,Buenos Aires,Morse,31,3,0
CENTRO SUR,AAPPCE,Buenos Aires,Morse,31,14/10_al_29/10,0
CENTRO SUR,AAPPCE,Buenos Aires,Morse,31,30/10_al_14/11,0
CENTRO SUR,AAPPCE,Buenos Aires,Pasman,31,3,0
CENTRO SUR,AAPPCE,Buenos Aires,Pasman,31,14/10_al_29/10,0
CENTRO SUR,AAPPCE,Buenos Aires,Pasman,31,30/10_al_14/11,0
CENTRO SUR,AAPPCE,Buenos Aires,Rafael Obligado,31,14/10_al_29/10,0
CENTRO SUR,AAPPCE,Buenos Aires,Rafael Obligado,31,30/10_al_14/11,Trampa perdida
CENTRO SUR,AAPPCE,Buenos Aires,Florentino Ameghino,31,14/10_al_29/10,0
CENTRO SUR,AAPPCE,Buenos Aires,Florentino Ameghino,31,30/10_al_14/11,0
CENTRO SUR,AAPPCE,Buenos Aires,Roberts,31,3,0
CENTRO SUR,AAPPCE,Buenos Aires,Roberts,31,14/10_al_29/10,0
CENTRO SUR,AAPPCE,Buenos Aires,Roberts,31,30/10_al_14/11,0
CENTRO SUR,AAPPCE,Buenos Aires,Tres Arroyos,31,3,0
CENTRO SUR,AAPPCE,Buenos Aires,Tres Arroyos,31,14/10_al_29/10,0
CENTRO SUR,AAPPCE,Buenos Aires,Tres Arroyos,31,30/10_al_14/11,0
CENTRO SUR,AAPPCE,Buenos Aires,Villa Gral. Savio,31,3,2
CENTRO SUR,AAPPCE,Buenos Aires,Villa Gral. Savio,31,14/10_al_29/10,0
CENTRO SUR,AAPPCE,Buenos Aires,Villa Gral. Savio,31,30/10_al_14/11,0
CENTRO SUR,AAPPCE,Buenos Aires,Inés Indart,31,3,Sin datos
CENTRO SUR,AAPPCE,Buenos Aires,Inés Indart,31,14/10_al_29/10,0
CENTRO SUR,AAPPCE,Buenos Aires,Inés Indart,31,30/10_al_14/11,0
CENTRO SUR,AAPPCE,Buenos Aires,Pirovano,31,3,0
CENTRO SUR,AAPPCE,Buenos Aires,Pirovano,31,14/10_al_29/10,0
CENTRO SUR,AAPPCE,Buenos Aires,Pirovano,31,30/10_al_14/11,0
CENTRO SUR,AAPPCE,Buenos Aires,Pedro Gamen,31,14/10_al_29/10,0
CENTRO SUR,AAPPCE,Buenos Aires,Pedro Gamen,31,30/10_al_14/11,Sin datos
CENTRO SUR,AAPPCE,Buenos Aires,Pigüé,31,3,0
CENTRO SUR,AAPPCE,Buenos Aires,Pigüé,31,14/10_al_29/10,0
CENTRO SUR,AAPPCE,Buenos Aires,Pigüé,31,30/10_al_14/11,0
CENTRO SUR,AAPRESID,Buenos Aires,25 de Mayo Salesiana,31,3,0
CENTRO SUR,AAPRESID,Buenos Aires,25 de Mayo Salesiana,31,14/10_al_29/10,0
CENTRO SUR,AAPRESID,Buenos Aires,25 de Mayo Salesiana,31,30/10_al_14/11,0
CENTRO SUR,AAPRESID,Buenos Aires,Berraondo,31,3,0
CENTRO SUR,AAPRESID,Buenos Aires,Berraondo,31,14/10_al_29/10,0
CENTRO SUR,AAPRESID,Buenos Aires,Berraondo,31,30/10_al_14/11,0
CENTRO SUR,AAPRESID,Buenos Aires,Carhue,31,3,0
CENTRO SUR,AAPRESID,Buenos Aires,Carhue,31,14/10_al_29/10,0
CENTRO SUR,AAPRESID,Buenos Aires,Carhue,31,30/10_al_14/11,0
CENTRO SUR,AGTSA,,2025 MERCEDES UY - AGTSA Mercedes,32,3,0
CENTRO SUR,AGTSA,,2025 MERCEDES UY - AGTSA Mercedes,32,30/10_al_14/11,0
CENTRO SUR,AGTSA,,2025 MERCEDES UY - AGTSA Mercedes,32,15/11_al_29/11,0
CENTRO SUR,AGTSA,,2025 ACEGUÁ UY - AGTSA Peñarol,32,30/10_al_14/11,0
CENTRO SUR,AGTSA,,2025 ACEGUÁ UY - AGTSA Peñarol,32,15/11_al_29/11,0
CENTRO SUR,AGTSA,,2025 RINCON DEL PINO - AGTSA Los Arenales,32,30/10_al_14/11,0
CENTRO SUR,AGTSA,,2025 RINCON DEL PINO - AGTSA Los Arenales,32,15/11_al_29/11,0
CENTRO SUR,AGTSA,,2025 NUEVA HELVECIA - AGTSA (SAN PEDRO) Nueva Helvecia,32,3,0
CENTRO SUR,AGTSA,,2025 NUEVA HELVECIA - AGTSA (SAN PEDRO) Nueva Helvecia,32,30/10_al_14/11,0
CENTRO SUR,AGTSA,,2025 NUEVA HELVECIA - AGTSA (SAN PEDRO) Nueva Helvecia,32,15/11_al_29/11,0
CENTRO SUR,AGTSA,,2025 LAS ARMAS Colonia,32,3,0
CENTRO SUR,AGTSA,,2025 LAS ARMAS Colonia,32,30/10_al_14/11,0
CENTRO SUR,AGTSA,,2025 LAS ARMAS Colonia,32,15/11_al_29/11,0
CENTRO SUR,AGTSA,,2025 CORRALITO - AGTSA Palmitas,32,3,0
CENTRO SUR,AGTSA,,2025 CORRALITO - AGTSA Palmitas,32,30/10_al_14/11,0
CENTRO SUR,AGTSA,,2025 CORRALITO - AGTSA Palmitas,32,15/11_al_29/11,0
CENTRO SUR,AGTSA,,2025 Durazno - AGTSA Durazno,32,3,0
CENTRO SUR,AGTSA,,2025 Durazno - AGTSA Durazno,32,30/10_al_14/11,0
CENTRO SUR,AGTSA,,2025 Durazno - AGTSA Durazno,32,15/11_al_29/11,0
CENTRO SUR,AGTSA,,2025 Young 2 - AGTSA Young,32,3,1
CENTRO SUR,AGTSA,,2025 Young 2 - AGTSA Young,32,30/10_al_14/11,0
CENTRO SUR,AGTSA,,2025 Young 2 - AGTSA Young,32,15/11_al_29/11,0
CENTRO SUR,AGTSA,,2026 Young 1 - AGTSA Young,32,3,0
CENTRO SUR,AGTSA,,2026 Young 1 - AGTSA Young,32,30/10_al_14/11,0
CENTRO SUR,AGTSA,,2026 Young 1 - AGTSA Young,32,15/11_al_29/11,0
NOA,CREA,Jujuy,EL Carmen,32,3,0
NOA,CREA,Jujuy,EL Carmen,32,30/10_al_14/11,0
NOA,CREA,Jujuy,EL Carmen,32,15/11_al_29/11,0
NOA,CREA,Jujuy,Fraile Pintado,32,3,0
NOA,CREA,Jujuy,Fraile Pintado,32,30/10_al_14/11,2
NOA,CREA,Jujuy,Fraile Pintado,32,15/11_al_29/11,1
NOA,CREA,Jujuy,Santa Clara,32,3,0
NOA,CREA,Jujuy,Santa Clara,32,30/10_al_14/11,0
NOA,CREA,Jujuy,Santa Clara,32,15/11_al_29/11,0
NOA,INTA,Jujuy,El Bananal,32,3,3
NOA,INTA,Jujuy,El Bananal,32,30/10_al_14/11,16
NOA,INTA,Jujuy,El Bananal,32,15/11_al_29/11,3
NOA,AAPPCE,Salta,Agua Sucia,32,3,3
NOA,AAPPCE,Salta,Agua Sucia,32,30/10_al_14/11,1
NOA,AAPPCE,Salta,Agua Sucia,32,15/11_al_29/11,5
NOA,AAPPCE,Salta,Rio Piedras,32,3,2
NOA,AAPPCE,Salta,Rio Piedras,32,30/10_al_14/11,2
NOA,AAPPCE,Salta,Rio Piedras,32,15/11_al_29/11,4
NOA,AAPRESID,Salta,Rivadavia,32,3,Sin datos
NOA,AAPRESID,Salta,Rivadavia,32,30/10_al_14/11,0
NOA,AAPRESID,Salta,Rivadavia,32,15/11_al_29/11,3
NOA,AAPRESID,Salta,Piquete Cabado 1,32,3,12
NOA,AAPRESID,Salta,Piquete Cabado 1,32,30/10_al_14/11,0
NOA,AAPRESID,Salta,Piquete Cabado 1,32,15/11_al_29/11,2
NOA,CREA,Salta,Antilla,32,3,2
NOA,CREA,Salta,Antilla,32,30/10_al_14/11,2
NOA,CREA,Salta,Antilla,32,15/11_al_29/11,0
NOA,CREA,Salta,Ballivián,32,3,0
NOA,CREA,Salta,Ballivián,32,30/10_al_14/11,0
NOA,CREA,Salta,Ballivián,32,15/11_al_29/11,Sin datos
NOA,CREA,Salta,Ceibalito,32,3,1
NOA,CREA,Salta,Ceibalito,32,30/10_al_14/11,0
NOA,CREA,Salta,Ceibalito,32,15/11_al_29/11,0
NOA,CREA,Salta,Copo Quiles,32,3,Trampa perdida
NOA,CREA,Salta,Copo Quiles,32,30/10_al_14/11,0
NOA,CREA,Salta,Copo Quiles,32,15/11_al_29/11,Sin datos
NOA,CREA,Salta,El Bordo,32,3,0
NOA,CREA,Salta,El Bordo,32,30/10_al_14/11,0
NOA,CREA,Salta,El Bordo,32,15/11_al_29/11,Sin datos
NOA,CREA,Salta,El Galpón,32,3,8
NOA,CREA,Salta,El Galpón,32,30/10_al_14/11,5
NOA,CREA,Salta,El Galpón,32,15/11_al_29/11,8
NOA,CREA,Salta,El Tunal,32,3,7
NOA,CREA,Salta,El Tunal,32,30/10_al_14/11,Sin datos
NOA,CREA,Salta,El Tunal,32,15/11_al_29/11,5
NOA,CREA,Salta,Embarcación,32,3,0
NOA,CREA,Salta,Embarcación,32,30/10_al_14/11,0
NOA,CREA,Salta,Embarcación,32,15/11_al_29/11,Sin datos
NOA,CREA,Salta,Gral Pizarro,32,3,0
NOA,CREA,Salta,Gral Pizarro,32,30/10_al_14/11,0
NOA,CREA,Salta,Gral Pizarro,32,15/11_al_29/11,Sin datos
NOA,CREA,Salta,Horcones,32,3,1
NOA,CREA,Salta,Horcones,32,30/10_al_14/11,0
NOA,CREA,Salta,Horcones,32,15/11_al_29/11,0
NOA,CREA,Salta,J V Gonzales,32,3,4
NOA,CREA,Salta,J V Gonzales,32,30/10_al_14/11,6
NOA,CREA,Salta,J V Gonzales,32,15/11_al_29/11,0
NOA,CREA,Salta,Las Lajitas T3,32,3,1
NOA,CREA,Salta,Las Lajitas T3,32,30/10_al_14/11,1
NOA,CREA,Salta,Las Lajitas T3,32,15/11_al_29/11,1
NOA,CREA,Salta,Metan 1,32,3,Trampa perdida
NOA,CREA,Salta,Metan 1,32,30/10_al_14/11,0
NOA,CREA,Salta,Metan 1,32,15/11_al_29/11,1
NOA,CREA,Salta,Metan 2,32,3,1
NOA,CREA,Salta,Metan 2,32,30/10_al_14/11,1
NOA,CREA,Salta,Metan 2,32,15/11_al_29/11,1
NOA,CREA,Salta,Mollinedo,32,3,0
NOA,CREA,Salta,Mollinedo,32,30/10_al_14/11,1
NOA,CREA,Salta,Mollinedo,32,15/11_al_29/11,Sin datos
NOA,CREA,Salta,Mosconi,32,3,0
NOA,CREA,Salta,Mosconi,32,30/10_al_14/11,0
NOA,CREA,Salta,Mosconi,32,15/11_al_29/11,0
NOA,CREA,Salta,Nstra Sra de Talavera,32,3,1
NOA,CREA,Salta,Nstra Sra de Talavera,32,30/10_al_14/11,0
NOA,CREA,Salta,Nstra Sra de Talavera,32,15/11_al_29/11,0
NOA,CREA,Salta,Pichanal,32,3,0
NOA,CREA,Salta,Pichanal,32,30/10_al_14/11,0
NOA,CREA,Salta,Pichanal,32,15/11_al_29/11,Sin datos
NOA,CREA,Salta,Piquete Cabado 2,32,3,1
NOA,CREA,Salta,Piquete Cabado 2,32,30/10_al_14/11,0
NOA,CREA,Salta,Piquete Cabado 2,32,15/11_al_29/11,1
NOA,CREA,Salta,Santo Domingo,32,3,3
NOA,CREA,Salta,Santo Domingo,32,30/10_al_14/11,0
NOA,CREA,Salta,Santo Domingo,32,15/11_al_29/11,0
NOA,CREA,Salta,Saravia,32,3,1
NOA,CREA,Salta,Saravia,32,30/10_al_14/11,0
NOA,CREA,Salta,Saravia,32,15/11_al_29/11,0
NOA,CREA,Salta,Tolloche,32,3,0
NOA,CREA,Salta,Tolloche,32,30/10_al_14/11,0
NOA,CREA,Salta,Tolloche,32,15/11_al_29/11,Trampa perdida
NOA,CREA,Salta,Urundel,32,3,0
NOA,CREA,Salta,Urundel,32,30/10_al_14/11,0
NOA,CREA,Salta,Urundel,32,15/11_al_29/11,Sin datos
NOA,INTA,Salta,Metán,32,3,0
NOA,INTA,Salta,Metán,32,30/10_al_14/11,0
NOA,INTA,Salta,Metán,32,15/11_al_29/11,0
NOA,AAPPCE,Tucumán,Tusquita,32,3,0
NOA,AAPPCE,Tucumán,Tusquita,32,30/10_al_14/11,0
NOA,AAPPCE,Tucumán,Tusquita,32,15/11_al_29/11,1
NEA,AAPRESID,Chaco,Tres Isletas,32,3,15
NEA,AAPRESID,Chaco,Tres Isletas,32,30/10_al_14/11,10
NEA,AAPRESID,Chaco,Tres Isletas,32,15/11_al_29/11,17
NEA,AAPRESID,Chaco,Pampa del Infierno,32,3,83
NEA,AAPRESID,Chaco,Pampa del Infierno,32,30/10_al_14/11,0
NEA,AAPRESID,Chaco,Pampa del Infierno,32,15/11_al_29/11,1
NEA,AAPRESID,Chaco,Concepcion del Bermejo,32,3,7
NEA,AAPRESID,Chaco,Concepcion del Bermejo,32,30/10_al_14/11,0
NEA,AAPRESID,Chaco,Concepcion del Bermejo,32,15/11_al_29/11,4
NEA,AAPRESID,Chaco,Villa Angela,32,3,40
NEA,AAPRESID,Chaco,Villa Angela,32,30/10_al_14/11,8
NEA,AAPRESID,Chaco,Villa Angela,32,15/11_al_29/11,12
NEA,AAPRESID,Chaco,Las Piedritas,32,3,5
NEA,AAPRESID,Chaco,Las Piedritas,32,30/10_al_14/11,1
NEA,AAPRESID,Chaco,Las Piedritas,32,15/11_al_29/11,Sin datos
NEA,INTA,Chaco,Gral. Pinedo,32,3,7
NEA,INTA,Chaco,Gral. Pinedo,32,30/10_al_14/11,2
NEA,INTA,Chaco,Gral. Pinedo,32,15/11_al_29/11,13
NEA,INTA,Chaco,Tres Isletas,32,3,3
NEA,INTA,Chaco,Tres Isletas,32,30/10_al_14/11,2
NEA,INTA,Chaco,Tres Isletas,32,15/11_al_29/11,5
NEA,INTA,Chaco,Pampa del Infierno,32,3,9
NEA,INTA,Chaco,Pampa del Infierno,32,30/10_al_14/11,2
NEA,INTA,Chaco,Pampa del Infierno,32,15/11_al_29/11,7
NEA,INTA,Chaco,Las Breñas,32,3,34
NEA,INTA,Chaco,Las Breñas,32,30/10_al_14/11,0
NEA,INTA,Chaco,Las Breñas,32,15/11_al_29/11,4
NEA,INTA,Chaco,Juan José Castelli,32,3,158
NEA,INTA,Chaco,Juan José Castelli,32,30/10_al_14/11,111
NEA,INTA,Chaco,Juan José Castelli,32,15/11_al_29/11,446
NEA,INTA,Chaco,Sylvina,32,3,Trampa perdida
NEA,INTA,Chaco,Sylvina,32,30/10_al_14/11,0
NEA,INTA,Chaco,Sylvina,32,15/11_al_29/11,4
NEA,INTA,Chaco,Basail,32,3,5
NEA,INTA,Chaco,Basail,32,30/10_al_14/11,3
NEA,INTA,Chaco,Basail,32,15/11_al_29/11,3
NEA,CREA,Chaco,Bajo Hondo,32,3,6
NEA,CREA,Chaco,Bajo Hondo,32,30/10_al_14/11,1
NEA,CREA,Chaco,Bajo Hondo,32,15/11_al_29/11,1
NEA,CREA,Chaco,Las Piedras,32,3,0
NEA,CREA,Chaco,Las Piedras,32,30/10_al_14/11,0
NEA,CREA,Chaco,Las Piedras,32,15/11_al_29/11,0
NEA,CREA,Chaco,San Bernardo,32,3,0
NEA,CREA,Chaco,San Bernardo,32,30/10_al_14/11,0
NEA,CREA,Chaco,San Bernardo,32,15/11_al_29/11,0
NEA,CREA,Chaco,La Montenegrina,32,3,0
NEA,CREA,Chaco,La Montenegrina,32,30/10_al_14/11,0
NEA,CREA,Chaco,La Montenegrina,32,15/11_al_29/11,1
NEA,CREA,Chaco,Santa Teresa Capdevilla,32,3,0
NEA,CREA,Chaco,Santa Teresa Capdevilla,32,30/10_al_14/11,3
NEA,CREA,Chaco,Santa Teresa Capdevilla,32,15/11_al_29/11,0
NEA,CREA,Chaco,Palo blanco,32,3,2
NEA,CREA,Chaco,Palo blanco,32,30/10_al_14/11,1
NEA,CREA,Chaco,Palo blanco,32,15/11_al_29/11,0
NEA,CREA,Chaco,Pampa del Infierno,32,3,6
NEA,CREA,Chaco,Pampa del Infierno,32,30/10_al_14/11,0
NEA,CREA,Chaco,Pampa del Infierno,32,15/11_al_29/11,1
NEA,CREA,Chaco,Castelli,32,3,7
NEA,CREA,Chaco,Castelli,32,30/10_al_14/11,2
NEA,CREA,Chaco,Castelli,32,15/11_al_29/11,4
NEA,CREA,Chaco,El Tocon Bermejo,32,3,20
NEA,CREA,Chaco,El Tocon Bermejo,32,30/10_al_14/11,2
NEA,CREA,Chaco,El Tocon Bermejo,32,15/11_al_29/11,0
NEA,CREA,Chaco,Charata,32,3,0
NEA,CREA,Chaco,Charata,32,30/10_al_14/11,0
NEA,CREA,Chaco,Charata,32,15/11_al_29/11,0
NEA,CREA,Chaco,Gancedo,32,3,0
NEA,CREA,Chaco,Gancedo,32,30/10_al_14/11,0
NEA,CREA,Chaco,Gancedo,32,15/11_al_29/11,0
NEA,CREA,Chaco,Las Breñas,32,3,0
NEA,CREA,Chaco,Las Breñas,32,30/10_al_14/11,0
NEA,CREA,Chaco,Las Breñas,32,15/11_al_29/11,0
NEA,,Chaco,Voluntaria Almirante Brown,32,30/10_al_14/11,0
NEA,,Chaco,Voluntaria Almirante Brown,32,15/11_al_29/11,Sin datos
NEA,INTA,Formosa,El colorado,32,3,0
NEA,INTA,Formosa,El colorado,32,30/10_al_14/11,0
NEA,INTA,Formosa,El colorado,32,15/11_al_29/11,0
NEA,INTA,Formosa,Comandante Fontana,32,3,1082
NEA,INTA,Formosa,Comandante Fontana,32,30/10_al_14/11,371
NEA,INTA,Formosa,Comandante Fontana,32,15/11_al_29/11,292
NEA,CREA,Formosa,Gral. M. Belgrano,32,3,Sin datos
NEA,CREA,Formosa,Gral. M. Belgrano,32,30/10_al_14/11,0
NEA,CREA,Formosa,Gral. M. Belgrano,32,15/11_al_29/11,Sin datos
NEA,CREA,Formosa,Perin,32,3,149
NEA,CREA,Formosa,Perin,32,30/10_al_14/11,4
NEA,CREA,Formosa,Perin,32,15/11_al_29/11,5
LITORAL,CREA,Santiago Del Estero,Cuatro Bocas,32,3,Sin datos
LITORAL,CREA,Santiago Del Estero,Cuatro Bocas,32,30/10_al_14/11,0
LITORAL,CREA,Santiago Del Estero,Cuatro Bocas,32,15/11_al_29/11,0
LITORAL,CREA,Santiago Del Estero,Puna,32,3,0
LITORAL,CREA,Santiago Del Estero,Puna,32,30/10_al_14/11,1
LITORAL,CREA,Santiago Del Estero,Puna,32,15/11_al_29/11,1
LITORAL,CREA,Santiago Del Estero,Campo del Cielo,32,3,Sin datos
LITORAL,CREA,Santiago Del Estero,Campo del Cielo,32,30/10_al_14/11,2
LITORAL,CREA,Santiago Del Estero,Campo del Cielo,32,15/11_al_29/11,1
LITORAL,CREA,Santiago Del Estero,Lilo Viejo,32,3,0
LITORAL,CREA,Santiago Del Estero,Lilo Viejo,32,30/10_al_14/11,0
LITORAL,CREA,Santiago Del Estero,Lilo Viejo,32,15/11_al_29/11,0
LITORAL,CREA,Santiago Del Estero,La Rosita,32,3,0
LITORAL,CREA,Santiago Del Estero,La Rosita,32,30/10_al_14/11,0
LITORAL,CREA,Santiago Del Estero,La Rosita,32,15/11_al_29/11,0
LITORAL,CREA,Santiago Del Estero,Girardet,32,3,0
LITORAL,CREA,Santiago Del Estero,Girardet,32,30/10_al_14/11,0
LITORAL,CREA,Santiago Del Estero,Girardet,32,15/11_al_29/11,0
LITORAL,CREA,Santiago Del Estero,Cejolao,32,3,0
LITORAL,CREA,Santiago Del Estero,Cejolao,32,30/10_al_14/11,0
LITORAL,CREA,Santiago Del Estero,Cejolao,32,15/11_al_29/11,0
LITORAL,CREA,Santiago Del Estero,El colorado,32,3,0
LITORAL,CREA,Santiago Del Estero,El colorado,32,30/10_al_14/11,0
LITORAL,CREA,Santiago Del Estero,El colorado,32,15/11_al_29/11,0
LITORAL,CREA,Santiago Del Estero,San Pedro de Guasayán,32,3,1
LITORAL,CREA,Santiago Del Estero,San Pedro de Guasayán,32,30/10_al_14/11,2
LITORAL,CREA,Santiago Del Estero,San Pedro de Guasayán,32,15/11_al_29/11,1
LITORAL,CREA,Santiago Del Estero,Casares,32,3,Sin datos
LITORAL,CREA,Santiago Del Estero,Casares,32,30/10_al_14/11,Sin datos
LITORAL,CREA,Santiago Del Estero,Casares,32,15/11_al_29/11,Sin datos
LITORAL,CREA,Santiago Del Estero,Desvío La Paloma,32,3,0
LITORAL,CREA,Santiago Del Estero,Desvío La Paloma,32,30/10_al_14/11,0
LITORAL,CREA,Santiago Del Estero,Desvío La Paloma,32,15/11_al_29/11,0
LITORAL,,Santiago Del Estero,Voluntaria Moreno,32,30/10_al_14/11,0
LITORAL,,Santiago Del Estero,Voluntaria Moreno,32,15/11_al_29/11,Sin datos
LITORAL,CREA,Santiago Del Estero,Pozo de toba,32,3,Sin datos
LITORAL,CREA,Santiago Del Estero,Pozo de toba,32,30/10_al_14/11,0
LITORAL,CREA,Santiago Del Estero,Pozo de toba,32,15/11_al_29/11,0
LITORAL,AAPRESID,Santiago Del Estero,Otumpa,32,3,0
LITORAL,AAPRESID,Santiago Del Estero,Otumpa,32,30/10_al_14/11,6
LITORAL,AAPRESID,Santiago Del Estero,Otumpa,32,15/11_al_29/11,3
LITORAL,AAPRESID,Santiago Del Estero,Avia Terai,32,30/10_al_14/11,Sin datos
LITORAL,AAPRESID,Santiago Del Estero,Ahí Veremos,32,3,7
LITORAL,AAPRESID,Santiago Del Estero,Ahí Veremos,32,30/10_al_14/11,2
LITORAL,AAPRESID,Santiago Del Estero,Ahí Veremos,32,15/11_al_29/11,0
LITORAL,AAPRESID,Santiago Del Estero,Las Arenas,32,30/10_al_14/11,0
LITORAL,AAPRESID,Santiago Del Estero,Las Arenas,32,15/11_al_29/11,Sin datos
LITORAL,AAPRESID,Santiago Del Estero,El Malacara,32,30/10_al_14/11,0
LITORAL,AAPRESID,Santiago Del Estero,El Malacara,32,15/11_al_29/11,Sin datos
LITORAL,AAPRESID,Santiago Del Estero,Averias,32,30/10_al_14/11,Trampa perdida
LITORAL,AAPRESID,Santiago Del Estero,Bandera 2,32,30/10_al_14/11,0
LITORAL,AAPRESID,Corrientes,Mercedes,32,3,92
LITORAL,AAPRESID,Corrientes,Mercedes,32,30/10_al_14/11,6
LITORAL,AAPRESID,Corrientes,Mercedes,32,15/11_al_29/11,13
LITORAL,AAPRESID,Corrientes,Ambrosio,32,3,0
LITORAL,AAPRESID,Corrientes,Ambrosio,32,30/10_al_14/11,0
LITORAL,AAPRESID,Corrientes,Ambrosio,32,15/11_al_29/11,3
LITORAL,AAPRESID,Corrientes,Corrientes,32,3,0
LITORAL,AAPRESID,Corrientes,Corrientes,32,30/10_al_14/11,0
LITORAL,AAPRESID,Corrientes,Corrientes,32,15/11_al_29/11,0
LITORAL,AAPRESID,Corrientes,Bella Vista,32,3,12
LITORAL,AAPRESID,Corrientes,Bella Vista,32,30/10_al_14/11,0
LITORAL,AAPRESID,Corrientes,Bella Vista,32,15/11_al_29/11,1
LITORAL,INTA,Corrientes,Sauce,32,3,Trampa perdida
LITORAL,INTA,Corrientes,Sauce,32,30/10_al_14/11,20
LITORAL,INTA,Corrientes,Sauce,32,15/11_al_29/11,26
LITORAL,INTA,Corrientes,"Estancia el Rocio
Copra",32,3,19
LITORAL,INTA,Corrientes,"Estancia el Rocio
Copra",32,30/10_al_14/11,1
LITORAL,INTA,Corrientes,"Estancia el Rocio
Copra",32,15/11_al_29/11,10
LITORAL,INTA,Corrientes,Mercedes,32,3,146
LITORAL,INTA,Corrientes,Mercedes,32,30/10_al_14/11,0
LITORAL,INTA,Corrientes,Mercedes,32,15/11_al_29/11,55
LITORAL,INTA,Corrientes,Virasoro,32,3,28
LITORAL,INTA,Corrientes,Virasoro,32,30/10_al_14/11,6
LITORAL,INTA,Corrientes,Virasoro,32,15/11_al_29/11,4
LITORAL,INTA,Corrientes,Goya,32,3,10
LITORAL,INTA,Corrientes,Goya,32,30/10_al_14/11,3
LITORAL,INTA,Corrientes,Goya,32,15/11_al_29/11,6
CENTRO NORTE,AAPPCE,Córdoba,Corralito,32,3,0
CENTRO NORTE,AAPPCE,Córdoba,Corralito,32,30/10_al_14/11,0
CENTRO NORTE,AAPPCE,Córdoba,Corralito,32,15/11_al_29/11,1
CENTRO NORTE,AAPPCE,Córdoba,El Fortín,32,3,0
CENTRO NORTE,AAPPCE,Córdoba,El Fortín,32,30/10_al_14/11,0
CENTRO NORTE,AAPPCE,Córdoba,El Fortín,32,15/11_al_29/11,0
CENTRO NORTE,AAPPCE,Córdoba,Freyre,32,3,0
CENTRO NORTE,AAPPCE,Córdoba,Freyre,32,30/10_al_14/11,0
CENTRO NORTE,AAPPCE,Córdoba,Freyre,32,15/11_al_29/11,0
CENTRO NORTE,AAPPCE,Córdoba,Morteros,32,3,0
CENTRO NORTE,AAPPCE,Córdoba,Morteros,32,30/10_al_14/11,0
CENTRO NORTE,AAPPCE,Córdoba,Morteros,32,15/11_al_29/11,0
CENTRO NORTE,AAPPCE,Córdoba,Rayo Cortado,32,3,1
CENTRO NORTE,AAPPCE,Córdoba,Rayo Cortado,32,30/10_al_14/11,0
CENTRO NORTE,AAPPCE,Córdoba,Rayo Cortado,32,15/11_al_29/11,0
CENTRO NORTE,AAPPCE,Córdoba,Jesus María,32,3,4
CENTRO NORTE,AAPPCE,Córdoba,Jesus María,32,30/10_al_14/11,0
CENTRO NORTE,AAPPCE,Córdoba,Jesus María,32,15/11_al_29/11,1
CENTRO NORTE,AAPRESID,Córdoba,Cañada de Luque,32,3,0
CENTRO NORTE,AAPRESID,Córdoba,Cañada de Luque,32,30/10_al_14/11,0
CENTRO NORTE,AAPRESID,Córdoba,Cañada de Luque,32,15/11_al_29/11,0
CENTRO NORTE,AAPPCE,Córdoba,Río Ceballos,32,3,0
CENTRO NORTE,AAPPCE,Córdoba,Río Ceballos,32,30/10_al_14/11,0
CENTRO NORTE,AAPPCE,Córdoba,Río Ceballos,32,15/11_al_29/11,0
CENTRO NORTE,AAPRESID,Córdoba,Villa María,32,3,Trampa perdida
CENTRO NORTE,AAPRESID,Córdoba,Villa María,32,30/10_al_14/11,0
CENTRO NORTE,AAPRESID,Córdoba,Villa María,32,15/11_al_29/11,Trampa perdida
CENTRO NORTE,AAPRESID,Córdoba,Carrilobo,32,3,0
CENTRO NORTE,AAPRESID,Córdoba,Carrilobo,32,30/10_al_14/11,0
CENTRO NORTE,AAPRESID,Córdoba,Carrilobo,32,15/11_al_29/11,0
CENTRO NORTE,AAPRESID,Córdoba,Capilla de Sitón,32,3,0
CENTRO NORTE,AAPRESID,Córdoba,Capilla de Sitón,32,30/10_al_14/11,0
CENTRO NORTE,AAPRESID,Córdoba,Capilla de Sitón,32,15/11_al_29/11,0
CENTRO NORTE,AAPRESID,Córdoba,Devoto,32,3,0
CENTRO NORTE,AAPRESID,Córdoba,Devoto,32,30/10_al_14/11,Sin datos
CENTRO NORTE,AAPRESID,Córdoba,Devoto,32,15/11_al_29/11,0
CENTRO NORTE,AAPRESID,Córdoba,San Francisco,32,3,1
CENTRO NORTE,AAPRESID,Córdoba,San Francisco,32,30/10_al_14/11,0
CENTRO NORTE,AAPRESID,Córdoba,San Francisco,32,15/11_al_29/11,0
CENTRO NORTE,AAPRESID,Córdoba,Eufrasio Loza,32,3,0
CENTRO NORTE,AAPRESID,Córdoba,Eufrasio Loza,32,30/10_al_14/11,Sin datos
CENTRO NORTE,AAPRESID,Córdoba,Eufrasio Loza,32,15/11_al_29/11,0
CENTRO NORTE,AAPRESID,Córdoba,Laguna Larga,32,3,0
CENTRO NORTE,AAPRESID,Córdoba,Laguna Larga,32,30/10_al_14/11,0
CENTRO NORTE,AAPRESID,Córdoba,Laguna Larga,32,15/11_al_29/11,0
CENTRO NORTE,AAPRESID,Córdoba,Las Bajadas,32,3,1
CENTRO NORTE,AAPRESID,Córdoba,Las Bajadas,32,30/10_al_14/11,0
CENTRO NORTE,AAPRESID,Córdoba,Las Bajadas,32,15/11_al_29/11,1
CENTRO NORTE,AAPRESID,Córdoba,Monte del Rosario,32,3,3
CENTRO NORTE,AAPRESID,Córdoba,Monte del Rosario,32,30/10_al_14/11,0
CENTRO NORTE,AAPRESID,Córdoba,Monte del Rosario,32,15/11_al_29/11,Trampa perdida
CENTRO NORTE,AAPRESID,Córdoba,Montecristo,32,3,0
CENTRO NORTE,AAPRESID,Córdoba,Montecristo,32,30/10_al_14/11,1
CENTRO NORTE,AAPRESID,Córdoba,Montecristo,32,15/11_al_29/11,1
CENTRO NORTE,AAPRESID,Córdoba,Obispo trejo,32,3,1
CENTRO NORTE,AAPRESID,Córdoba,Obispo trejo,32,30/10_al_14/11,0
CENTRO NORTE,AAPRESID,Córdoba,Obispo trejo,32,15/11_al_29/11,0
CENTRO NORTE,AAPRESID,Córdoba,Río Segundo- T1,32,3,0
CENTRO NORTE,AAPRESID,Córdoba,Río Segundo- T1,32,30/10_al_14/11,0
CENTRO NORTE,AAPRESID,Córdoba,Río Segundo- T1,32,15/11_al_29/11,0
CENTRO NORTE,AAPRESID,Córdoba,Arroyito,32,3,0
CENTRO NORTE,AAPRESID,Córdoba,Arroyito,32,30/10_al_14/11,0
CENTRO NORTE,AAPRESID,Córdoba,Arroyito,32,15/11_al_29/11,0
CENTRO NORTE,AAPRESID,Córdoba,Santa Catalina,32,3,0
CENTRO NORTE,AAPRESID,Córdoba,Santa Catalina,32,30/10_al_14/11,0
CENTRO NORTE,AAPRESID,Córdoba,Santa Catalina,32,15/11_al_29/11,0
CENTRO NORTE,AAPRESID,Córdoba,Tancacha,32,3,0
CENTRO NORTE,AAPRESID,Córdoba,Tancacha,32,30/10_al_14/11,0
CENTRO NORTE,AAPRESID,Córdoba,Tancacha,32,15/11_al_29/11,0
CENTRO NORTE,AAPRESID,Córdoba,Villa de Maria,32,3,0
CENTRO NORTE,AAPRESID,Córdoba,Villa de Maria,32,30/10_al_14/11,0
CENTRO NORTE,AAPRESID,Córdoba,Villa de Maria,32,15/11_al_29/11,0
CENTRO NORTE,AAPRESID,Córdoba,Villa Sta. Rosa,32,3,0
CENTRO NORTE,AAPRESID,Córdoba,Villa Sta. Rosa,32,30/10_al_14/11,0
CENTRO NORTE,AAPRESID,Córdoba,Villa Sta. Rosa,32,15/11_al_29/11,0
CENTRO NORTE,CREA,Córdoba,Colonia Tirolesa,32,3,0
CENTRO NORTE,CREA,Córdoba,Colonia Tirolesa,32,30/10_al_14/11,0
CENTRO NORTE,CREA,Córdoba,Colonia Tirolesa,32,15/11_al_29/11,0
CENTRO NORTE,AAPRESID,Córdoba,Hernando,32,3,0
CENTRO NORTE,AAPRESID,Córdoba,Hernando,32,30/10_al_14/11,0
CENTRO NORTE,AAPRESID,Córdoba,Hernando,32,15/11_al_29/11,0
CENTRO NORTE,CREA,Córdoba,Piquillín,32,3,0
CENTRO NORTE,CREA,Córdoba,Piquillín,32,30/10_al_14/11,0
CENTRO NORTE,CREA,Córdoba,Piquillín,32,15/11_al_29/11,0
CENTRO NORTE,CREA,Córdoba,Las Chilcas,32,3,0
CENTRO NORTE,CREA,Córdoba,Las Chilcas,32,30/10_al_14/11,0
CENTRO NORTE,CREA,Córdoba,Las Chilcas,32,15/11_al_29/11,0
CENTRO NORTE,CREA,Córdoba,Sebastián el Cano,32,3,Sin datos
CENTRO NORTE,CREA,Córdoba,Sebastián el Cano,32,30/10_al_14/11,0
CENTRO NORTE,CREA,Córdoba,Sebastián el Cano,32,15/11_al_29/11,0
CENTRO NORTE,CREA,Córdoba,El Tío,32,3,0
CENTRO NORTE,CREA,Córdoba,El Tío,32,30/10_al_14/11,0
CENTRO NORTE,CREA,Córdoba,El Tío,32,15/11_al_29/11,0
CENTRO SUR,INTA,Santa Fe,Centeno,32,3,0
CENTRO SUR,INTA,Santa Fe,Centeno,32,30/10_al_14/11,0
CENTRO SUR,INTA,Santa Fe,Centeno,32,15/11_al_29/11,0
CENTRO SUR,AAPRESID,Santa Fe,Videla,32,3,Sin datos
CENTRO SUR,AAPRESID,Santa Fe,Videla,32,30/10_al_14/11,1
CENTRO SUR,AAPRESID,Santa Fe,Videla,32,15/11_al_29/11,2
CENTRO SUR,INTA,Santa Fe,Rafaela,32,3,0
CENTRO SUR,INTA,Santa Fe,Rafaela,32,30/10_al_14/11,0
CENTRO SUR,INTA,Santa Fe,Rafaela,32,15/11_al_29/11,0
CENTRO SUR,INTA,Santa Fe,Ceres,32,3,0
CENTRO SUR,INTA,Santa Fe,Ceres,32,30/10_al_14/11,0
CENTRO SUR,INTA,Santa Fe,Ceres,32,15/11_al_29/11,0
CENTRO SUR,INTA,Santa Fe,San Justo,32,3,0
CENTRO SUR,INTA,Santa Fe,San Justo,32,30/10_al_14/11,0
CENTRO SUR,INTA,Santa Fe,San Justo,32,15/11_al_29/11,0
CENTRO SUR,,Santa Fe,voluntarias Angelica,32,3,0
CENTRO SUR,,Santa Fe,voluntarias Angelica,32,30/10_al_14/11,0
CENTRO SUR,,Santa Fe,voluntarias Angelica,32,15/11_al_29/11,0
CENTRO SUR,,Santa Fe,voluntarias Fraga,32,3,0
CENTRO SUR,,Santa Fe,voluntarias Fraga,32,30/10_al_14/11,0
CENTRO SUR,,Santa Fe,voluntarias Fraga,32,15/11_al_29/11,0
CENTRO SUR,AAPRESID,Santa Fe,Naré,32,30/10_al_14/11,0
CENTRO SUR,AAPPCE,Buenos Aires,La Violeta,32,3,0
CENTRO SUR,AAPPCE,Buenos Aires,La Violeta,32,30/10_al_14/11,0
CENTRO SUR,AAPPCE,Buenos Aires,La Violeta,32,15/11_al_29/11,0
CENTRO SUR,AAPPCE,Buenos Aires,América,32,3,0
CENTRO SUR,AAPPCE,Buenos Aires,América,32,30/10_al_14/11,0
CENTRO SUR,AAPPCE,Buenos Aires,América,32,15/11_al_29/11,Trampa perdida
CENTRO SUR,AAPPCE,Buenos Aires,Chacabuco,32,3,0
CENTRO SUR,AAPPCE,Buenos Aires,Chacabuco,32,30/10_al_14/11,0
CENTRO SUR,AAPPCE,Buenos Aires,Chacabuco,32,15/11_al_29/11,0
CENTRO SUR,AAPPCE,Buenos Aires,Cnel. Dorrego,32,3,0
CENTRO SUR,AAPPCE,Buenos Aires,Cnel. Dorrego,32,30/10_al_14/11,0
CENTRO SUR,AAPPCE,Buenos Aires,Cnel. Dorrego,32,15/11_al_29/11,0
CENTRO SUR,AAPPCE,Buenos Aires,Coronel Suarez,32,3,0
CENTRO SUR,AAPPCE,Buenos Aires,Coronel Suarez,32,30/10_al_14/11,0
CENTRO SUR,AAPPCE,Buenos Aires,Coronel Suarez,32,15/11_al_29/11,0
CENTRO SUR,AAPPCE,Buenos Aires,Cura Malal,32,3,0
CENTRO SUR,AAPPCE,Buenos Aires,Cura Malal,32,30/10_al_14/11,0
CENTRO SUR,AAPPCE,Buenos Aires,Cura Malal,32,15/11_al_29/11,0
CENTRO SUR,AAPPCE,Buenos Aires,Germania,32,3,0
CENTRO SUR,AAPPCE,Buenos Aires,Germania,32,30/10_al_14/11,0
CENTRO SUR,AAPPCE,Buenos Aires,Germania,32,15/11_al_29/11,0
CENTRO SUR,AAPPCE,Buenos Aires,Gral. Arenales T1,32,3,0
CENTRO SUR,AAPPCE,Buenos Aires,Gral. Arenales T1,32,30/10_al_14/11,0
CENTRO SUR,AAPPCE,Buenos Aires,Gral. Arenales T1,32,15/11_al_29/11,0
CENTRO SUR,AAPPCE,Buenos Aires,Gobernador Castro,32,3,0
CENTRO SUR,AAPPCE,Buenos Aires,Gobernador Castro,32,30/10_al_14/11,0
CENTRO SUR,AAPPCE,Buenos Aires,Gobernador Castro,32,15/11_al_29/11,0
CENTRO SUR,AAPPCE,Buenos Aires,González Moreno,32,3,0
CENTRO SUR,AAPPCE,Buenos Aires,González Moreno,32,30/10_al_14/11,0
CENTRO SUR,AAPPCE,Buenos Aires,González Moreno,32,15/11_al_29/11,Trampa perdida
CENTRO SUR,AAPPCE,Buenos Aires,Guaminí,32,3,0
CENTRO SUR,AAPPCE,Buenos Aires,Guaminí,32,30/10_al_14/11,0
CENTRO SUR,AAPPCE,Buenos Aires,Guaminí,32,15/11_al_29/11,0
CENTRO SUR,AAPPCE,Buenos Aires,Leandro N. Alem,32,3,0
CENTRO SUR,AAPPCE,Buenos Aires,Leandro N. Alem,32,30/10_al_14/11,0
CENTRO SUR,AAPPCE,Buenos Aires,Leandro N. Alem,32,15/11_al_29/11,0
CENTRO SUR,AAPPCE,Buenos Aires,Los Toldos,32,3,0
CENTRO SUR,AAPPCE,Buenos Aires,Los Toldos,32,30/10_al_14/11,0
CENTRO SUR,AAPPCE,Buenos Aires,Los Toldos,32,15/11_al_29/11,0
CENTRO SUR,AAPPCE,Buenos Aires,Morse,32,3,0
CENTRO SUR,AAPPCE,Buenos Aires,Morse,32,30/10_al_14/11,0
CENTRO SUR,AAPPCE,Buenos Aires,Morse,32,15/11_al_29/11,0
CENTRO SUR,AAPPCE,Buenos Aires,Pasman,32,3,0
CENTRO SUR,AAPPCE,Buenos Aires,Pasman,32,30/10_al_14/11,0
CENTRO SUR,AAPPCE,Buenos Aires,Pasman,32,15/11_al_29/11,0
CENTRO SUR,AAPPCE,Buenos Aires,Rafael Obligado,32,3,0
CENTRO SUR,AAPPCE,Buenos Aires,Rafael Obligado,32,30/10_al_14/11,0
CENTRO SUR,AAPPCE,Buenos Aires,Rafael Obligado,32,15/11_al_29/11,Trampa perdida
CENTRO SUR,AAPPCE,Buenos Aires,Florentino Ameghino,32,3,0
CENTRO SUR,AAPPCE,Buenos Aires,Florentino Ameghino,32,30/10_al_14/11,0
CENTRO SUR,AAPPCE,Buenos Aires,Florentino Ameghino,32,15/11_al_29/11,0
CENTRO SUR,AAPPCE,Buenos Aires,Roberts,32,3,0
CENTRO SUR,AAPPCE,Buenos Aires,Roberts,32,30/10_al_14/11,0
CENTRO SUR,AAPPCE,Buenos Aires,Roberts,32,15/11_al_29/11,0
CENTRO SUR,AAPPCE,Buenos Aires,Tres Arroyos,32,3,0
CENTRO SUR,AAPPCE,Buenos Aires,Tres Arroyos,32,30/10_al_14/11,0
CENTRO SUR,AAPPCE,Buenos Aires,Tres Arroyos,32,15/11_al_29/11,0
CENTRO SUR,AAPPCE,Buenos Aires,Villa Gral. Savio,32,3,0
CENTRO SUR,AAPPCE,Buenos Aires,Villa Gral. Savio,32,30/10_al_14/11,0
CENTRO SUR,AAPPCE,Buenos Aires,Villa Gral. Savio,32,15/11_al_29/11,2
CENTRO SUR,AAPPCE,Buenos Aires,Inés Indart,32,3,0
CENTRO SUR,AAPPCE,Buenos Aires,Inés Indart,32,30/10_al_14/11,0
CENTRO SUR,AAPPCE,Buenos Aires,Inés Indart,32,15/11_al_29/11,0
CENTRO SUR,AGTSA,,2025 MERCEDES UY - AGTSA Mercedes,33,3,0
CENTRO SUR,AGTSA,,2025 MERCEDES UY - AGTSA Mercedes,33,15/11_al_29/11,0
CENTRO SUR,AGTSA,,2025 MERCEDES UY - AGTSA Mercedes,33,30/11_al_15/12,0
CENTRO SUR,AGTSA,,2025 ACEGUÁ UY - AGTSA Peñarol,33,15/11_al_29/11,0
CENTRO SUR,AGTSA,,2025 RINCON DEL PINO - AGTSA Los Arenales,33,15/11_al_29/11,0
CENTRO SUR,AGTSA,,2025 NUEVA HELVECIA - AGTSA (SAN PEDRO) Nueva Helvecia,33,3,0
CENTRO SUR,AGTSA,,2025 NUEVA HELVECIA - AGTSA (SAN PEDRO) Nueva Helvecia,33,15/11_al_29/11,0
CENTRO SUR,AGTSA,,2025 NUEVA HELVECIA - AGTSA (SAN PEDRO) Nueva Helvecia,33,30/11_al_15/12,0
CENTRO SUR,AGTSA,,2025 LAS ARMAS Colonia,33,3,0
CENTRO SUR,AGTSA,,2025 LAS ARMAS Colonia,33,15/11_al_29/11,0
CENTRO SUR,AGTSA,,2025 LAS ARMAS Colonia,33,30/11_al_15/12,0
CENTRO SUR,AGTSA,,2025 CORRALITO - AGTSA Palmitas,33,3,0
CENTRO SUR,AGTSA,,2025 CORRALITO - AGTSA Palmitas,33,15/11_al_29/11,0
CENTRO SUR,AGTSA,,2025 CORRALITO - AGTSA Palmitas,33,30/11_al_15/12,0
CENTRO SUR,AGTSA,,2025 Durazno - AGTSA Durazno,33,3,0
CENTRO SUR,AGTSA,,2025 Durazno - AGTSA Durazno,33,15/11_al_29/11,0
CENTRO SUR,AGTSA,,2025 Durazno - AGTSA Durazno,33,30/11_al_15/12,0
CENTRO SUR,AGTSA,,2025 Young 2 - AGTSA Young,33,15/11_al_29/11,0
CENTRO SUR,AGTSA,,2025 Young 2 - AGTSA Young,33,30/11_al_15/12,1
CENTRO SUR,AGTSA,,2026 Young 1 - AGTSA Young,33,15/11_al_29/11,0
CENTRO SUR,AGTSA,,2026 Young 1 - AGTSA Young,33,30/11_al_15/12,0
NOA,CREA,Jujuy,EL Carmen,33,3,0
NOA,CREA,Jujuy,EL Carmen,33,15/11_al_29/11,0
NOA,CREA,Jujuy,EL Carmen,33,30/11_al_15/12,0
NOA,CREA,Jujuy,Fraile Pintado,33,3,0
NOA,CREA,Jujuy,Fraile Pintado,33,15/11_al_29/11,1
NOA,CREA,Jujuy,Fraile Pintado,33,30/11_al_15/12,0
NOA,CREA,Jujuy,Santa Clara,33,3,0
NOA,CREA,Jujuy,Santa Clara,33,15/11_al_29/11,0
NOA,CREA,Jujuy,Santa Clara,33,30/11_al_15/12,0
NOA,INTA,Jujuy,El Bananal,33,3,2
NOA,INTA,Jujuy,El Bananal,33,15/11_al_29/11,3
NOA,INTA,Jujuy,El Bananal,33,30/11_al_15/12,3
NOA,AAPPCE,Salta,Agua Sucia,33,3,Sin datos
NOA,AAPPCE,Salta,Agua Sucia,33,15/11_al_29/11,5
NOA,AAPPCE,Salta,Agua Sucia,33,30/11_al_15/12,3
NOA,AAPPCE,Salta,Rio Piedras,33,3,Sin datos
NOA,AAPPCE,Salta,Rio Piedras,33,15/11_al_29/11,4
NOA,AAPPCE,Salta,Rio Piedras,33,30/11_al_15/12,2
NOA,AAPRESID,Salta,Rivadavia,33,3,Trampa perdida
NOA,AAPRESID,Salta,Rivadavia,33,15/11_al_29/11,3
NOA,AAPRESID,Salta,Rivadavia,33,30/11_al_15/12,Sin datos
NOA,AAPRESID,Salta,Piquete Cabado 1,33,3,12
NOA,AAPRESID,Salta,Piquete Cabado 1,33,15/11_al_29/11,2
NOA,AAPRESID,Salta,Piquete Cabado 1,33,30/11_al_15/12,12
NOA,CREA,Salta,Antilla,33,3,2
NOA,CREA,Salta,Antilla,33,15/11_al_29/11,0
NOA,CREA,Salta,Antilla,33,30/11_al_15/12,2
NOA,CREA,Salta,Ballivián,33,3,0
NOA,CREA,Salta,Ballivián,33,15/11_al_29/11,Sin datos
NOA,CREA,Salta,Ballivián,33,30/11_al_15/12,0
NOA,CREA,Salta,Ceibalito,33,3,0
NOA,CREA,Salta,Ceibalito,33,15/11_al_29/11,0
NOA,CREA,Salta,Ceibalito,33,30/11_al_15/12,1
NOA,CREA,Salta,Copo Quiles,33,3,0
NOA,CREA,Salta,Copo Quiles,33,15/11_al_29/11,Sin datos
NOA,CREA,Salta,Copo Quiles,33,30/11_al_15/12,Trampa perdida
NOA,CREA,Salta,El Bordo,33,3,0
NOA,CREA,Salta,El Bordo,33,15/11_al_29/11,Sin datos
NOA,CREA,Salta,El Bordo,33,30/11_al_15/12,0
NOA,CREA,Salta,El Galpón,33,3,8
NOA,CREA,Salta,El Galpón,33,15/11_al_29/11,8
NOA,CREA,Salta,El Galpón,33,30/11_al_15/12,8
NOA,CREA,Salta,El Tunal,33,3,7
NOA,CREA,Salta,El Tunal,33,15/11_al_29/11,5
NOA,CREA,Salta,El Tunal,33,30/11_al_15/12,7
NOA,CREA,Salta,Embarcación,33,3,0
NOA,CREA,Salta,Embarcación,33,15/11_al_29/11,Sin datos
NOA,CREA,Salta,Embarcación,33,30/11_al_15/12,0
NOA,CREA,Salta,Gral Pizarro,33,3,0
NOA,CREA,Salta,Gral Pizarro,33,15/11_al_29/11,Sin datos
NOA,CREA,Salta,Gral Pizarro,33,30/11_al_15/12,0
NOA,CREA,Salta,Horcones,33,3,0
NOA,CREA,Salta,Horcones,33,15/11_al_29/11,0
NOA,CREA,Salta,Horcones,33,30/11_al_15/12,1
NOA,CREA,Salta,J V Gonzales,33,3,0
NOA,CREA,Salta,J V Gonzales,33,15/11_al_29/11,0
NOA,CREA,Salta,J V Gonzales,33,30/11_al_15/12,4
NOA,CREA,Salta,Las Lajitas T3,33,3,1
NOA,CREA,Salta,Las Lajitas T3,33,15/11_al_29/11,1
NOA,CREA,Salta,Las Lajitas T3,33,30/11_al_15/12,1
NOA,CREA,Salta,Metan 1,33,3,0
NOA,CREA,Salta,Metan 1,33,15/11_al_29/11,1
NOA,CREA,Salta,Metan 1,33,30/11_al_15/12,Trampa perdida
NOA,CREA,Salta,Metan 2,33,3,1
NOA,CREA,Salta,Metan 2,33,15/11_al_29/11,1
NOA,CREA,Salta,Metan 2,33,30/11_al_15/12,1
NOA,CREA,Salta,Mollinedo,33,3,1
NOA,CREA,Salta,Mollinedo,33,15/11_al_29/11,Sin datos
NOA,CREA,Salta,Mollinedo,33,30/11_al_15/12,0
NOA,CREA,Salta,Mosconi,33,3,0
NOA,CREA,Salta,Mosconi,33,15/11_al_29/11,0
NOA,CREA,Salta,Mosconi,33,30/11_al_15/12,0
NOA,CREA,Salta,Nstra Sra de Talavera,33,3,0
NOA,CREA,Salta,Nstra Sra de Talavera,33,15/11_al_29/11,0
NOA,CREA,Salta,Nstra Sra de Talavera,33,30/11_al_15/12,1
NOA,CREA,Salta,Pichanal,33,3,0
NOA,CREA,Salta,Pichanal,33,15/11_al_29/11,Sin datos
NOA,CREA,Salta,Pichanal,33,30/11_al_15/12,0
NOA,CREA,Salta,Piquete Cabado 2,33,3,2
NOA,CREA,Salta,Piquete Cabado 2,33,15/11_al_29/11,1
NOA,CREA,Salta,Piquete Cabado 2,33,30/11_al_15/12,1
NEA,AAPRESID,Chaco,Tres Isletas,33,3,15
NEA,AAPRESID,Chaco,Tres Isletas,33,15/11_al_29/11,17
NEA,AAPRESID,Chaco,Tres Isletas,33,30/11_al_15/12,15
NEA,AAPRESID,Chaco,Pampa del Infierno,33,3,Trampa perdida
NEA,AAPRESID,Chaco,Pampa del Infierno,33,15/11_al_29/11,1
NEA,AAPRESID,Chaco,Pampa del Infierno,33,30/11_al_15/12,83
NEA,AAPRESID,Chaco,Concepcion del Bermejo,33,3,Sin datos
NEA,AAPRESID,Chaco,Concepcion del Bermejo,33,15/11_al_29/11,4
NEA,AAPRESID,Chaco,Concepcion del Bermejo,33,30/11_al_15/12,7
NEA,AAPRESID,Chaco,Villa Angela,33,3,28
NEA,AAPRESID,Chaco,Villa Angela,33,15/11_al_29/11,12
NEA,AAPRESID,Chaco,Villa Angela,33,30/11_al_15/12,40
NEA,AAPRESID,Chaco,Las Piedritas,33,3,0
NEA,AAPRESID,Chaco,Las Piedritas,33,15/11_al_29/11,Sin datos
NEA,AAPRESID,Chaco,Las Piedritas,33,30/11_al_15/12,5
NEA,INTA,Chaco,Gral. Pinedo,33,3,9
NEA,INTA,Chaco,Gral. Pinedo,33,15/11_al_29/11,13
NEA,INTA,Chaco,Gral. Pinedo,33,30/11_al_15/12,7
NEA,INTA,Chaco,Tres Isletas,33,3,4
NEA,INTA,Chaco,Tres Isletas,33,15/11_al_29/11,5
NEA,INTA,Chaco,Tres Isletas,33,30/11_al_15/12,3
NEA,INTA,Chaco,Pampa del Infierno,33,3,10
NEA,INTA,Chaco,Pampa del Infierno,33,15/11_al_29/11,7
NEA,INTA,Chaco,Pampa del Infierno,33,30/11_al_15/12,9
NEA,INTA,Chaco,Las Breñas,33,3,9
NEA,INTA,Chaco,Las Breñas,33,15/11_al_29/11,4
NEA,INTA,Chaco,Las Breñas,33,30/11_al_15/12,34
NEA,INTA,Chaco,Juan José Castelli,33,3,32
NEA,INTA,Chaco,Juan José Castelli,33,15/11_al_29/11,446
NEA,INTA,Chaco,Juan José Castelli,33,30/11_al_15/12,158
NEA,INTA,Chaco,Sylvina,33,3,1
NEA,INTA,Chaco,Sylvina,33,15/11_al_29/11,4
NEA,INTA,Chaco,Sylvina,33,30/11_al_15/12,Trampa perdida
NEA,INTA,Chaco,Basail,33,3,4
NEA,INTA,Chaco,Basail,33,15/11_al_29/11,3
NEA,INTA,Chaco,Basail,33,30/11_al_15/12,5
NEA,CREA,Chaco,Bajo Hondo,33,3,83
NEA,CREA,Chaco,Bajo Hondo,33,15/11_al_29/11,1
NEA,CREA,Chaco,Bajo Hondo,33,30/11_al_15/12,6
NEA,CREA,Chaco,Las Piedras,33,3,0
NEA,CREA,Chaco,Las Piedras,33,15/11_al_29/11,0
NEA,CREA,Chaco,Las Piedras,33,30/11_al_15/12,0
NEA,CREA,Chaco,San Bernardo,33,3,0
NEA,CREA,Chaco,San Bernardo,33,15/11_al_29/11,0
NEA,CREA,Chaco,San Bernardo,33,30/11_al_15/12,0
NEA,CREA,Chaco,La Montenegrina,33,3,1
NEA,CREA,Chaco,La Montenegrina,33,15/11_al_29/11,1
NEA,CREA,Chaco,La Montenegrina,33,30/11_al_15/12,0
NEA,CREA,Chaco,Santa Teresa Capdevilla,33,3,0
NEA,CREA,Chaco,Santa Teresa Capdevilla,33,15/11_al_29/11,0
NEA,CREA,Chaco,Santa Teresa Capdevilla,33,30/11_al_15/12,0
NEA,CREA,Chaco,Palo blanco,33,3,5
NEA,CREA,Chaco,Palo blanco,33,15/11_al_29/11,0
NEA,CREA,Chaco,Palo blanco,33,30/11_al_15/12,2
NEA,CREA,Chaco,Pampa del Infierno,33,3,147
NEA,CREA,Chaco,Pampa del Infierno,33,15/11_al_29/11,1
NEA,CREA,Chaco,Pampa del Infierno,33,30/11_al_15/12,6
NEA,CREA,Chaco,Castelli,33,3,54
NEA,CREA,Chaco,Castelli,33,15/11_al_29/11,4
NEA,CREA,Chaco,Castelli,33,30/11_al_15/12,7
NEA,CREA,Chaco,El Tocon Bermejo,33,3,54
NEA,CREA,Chaco,El Tocon Bermejo,33,15/11_al_29/11,0
NEA,CREA,Chaco,El Tocon Bermejo,33,30/11_al_15/12,20
NEA,CREA,Chaco,Charata,33,3,0
NEA,CREA,Chaco,Charata,33,15/11_al_29/11,0
NEA,CREA,Chaco,Charata,33,30/11_al_15/12,0
NEA,CREA,Chaco,Gancedo,33,3,0
NEA,CREA,Chaco,Gancedo,33,15/11_al_29/11,0
NEA,CREA,Chaco,Gancedo,33,30/11_al_15/12,0
NEA,CREA,Chaco,Las Breñas,33,3,0
NEA,CREA,Chaco,Las Breñas,33,15/11_al_29/11,0
NEA,CREA,Chaco,Las Breñas,33,30/11_al_15/12,0
NEA,,Chaco,Voluntaria Almirante Brown,33,3,Sin datos
NEA,,Chaco,Voluntaria Almirante Brown,33,15/11_al_29/11,0
NEA,,Chaco,Voluntaria Almirante Brown,33,30/11_al_15/12,Sin datos
NEA,INTA,Formosa,El colorado,33,3,3
NEA,INTA,Formosa,El colorado,33,15/11_al_29/11,0
NEA,INTA,Formosa,El colorado,33,30/11_al_15/12,0
NEA,CREA,Catamarca,El Abra,33,3,2
NEA,CREA,Catamarca,El Abra,33,15/11_al_29/11,0
NEA,CREA,Catamarca,El Abra,33,30/11_al_15/12,0
NEA,CREA,Catamarca,Los Altos,33,3,38
NEA,CREA,Catamarca,Los Altos,33,15/11_al_29/11,75
NEA,CREA,Catamarca,Los Altos,33,30/11_al_15/12,12
NEA,CREA,Catamarca,Frias,33,3,6
NEA,CREA,Catamarca,Frias,33,15/11_al_29/11,1
NEA,CREA,Catamarca,Frias,33,30/11_al_15/12,5
LITORAL,INTA,Santiago Del Estero,Malbran,33,3,0
LITORAL,INTA,Santiago Del Estero,Malbran,33,15/11_al_29/11,Trampa perdida
LITORAL,INTA,Santiago Del Estero,Malbran,33,30/11_al_15/12,0
LITORAL,INTA,Santiago Del Estero,Pampa de los Guanacos,33,3,9
LITORAL,INTA,Santiago Del Estero,Pampa de los Guanacos,33,15/11_al_29/11,0
LITORAL,INTA,Santiago Del Estero,Pampa de los Guanacos,33,30/11_al_15/12,1
LITORAL,CREA,Santiago Del Estero,Colonia Alpina,33,3,Sin datos
LITORAL,CREA,Santiago Del Estero,Colonia Alpina,33,15/11_al_29/11,1
LITORAL,CREA,Santiago Del Estero,Colonia Alpina,33,30/11_al_15/12,15
LITORAL,CREA,Santiago Del Estero,Cuatro Bocas,33,3,Sin datos
LITORAL,CREA,Santiago Del Estero,Cuatro Bocas,33,15/11_al_29/11,0
LITORAL,CREA,Santiago Del Estero,Cuatro Bocas,33,30/11_al_15/12,Sin datos
LITORAL,CREA,Santiago Del Estero,Puna,33,3,0
LITORAL,CREA,Santiago Del Estero,Puna,33,15/11_al_29/11,1
LITORAL,CREA,Santiago Del Estero,Puna,33,30/11_al_15/12,0
LITORAL,CREA,Santiago Del Estero,Campo del Cielo,33,3,Sin datos
LITORAL,CREA,Santiago Del Estero,Campo del Cielo,33,15/11_al_29/11,1
LITORAL,CREA,Santiago Del Estero,Campo del Cielo,33,30/11_al_15/12,Sin datos
LITORAL,CREA,Santiago Del Estero,Lilo Viejo,33,3,0
LITORAL,CREA,Santiago Del Estero,Lilo Viejo,33,15/11_al_29/11,0
LITORAL,CREA,Santiago Del Estero,Lilo Viejo,33,30/11_al_15/12,0
LITORAL,CREA,Santiago Del Estero,La Rosita,33,3,0
LITORAL,CREA,Santiago Del Estero,La Rosita,33,15/11_al_29/11,0
LITORAL,CREA,Santiago Del Estero,La Rosita,33,30/11_al_15/12,0
LITORAL,CREA,Santiago Del Estero,Girardet,33,3,0
LITORAL,CREA,Santiago Del Estero,Girardet,33,15/11_al_29/11,0
LITORAL,CREA,Santiago Del Estero,Girardet,33,30/11_al_15/12,0
LITORAL,CREA,Santiago Del Estero,Cejolao,33,3,0
LITORAL,CREA,Santiago Del Estero,Cejolao,33,15/11_al_29/11,0
LITORAL,CREA,Santiago Del Estero,Cejolao,33,30/11_al_15/12,0
LITORAL,CREA,Santiago Del Estero,El colorado,33,3,0
LITORAL,CREA,Santiago Del Estero,El colorado,33,15/11_al_29/11,0
LITORAL,CREA,Santiago Del Estero,El colorado,33,30/11_al_15/12,0
LITORAL,CREA,,"Santiago del Estero
Santiago del Estero San Pedro de Guasayán
Desvío La Paloma",33,3,4
LITORAL,CREA,,"Santiago del Estero
Santiago del Estero San Pedro de Guasayán
Desvío La Paloma",33,15/11_al_29/11,1
LITORAL,CREA,,"Santiago del Estero
Santiago del Estero San Pedro de Guasayán
Desvío La Paloma",33,30/11_al_15/12,1
LITORAL,,Santiago Del Estero,Voluntaria Moreno,33,3,Sin datos
LITORAL,,Santiago Del Estero,Voluntaria Moreno,33,15/11_al_29/11,0
LITORAL,,Santiago Del Estero,Voluntaria Moreno,33,30/11_al_15/12,Sin datos
LITORAL,CREA,Santiago Del Estero,Pozo de toba,33,3,Sin datos
LITORAL,CREA,Santiago Del Estero,Pozo de toba,33,15/11_al_29/11,0
LITORAL,CREA,Santiago Del Estero,Pozo de toba,33,30/11_al_15/12,Sin datos
LITORAL,AAPRESID,Santiago Del Estero,Otumpa,33,3,4
LITORAL,AAPRESID,Santiago Del Estero,Otumpa,33,15/11_al_29/11,3
LITORAL,AAPRESID,Santiago Del Estero,Otumpa,33,30/11_al_15/12,0
LITORAL,AAPRESID,Santiago Del Estero,Avia Terai,33,15/11_al_29/11,Sin datos
LITORAL,AAPRESID,Santiago Del Estero,Avia Terai,33,30/11_al_15/12,0
LITORAL,AAPRESID,Santiago Del Estero,Ahí Veremos,33,3,2
LITORAL,AAPRESID,Santiago Del Estero,Ahí Veremos,33,15/11_al_29/11,0
LITORAL,AAPRESID,Santiago Del Estero,Ahí Veremos,33,30/11_al_15/12,7
LITORAL,AAPRESID,Santiago Del Estero,Las Arenas,33,3,Sin datos
LITORAL,AAPRESID,Santiago Del Estero,Las Arenas,33,15/11_al_29/11,0
LITORAL,AAPRESID,Santiago Del Estero,Las Arenas,33,30/11_al_15/12,Sin datos
LITORAL,AAPRESID,Santiago Del Estero,El Malacara,33,3,Sin datos
LITORAL,AAPRESID,Santiago Del Estero,El Malacara,33,15/11_al_29/11,0
LITORAL,AAPRESID,Santiago Del Estero,El Malacara,33,30/11_al_15/12,Sin datos
LITORAL,AAPRESID,Santiago Del Estero,Averias,33,15/11_al_29/11,Trampa perdida
LITORAL,AAPRESID,Santiago Del Estero,Averias,33,30/11_al_15/12,Sin datos
LITORAL,AAPRESID,Santiago Del Estero,Bandera 2,33,15/11_al_29/11,0
LITORAL,AAPRESID,Santiago Del Estero,Bandera 2,33,30/11_al_15/12,Trampa perdida
LITORAL,AAPRESID,Corrientes,Mercedes,33,3,37
LITORAL,AAPRESID,Corrientes,Mercedes,33,15/11_al_29/11,13
LITORAL,AAPRESID,Corrientes,Mercedes,33,30/11_al_15/12,92
LITORAL,AAPRESID,Corrientes,Ambrosio,33,3,Sin datos
LITORAL,AAPRESID,Corrientes,Ambrosio,33,15/11_al_29/11,3
LITORAL,AAPRESID,Corrientes,Ambrosio,33,30/11_al_15/12,0
LITORAL,AAPRESID,Corrientes,Corrientes,33,3,Sin datos
LITORAL,AAPRESID,Corrientes,Corrientes,33,15/11_al_29/11,0
LITORAL,AAPRESID,Corrientes,Corrientes,33,30/11_al_15/12,0
LITORAL,AAPRESID,Corrientes,Bella Vista,33,3,12
LITORAL,AAPRESID,Corrientes,Bella Vista,33,15/11_al_29/11,1
LITORAL,AAPRESID,Corrientes,Bella Vista,33,30/11_al_15/12,12
LITORAL,INTA,Corrientes,Sauce,33,3,13
LITORAL,INTA,Corrientes,Sauce,33,15/11_al_29/11,26
LITORAL,INTA,Corrientes,Sauce,33,30/11_al_15/12,Trampa perdida
LITORAL,INTA,Corrientes,"Estancia el Rocio
Copra",33,3,Trampa perdida
LITORAL,INTA,Corrientes,"Estancia el Rocio
Copra",33,15/11_al_29/11,10
LITORAL,INTA,Corrientes,"Estancia el Rocio
Copra",33,30/11_al_15/12,19
LITORAL,INTA,Corrientes,Mercedes,33,3,100
LITORAL,INTA,Corrientes,Mercedes,33,15/11_al_29/11,55
LITORAL,INTA,Corrientes,Mercedes,33,30/11_al_15/12,146
CENTRO NORTE,INTA,Corrientes,Goya,33,3,11
CENTRO NORTE,INTA,Corrientes,Goya,33,15/11_al_29/11,6
CENTRO NORTE,INTA,Corrientes,Goya,33,30/11_al_15/12,10
CENTRO NORTE,INTA,Corrientes,Curuzú,33,3,7
CENTRO NORTE,INTA,Corrientes,Curuzú,33,15/11_al_29/11,1
CENTRO NORTE,INTA,Corrientes,Curuzú,33,30/11_al_15/12,3
CENTRO NORTE,INTA,Corrientes,Esquina,33,3,0
CENTRO NORTE,INTA,Corrientes,Esquina,33,15/11_al_29/11,1
CENTRO NORTE,INTA,Corrientes,Esquina,33,30/11_al_15/12,1
CENTRO NORTE,INTA,Corrientes,Monte Caseros,33,3,1
CENTRO NORTE,INTA,Corrientes,Monte Caseros,33,15/11_al_29/11,1
CENTRO NORTE,INTA,Corrientes,Monte Caseros,33,30/11_al_15/12,2
CENTRO NORTE,AAPPCE,Entre Ríos,Don Cristobal,33,3,2
CENTRO NORTE,AAPPCE,Entre Ríos,Don Cristobal,33,15/11_al_29/11,2
CENTRO NORTE,AAPPCE,Entre Ríos,Don Cristobal,33,30/11_al_15/12,0
CENTRO NORTE,AAPPCE,Entre Ríos,Isletas,33,3,0
CENTRO NORTE,AAPPCE,Entre Ríos,Isletas,33,15/11_al_29/11,0
CENTRO NORTE,AAPPCE,Entre Ríos,Isletas,33,30/11_al_15/12,0
CENTRO NORTE,AAPPCE,Entre Ríos,San Salvador,33,3,6
CENTRO NORTE,AAPPCE,Entre Ríos,San Salvador,33,15/11_al_29/11,0
CENTRO NORTE,AAPPCE,Entre Ríos,San Salvador,33,30/11_al_15/12,3
CENTRO NORTE,AAPPCE,Entre Ríos,Hinojal,33,3,2
CENTRO NORTE,AAPPCE,Entre Ríos,Hinojal,33,15/11_al_29/11,0
CENTRO NORTE,AAPPCE,Entre Ríos,Hinojal,33,30/11_al_15/12,0
CENTRO NORTE,AAPRESID,Entre Ríos,Viale,33,3,1
CENTRO NORTE,AAPRESID,Entre Ríos,Viale,33,15/11_al_29/11,0
CENTRO NORTE,AAPRESID,Entre Ríos,Viale,33,30/11_al_15/12,0
CENTRO NORTE,AAPRESID,Entre Ríos,Colonia Celina,33,3,0
CENTRO NORTE,AAPRESID,Entre Ríos,Colonia Celina,33,15/11_al_29/11,1
CENTRO NORTE,AAPRESID,Entre Ríos,Colonia Celina,33,30/11_al_15/12,0
CENTRO NORTE,AAPRESID,Entre Ríos,Gualeguay,33,3,0
CENTRO NORTE,AAPRESID,Entre Ríos,Gualeguay,33,15/11_al_29/11,0
CENTRO NORTE,AAPRESID,Entre Ríos,Gualeguay,33,30/11_al_15/12,0
CENTRO NORTE,AAPRESID,Entre Ríos,Paso de las Piedras,33,3,3
CENTRO NORTE,AAPRESID,Entre Ríos,Paso de las Piedras,33,15/11_al_29/11,0
CENTRO NORTE,AAPRESID,Entre Ríos,Paso de las Piedras,33,30/11_al_15/12,0
CENTRO NORTE,AAPRESID,Entre Ríos,Villa Hernandarias,33,3,0
CENTRO NORTE,AAPRESID,Entre Ríos,Villa Hernandarias,33,15/11_al_29/11,0
CENTRO NORTE,AAPRESID,Entre Ríos,Villa Hernandarias,33,30/11_al_15/12,0
CENTRO NORTE,AAPRESID,Entre Ríos,Don Cristobal,33,3,0
CENTRO NORTE,AAPRESID,Entre Ríos,Don Cristobal,33,15/11_al_29/11,0
CENTRO NORTE,AAPRESID,Entre Ríos,Don Cristobal,33,30/11_al_15/12,0
CENTRO NORTE,AAPRESID,Entre Ríos,Crespo,33,3,0
CENTRO NORTE,AAPRESID,Entre Ríos,Crespo,33,15/11_al_29/11,0
CENTRO NORTE,AAPRESID,Entre Ríos,Crespo,33,30/11_al_15/12,0
CENTRO NORTE,CREA,Entre Ríos,Las Garzas,33,3,6
CENTRO NORTE,CREA,Entre Ríos,Las Garzas,33,15/11_al_29/11,0
CENTRO NORTE,CREA,Entre Ríos,Las Garzas,33,30/11_al_15/12,2
CENTRO NORTE,CREA,Entre Ríos,Santa Elena,33,3,0
CENTRO NORTE,CREA,Entre Ríos,Santa Elena,33,15/11_al_29/11,4
CENTRO NORTE,CREA,Entre Ríos,Santa Elena,33,30/11_al_15/12,1
CENTRO NORTE,CREA,Entre Ríos,La Paz,33,3,10
CENTRO NORTE,CREA,Entre Ríos,La Paz,33,15/11_al_29/11,3
CENTRO NORTE,CREA,Entre Ríos,La Paz,33,30/11_al_15/12,5
CENTRO NORTE,CREA,Entre Ríos,Feliciano,33,3,20
CENTRO NORTE,CREA,Entre Ríos,Feliciano,33,15/11_al_29/11,4
CENTRO NORTE,CREA,Entre Ríos,Feliciano,33,30/11_al_15/12,23
CENTRO NORTE,CREA,Entre Ríos,Molino Doll,33,3,0
CENTRO NORTE,CREA,Entre Ríos,Molino Doll,33,15/11_al_29/11,0
CENTRO NORTE,CREA,Entre Ríos,Molino Doll,33,30/11_al_15/12,0
CENTRO NORTE,CREA,Entre Ríos,Gualeguaychu,33,3,2
CENTRO NORTE,CREA,Entre Ríos,Gualeguaychu,33,15/11_al_29/11,0
CENTRO NORTE,CREA,Entre Ríos,Gualeguaychu,33,30/11_al_15/12,0
CENTRO NORTE,CREA,Entre Ríos,Gualeguay,33,3,0
CENTRO NORTE,CREA,Entre Ríos,Gualeguay,33,15/11_al_29/11,0
CENTRO NORTE,CREA,Entre Ríos,Gualeguay,33,30/11_al_15/12,0
CENTRO NORTE,CREA,Entre Ríos,Victoria,33,3,5
CENTRO NORTE,CREA,Entre Ríos,Victoria,33,15/11_al_29/11,0
CENTRO NORTE,CREA,Entre Ríos,Victoria,33,30/11_al_15/12,0
CENTRO NORTE,CREA,Entre Ríos,Arroyo Barú,33,3,0
CENTRO NORTE,CREA,Entre Ríos,Arroyo Barú,33,15/11_al_29/11,0
CENTRO NORTE,CREA,Entre Ríos,Arroyo Barú,33,30/11_al_15/12,0
CENTRO NORTE,INTA,Entre Ríos,La Paz,33,3,3
CENTRO NORTE,INTA,Entre Ríos,La Paz,33,15/11_al_29/11,0
CENTRO NORTE,INTA,Entre Ríos,La Paz,33,30/11_al_15/12,1
CENTRO NORTE,INTA,Entre Ríos,Nogoya,33,3,0
CENTRO NORTE,INTA,Entre Ríos,Nogoya,33,15/11_al_29/11,0
CENTRO NORTE,INTA,Entre Ríos,Nogoya,33,30/11_al_15/12,0
CENTRO NORTE,INTA,Entre Ríos,Urdinarrain,33,3,0
CENTRO NORTE,INTA,Entre Ríos,Urdinarrain,33,15/11_al_29/11,0
CENTRO NORTE,INTA,Entre Ríos,Urdinarrain,33,30/11_al_15/12,0
CENTRO NORTE,INTA,Entre Ríos,Concepción del,33,3,22
CENTRO NORTE,INTA,Entre Ríos,Concepción del,33,15/11_al_29/11,0
CENTRO NORTE,INTA,Entre Ríos,Concepción del,33,30/11_al_15/12,0
CENTRO NORTE,INTA,Entre Ríos,Diamante,33,3,0
CENTRO NORTE,INTA,Entre Ríos,Diamante,33,15/11_al_29/11,0
CENTRO NORTE,INTA,Entre Ríos,Diamante,33,30/11_al_15/12,0
CENTRO NORTE,INTA,Entre Ríos,Gualeguay,33,3,0
CENTRO NORTE,INTA,Entre Ríos,Gualeguay,33,15/11_al_29/11,0
CENTRO NORTE,INTA,Entre Ríos,Gualeguay,33,30/11_al_15/12,0
CENTRO NORTE,INTA,Entre Ríos,Parana,33,3,0
CENTRO NORTE,INTA,Entre Ríos,Parana,33,15/11_al_29/11,0
CENTRO NORTE,INTA,Entre Ríos,Parana,33,30/11_al_15/12,0
CENTRO NORTE,AAPPCE,Entre Ríos,Villa Mantero,33,3,2
CENTRO NORTE,AAPPCE,Entre Ríos,Villa Mantero,33,15/11_al_29/11,0
CENTRO NORTE,AAPPCE,Entre Ríos,Villa Mantero,33,30/11_al_15/12,0
DESCONOCIDA,AAPPCE,Córdoba,Corralito,33,31,1
DESCONOCIDA,AAPPCE,Córdoba,Corralito,33,32,0
DESCONOCIDA,AAPPCE,Córdoba,Corralito,33,33,0
DESCONOCIDA,AAPPCE,Córdoba,El Fortín,33,31,0
DESCONOCIDA,AAPPCE,Córdoba,El Fortín,33,32,0
DESCONOCIDA,AAPPCE,Córdoba,El Fortín,33,33,1
DESCONOCIDA,AAPPCE,Córdoba,Freyre,33,31,0
DESCONOCIDA,AAPPCE,Córdoba,Freyre,33,32,0
DESCONOCIDA,AAPPCE,Córdoba,Freyre,33,33,0
DESCONOCIDA,AAPPCE,Córdoba,Morteros,33,31,0
DESCONOCIDA,AAPPCE,Córdoba,Morteros,33,32,0
DESCONOCIDA,AAPPCE,Córdoba,Morteros,33,33,1
DESCONOCIDA,AAPPCE,Córdoba,Rayo Cortado,33,31,0
DESCONOCIDA,AAPPCE,Córdoba,Rayo Cortado,33,32,1
DESCONOCIDA,AAPPCE,Córdoba,Rayo Cortado,33,33,1
DESCONOCIDA,AAPPCE,Córdoba,Jesus María,33,31,1
DESCONOCIDA,AAPPCE,Córdoba,Jesus María,33,32,4
DESCONOCIDA,AAPPCE,Córdoba,Jesus María,33,33,1
DESCONOCIDA,AAPRESID,Córdoba,Cañada de Luque,33,31,0
DESCONOCIDA,AAPRESID,Córdoba,Cañada de Luque,33,32,0
DESCONOCIDA,AAPRESID,Córdoba,Cañada de Luque,33,33,0
DESCONOCIDA,AAPPCE,Córdoba,Río Ceballos,33,31,0
DESCONOCIDA,AAPPCE,Córdoba,Río Ceballos,33,32,0
DESCONOCIDA,AAPPCE,Córdoba,Río Ceballos,33,33,0
DESCONOCIDA,AAPRESID,Córdoba,Villa María,33,31,Trampa perdida
DESCONOCIDA,AAPRESID,Córdoba,Villa María,33,32,Trampa perdida
DESCONOCIDA,AAPRESID,Córdoba,Villa María,33,33,0
DESCONOCIDA,AAPRESID,Córdoba,Carrilobo,33,31,0
DESCONOCIDA,AAPRESID,Córdoba,Carrilobo,33,32,0
DESCONOCIDA,AAPRESID,Córdoba,Carrilobo,33,33,0
DESCONOCIDA,AAPRESID,Córdoba,Capilla de Sitón,33,31,0
DESCONOCIDA,AAPRESID,Córdoba,Capilla de Sitón,33,32,0
DESCONOCIDA,AAPRESID,Córdoba,Capilla de Sitón,33,33,0
DESCONOCIDA,AAPRESID,Córdoba,Devoto,33,31,0
DESCONOCIDA,AAPRESID,Córdoba,Devoto,33,32,0
DESCONOCIDA,AAPRESID,Córdoba,Devoto,33,33,0
DESCONOCIDA,AAPRESID,Córdoba,San Francisco,33,31,0
DESCONOCIDA,AAPRESID,Córdoba,San Francisco,33,32,1
DESCONOCIDA,AAPRESID,Córdoba,San Francisco,33,33,0
DESCONOCIDA,AAPRESID,Córdoba,Eufrasio Loza,33,31,0
DESCONOCIDA,AAPRESID,Córdoba,Eufrasio Loza,33,32,0
DESCONOCIDA,AAPRESID,Córdoba,Eufrasio Loza,33,33,0
DESCONOCIDA,AAPRESID,Córdoba,Laguna Larga,33,31,0
DESCONOCIDA,AAPRESID,Córdoba,Laguna Larga,33,32,0
DESCONOCIDA,AAPRESID,Córdoba,Laguna Larga,33,33,Trampa perdida
DESCONOCIDA,AAPRESID,Córdoba,Las Bajadas,33,31,1
DESCONOCIDA,AAPRESID,Córdoba,Las Bajadas,33,32,1
DESCONOCIDA,AAPRESID,Córdoba,Las Bajadas,33,33,Sin datos
DESCONOCIDA,AAPRESID,Córdoba,Monte del Rosario,33,31,Trampa perdida
DESCONOCIDA,AAPRESID,Córdoba,Monte del Rosario,33,32,3
DESCONOCIDA,AAPRESID,Córdoba,Monte del Rosario,33,33,4
DESCONOCIDA,AAPRESID,Córdoba,Montecristo,33,31,1
DESCONOCIDA,AAPRESID,Córdoba,Montecristo,33,32,0
DESCONOCIDA,AAPRESID,Córdoba,Montecristo,33,33,Trampa perdida
DESCONOCIDA,AAPRESID,Córdoba,Obispo trejo,33,31,0
DESCONOCIDA,AAPRESID,Córdoba,Obispo trejo,33,32,1
DESCONOCIDA,AAPRESID,Córdoba,Obispo trejo,33,33,1
DESCONOCIDA,AAPRESID,Córdoba,Río Segundo- T1,33,31,0
DESCONOCIDA,AAPRESID,Córdoba,Río Segundo- T1,33,32,0
DESCONOCIDA,AAPRESID,Córdoba,Río Segundo- T1,33,33,0
DESCONOCIDA,AAPRESID,Córdoba,Arroyito,33,31,0
DESCONOCIDA,AAPRESID,Córdoba,Arroyito,33,32,0
DESCONOCIDA,AAPRESID,Córdoba,Arroyito,33,33,0
DESCONOCIDA,AAPRESID,Córdoba,Santa Catalina,33,31,0
DESCONOCIDA,AAPRESID,Córdoba,Santa Catalina,33,32,0
DESCONOCIDA,AAPRESID,Córdoba,Santa Catalina,33,33,0
DESCONOCIDA,AAPRESID,Córdoba,Tancacha,33,31,0
DESCONOCIDA,AAPRESID,Córdoba,Tancacha,33,32,0
DESCONOCIDA,AAPRESID,Córdoba,Tancacha,33,33,0
DESCONOCIDA,AAPRESID,Córdoba,Villa de Maria,33,31,0
DESCONOCIDA,AAPRESID,Córdoba,Villa de Maria,33,32,0
DESCONOCIDA,AAPRESID,Córdoba,Villa de Maria,33,33,0
DESCONOCIDA,AAPRESID,Córdoba,Villa Sta. Rosa,33,31,0
DESCONOCIDA,AAPRESID,Córdoba,Villa Sta. Rosa,33,32,0
DESCONOCIDA,AAPRESID,Córdoba,Villa Sta. Rosa,33,33,0
DESCONOCIDA,CREA,Córdoba,Colonia Tirolesa,33,31,0
DESCONOCIDA,CREA,Córdoba,Colonia Tirolesa,33,32,0
DESCONOCIDA,CREA,Córdoba,Colonia Tirolesa,33,33,0
DESCONOCIDA,AAPRESID,Córdoba,Hernando,33,31,0
DESCONOCIDA,AAPRESID,Córdoba,Hernando,33,32,0
DESCONOCIDA,AAPRESID,Córdoba,Hernando,33,33,Sin datos
DESCONOCIDA,CREA,Córdoba,Piquillín,33,31,0
DESCONOCIDA,CREA,Córdoba,Piquillín,33,32,0
DESCONOCIDA,CREA,Córdoba,Piquillín,33,33,0
DESCONOCIDA,CREA,Córdoba,Las Chilcas,33,31,0
DESCONOCIDA,CREA,Córdoba,Las Chilcas,33,32,0
DESCONOCIDA,CREA,Córdoba,Las Chilcas,33,33,Trampa perdida
DESCONOCIDA,CREA,Córdoba,Sebastián el Cano,33,31,0
DESCONOCIDA,CREA,Córdoba,Sebastián el Cano,33,32,Sin datos
DESCONOCIDA,CREA,Córdoba,Sebastián el Cano,33,33,Sin datos
DESCONOCIDA,CREA,Córdoba,El Tío,33,31,0
DESCONOCIDA,CREA,Córdoba,El Tío,33,32,0
DESCONOCIDA,CREA,Córdoba,El Tío,33,33,0
DESCONOCIDA,CREA,Córdoba,Las Astillas,33,31,0
DESCONOCIDA,CREA,Córdoba,Las Astillas,33,32,0
DESCONOCIDA,CREA,Córdoba,Las Astillas,33,33,Sin datos
DESCONOCIDA,CREA,Córdoba,Tala Norte,33,31,0
DESCONOCIDA,CREA,Córdoba,Tala Norte,33,32,0
DESCONOCIDA,CREA,Córdoba,Tala Norte,33,33,Sin datos
DESCONOCIDA,CREA,Córdoba,Mi Granja,33,31,2
DESCONOCIDA,CREA,Córdoba,Mi Granja,33,32,0
DESCONOCIDA,CREA,Córdoba,Mi Granja,33,33,0
DESCONOCIDA,CREA,Córdoba,Sacanta,33,31,0
DESCONOCIDA,CREA,Córdoba,Sacanta,33,32,0
DESCONOCIDA,CREA,Córdoba,Sacanta,33,33,0
DESCONOCIDA,CREA,Córdoba,Sinsacate,33,31,0
DESCONOCIDA,CREA,Córdoba,Sinsacate,33,32,0
DESCONOCIDA,CREA,Córdoba,Sinsacate,33,33,2
DESCONOCIDA,INTA,Córdoba,Manfredi,33,31,0
DESCONOCIDA,INTA,Córdoba,Manfredi,33,32,0
DESCONOCIDA,INTA,Córdoba,Manfredi,33,33,0
DESCONOCIDA,INTA,Córdoba,Brinkmann,33,31,0
DESCONOCIDA,INTA,Córdoba,Brinkmann,33,32,0
DESCONOCIDA,INTA,Córdoba,Brinkmann,33,33,0
CENTRO SUR,AAPRESID,Santa Fe,Naré,33,15/11_al_29/11,0
CENTRO SUR,AAPRESID,Santa Fe,Naré,33,30/11_al_15/12,0
CENTRO SUR,AAPPCE,Buenos Aires,La Violeta,33,3,0
CENTRO SUR,AAPPCE,Buenos Aires,La Violeta,33,15/11_al_29/11,0
CENTRO SUR,AAPPCE,Buenos Aires,La Violeta,33,30/11_al_15/12,0
CENTRO SUR,AAPPCE,Buenos Aires,América,33,3,0
CENTRO SUR,AAPPCE,Buenos Aires,América,33,15/11_al_29/11,Trampa perdida
CENTRO SUR,AAPPCE,Buenos Aires,América,33,30/11_al_15/12,0
CENTRO SUR,AAPPCE,Buenos Aires,Chacabuco,33,3,0
CENTRO SUR,AAPPCE,Buenos Aires,Chacabuco,33,15/11_al_29/11,0
CENTRO SUR,AAPPCE,Buenos Aires,Chacabuco,33,30/11_al_15/12,0
CENTRO SUR,AAPPCE,Buenos Aires,Cnel. Dorrego,33,3,0
CENTRO SUR,AAPPCE,Buenos Aires,Cnel. Dorrego,33,15/11_al_29/11,0
CENTRO SUR,AAPPCE,Buenos Aires,Cnel. Dorrego,33,30/11_al_15/12,0
CENTRO SUR,AAPPCE,Buenos Aires,Coronel Suarez,33,3,0
CENTRO SUR,AAPPCE,Buenos Aires,Coronel Suarez,33,15/11_al_29/11,0
CENTRO SUR,AAPPCE,Buenos Aires,Coronel Suarez,33,30/11_al_15/12,0
CENTRO SUR,AAPPCE,Buenos Aires,Cura Malal,33,3,0
CENTRO SUR,AAPPCE,Buenos Aires,Cura Malal,33,15/11_al_29/11,0
CENTRO SUR,AAPPCE,Buenos Aires,Cura Malal,33,30/11_al_15/12,0
CENTRO SUR,AAPPCE,Buenos Aires,Germania,33,3,0
CENTRO SUR,AAPPCE,Buenos Aires,Germania,33,15/11_al_29/11,0
CENTRO SUR,AAPPCE,Buenos Aires,Germania,33,30/11_al_15/12,0
CENTRO SUR,AAPPCE,Buenos Aires,Gral. Arenales T1,33,3,0
CENTRO SUR,AAPPCE,Buenos Aires,Gral. Arenales T1,33,15/11_al_29/11,0
CENTRO SUR,AAPPCE,Buenos Aires,Gral. Arenales T1,33,30/11_al_15/12,0
CENTRO SUR,AAPPCE,Buenos Aires,Gobernador Castro,33,3,0
CENTRO SUR,AAPPCE,Buenos Aires,Gobernador Castro,33,15/11_al_29/11,0
CENTRO SUR,AAPPCE,Buenos Aires,Gobernador Castro,33,30/11_al_15/12,0
CENTRO SUR,AAPPCE,Buenos Aires,González Moreno,33,3,0
CENTRO SUR,AAPPCE,Buenos Aires,González Moreno,33,15/11_al_29/11,Trampa perdida
CENTRO SUR,AAPPCE,Buenos Aires,González Moreno,33,30/11_al_15/12,0
CENTRO SUR,AAPPCE,Buenos Aires,Guaminí,33,3,0
CENTRO SUR,AAPPCE,Buenos Aires,Guaminí,33,15/11_al_29/11,0
CENTRO SUR,AAPPCE,Buenos Aires,Guaminí,33,30/11_al_15/12,0
CENTRO SUR,AAPPCE,Buenos Aires,Leandro N. Alem,33,3,0
CENTRO SUR,AAPPCE,Buenos Aires,Leandro N. Alem,33,15/11_al_29/11,0
CENTRO SUR,AAPPCE,Buenos Aires,Leandro N. Alem,33,30/11_al_15/12,0
CENTRO SUR,AAPPCE,Buenos Aires,Los Toldos,33,3,0
CENTRO SUR,AAPPCE,Buenos Aires,Los Toldos,33,15/11_al_29/11,0
CENTRO SUR,AAPPCE,Buenos Aires,Los Toldos,33,30/11_al_15/12,0
CENTRO SUR,AAPPCE,Buenos Aires,Morse,33,3,0
CENTRO SUR,AAPPCE,Buenos Aires,Morse,33,15/11_al_29/11,0
CENTRO SUR,AAPPCE,Buenos Aires,Morse,33,30/11_al_15/12,0
CENTRO SUR,AAPPCE,Buenos Aires,Pasman,33,3,0
CENTRO SUR,AAPPCE,Buenos Aires,Pasman,33,15/11_al_29/11,0
CENTRO SUR,AAPPCE,Buenos Aires,Pasman,33,30/11_al_15/12,0
CENTRO SUR,AAPPCE,Buenos Aires,Rafael Obligado,33,3,0
CENTRO SUR,AAPPCE,Buenos Aires,Rafael Obligado,33,15/11_al_29/11,Trampa perdida
CENTRO SUR,AAPPCE,Buenos Aires,Rafael Obligado,33,30/11_al_15/12,0
CENTRO SUR,AAPPCE,Buenos Aires,Florentino Ameghino,33,3,0
CENTRO SUR,AAPPCE,Buenos Aires,Florentino Ameghino,33,15/11_al_29/11,0
CENTRO SUR,AAPPCE,Buenos Aires,Florentino Ameghino,33,30/11_al_15/12,0
CENTRO SUR,AAPPCE,Buenos Aires,Roberts,33,3,0
CENTRO SUR,AAPPCE,Buenos Aires,Roberts,33,15/11_al_29/11,0
CENTRO SUR,AAPPCE,Buenos Aires,Roberts,33,30/11_al_15/12,0
CENTRO SUR,AAPPCE,Buenos Aires,Tres Arroyos,33,3,Trampa perdida
CENTRO SUR,AAPPCE,Buenos Aires,Tres Arroyos,33,15/11_al_29/11,0
CENTRO SUR,AAPPCE,Buenos Aires,Tres Arroyos,33,30/11_al_15/12,0
CENTRO SUR,AAPPCE,Buenos Aires,Villa Gral. Savio,33,3,0
CENTRO SUR,AAPPCE,Buenos Aires,Villa Gral. Savio,33,15/11_al_29/11,2
CENTRO SUR,AAPPCE,Buenos Aires,Villa Gral. Savio,33,30/11_al_15/12,0
CENTRO SUR,AAPPCE,Buenos Aires,Inés Indart,33,3,0
CENTRO SUR,AAPPCE,Buenos Aires,Inés Indart,33,15/11_al_29/11,0
CENTRO SUR,AAPPCE,Buenos Aires,Inés Indart,33,30/11_al_15/12,0
CENTRO SUR,AAPPCE,Buenos Aires,Pirovano,33,3,0
CENTRO SUR,AAPPCE,Buenos Aires,Pirovano,33,15/11_al_29/11,0
CENTRO SUR,AAPPCE,Buenos Aires,Pirovano,33,30/11_al_15/12,0
CENTRO SUR,AAPPCE,Buenos Aires,Pedro Gamen,33,3,0
CENTRO SUR,AAPPCE,Buenos Aires,Pedro Gamen,33,15/11_al_29/11,0
CENTRO SUR,AAPPCE,Buenos Aires,Pedro Gamen,33,30/11_al_15/12,0
CENTRO SUR,AAPPCE,Buenos Aires,Pigüé,33,3,0
CENTRO SUR,AAPPCE,Buenos Aires,Pigüé,33,15/11_al_29/11,0
CENTRO SUR,AAPPCE,Buenos Aires,Pigüé,33,30/11_al_15/12,0
CENTRO SUR,AAPRESID,Buenos Aires,25 de Mayo Salesiana,33,3,0
CENTRO SUR,AAPRESID,Buenos Aires,25 de Mayo Salesiana,33,15/11_al_29/11,0
CENTRO SUR,AAPRESID,Buenos Aires,25 de Mayo Salesiana,33,30/11_al_15/12,0
CENTRO SUR,AAPRESID,Buenos Aires,Berraondo,33,3,0
CENTRO SUR,AAPRESID,Buenos Aires,Berraondo,33,15/11_al_29/11,0
CENTRO SUR,AAPRESID,Buenos Aires,Berraondo,33,30/11_al_15/12,0
CENTRO SUR,AAPRESID,Buenos Aires,Carhue,33,3,0
CENTRO SUR,AAPRESID,Buenos Aires,Carhue,33,15/11_al_29/11,0
CENTRO SUR,AAPRESID,Buenos Aires,Carhue,33,30/11_al_15/12,0
CENTRO SUR,AAPRESID,Buenos Aires,Chascomús,33,3,0
CENTRO SUR,AAPRESID,Buenos Aires,Chascomús,33,15/11_al_29/11,0
CENTRO SUR,AAPRESID,Buenos Aires,Chascomús,33,30/11_al_15/12,0
CENTRO SUR,AAPRESID,Buenos Aires,Necochea,33,3,0
CENTRO SUR,AAPRESID,Buenos Aires,Necochea,33,15/11_al_29/11,0
CENTRO SUR,AAPRESID,Buenos Aires,Necochea,33,30/11_al_15/12,0
CENTRO SUR,AGTSA,,2025 MERCEDES UY - AGTSA Mercedes,34,3,0
CENTRO SUR,AGTSA,,2025 MERCEDES UY - AGTSA Mercedes,34,30/11_al_15/12,0
CENTRO SUR,AGTSA,,2025 MERCEDES UY - AGTSA Mercedes,34,16/12_al_31/12,0
CENTRO SUR,AGTSA,,2025 ACEGUÁ UY - AGTSA Peñarol,34,30/11_al_15/12,0
CENTRO SUR,AGTSA,,2025 RINCON DEL PINO - AGTSA,34,30/11_al_15/12,Los Arenales
CENTRO SUR,AGTSA,,2025 NUEVA HELVECIA - AGTSA (SAN PEDRO) Nueva Helvecia,34,3,0
CENTRO SUR,AGTSA,,2025 NUEVA HELVECIA - AGTSA (SAN PEDRO) Nueva Helvecia,34,30/11_al_15/12,0
CENTRO SUR,AGTSA,,2025 NUEVA HELVECIA - AGTSA (SAN PEDRO) Nueva Helvecia,34,16/12_al_31/12,0
CENTRO SUR,AGTSA,,2025 LAS ARMAS Colonia,34,3,0
CENTRO SUR,AGTSA,,2025 LAS ARMAS Colonia,34,30/11_al_15/12,0
CENTRO SUR,AGTSA,,2025 LAS ARMAS Colonia,34,16/12_al_31/12,0
CENTRO SUR,AGTSA,,2025 CORRALITO - AGTSA Palmitas,34,3,0
CENTRO SUR,AGTSA,,2025 CORRALITO - AGTSA Palmitas,34,30/11_al_15/12,0
CENTRO SUR,AGTSA,,2025 CORRALITO - AGTSA Palmitas,34,16/12_al_31/12,0
CENTRO SUR,AGTSA,,2025 Durazno - AGTSA Durazno,34,30/11_al_15/12,0
CENTRO SUR,AGTSA,,2025 Durazno - AGTSA Durazno,34,16/12_al_31/12,0
CENTRO SUR,AGTSA,,2025 Young 2 - AGTSA Young,34,30/11_al_15/12,1
CENTRO SUR,AGTSA,,2025 Young 2 - AGTSA Young,34,16/12_al_31/12,1
CENTRO SUR,AGTSA,,2026 Young 1 - AGTSA Young,34,30/11_al_15/12,0
NOA,CREA,Jujuy,EL Carmen,34,3,0
NOA,CREA,Jujuy,EL Carmen,34,30/11_al_15/12,0
NOA,CREA,Jujuy,EL Carmen,34,16/12_al_31/12,0
NOA,CREA,Jujuy,Fraile Pintado,34,3,0
NOA,CREA,Jujuy,Fraile Pintado,34,30/11_al_15/12,0
NOA,CREA,Jujuy,Fraile Pintado,34,16/12_al_31/12,0
NOA,CREA,Jujuy,Santa Clara,34,3,0
NOA,CREA,Jujuy,Santa Clara,34,30/11_al_15/12,0
NOA,CREA,Jujuy,Santa Clara,34,16/12_al_31/12,0
NOA,INTA,Jujuy,El Bananal,34,3,69
NOA,INTA,Jujuy,El Bananal,34,30/11_al_15/12,3
NOA,INTA,Jujuy,El Bananal,34,16/12_al_31/12,2
NOA,AAPPCE,Salta,Agua Sucia,34,3,6
NOA,AAPPCE,Salta,Agua Sucia,34,30/11_al_15/12,3
NOA,AAPPCE,Salta,Agua Sucia,34,16/12_al_31/12,4
NOA,AAPPCE,Salta,Rio Piedras,34,3,Trampa perdida
NOA,AAPPCE,Salta,Rio Piedras,34,30/11_al_15/12,2
NOA,AAPPCE,Salta,Rio Piedras,34,16/12_al_31/12,2
NOA,AAPRESID,Salta,Rivadavia,34,3,6
NOA,AAPRESID,Salta,Rivadavia,34,30/11_al_15/12,Sin datos
NOA,AAPRESID,Salta,Rivadavia,34,16/12_al_31/12,Trampa perdida
NOA,AAPRESID,Salta,Piquete Cabado 1,34,3,2
NOA,AAPRESID,Salta,Piquete Cabado 1,34,30/11_al_15/12,12
NOA,AAPRESID,Salta,Piquete Cabado 1,34,16/12_al_31/12,12
NOA,CREA,Salta,Antilla,34,3,1
NOA,CREA,Salta,Antilla,34,30/11_al_15/12,2
NOA,CREA,Salta,Antilla,34,16/12_al_31/12,2
NOA,CREA,Salta,Ballivián,34,3,Trampa perdida
NOA,CREA,Salta,Ballivián,34,30/11_al_15/12,0
NOA,CREA,Salta,Ballivián,34,16/12_al_31/12,0
NOA,CREA,Salta,Ceibalito,34,3,0
NOA,CREA,Salta,Ceibalito,34,30/11_al_15/12,1
NOA,CREA,Salta,Ceibalito,34,16/12_al_31/12,0
NOA,CREA,Salta,Copo Quiles,34,3,7
NOA,CREA,Salta,Copo Quiles,34,30/11_al_15/12,Trampa perdida
NOA,CREA,Salta,Copo Quiles,34,16/12_al_31/12,0
NOA,CREA,Salta,El Bordo,34,3,2
NOA,CREA,Salta,El Bordo,34,30/11_al_15/12,0
NOA,CREA,Salta,El Bordo,34,16/12_al_31/12,0
NOA,CREA,Salta,El Galpón,34,3,0
NOA,CREA,Salta,El Galpón,34,30/11_al_15/12,8
NOA,CREA,Salta,El Galpón,34,16/12_al_31/12,8
NOA,CREA,Salta,El Tunal,34,3,3
NOA,CREA,Salta,El Tunal,34,30/11_al_15/12,7
NOA,CREA,Salta,El Tunal,34,16/12_al_31/12,7
NOA,CREA,Salta,Embarcación,34,3,Trampa perdida
NOA,CREA,Salta,Embarcación,34,30/11_al_15/12,0
NOA,CREA,Salta,Embarcación,34,16/12_al_31/12,0
NOA,CREA,Salta,Gral Pizarro,34,3,0
NOA,CREA,Salta,Gral Pizarro,34,30/11_al_15/12,0
NOA,CREA,Salta,Gral Pizarro,34,16/12_al_31/12,0
NOA,CREA,Salta,Horcones,34,3,0
NOA,CREA,Salta,Horcones,34,30/11_al_15/12,1
NOA,CREA,Salta,Horcones,34,16/12_al_31/12,0
NOA,CREA,Salta,J V Gonzales,34,3,5
NOA,CREA,Salta,J V Gonzales,34,30/11_al_15/12,4
NOA,CREA,Salta,J V Gonzales,34,16/12_al_31/12,0
NOA,CREA,Salta,Las Lajitas T3,34,3,Sin datos
NOA,CREA,Salta,Las Lajitas T3,34,30/11_al_15/12,1
NOA,CREA,Salta,Las Lajitas T3,34,16/12_al_31/12,1
NOA,CREA,Salta,Metan 1,34,3,Sin datos
NOA,CREA,Salta,Metan 1,34,30/11_al_15/12,Trampa perdida
NOA,CREA,Salta,Metan 1,34,16/12_al_31/12,0
NOA,CREA,Salta,Metan 2,34,3,Sin datos
NOA,CREA,Salta,Metan 2,34,30/11_al_15/12,1
NOA,CREA,Salta,Metan 2,34,16/12_al_31/12,1
NEA,CREA,Santiago Del Estero,Pozo Hondo,34,3,0
NEA,CREA,Santiago Del Estero,Pozo Hondo,34,30/11_al_15/12,Sin datos
NEA,CREA,Santiago Del Estero,Pozo Hondo,34,16/12_al_31/12,0
NEA,CREA,Santiago Del Estero,"San Pedro de
Guasayán",34,3,1
NEA,CREA,Santiago Del Estero,"San Pedro de
Guasayán",34,30/11_al_15/12,1
NEA,CREA,Santiago Del Estero,"San Pedro de
Guasayán",34,16/12_al_31/12,1
NEA,CREA,Santiago Del Estero,Termas R. Hondo,34,3,1
NEA,CREA,Santiago Del Estero,Termas R. Hondo,34,30/11_al_15/12,0
NEA,CREA,Santiago Del Estero,Termas R. Hondo,34,16/12_al_31/12,0
NEA,CREA,Santiago Del Estero,Vinará,34,3,3
NEA,CREA,Santiago Del Estero,Vinará,34,30/11_al_15/12,3
NEA,CREA,Santiago Del Estero,Vinará,34,16/12_al_31/12,3
NEA,CREA,Santiago Del Estero,Termas de Río Hondo,34,3,1
NEA,CREA,Santiago Del Estero,Termas de Río Hondo,34,30/11_al_15/12,0
NEA,CREA,Santiago Del Estero,Termas de Río Hondo,34,16/12_al_31/12,0
NEA,CREA,Catamarca,El Abra,34,3,9
NEA,CREA,Catamarca,El Abra,34,30/11_al_15/12,0
NEA,CREA,Catamarca,El Abra,34,16/12_al_31/12,2
NEA,CREA,Catamarca,Los Altos,34,3,65
NEA,CREA,Catamarca,Los Altos,34,30/11_al_15/12,12
NEA,CREA,Catamarca,Los Altos,34,16/12_al_31/12,38
NEA,CREA,Catamarca,Frias,34,3,10
NEA,CREA,Catamarca,Frias,34,30/11_al_15/12,5
NEA,CREA,Catamarca,Frias,34,16/12_al_31/12,6
NEA,AAPRESID,Chaco,Tres Isletas,34,3,35
NEA,AAPRESID,Chaco,Tres Isletas,34,30/11_al_15/12,15
NEA,AAPRESID,Chaco,Tres Isletas,34,16/12_al_31/12,15
NEA,AAPRESID,Chaco,Pampa del Infierno,34,3,8
NEA,AAPRESID,Chaco,Pampa del Infierno,34,30/11_al_15/12,83
NEA,AAPRESID,Chaco,Pampa del Infierno,34,16/12_al_31/12,Trampa perdida
NEA,AAPRESID,Chaco,Concepcion del Bermejo,34,3,7
NEA,AAPRESID,Chaco,Concepcion del Bermejo,34,30/11_al_15/12,7
NEA,AAPRESID,Chaco,Concepcion del Bermejo,34,16/12_al_31/12,Sin datos
NEA,AAPRESID,Chaco,Villa Angela,34,3,25
NEA,AAPRESID,Chaco,Villa Angela,34,30/11_al_15/12,40
NEA,AAPRESID,Chaco,Villa Angela,34,16/12_al_31/12,28
NEA,AAPRESID,Chaco,Las Piedritas,34,3,0
NEA,AAPRESID,Chaco,Las Piedritas,34,30/11_al_15/12,5
NEA,AAPRESID,Chaco,Las Piedritas,34,16/12_al_31/12,0
NEA,INTA,Chaco,Gral. Pinedo,34,3,4
NEA,INTA,Chaco,Gral. Pinedo,34,30/11_al_15/12,7
NEA,INTA,Chaco,Gral. Pinedo,34,16/12_al_31/12,9
NEA,INTA,Chaco,Tres Isletas,34,3,12
NEA,INTA,Chaco,Tres Isletas,34,30/11_al_15/12,3
NEA,INTA,Chaco,Tres Isletas,34,16/12_al_31/12,4
NEA,INTA,Chaco,Pampa del Infierno,34,3,7
NEA,INTA,Chaco,Pampa del Infierno,34,30/11_al_15/12,9
NEA,INTA,Chaco,Pampa del Infierno,34,16/12_al_31/12,10
NEA,INTA,Chaco,Las Breñas,34,3,28
NEA,INTA,Chaco,Las Breñas,34,30/11_al_15/12,34
NEA,INTA,Chaco,Las Breñas,34,16/12_al_31/12,9
NEA,INTA,Chaco,Juan José Castelli,34,3,35
NEA,INTA,Chaco,Juan José Castelli,34,30/11_al_15/12,158
NEA,INTA,Chaco,Juan José Castelli,34,16/12_al_31/12,32
NEA,INTA,Chaco,Sylvina,34,3,0
NEA,INTA,Chaco,Sylvina,34,30/11_al_15/12,Trampa perdida
NEA,INTA,Chaco,Sylvina,34,16/12_al_31/12,1
NEA,INTA,Chaco,Basail,34,3,5
NEA,INTA,Chaco,Basail,34,30/11_al_15/12,5
NEA,INTA,Chaco,Basail,34,16/12_al_31/12,4
NEA,CREA,Chaco,Bajo Hondo,34,3,14
NEA,CREA,Chaco,Bajo Hondo,34,30/11_al_15/12,6
NEA,CREA,Chaco,Bajo Hondo,34,16/12_al_31/12,83
NEA,CREA,Chaco,Las Piedras,34,3,0
NEA,CREA,Chaco,Las Piedras,34,30/11_al_15/12,0
NEA,CREA,Chaco,Las Piedras,34,16/12_al_31/12,0
NEA,CREA,Chaco,San Bernardo,34,3,1
NEA,CREA,Chaco,San Bernardo,34,30/11_al_15/12,0
NEA,CREA,Chaco,San Bernardo,34,16/12_al_31/12,0
NEA,CREA,Chaco,La Montenegrina,34,3,2
NEA,CREA,Chaco,La Montenegrina,34,30/11_al_15/12,0
NEA,CREA,Chaco,La Montenegrina,34,16/12_al_31/12,1
NEA,CREA,Chaco,Santa Teresa Capdevilla,34,3,17
NEA,CREA,Chaco,Santa Teresa Capdevilla,34,30/11_al_15/12,0
NEA,CREA,Chaco,Santa Teresa Capdevilla,34,16/12_al_31/12,0
NEA,CREA,Chaco,Palo blanco,34,3,9
NEA,CREA,Chaco,Palo blanco,34,30/11_al_15/12,2
NEA,CREA,Chaco,Palo blanco,34,16/12_al_31/12,5
NEA,CREA,Chaco,Pampa del Infierno,34,3,14
NEA,CREA,Chaco,Pampa del Infierno,34,30/11_al_15/12,6
NEA,CREA,Chaco,Pampa del Infierno,34,16/12_al_31/12,147
NEA,CREA,Chaco,Castelli,34,3,20
NEA,CREA,Chaco,Castelli,34,30/11_al_15/12,7
NEA,CREA,Chaco,Castelli,34,16/12_al_31/12,54
NEA,CREA,Chaco,El Tocon Bermejo,34,3,20
NEA,CREA,Chaco,El Tocon Bermejo,34,30/11_al_15/12,20
NEA,CREA,Chaco,El Tocon Bermejo,34,16/12_al_31/12,54
LITORAL,CREA,Santiago Del Estero,Tomás Young,34,3,3
LITORAL,CREA,Santiago Del Estero,Tomás Young,34,30/11_al_15/12,0
LITORAL,CREA,Santiago Del Estero,Tomás Young,34,16/12_al_31/12,0
LITORAL,CREA,Santiago Del Estero,Sachayoj,34,3,3
LITORAL,CREA,Santiago Del Estero,Sachayoj,34,30/11_al_15/12,0
LITORAL,CREA,Santiago Del Estero,Sachayoj,34,16/12_al_31/12,0
LITORAL,CREA,Santiago Del Estero,Coronel Rico,34,3,1
LITORAL,CREA,Santiago Del Estero,Coronel Rico,34,30/11_al_15/12,0
LITORAL,CREA,Santiago Del Estero,Coronel Rico,34,16/12_al_31/12,0
LITORAL,INTA,Santiago Del Estero,Quimilí,34,3,10
LITORAL,INTA,Santiago Del Estero,Quimilí,34,30/11_al_15/12,0
LITORAL,INTA,Santiago Del Estero,Quimilí,34,16/12_al_31/12,Trampa perdida
LITORAL,INTA,Santiago Del Estero,Añatuya,34,3,50
LITORAL,INTA,Santiago Del Estero,Añatuya,34,30/11_al_15/12,0
LITORAL,INTA,Santiago Del Estero,Añatuya,34,16/12_al_31/12,45
LITORAL,INTA,Santiago Del Estero,Malbran,34,3,0
LITORAL,INTA,Santiago Del Estero,Malbran,34,30/11_al_15/12,0
LITORAL,INTA,Santiago Del Estero,Malbran,34,16/12_al_31/12,0
LITORAL,INTA,Santiago Del Estero,Pampa de los Guanacos,34,3,10
LITORAL,INTA,Santiago Del Estero,Pampa de los Guanacos,34,30/11_al_15/12,1
LITORAL,INTA,Santiago Del Estero,Pampa de los Guanacos,34,16/12_al_31/12,9
LITORAL,CREA,Santiago Del Estero,Colonia Alpina,34,3,24
LITORAL,CREA,Santiago Del Estero,Colonia Alpina,34,30/11_al_15/12,15
LITORAL,CREA,Santiago Del Estero,Colonia Alpina,34,16/12_al_31/12,Sin datos
LITORAL,CREA,Santiago Del Estero,Puna,34,3,Sin datos
LITORAL,CREA,Santiago Del Estero,Puna,34,30/11_al_15/12,0
LITORAL,CREA,Santiago Del Estero,Puna,34,16/12_al_31/12,0
LITORAL,CREA,Santiago Del Estero,Campo del Cielo,34,3,61
LITORAL,CREA,Santiago Del Estero,Campo del Cielo,34,30/11_al_15/12,Sin datos
LITORAL,CREA,Santiago Del Estero,Campo del Cielo,34,16/12_al_31/12,Sin datos
LITORAL,CREA,Santiago Del Estero,Lilo Viejo,34,3,25
LITORAL,CREA,Santiago Del Estero,Lilo Viejo,34,30/11_al_15/12,0
LITORAL,CREA,Santiago Del Estero,Lilo Viejo,34,16/12_al_31/12,0
LITORAL,CREA,Santiago Del Estero,La Rosita,34,3,Sin datos
LITORAL,CREA,Santiago Del Estero,La Rosita,34,30/11_al_15/12,0
LITORAL,CREA,Santiago Del Estero,La Rosita,34,16/12_al_31/12,0
LITORAL,CREA,Santiago Del Estero,Girardet,34,3,Sin datos
LITORAL,CREA,Santiago Del Estero,Girardet,34,30/11_al_15/12,0
LITORAL,CREA,Santiago Del Estero,Girardet,34,16/12_al_31/12,0
LITORAL,CREA,Santiago Del Estero,Cejolao,34,3,Sin datos
LITORAL,CREA,Santiago Del Estero,Cejolao,34,30/11_al_15/12,0
LITORAL,CREA,Santiago Del Estero,Cejolao,34,16/12_al_31/12,0
LITORAL,CREA,Santiago Del Estero,El colorado,34,3,Sin datos
LITORAL,CREA,Santiago Del Estero,El colorado,34,30/11_al_15/12,0
LITORAL,CREA,Santiago Del Estero,El colorado,34,16/12_al_31/12,0
LITORAL,CREA,Santiago Del Estero,San Pedro de Guasayán,34,3,Sin datos
LITORAL,CREA,Santiago Del Estero,San Pedro de Guasayán,34,30/11_al_15/12,1
LITORAL,CREA,Santiago Del Estero,San Pedro de Guasayán,34,16/12_al_31/12,1
LITORAL,CREA,Santiago Del Estero,Desvío La Paloma,34,3,4
LITORAL,CREA,Santiago Del Estero,Desvío La Paloma,34,30/11_al_15/12,0
LITORAL,CREA,Santiago Del Estero,Desvío La Paloma,34,16/12_al_31/12,0
LITORAL,AAPRESID,Santiago Del Estero,Otumpa,34,3,4
LITORAL,AAPRESID,Santiago Del Estero,Otumpa,34,30/11_al_15/12,0
LITORAL,AAPRESID,Santiago Del Estero,Otumpa,34,16/12_al_31/12,4
LITORAL,AAPRESID,Santiago Del Estero,Avia Terai,34,3,1
LITORAL,AAPRESID,Santiago Del Estero,Avia Terai,34,30/11_al_15/12,Sin datos
LITORAL,AAPRESID,Santiago Del Estero,Avia Terai,34,16/12_al_31/12,0
LITORAL,AAPRESID,Santiago Del Estero,Ahí Veremos,34,3,0
LITORAL,AAPRESID,Santiago Del Estero,Ahí Veremos,34,30/11_al_15/12,7
LITORAL,AAPRESID,Santiago Del Estero,Ahí Veremos,34,16/12_al_31/12,2
LITORAL,AAPRESID,Santiago Del Estero,Averias,34,3,Sin datos
LITORAL,AAPRESID,Santiago Del Estero,Averias,34,30/11_al_15/12,Trampa perdida
LITORAL,AAPRESID,Santiago Del Estero,Averias,34,16/12_al_31/12,Sin datos
LITORAL,AAPRESID,Santiago Del Estero,Bandera 2,34,3,Sin datos
LITORAL,AAPRESID,Santiago Del Estero,Bandera 2,34,30/11_al_15/12,0
LITORAL,AAPRESID,Santiago Del Estero,Bandera 2,34,16/12_al_31/12,Trampa perdida
LITORAL,AAPRESID,Corrientes,Mercedes,34,3,131
LITORAL,AAPRESID,Corrientes,Mercedes,34,30/11_al_15/12,92
LITORAL,AAPRESID,Corrientes,Mercedes,34,16/12_al_31/12,37
LITORAL,AAPRESID,Corrientes,Ambrosio,34,3,0
LITORAL,AAPRESID,Corrientes,Ambrosio,34,30/11_al_15/12,0
LITORAL,AAPRESID,Corrientes,Ambrosio,34,16/12_al_31/12,Sin datos
LITORAL,AAPRESID,Corrientes,Corrientes,34,3,0
LITORAL,AAPRESID,Corrientes,Corrientes,34,30/11_al_15/12,0
LITORAL,AAPRESID,Corrientes,Corrientes,34,16/12_al_31/12,0
LITORAL,AAPRESID,Corrientes,Bella Vista,34,3,0
LITORAL,AAPRESID,Corrientes,Bella Vista,34,30/11_al_15/12,12
LITORAL,AAPRESID,Corrientes,Bella Vista,34,16/12_al_31/12,12
LITORAL,INTA,Corrientes,Sauce,34,3,19
LITORAL,INTA,Corrientes,Sauce,34,30/11_al_15/12,Trampa perdida
LITORAL,INTA,Corrientes,Sauce,34,16/12_al_31/12,13
LITORAL,INTA,Corrientes,Estancia el Rocio Copra,34,3,Trampa perdida
LITORAL,INTA,Corrientes,Estancia el Rocio Copra,34,30/11_al_15/12,19
LITORAL,INTA,Corrientes,Estancia el Rocio Copra,34,16/12_al_31/12,Trampa perdida
LITORAL,INTA,Corrientes,Mercedes,34,3,27
LITORAL,INTA,Corrientes,Mercedes,34,30/11_al_15/12,146
LITORAL,INTA,Corrientes,Mercedes,34,16/12_al_31/12,100
LITORAL,INTA,Corrientes,Virasoro,34,3,5
LITORAL,INTA,Corrientes,Virasoro,34,30/11_al_15/12,28
LITORAL,INTA,Corrientes,Virasoro,34,16/12_al_31/12,22
CENTRO NORTE,AAPPCE,Córdoba,Corralito,34,3,0
CENTRO NORTE,AAPPCE,Córdoba,Corralito,34,30/11_al_15/12,0
CENTRO NORTE,AAPPCE,Córdoba,Corralito,34,16/12_al_31/12,0
CENTRO NORTE,AAPPCE,Córdoba,El Fortín,34,3,0
CENTRO NORTE,AAPPCE,Córdoba,El Fortín,34,30/11_al_15/12,0
CENTRO NORTE,AAPPCE,Córdoba,El Fortín,34,16/12_al_31/12,1
CENTRO NORTE,AAPPCE,Córdoba,Freyre,34,3,2
CENTRO NORTE,AAPPCE,Córdoba,Freyre,34,30/11_al_15/12,0
CENTRO NORTE,AAPPCE,Córdoba,Freyre,34,16/12_al_31/12,0
CENTRO NORTE,AAPPCE,Córdoba,Morteros,34,3,55
CENTRO NORTE,AAPPCE,Córdoba,Morteros,34,30/11_al_15/12,0
CENTRO NORTE,AAPPCE,Córdoba,Morteros,34,16/12_al_31/12,1
CENTRO NORTE,AAPPCE,Córdoba,Rayo Cortado,34,3,1
CENTRO NORTE,AAPPCE,Córdoba,Rayo Cortado,34,30/11_al_15/12,1
CENTRO NORTE,AAPPCE,Córdoba,Rayo Cortado,34,16/12_al_31/12,1
CENTRO NORTE,AAPPCE,Córdoba,Jesus María,34,3,0
CENTRO NORTE,AAPPCE,Córdoba,Jesus María,34,30/11_al_15/12,4
CENTRO NORTE,AAPPCE,Córdoba,Jesus María,34,16/12_al_31/12,1
CENTRO NORTE,AAPRESID,Córdoba,Cañada de Luque,34,3,0
CENTRO NORTE,AAPRESID,Córdoba,Cañada de Luque,34,30/11_al_15/12,0
CENTRO NORTE,AAPRESID,Córdoba,Cañada de Luque,34,16/12_al_31/12,0
CENTRO NORTE,AAPPCE,Córdoba,Río Ceballos,34,3,0
CENTRO NORTE,AAPPCE,Córdoba,Río Ceballos,34,30/11_al_15/12,0
CENTRO NORTE,AAPPCE,Córdoba,Río Ceballos,34,16/12_al_31/12,0
CENTRO NORTE,AAPRESID,Córdoba,Villa María,34,3,0
CENTRO NORTE,AAPRESID,Córdoba,Villa María,34,30/11_al_15/12,Trampa perdida
CENTRO NORTE,AAPRESID,Córdoba,Villa María,34,16/12_al_31/12,0
CENTRO NORTE,AAPRESID,Córdoba,Carrilobo,34,3,4
CENTRO NORTE,AAPRESID,Córdoba,Carrilobo,34,30/11_al_15/12,0
CENTRO NORTE,AAPRESID,Córdoba,Carrilobo,34,16/12_al_31/12,0
CENTRO NORTE,AAPRESID,Córdoba,Capilla de Sitón,34,3,0
CENTRO NORTE,AAPRESID,Córdoba,Capilla de Sitón,34,30/11_al_15/12,0
CENTRO NORTE,AAPRESID,Córdoba,Capilla de Sitón,34,16/12_al_31/12,0
CENTRO NORTE,AAPRESID,Córdoba,Devoto,34,3,0
CENTRO NORTE,AAPRESID,Córdoba,Devoto,34,30/11_al_15/12,0
CENTRO NORTE,AAPRESID,Córdoba,Devoto,34,16/12_al_31/12,0
CENTRO NORTE,AAPRESID,Córdoba,San Francisco,34,3,0
CENTRO NORTE,AAPRESID,Córdoba,San Francisco,34,30/11_al_15/12,1
CENTRO NORTE,AAPRESID,Córdoba,San Francisco,34,16/12_al_31/12,0
CENTRO NORTE,AAPRESID,Córdoba,Eufrasio Loza,34,3,0
CENTRO NORTE,AAPRESID,Córdoba,Eufrasio Loza,34,30/11_al_15/12,0
CENTRO NORTE,AAPRESID,Córdoba,Eufrasio Loza,34,16/12_al_31/12,0
CENTRO NORTE,AAPRESID,Córdoba,Laguna Larga,34,3,0
CENTRO NORTE,AAPRESID,Córdoba,Laguna Larga,34,30/11_al_15/12,0
CENTRO NORTE,AAPRESID,Córdoba,Laguna Larga,34,16/12_al_31/12,Trampa perdida
CENTRO NORTE,AAPRESID,Córdoba,Las Bajadas,34,3,0
CENTRO NORTE,AAPRESID,Córdoba,Las Bajadas,34,30/11_al_15/12,1
CENTRO NORTE,AAPRESID,Córdoba,Las Bajadas,34,16/12_al_31/12,Sin datos
CENTRO NORTE,AAPRESID,Córdoba,Monte del Rosario,34,3,2
CENTRO NORTE,AAPRESID,Córdoba,Monte del Rosario,34,30/11_al_15/12,3
CENTRO NORTE,AAPRESID,Córdoba,Monte del Rosario,34,16/12_al_31/12,4
CENTRO NORTE,AAPRESID,Córdoba,Montecristo,34,3,0
CENTRO NORTE,AAPRESID,Córdoba,Montecristo,34,30/11_al_15/12,0
CENTRO NORTE,AAPRESID,Córdoba,Montecristo,34,16/12_al_31/12,Trampa perdida
CENTRO NORTE,AAPRESID,Córdoba,Obispo trejo,34,3,Sin datos
CENTRO NORTE,AAPRESID,Córdoba,Obispo trejo,34,30/11_al_15/12,1
CENTRO NORTE,AAPRESID,Córdoba,Obispo trejo,34,16/12_al_31/12,1
CENTRO NORTE,AAPRESID,Córdoba,Río Segundo- T1,34,3,0
CENTRO NORTE,AAPRESID,Córdoba,Río Segundo- T1,34,30/11_al_15/12,0
CENTRO NORTE,AAPRESID,Córdoba,Río Segundo- T1,34,16/12_al_31/12,0
CENTRO NORTE,AAPRESID,Córdoba,Arroyito,34,3,0
CENTRO NORTE,AAPRESID,Córdoba,Arroyito,34,30/11_al_15/12,0
CENTRO NORTE,AAPRESID,Córdoba,Arroyito,34,16/12_al_31/12,0
CENTRO NORTE,AAPRESID,Córdoba,Santa Catalina,34,3,0
CENTRO NORTE,AAPRESID,Córdoba,Santa Catalina,34,30/11_al_15/12,0
CENTRO NORTE,AAPRESID,Córdoba,Santa Catalina,34,16/12_al_31/12,0
CENTRO NORTE,AAPRESID,Córdoba,Tancacha,34,3,0
CENTRO NORTE,AAPRESID,Córdoba,Tancacha,34,30/11_al_15/12,0
CENTRO NORTE,AAPRESID,Córdoba,Tancacha,34,16/12_al_31/12,0
CENTRO NORTE,AAPRESID,Córdoba,Villa de Maria,34,3,0
CENTRO NORTE,AAPRESID,Córdoba,Villa de Maria,34,30/11_al_15/12,0
CENTRO NORTE,AAPRESID,Córdoba,Villa de Maria,34,16/12_al_31/12,0
CENTRO NORTE,AAPRESID,Córdoba,Villa Sta. Rosa,34,3,8
CENTRO NORTE,AAPRESID,Córdoba,Villa Sta. Rosa,34,30/11_al_15/12,0
CENTRO NORTE,AAPRESID,Córdoba,Villa Sta. Rosa,34,16/12_al_31/12,0
CENTRO NORTE,CREA,Córdoba,Colonia Tirolesa,34,3,2
CENTRO NORTE,CREA,Córdoba,Colonia Tirolesa,34,30/11_al_15/12,0
CENTRO NORTE,CREA,Córdoba,Colonia Tirolesa,34,16/12_al_31/12,0
CENTRO NORTE,AAPRESID,Córdoba,Hernando,34,3,2
CENTRO NORTE,AAPRESID,Córdoba,Hernando,34,30/11_al_15/12,0
CENTRO NORTE,AAPRESID,Córdoba,Hernando,34,16/12_al_31/12,1
CENTRO NORTE,CREA,Córdoba,Piquillín,34,3,13
CENTRO NORTE,CREA,Córdoba,Piquillín,34,30/11_al_15/12,0
CENTRO NORTE,CREA,Córdoba,Piquillín,34,16/12_al_31/12,0
CENTRO NORTE,CREA,Córdoba,Las Chilcas,34,3,Trampa perdida
CENTRO NORTE,CREA,Córdoba,Las Chilcas,34,30/11_al_15/12,0
CENTRO NORTE,CREA,Córdoba,Las Chilcas,34,16/12_al_31/12,Trampa perdida
CENTRO NORTE,CREA,Córdoba,Sebastián el Cano,34,3,63
CENTRO NORTE,CREA,Córdoba,Sebastián el Cano,34,30/11_al_15/12,0
CENTRO NORTE,CREA,Córdoba,Sebastián el Cano,34,16/12_al_31/12,Trampa perdida
CENTRO NORTE,CREA,Córdoba,El Tío,34,3,5
CENTRO NORTE,CREA,Córdoba,El Tío,34,30/11_al_15/12,0
CENTRO NORTE,CREA,Córdoba,El Tío,34,16/12_al_31/12,0
CENTRO NORTE,CREA,Córdoba,Las Astillas,34,3,1
CENTRO NORTE,CREA,Córdoba,Las Astillas,34,30/11_al_15/12,0
CENTRO NORTE,CREA,Córdoba,Las Astillas,34,16/12_al_31/12,1
CENTRO NORTE,CREA,Córdoba,Tala Norte,34,3,4
CENTRO NORTE,CREA,Córdoba,Tala Norte,34,30/11_al_15/12,0
CENTRO NORTE,CREA,Córdoba,Tala Norte,34,16/12_al_31/12,Sin datos
CENTRO SUR,INTA,Santa Fe,Centeno,34,3,0
CENTRO SUR,INTA,Santa Fe,Centeno,34,30/11_al_15/12,0
CENTRO SUR,INTA,Santa Fe,Centeno,34,16/12_al_31/12,0
CENTRO SUR,AAPRESID,Santa Fe,Cayasto,34,3,1
CENTRO SUR,AAPRESID,Santa Fe,Cayasto,34,30/11_al_15/12,Sin datos
CENTRO SUR,AAPRESID,Santa Fe,Cayasto,34,16/12_al_31/12,2
CENTRO SUR,INTA,Santa Fe,Rafaela,34,3,2
CENTRO SUR,INTA,Santa Fe,Rafaela,34,30/11_al_15/12,0
CENTRO SUR,INTA,Santa Fe,Rafaela,34,16/12_al_31/12,0
CENTRO SUR,INTA,Santa Fe,Ceres,34,3,4
CENTRO SUR,INTA,Santa Fe,Ceres,34,30/11_al_15/12,0
CENTRO SUR,INTA,Santa Fe,Ceres,34,16/12_al_31/12,2
CENTRO SUR,INTA,Santa Fe,San Justo,34,3,2
CENTRO SUR,INTA,Santa Fe,San Justo,34,30/11_al_15/12,0
CENTRO SUR,INTA,Santa Fe,San Justo,34,16/12_al_31/12,0
CENTRO SUR,,Santa Fe,voluntarias Angelica,34,3,0
CENTRO SUR,,Santa Fe,voluntarias Angelica,34,30/11_al_15/12,0
CENTRO SUR,,Santa Fe,voluntarias Angelica,34,16/12_al_31/12,0
CENTRO SUR,,Santa Fe,voluntarias Fraga,34,3,0
CENTRO SUR,,Santa Fe,voluntarias Fraga,34,30/11_al_15/12,0
CENTRO SUR,,Santa Fe,voluntarias Fraga,34,16/12_al_31/12,0
CENTRO SUR,AAPRESID,Santa Fe,San Bernardo,34,3,21
CENTRO SUR,AAPRESID,Santa Fe,San Bernardo,34,30/11_al_15/12,0
CENTRO SUR,AAPRESID,Santa Fe,San Bernardo,34,16/12_al_31/12,0
CENTRO SUR,AAPPCE,Buenos Aires,La Violeta,34,3,0
CENTRO SUR,AAPPCE,Buenos Aires,La Violeta,34,30/11_al_15/12,0
CENTRO SUR,AAPPCE,Buenos Aires,La Violeta,34,16/12_al_31/12,0
CENTRO SUR,AAPPCE,Buenos Aires,América,34,3,0
CENTRO SUR,AAPPCE,Buenos Aires,América,34,30/11_al_15/12,0
CENTRO SUR,AAPPCE,Buenos Aires,América,34,16/12_al_31/12,0
CENTRO SUR,AAPPCE,Buenos Aires,Chacabuco,34,3,0
CENTRO SUR,AAPPCE,Buenos Aires,Chacabuco,34,30/11_al_15/12,0
CENTRO SUR,AAPPCE,Buenos Aires,Chacabuco,34,16/12_al_31/12,0
CENTRO SUR,AAPPCE,Buenos Aires,Cnel. Dorrego,34,3,0
CENTRO SUR,AAPPCE,Buenos Aires,Cnel. Dorrego,34,30/11_al_15/12,0
CENTRO SUR,AAPPCE,Buenos Aires,Cnel. Dorrego,34,16/12_al_31/12,0
CENTRO SUR,AAPPCE,Buenos Aires,Coronel Suarez,34,3,0
CENTRO SUR,AAPPCE,Buenos Aires,Coronel Suarez,34,30/11_al_15/12,0
CENTRO SUR,AAPPCE,Buenos Aires,Coronel Suarez,34,16/12_al_31/12,0
CENTRO SUR,AAPPCE,Buenos Aires,Cura Malal,34,3,0
CENTRO SUR,AAPPCE,Buenos Aires,Cura Malal,34,30/11_al_15/12,0
CENTRO SUR,AAPPCE,Buenos Aires,Cura Malal,34,16/12_al_31/12,0
CENTRO SUR,AAPPCE,Buenos Aires,Germania,34,3,0
CENTRO SUR,AAPPCE,Buenos Aires,Germania,34,30/11_al_15/12,0
CENTRO SUR,AAPPCE,Buenos Aires,Germania,34,16/12_al_31/12,0
CENTRO SUR,AAPPCE,Buenos Aires,Gral. Arenales T1,34,3,0
CENTRO SUR,AAPPCE,Buenos Aires,Gral. Arenales T1,34,30/11_al_15/12,0
CENTRO SUR,AAPPCE,Buenos Aires,Gral. Arenales T1,34,16/12_al_31/12,0
CENTRO SUR,AAPPCE,Buenos Aires,Gobernador Castro,34,3,2
CENTRO SUR,AAPPCE,Buenos Aires,Gobernador Castro,34,30/11_al_15/12,0
CENTRO SUR,AAPPCE,Buenos Aires,Gobernador Castro,34,16/12_al_31/12,0
CENTRO SUR,AAPPCE,Buenos Aires,González Moreno,34,3,0
CENTRO SUR,AAPPCE,Buenos Aires,González Moreno,34,30/11_al_15/12,0
CENTRO SUR,AAPPCE,Buenos Aires,González Moreno,34,16/12_al_31/12,0
CENTRO SUR,AAPPCE,Buenos Aires,Guaminí,34,3,0
CENTRO SUR,AAPPCE,Buenos Aires,Guaminí,34,30/11_al_15/12,0
CENTRO SUR,AAPPCE,Buenos Aires,Guaminí,34,16/12_al_31/12,0
CENTRO SUR,AAPPCE,Buenos Aires,Leandro N. Alem,34,3,0
CENTRO SUR,AAPPCE,Buenos Aires,Leandro N. Alem,34,30/11_al_15/12,0
CENTRO SUR,AAPPCE,Buenos Aires,Leandro N. Alem,34,16/12_al_31/12,0
CENTRO SUR,AAPPCE,Buenos Aires,Los Toldos,34,3,0
CENTRO SUR,AAPPCE,Buenos Aires,Los Toldos,34,30/11_al_15/12,0
CENTRO SUR,AAPPCE,Buenos Aires,Los Toldos,34,16/12_al_31/12,0
CENTRO SUR,AAPPCE,Buenos Aires,Morse,34,3,0
CENTRO SUR,AAPPCE,Buenos Aires,Morse,34,30/11_al_15/12,0
CENTRO SUR,AAPPCE,Buenos Aires,Morse,34,16/12_al_31/12,0
CENTRO SUR,AAPPCE,Buenos Aires,Pasman,34,3,0
CENTRO SUR,AAPPCE,Buenos Aires,Pasman,34,30/11_al_15/12,0
CENTRO SUR,AAPPCE,Buenos Aires,Pasman,34,16/12_al_31/12,0
CENTRO SUR,AAPPCE,Buenos Aires,Rafael Obligado,34,3,0
CENTRO SUR,AAPPCE,Buenos Aires,Rafael Obligado,34,30/11_al_15/12,0
CENTRO SUR,AAPPCE,Buenos Aires,Rafael Obligado,34,16/12_al_31/12,0
CENTRO SUR,AAPPCE,Buenos Aires,Florentino Ameghino,34,3,0
CENTRO SUR,AAPPCE,Buenos Aires,Florentino Ameghino,34,30/11_al_15/12,0
CENTRO SUR,AAPPCE,Buenos Aires,Florentino Ameghino,34,16/12_al_31/12,0
CENTRO SUR,AAPPCE,Buenos Aires,Roberts,34,3,0
CENTRO SUR,AAPPCE,Buenos Aires,Roberts,34,30/11_al_15/12,0
CENTRO SUR,AAPPCE,Buenos Aires,Roberts,34,16/12_al_31/12,0
CENTRO SUR,AAPPCE,Buenos Aires,Tres Arroyos,34,3,0
CENTRO SUR,AAPPCE,Buenos Aires,Tres Arroyos,34,30/11_al_15/12,0
CENTRO SUR,AAPPCE,Buenos Aires,Tres Arroyos,34,16/12_al_31/12,Trampa perdida
CENTRO SUR,AAPPCE,Buenos Aires,Villa Gral. Savio,34,3,0
CENTRO SUR,AAPPCE,Buenos Aires,Villa Gral. Savio,34,30/11_al_15/12,0
CENTRO SUR,AAPPCE,Buenos Aires,Villa Gral. Savio,34,16/12_al_31/12,0
CENTRO SUR,AAPPCE,Buenos Aires,Inés Indart,34,3,Sin datos
CENTRO SUR,AAPPCE,Buenos Aires,Inés Indart,34,30/11_al_15/12,0
CENTRO SUR,AAPPCE,Buenos Aires,Inés Indart,34,16/12_al_31/12,0
NOA,CREA,Jujuy,EL Carmen,35,3,2
NOA,CREA,Jujuy,EL Carmen,35,16/12_al_31/12,0
NOA,CREA,Jujuy,EL Carmen,35,01/01_al_16/01,0
NOA,CREA,Jujuy,Fraile Pintado,35,3,0
NOA,CREA,Jujuy,Fraile Pintado,35,16/12_al_31/12,0
NOA,CREA,Jujuy,Fraile Pintado,35,01/01_al_16/01,0
NOA,CREA,Jujuy,Santa Clara,35,3,1
NOA,CREA,Jujuy,Santa Clara,35,16/12_al_31/12,0
NOA,CREA,Jujuy,Santa Clara,35,01/01_al_16/01,0
NOA,INTA,Jujuy,El Bananal,35,3,78
NOA,INTA,Jujuy,El Bananal,35,16/12_al_31/12,2
NOA,INTA,Jujuy,El Bananal,35,01/01_al_16/01,69
NOA,AAPPCE,Salta,Agua Sucia,35,3,6
NOA,AAPPCE,Salta,Agua Sucia,35,16/12_al_31/12,4
NOA,AAPPCE,Salta,Agua Sucia,35,01/01_al_16/01,6
NOA,AAPPCE,Salta,Rio Piedras,35,3,5
NOA,AAPPCE,Salta,Rio Piedras,35,16/12_al_31/12,2
NOA,AAPPCE,Salta,Rio Piedras,35,01/01_al_16/01,Trampa perdida
NOA,AAPRESID,Salta,Rivadavia,35,3,Sin datos
NOA,AAPRESID,Salta,Rivadavia,35,16/12_al_31/12,Trampa perdida
NOA,AAPRESID,Salta,Rivadavia,35,01/01_al_16/01,6
NOA,AAPRESID,Salta,Piquete Cabado 1,35,3,17
NOA,AAPRESID,Salta,Piquete Cabado 1,35,16/12_al_31/12,12
NOA,AAPRESID,Salta,Piquete Cabado 1,35,01/01_al_16/01,2
NOA,CREA,Salta,Antilla,35,3,1
NOA,CREA,Salta,Antilla,35,16/12_al_31/12,2
NOA,CREA,Salta,Antilla,35,01/01_al_16/01,1
NOA,CREA,Salta,Ballivián,35,3,0
NOA,CREA,Salta,Ballivián,35,16/12_al_31/12,0
NOA,CREA,Salta,Ballivián,35,01/01_al_16/01,Trampa perdida
NOA,CREA,Salta,Ceibalito,35,3,16
NOA,CREA,Salta,Ceibalito,35,16/12_al_31/12,0
NOA,CREA,Salta,Ceibalito,35,01/01_al_16/01,0
NOA,CREA,Salta,Copo Quiles,35,3,4
NOA,CREA,Salta,Copo Quiles,35,16/12_al_31/12,0
NOA,CREA,Salta,Copo Quiles,35,01/01_al_16/01,7
NOA,CREA,Salta,El Bordo,35,3,Sin datos
NOA,CREA,Salta,El Bordo,35,16/12_al_31/12,0
NOA,CREA,Salta,El Bordo,35,01/01_al_16/01,2
NOA,CREA,Salta,El Galpón,35,3,3
NOA,CREA,Salta,El Galpón,35,16/12_al_31/12,8
NOA,CREA,Salta,El Galpón,35,01/01_al_16/01,0
NOA,CREA,Salta,El Tunal,35,3,Trampa perdida
NOA,CREA,Salta,El Tunal,35,16/12_al_31/12,7
NOA,CREA,Salta,El Tunal,35,01/01_al_16/01,3
NOA,CREA,Salta,Embarcación,35,3,2
NOA,CREA,Salta,Embarcación,35,16/12_al_31/12,0
NOA,CREA,Salta,Embarcación,35,01/01_al_16/01,Trampa perdida
NOA,CREA,Salta,Gral Pizarro,35,3,0
NOA,CREA,Salta,Gral Pizarro,35,16/12_al_31/12,0
NOA,CREA,Salta,Gral Pizarro,35,01/01_al_16/01,0
NOA,CREA,Salta,Horcones,35,3,0
NOA,CREA,Salta,Horcones,35,16/12_al_31/12,0
NOA,CREA,Salta,Horcones,35,01/01_al_16/01,0
NOA,CREA,Salta,J V Gonzales,35,3,5
NOA,CREA,Salta,J V Gonzales,35,16/12_al_31/12,0
NOA,CREA,Salta,J V Gonzales,35,01/01_al_16/01,5
NOA,CREA,Salta,Las Lajitas T3,35,3,5
NOA,CREA,Salta,Las Lajitas T3,35,16/12_al_31/12,1
NOA,CREA,Salta,Las Lajitas T3,35,01/01_al_16/01,Sin datos
NOA,CREA,Salta,Metan 1,35,3,4
NOA,CREA,Salta,Metan 1,35,16/12_al_31/12,0
NOA,CREA,Salta,Metan 1,35,01/01_al_16/01,Sin datos
NOA,CREA,Salta,Metan 2,35,3,7
NOA,CREA,Salta,Metan 2,35,16/12_al_31/12,1
NOA,CREA,Salta,Metan 2,35,01/01_al_16/01,Sin datos
NOA,CREA,Salta,Mollinedo,35,3,0
NOA,CREA,Salta,Mollinedo,35,16/12_al_31/12,1
NOA,CREA,Salta,Mollinedo,35,01/01_al_16/01,1
NOA,CREA,Salta,Mosconi,35,3,0
NOA,CREA,Salta,Mosconi,35,16/12_al_31/12,0
NOA,CREA,Salta,Mosconi,35,01/01_al_16/01,0
NOA,CREA,Salta,Nstra Sra de Talavera,35,3,11
NOA,CREA,Salta,Nstra Sra de Talavera,35,16/12_al_31/12,0
NOA,CREA,Salta,Nstra Sra de Talavera,35,01/01_al_16/01,1
NOA,CREA,Salta,Pichanal,35,3,3
NOA,CREA,Salta,Pichanal,35,16/12_al_31/12,0
NOA,CREA,Salta,Pichanal,35,01/01_al_16/01,2
NOA,CREA,Salta,Piquete Cabado 2,35,3,0
NOA,CREA,Salta,Piquete Cabado 2,35,16/12_al_31/12,2
NOA,CREA,Salta,Piquete Cabado 2,35,01/01_al_16/01,1
NOA,CREA,Salta,Santo Domingo,35,3,3
NOA,CREA,Salta,Santo Domingo,35,16/12_al_31/12,0
NOA,CREA,Salta,Santo Domingo,35,01/01_al_16/01,0
NOA,CREA,Salta,Saravia,35,3,0
NOA,CREA,Salta,Saravia,35,16/12_al_31/12,1
NOA,CREA,Salta,Saravia,35,01/01_al_16/01,3
NOA,CREA,Salta,Tolloche,35,3,0
NOA,CREA,Salta,Tolloche,35,16/12_al_31/12,1
NOA,CREA,Salta,Tolloche,35,01/01_al_16/01,Trampa perdida
NOA,CREA,Salta,Urundel,35,3,2
NOA,CREA,Salta,Urundel,35,16/12_al_31/12,0
NOA,CREA,Salta,Urundel,35,01/01_al_16/01,Sin datos
NOA,INTA,Salta,Metán,35,3,11
NOA,INTA,Salta,Metán,35,16/12_al_31/12,0
NOA,INTA,Salta,Metán,35,01/01_al_16/01,0
NEA,AAPRESID,Chaco,Tres Isletas,35,3,Sin datos
NEA,AAPRESID,Chaco,Tres Isletas,35,16/12_al_31/12,15
NEA,AAPRESID,Chaco,Tres Isletas,35,01/01_al_16/01,35
NEA,AAPRESID,Chaco,Pampa del Infierno,35,3,26
NEA,AAPRESID,Chaco,Pampa del Infierno,35,16/12_al_31/12,Trampa perdida
NEA,AAPRESID,Chaco,Pampa del Infierno,35,01/01_al_16/01,8
NEA,AAPRESID,Chaco,Concepcion del Bermejo,35,3,12
NEA,AAPRESID,Chaco,Concepcion del Bermejo,35,16/12_al_31/12,Sin datos
NEA,AAPRESID,Chaco,Concepcion del Bermejo,35,01/01_al_16/01,7
NEA,AAPRESID,Chaco,Villa Angela,35,3,Trampa perdida
NEA,AAPRESID,Chaco,Villa Angela,35,16/12_al_31/12,28
NEA,AAPRESID,Chaco,Villa Angela,35,01/01_al_16/01,25
NEA,AAPRESID,Chaco,Las Piedritas,35,3,13
NEA,AAPRESID,Chaco,Las Piedritas,35,16/12_al_31/12,0
NEA,AAPRESID,Chaco,Las Piedritas,35,01/01_al_16/01,0
NEA,INTA,Chaco,Gral. Pinedo,35,3,0
NEA,INTA,Chaco,Gral. Pinedo,35,16/12_al_31/12,9
NEA,INTA,Chaco,Gral. Pinedo,35,01/01_al_16/01,4
NEA,INTA,Chaco,Tres Isletas,35,3,26
NEA,INTA,Chaco,Tres Isletas,35,16/12_al_31/12,4
NEA,INTA,Chaco,Tres Isletas,35,01/01_al_16/01,12
NEA,INTA,Chaco,Pampa del Infierno,35,3,2
NEA,INTA,Chaco,Pampa del Infierno,35,16/12_al_31/12,10
NEA,INTA,Chaco,Pampa del Infierno,35,01/01_al_16/01,7
NEA,INTA,Chaco,Las Breñas,35,3,12
NEA,INTA,Chaco,Las Breñas,35,16/12_al_31/12,9
NEA,INTA,Chaco,Las Breñas,35,01/01_al_16/01,28
NEA,INTA,Chaco,Juan José Castelli,35,3,3
NEA,INTA,Chaco,Juan José Castelli,35,16/12_al_31/12,32
NEA,INTA,Chaco,Juan José Castelli,35,01/01_al_16/01,35
NEA,INTA,Chaco,Sylvina,35,3,0
NEA,INTA,Chaco,Sylvina,35,16/12_al_31/12,1
NEA,INTA,Chaco,Sylvina,35,01/01_al_16/01,0
NEA,INTA,Chaco,Basail,35,3,2
NEA,INTA,Chaco,Basail,35,16/12_al_31/12,4
NEA,INTA,Chaco,Basail,35,01/01_al_16/01,5
NEA,CREA,Chaco,Bajo Hondo,35,3,Sin datos
NEA,CREA,Chaco,Bajo Hondo,35,16/12_al_31/12,83
NEA,CREA,Chaco,Bajo Hondo,35,01/01_al_16/01,14
NEA,CREA,Chaco,Las Piedras,35,3,4
NEA,CREA,Chaco,Las Piedras,35,16/12_al_31/12,0
NEA,CREA,Chaco,Las Piedras,35,01/01_al_16/01,0
NEA,CREA,Chaco,San Bernardo,35,3,1
NEA,CREA,Chaco,San Bernardo,35,16/12_al_31/12,0
NEA,CREA,Chaco,San Bernardo,35,01/01_al_16/01,1
NEA,CREA,Chaco,La Montenegrina,35,3,1
NEA,CREA,Chaco,La Montenegrina,35,16/12_al_31/12,1
NEA,CREA,Chaco,La Montenegrina,35,01/01_al_16/01,2
NEA,CREA,Chaco,Santa Teresa Capdevilla,35,3,49
NEA,CREA,Chaco,Santa Teresa Capdevilla,35,16/12_al_31/12,0
NEA,CREA,Chaco,Santa Teresa Capdevilla,35,01/01_al_16/01,17
NEA,CREA,Chaco,Palo blanco,35,3,30
NEA,CREA,Chaco,Palo blanco,35,16/12_al_31/12,5
NEA,CREA,Chaco,Palo blanco,35,01/01_al_16/01,9
NEA,CREA,Chaco,Pampa del Infierno,35,3,8
NEA,CREA,Chaco,Pampa del Infierno,35,16/12_al_31/12,147
NEA,CREA,Chaco,Pampa del Infierno,35,01/01_al_16/01,14
NEA,CREA,Chaco,Castelli,35,3,0
NEA,CREA,Chaco,Castelli,35,16/12_al_31/12,54
NEA,CREA,Chaco,Castelli,35,01/01_al_16/01,20
NEA,CREA,Chaco,El Tocon Bermejo,35,3,3
NEA,CREA,Chaco,El Tocon Bermejo,35,16/12_al_31/12,54
NEA,CREA,Chaco,El Tocon Bermejo,35,01/01_al_16/01,20
NEA,CREA,Chaco,Charata,35,3,0
NEA,CREA,Chaco,Charata,35,16/12_al_31/12,0
NEA,CREA,Chaco,Charata,35,01/01_al_16/01,Sin datos
NEA,CREA,Chaco,Gancedo,35,3,3
NEA,CREA,Chaco,Gancedo,35,16/12_al_31/12,0
NEA,CREA,Chaco,Gancedo,35,01/01_al_16/01,Sin datos
NEA,CREA,Chaco,Las Breñas,35,3,4
NEA,CREA,Chaco,Las Breñas,35,16/12_al_31/12,0
NEA,CREA,Chaco,Las Breñas,35,01/01_al_16/01,Sin datos
NEA,INTA,Formosa,El colorado,35,3,0
NEA,INTA,Formosa,El colorado,35,16/12_al_31/12,3
NEA,INTA,Formosa,El colorado,35,01/01_al_16/01,2
NEA,INTA,Formosa,Comandante Fontana,35,3,17
NEA,INTA,Formosa,Comandante Fontana,35,16/12_al_31/12,Trampa perdida
NEA,INTA,Formosa,Comandante Fontana,35,01/01_al_16/01,155
NEA,CREA,Formosa,Perin,35,3,7
NEA,CREA,Formosa,Perin,35,16/12_al_31/12,Trampa perdida
NEA,CREA,Formosa,Perin,35,01/01_al_16/01,112
NEA,CREA,Formosa,Las Lomitas,35,3,41
NEA,CREA,Formosa,Las Lomitas,35,16/12_al_31/12,230
NEA,CREA,Formosa,Las Lomitas,35,01/01_al_16/01,Trampa perdida
LITORAL,INTA,Santiago Del Estero,Pampa de los Guanacos,35,3,42
LITORAL,INTA,Santiago Del Estero,Pampa de los Guanacos,35,16/12_al_31/12,9
LITORAL,INTA,Santiago Del Estero,Pampa de los Guanacos,35,01/01_al_16/01,10
LITORAL,CREA,Santiago Del Estero,Colonia Alpina,35,3,133
LITORAL,CREA,Santiago Del Estero,Colonia Alpina,35,16/12_al_31/12,Sin datos
LITORAL,CREA,Santiago Del Estero,Colonia Alpina,35,01/01_al_16/01,24
LITORAL,CREA,Santiago Del Estero,Puna,35,3,12
LITORAL,CREA,Santiago Del Estero,Puna,35,16/12_al_31/12,0
LITORAL,CREA,Santiago Del Estero,Puna,35,01/01_al_16/01,Sin datos
LITORAL,CREA,Santiago Del Estero,Campo del Cielo,35,3,68
LITORAL,CREA,Santiago Del Estero,Campo del Cielo,35,16/12_al_31/12,Sin datos
LITORAL,CREA,Santiago Del Estero,Campo del Cielo,35,01/01_al_16/01,61
LITORAL,CREA,Santiago Del Estero,Lilo Viejo,35,3,0
LITORAL,CREA,Santiago Del Estero,Lilo Viejo,35,16/12_al_31/12,0
LITORAL,CREA,Santiago Del Estero,Lilo Viejo,35,01/01_al_16/01,25
LITORAL,CREA,Santiago Del Estero,La Rosita,35,3,2
LITORAL,CREA,Santiago Del Estero,La Rosita,35,16/12_al_31/12,0
LITORAL,CREA,Santiago Del Estero,La Rosita,35,01/01_al_16/01,Sin datos
LITORAL,CREA,Santiago Del Estero,Girardet,35,3,2
LITORAL,CREA,Santiago Del Estero,Girardet,35,16/12_al_31/12,0
LITORAL,CREA,Santiago Del Estero,Girardet,35,01/01_al_16/01,Sin datos
LITORAL,CREA,Santiago Del Estero,Cejolao,35,3,1
LITORAL,CREA,Santiago Del Estero,Cejolao,35,16/12_al_31/12,0
LITORAL,CREA,Santiago Del Estero,Cejolao,35,01/01_al_16/01,Sin datos
LITORAL,CREA,Santiago Del Estero,El colorado,35,3,Sin datos
LITORAL,CREA,Santiago Del Estero,El colorado,35,16/12_al_31/12,0
LITORAL,CREA,Santiago Del Estero,El colorado,35,01/01_al_16/01,Sin datos
LITORAL,CREA,Santiago Del Estero,San Pedro de Guasayán,35,3,Sin datos
LITORAL,CREA,Santiago Del Estero,San Pedro de Guasayán,35,16/12_al_31/12,1
LITORAL,CREA,Santiago Del Estero,San Pedro de Guasayán,35,01/01_al_16/01,Sin datos
LITORAL,CREA,Santiago Del Estero,Desvío La Paloma,35,3,11
LITORAL,CREA,Santiago Del Estero,Desvío La Paloma,35,16/12_al_31/12,0
LITORAL,CREA,Santiago Del Estero,Desvío La Paloma,35,01/01_al_16/01,4
LITORAL,CREA,Santiago Del Estero,Pozo de toba,35,3,4
LITORAL,CREA,Santiago Del Estero,Pozo de toba,35,16/12_al_31/12,Sin datos
LITORAL,CREA,Santiago Del Estero,Pozo de toba,35,01/01_al_16/01,Sin datos
LITORAL,AAPRESID,Santiago Del Estero,Otumpa,35,3,Sin datos
LITORAL,AAPRESID,Santiago Del Estero,Otumpa,35,16/12_al_31/12,4
LITORAL,AAPRESID,Santiago Del Estero,Otumpa,35,01/01_al_16/01,4
LITORAL,AAPRESID,Santiago Del Estero,Avia Terai,35,3,11
LITORAL,AAPRESID,Santiago Del Estero,Avia Terai,35,16/12_al_31/12,0
LITORAL,AAPRESID,Santiago Del Estero,Avia Terai,35,01/01_al_16/01,1
LITORAL,AAPRESID,Santiago Del Estero,Ahí Veremos,35,3,8
LITORAL,AAPRESID,Santiago Del Estero,Ahí Veremos,35,16/12_al_31/12,2
LITORAL,AAPRESID,Santiago Del Estero,Ahí Veremos,35,01/01_al_16/01,0
LITORAL,AAPRESID,Santiago Del Estero,Bandera 2,35,3,Sin datos
LITORAL,AAPRESID,Santiago Del Estero,Bandera 2,35,16/12_al_31/12,Trampa perdida
LITORAL,AAPRESID,Santiago Del Estero,Bandera 2,35,01/01_al_16/01,Sin datos
LITORAL,AAPRESID,Corrientes,Mercedes,35,3,266
LITORAL,AAPRESID,Corrientes,Mercedes,35,16/12_al_31/12,37
LITORAL,AAPRESID,Corrientes,Mercedes,35,01/01_al_16/01,131
LITORAL,AAPRESID,Corrientes,Ambrosio,35,3,Trampa perdida
LITORAL,AAPRESID,Corrientes,Ambrosio,35,16/12_al_31/12,Sin datos
LITORAL,AAPRESID,Corrientes,Ambrosio,35,01/01_al_16/01,0
LITORAL,AAPRESID,Corrientes,Corrientes,35,3,36
LITORAL,AAPRESID,Corrientes,Corrientes,35,16/12_al_31/12,0
LITORAL,AAPRESID,Corrientes,Corrientes,35,01/01_al_16/01,0
LITORAL,AAPRESID,Corrientes,Bella Vista,35,3,2
LITORAL,AAPRESID,Corrientes,Bella Vista,35,16/12_al_31/12,12
LITORAL,AAPRESID,Corrientes,Bella Vista,35,01/01_al_16/01,0
LITORAL,INTA,Corrientes,Sauce,35,3,Sin datos
LITORAL,INTA,Corrientes,Sauce,35,16/12_al_31/12,13
LITORAL,INTA,Corrientes,Sauce,35,01/01_al_16/01,19
LITORAL,INTA,Corrientes,Estancia el Rocio Copra,35,3,Trampa perdida
LITORAL,INTA,Corrientes,Estancia el Rocio Copra,35,16/12_al_31/12,Trampa perdida
LITORAL,INTA,Corrientes,Estancia el Rocio Copra,35,01/01_al_16/01,Trampa perdida
LITORAL,INTA,Corrientes,Mercedes,35,3,165
LITORAL,INTA,Corrientes,Mercedes,35,16/12_al_31/12,100
LITORAL,INTA,Corrientes,Mercedes,35,01/01_al_16/01,27
LITORAL,INTA,Corrientes,Virasoro,35,3,12
LITORAL,INTA,Corrientes,Virasoro,35,16/12_al_31/12,22
LITORAL,INTA,Corrientes,Virasoro,35,01/01_al_16/01,5
LITORAL,INTA,Corrientes,Goya,35,3,10
LITORAL,INTA,Corrientes,Goya,35,16/12_al_31/12,11
LITORAL,INTA,Corrientes,Goya,35,01/01_al_16/01,5
LITORAL,INTA,Corrientes,Curuzú,35,3,642
LITORAL,INTA,Corrientes,Curuzú,35,16/12_al_31/12,7
LITORAL,INTA,Corrientes,Curuzú,35,01/01_al_16/01,24
LITORAL,INTA,Corrientes,Esquina,35,3,0
LITORAL,INTA,Corrientes,Esquina,35,16/12_al_31/12,0
LITORAL,INTA,Corrientes,Esquina,35,01/01_al_16/01,0
LITORAL,INTA,Corrientes,Monte Caseros,35,3,3
LITORAL,INTA,Corrientes,Monte Caseros,35,16/12_al_31/12,1
LITORAL,INTA,Corrientes,Monte Caseros,35,01/01_al_16/01,0
LITORAL,AAPPCE,Entre Ríos,Don Cristobal,35,3,4
LITORAL,AAPPCE,Entre Ríos,Don Cristobal,35,16/12_al_31/12,2
LITORAL,AAPPCE,Entre Ríos,Don Cristobal,35,01/01_al_16/01,1
CENTRO NORTE,AAPPCE,Entre Ríos,San Salvador,35,3,173
CENTRO NORTE,AAPPCE,Entre Ríos,San Salvador,35,16/12_al_31/12,6
CENTRO NORTE,AAPPCE,Entre Ríos,San Salvador,35,01/01_al_16/01,55
CENTRO NORTE,AAPPCE,Entre Ríos,Hinojal,35,3,0
CENTRO NORTE,AAPPCE,Entre Ríos,Hinojal,35,16/12_al_31/12,2
CENTRO NORTE,AAPPCE,Entre Ríos,Hinojal,35,01/01_al_16/01,1
CENTRO NORTE,AAPRESID,Entre Ríos,Viale,35,3,1
CENTRO NORTE,AAPRESID,Entre Ríos,Viale,35,16/12_al_31/12,1
CENTRO NORTE,AAPRESID,Entre Ríos,Viale,35,01/01_al_16/01,2
CENTRO NORTE,AAPRESID,Entre Ríos,Colonia Celina,35,3,1
CENTRO NORTE,AAPRESID,Entre Ríos,Colonia Celina,35,16/12_al_31/12,0
CENTRO NORTE,AAPRESID,Entre Ríos,Colonia Celina,35,01/01_al_16/01,2
CENTRO NORTE,AAPRESID,Entre Ríos,Gualeguay,35,3,0
CENTRO NORTE,AAPRESID,Entre Ríos,Gualeguay,35,16/12_al_31/12,0
CENTRO NORTE,AAPRESID,Entre Ríos,Gualeguay,35,01/01_al_16/01,0
CENTRO NORTE,AAPRESID,Entre Ríos,Paso de las Piedras,35,3,4
CENTRO NORTE,AAPRESID,Entre Ríos,Paso de las Piedras,35,16/12_al_31/12,3
CENTRO NORTE,AAPRESID,Entre Ríos,Paso de las Piedras,35,01/01_al_16/01,3
CENTRO NORTE,AAPRESID,Entre Ríos,Villa Hernandarias,35,3,1
CENTRO NORTE,AAPRESID,Entre Ríos,Villa Hernandarias,35,16/12_al_31/12,0
CENTRO NORTE,AAPRESID,Entre Ríos,Villa Hernandarias,35,01/01_al_16/01,1
CENTRO NORTE,AAPRESID,Entre Ríos,Don Cristobal,35,3,2
CENTRO NORTE,AAPRESID,Entre Ríos,Don Cristobal,35,16/12_al_31/12,0
CENTRO NORTE,AAPRESID,Entre Ríos,Don Cristobal,35,01/01_al_16/01,0
CENTRO NORTE,AAPRESID,Entre Ríos,Crespo,35,3,0
CENTRO NORTE,AAPRESID,Entre Ríos,Crespo,35,16/12_al_31/12,0
CENTRO NORTE,AAPRESID,Entre Ríos,Crespo,35,01/01_al_16/01,0
CENTRO NORTE,CREA,Entre Ríos,Las Garzas,35,3,39
CENTRO NORTE,CREA,Entre Ríos,Las Garzas,35,16/12_al_31/12,6
CENTRO NORTE,CREA,Entre Ríos,Las Garzas,35,01/01_al_16/01,8
CENTRO NORTE,CREA,Entre Ríos,Santa Elena,35,3,18
CENTRO NORTE,CREA,Entre Ríos,Santa Elena,35,16/12_al_31/12,0
CENTRO NORTE,CREA,Entre Ríos,Santa Elena,35,01/01_al_16/01,Trampa perdida
CENTRO NORTE,CREA,Entre Ríos,La Paz,35,3,Sin datos
CENTRO NORTE,CREA,Entre Ríos,La Paz,35,16/12_al_31/12,10
CENTRO NORTE,CREA,Entre Ríos,La Paz,35,01/01_al_16/01,39
CENTRO NORTE,CREA,Entre Ríos,Feliciano,35,3,16
CENTRO NORTE,CREA,Entre Ríos,Feliciano,35,16/12_al_31/12,20
CENTRO NORTE,CREA,Entre Ríos,Feliciano,35,01/01_al_16/01,29
CENTRO NORTE,CREA,Entre Ríos,Molino Doll,35,3,0
CENTRO NORTE,CREA,Entre Ríos,Molino Doll,35,16/12_al_31/12,0
CENTRO NORTE,CREA,Entre Ríos,Molino Doll,35,01/01_al_16/01,0
CENTRO NORTE,CREA,Entre Ríos,Gualeguaychu,35,3,Sin datos
CENTRO NORTE,CREA,Entre Ríos,Gualeguaychu,35,16/12_al_31/12,2
CENTRO NORTE,CREA,Entre Ríos,Gualeguaychu,35,01/01_al_16/01,0
CENTRO NORTE,CREA,Entre Ríos,Gualeguay,35,3,Sin datos
CENTRO NORTE,CREA,Entre Ríos,Gualeguay,35,16/12_al_31/12,0
CENTRO NORTE,CREA,Entre Ríos,Gualeguay,35,01/01_al_16/01,0
CENTRO NORTE,CREA,Entre Ríos,Victoria,35,3,2
CENTRO NORTE,CREA,Entre Ríos,Victoria,35,16/12_al_31/12,5
CENTRO NORTE,CREA,Entre Ríos,Victoria,35,01/01_al_16/01,4
CENTRO NORTE,CREA,Entre Ríos,Arroyo Barú,35,3,29
CENTRO NORTE,CREA,Entre Ríos,Arroyo Barú,35,16/12_al_31/12,0
CENTRO NORTE,CREA,Entre Ríos,Arroyo Barú,35,01/01_al_16/01,9
CENTRO NORTE,INTA,Entre Ríos,La Paz,35,3,28
CENTRO NORTE,INTA,Entre Ríos,La Paz,35,16/12_al_31/12,3
CENTRO NORTE,INTA,Entre Ríos,La Paz,35,01/01_al_16/01,3
CENTRO NORTE,INTA,Entre Ríos,Nogoya,35,3,Sin datos
CENTRO NORTE,INTA,Entre Ríos,Nogoya,35,16/12_al_31/12,0
CENTRO NORTE,INTA,Entre Ríos,Nogoya,35,01/01_al_16/01,0
CENTRO NORTE,INTA,Entre Ríos,Urdinarrain,35,3,0
CENTRO NORTE,INTA,Entre Ríos,Urdinarrain,35,16/12_al_31/12,0
CENTRO NORTE,INTA,Entre Ríos,Urdinarrain,35,01/01_al_16/01,0
CENTRO NORTE,INTA,Entre Ríos,Concepción del Uruguay,35,3,297
CENTRO NORTE,INTA,Entre Ríos,Concepción del Uruguay,35,16/12_al_31/12,22
CENTRO NORTE,INTA,Entre Ríos,Concepción del Uruguay,35,01/01_al_16/01,437
CENTRO NORTE,INTA,Entre Ríos,Diamante,35,3,2
CENTRO NORTE,INTA,Entre Ríos,Diamante,35,16/12_al_31/12,0
CENTRO NORTE,INTA,Entre Ríos,Diamante,35,01/01_al_16/01,0
CENTRO NORTE,INTA,Entre Ríos,Gualeguay,35,3,3
CENTRO NORTE,INTA,Entre Ríos,Gualeguay,35,16/12_al_31/12,0
CENTRO NORTE,INTA,Entre Ríos,Gualeguay,35,01/01_al_16/01,0
CENTRO NORTE,INTA,Entre Ríos,Parana,35,3,88
CENTRO NORTE,INTA,Entre Ríos,Parana,35,16/12_al_31/12,0
CENTRO NORTE,INTA,Entre Ríos,Parana,35,01/01_al_16/01,63
CENTRO NORTE,AAPPCE,Entre Ríos,Villa Mantero,35,3,120
CENTRO NORTE,AAPPCE,Entre Ríos,Villa Mantero,35,16/12_al_31/12,2
CENTRO NORTE,AAPPCE,Entre Ríos,Villa Mantero,35,01/01_al_16/01,12
CENTRO NORTE,AAPPCE,Córdoba,Corralito,35,3,1
CENTRO NORTE,AAPPCE,Córdoba,Corralito,35,16/12_al_31/12,0
CENTRO NORTE,AAPPCE,Córdoba,Corralito,35,01/01_al_16/01,0
CENTRO NORTE,AAPPCE,Córdoba,El Fortín,35,3,0
CENTRO NORTE,AAPPCE,Córdoba,El Fortín,35,16/12_al_31/12,1
CENTRO NORTE,AAPPCE,Córdoba,El Fortín,35,01/01_al_16/01,0
CENTRO NORTE,AAPPCE,Córdoba,Freyre,35,3,85
CENTRO NORTE,AAPPCE,Córdoba,Freyre,35,16/12_al_31/12,0
CENTRO NORTE,AAPPCE,Córdoba,Freyre,35,01/01_al_16/01,2
CENTRO SUR,AAPPCE,Buenos Aires,La Violeta,35,3,0
CENTRO SUR,AAPPCE,Buenos Aires,La Violeta,35,16/12_al_31/12,0
CENTRO SUR,AAPPCE,Buenos Aires,La Violeta,35,01/01_al_16/01,0
CENTRO SUR,AAPPCE,Buenos Aires,América,35,3,0
CENTRO SUR,AAPPCE,Buenos Aires,América,35,16/12_al_31/12,0
CENTRO SUR,AAPPCE,Buenos Aires,América,35,01/01_al_16/01,0
CENTRO SUR,AAPPCE,Buenos Aires,Chacabuco,35,3,0
CENTRO SUR,AAPPCE,Buenos Aires,Chacabuco,35,16/12_al_31/12,0
CENTRO SUR,AAPPCE,Buenos Aires,Chacabuco,35,01/01_al_16/01,0
CENTRO SUR,AAPPCE,Buenos Aires,Cnel. Dorrego,35,3,0
CENTRO SUR,AAPPCE,Buenos Aires,Cnel. Dorrego,35,16/12_al_31/12,0
CENTRO SUR,AAPPCE,Buenos Aires,Cnel. Dorrego,35,01/01_al_16/01,0
CENTRO SUR,AAPPCE,Buenos Aires,Coronel Suarez,35,3,0
CENTRO SUR,AAPPCE,Buenos Aires,Coronel Suarez,35,16/12_al_31/12,0
CENTRO SUR,AAPPCE,Buenos Aires,Coronel Suarez,35,01/01_al_16/01,0
CENTRO SUR,AAPPCE,Buenos Aires,Cura Malal,35,3,0
CENTRO SUR,AAPPCE,Buenos Aires,Cura Malal,35,16/12_al_31/12,0
CENTRO SUR,AAPPCE,Buenos Aires,Cura Malal,35,01/01_al_16/01,0
CENTRO SUR,AAPPCE,Buenos Aires,Germania,35,3,0
CENTRO SUR,AAPPCE,Buenos Aires,Germania,35,16/12_al_31/12,0
CENTRO SUR,AAPPCE,Buenos Aires,Germania,35,01/01_al_16/01,0
CENTRO SUR,AAPPCE,Buenos Aires,Gral. Arenales T1,35,3,1
CENTRO SUR,AAPPCE,Buenos Aires,Gral. Arenales T1,35,16/12_al_31/12,0
CENTRO SUR,AAPPCE,Buenos Aires,Gral. Arenales T1,35,01/01_al_16/01,0
CENTRO SUR,AAPPCE,Buenos Aires,Gobernador Castro,35,3,0
CENTRO SUR,AAPPCE,Buenos Aires,Gobernador Castro,35,16/12_al_31/12,0
CENTRO SUR,AAPPCE,Buenos Aires,Gobernador Castro,35,01/01_al_16/01,2
CENTRO SUR,AAPPCE,Buenos Aires,González Moreno,35,3,0
CENTRO SUR,AAPPCE,Buenos Aires,González Moreno,35,16/12_al_31/12,0
CENTRO SUR,AAPPCE,Buenos Aires,González Moreno,35,01/01_al_16/01,0
CENTRO SUR,AAPPCE,Buenos Aires,Guaminí,35,3,0
CENTRO SUR,AAPPCE,Buenos Aires,Guaminí,35,16/12_al_31/12,0
CENTRO SUR,AAPPCE,Buenos Aires,Guaminí,35,01/01_al_16/01,0
CENTRO SUR,AAPPCE,Buenos Aires,Leandro N. Alem,35,3,0
CENTRO SUR,AAPPCE,Buenos Aires,Leandro N. Alem,35,16/12_al_31/12,0
CENTRO SUR,AAPPCE,Buenos Aires,Leandro N. Alem,35,01/01_al_16/01,0
CENTRO SUR,AAPPCE,Buenos Aires,Los Toldos,35,3,0
CENTRO SUR,AAPPCE,Buenos Aires,Los Toldos,35,16/12_al_31/12,0
CENTRO SUR,AAPPCE,Buenos Aires,Los Toldos,35,01/01_al_16/01,0
CENTRO SUR,AAPPCE,Buenos Aires,Morse,35,3,0
CENTRO SUR,AAPPCE,Buenos Aires,Morse,35,16/12_al_31/12,0
CENTRO SUR,AAPPCE,Buenos Aires,Morse,35,01/01_al_16/01,0
CENTRO SUR,AAPPCE,Buenos Aires,Pasman,35,3,0
CENTRO SUR,AAPPCE,Buenos Aires,Pasman,35,16/12_al_31/12,0
CENTRO SUR,AAPPCE,Buenos Aires,Pasman,35,01/01_al_16/01,0
CENTRO SUR,AAPPCE,Buenos Aires,Rafael Obligado,35,3,0
CENTRO SUR,AAPPCE,Buenos Aires,Rafael Obligado,35,16/12_al_31/12,0
CENTRO SUR,AAPPCE,Buenos Aires,Rafael Obligado,35,01/01_al_16/01,0
CENTRO SUR,AAPPCE,Buenos Aires,Florentino Ameghino,35,3,0
CENTRO SUR,AAPPCE,Buenos Aires,Florentino Ameghino,35,16/12_al_31/12,0
CENTRO SUR,AAPPCE,Buenos Aires,Florentino Ameghino,35,01/01_al_16/01,0
CENTRO SUR,AAPPCE,Buenos Aires,Roberts,35,3,0
CENTRO SUR,AAPPCE,Buenos Aires,Roberts,35,16/12_al_31/12,0
CENTRO SUR,AAPPCE,Buenos Aires,Roberts,35,01/01_al_16/01,0
CENTRO SUR,AAPPCE,Buenos Aires,Tres Arroyos,35,3,0
CENTRO SUR,AAPPCE,Buenos Aires,Tres Arroyos,35,16/12_al_31/12,Trampa perdida
CENTRO SUR,AAPPCE,Buenos Aires,Tres Arroyos,35,01/01_al_16/01,0
CENTRO SUR,AAPPCE,Buenos Aires,Villa Gral. Savio,35,3,2
CENTRO SUR,AAPPCE,Buenos Aires,Villa Gral. Savio,35,16/12_al_31/12,0
CENTRO SUR,AAPPCE,Buenos Aires,Villa Gral. Savio,35,01/01_al_16/01,0
CENTRO SUR,AAPPCE,Buenos Aires,Inés Indart,35,3,0
CENTRO SUR,AAPPCE,Buenos Aires,Inés Indart,35,16/12_al_31/12,0
CENTRO SUR,AAPPCE,Buenos Aires,Inés Indart,35,01/01_al_16/01,Sin datos
CENTRO SUR,AAPPCE,Buenos Aires,Pirovano,35,3,0
CENTRO SUR,AAPPCE,Buenos Aires,Pirovano,35,16/12_al_31/12,0
CENTRO SUR,AAPPCE,Buenos Aires,Pirovano,35,01/01_al_16/01,0
CENTRO SUR,AAPPCE,Buenos Aires,Pedro Gamen,35,3,0
CENTRO SUR,AAPPCE,Buenos Aires,Pedro Gamen,35,16/12_al_31/12,0
CENTRO SUR,AAPPCE,Buenos Aires,Pedro Gamen,35,01/01_al_16/01,0
CENTRO SUR,AAPPCE,Buenos Aires,Pigüé,35,3,0
CENTRO SUR,AAPPCE,Buenos Aires,Pigüé,35,16/12_al_31/12,0
CENTRO SUR,AAPPCE,Buenos Aires,Pigüé,35,01/01_al_16/01,0
CENTRO SUR,AAPRESID,Buenos Aires,25 de Mayo Salesiana,35,3,0
CENTRO SUR,AAPRESID,Buenos Aires,25 de Mayo Salesiana,35,16/12_al_31/12,0
CENTRO SUR,AAPRESID,Buenos Aires,25 de Mayo Salesiana,35,01/01_al_16/01,0
CENTRO SUR,AAPRESID,Buenos Aires,Berraondo,35,3,0
CENTRO SUR,AAPRESID,Buenos Aires,Berraondo,35,16/12_al_31/12,0
CENTRO SUR,AAPRESID,Buenos Aires,Berraondo,35,01/01_al_16/01,0
CENTRO SUR,AAPRESID,Buenos Aires,Carhue,35,3,0
CENTRO SUR,AAPRESID,Buenos Aires,Carhue,35,16/12_al_31/12,0
CENTRO SUR,AAPRESID,Buenos Aires,Carhue,35,01/01_al_16/01,0
CENTRO SUR,AAPRESID,Buenos Aires,Chascomús,35,3,0
CENTRO SUR,AAPRESID,Buenos Aires,Chascomús,35,16/12_al_31/12,0
CENTRO SUR,AAPRESID,Buenos Aires,Chascomús,35,01/01_al_16/01,0
CENTRO SUR,AAPRESID,Buenos Aires,Necochea,35,3,0
CENTRO SUR,AAPRESID,Buenos Aires,Necochea,35,16/12_al_31/12,0
CENTRO SUR,AAPRESID,Buenos Aires,Necochea,35,01/01_al_16/01,0
CENTRO SUR,AAPRESID,Buenos Aires,Paraje Fra Pal,35,3,0
CENTRO SUR,AAPRESID,Buenos Aires,Paraje Fra Pal,35,16/12_al_31/12,Trampa perdida
CENTRO SUR,AAPRESID,Buenos Aires,Paraje Fra Pal,35,01/01_al_16/01,0
CENTRO SUR,AAPRESID,Buenos Aires,Salto,35,3,0
CENTRO SUR,AAPRESID,Buenos Aires,Salto,35,16/12_al_31/12,0
CENTRO SUR,AAPRESID,Buenos Aires,Salto,35,01/01_al_16/01,0
CENTRO SUR,AAPRESID,Buenos Aires,Trenque Lauquen,35,3,0
CENTRO SUR,AAPRESID,Buenos Aires,Trenque Lauquen,35,16/12_al_31/12,1
CENTRO SUR,AAPRESID,Buenos Aires,Trenque Lauquen,35,01/01_al_16/01,0
CENTRO SUR,AGTSA,,2025 MERCEDES UY - AGTSA Mercedes,36,3,2
CENTRO SUR,AGTSA,,2025 MERCEDES UY - AGTSA Mercedes,36,01/01_al_16/01,0
CENTRO SUR,AGTSA,,2025 MERCEDES UY - AGTSA Mercedes,36,17/01_al_31/01,2
CENTRO SUR,AGTSA,,2025 ACEGUÁ UY - AGTSA Peñarol,36,01/01_al_16/01,0
CENTRO SUR,AGTSA,,2025 RINCON DEL PINO - AGTSA Los Arenales,36,01/01_al_16/01,3
CENTRO SUR,AGTSA,,2025 NUEVA HELVECIA - AGTSA (SAN PEDRO) Nueva Helvecia,36,3,4
CENTRO SUR,AGTSA,,2025 NUEVA HELVECIA - AGTSA (SAN PEDRO) Nueva Helvecia,36,01/01_al_16/01,0
CENTRO SUR,AGTSA,,2025 NUEVA HELVECIA - AGTSA (SAN PEDRO) Nueva Helvecia,36,17/01_al_31/01,0
CENTRO SUR,AGTSA,,2025 LAS ARMAS Colonia,36,3,2
CENTRO SUR,AGTSA,,2025 LAS ARMAS Colonia,36,01/01_al_16/01,0
CENTRO SUR,AGTSA,,2025 LAS ARMAS Colonia,36,17/01_al_31/01,0
CENTRO SUR,AGTSA,,2025 CORRALITO - AGTSA Palmitas,36,3,0
CENTRO SUR,AGTSA,,2025 CORRALITO - AGTSA Palmitas,36,01/01_al_16/01,0
CENTRO SUR,AGTSA,,2025 CORRALITO - AGTSA Palmitas,36,17/01_al_31/01,0
CENTRO SUR,AGTSA,,2025 Durazno - AGTSA Durazno,36,01/01_al_16/01,1
CENTRO SUR,AGTSA,,2025 Durazno - AGTSA Durazno,36,17/01_al_31/01,0
CENTRO SUR,AGTSA,,2025 Young 2 - AGTSA Young,36,3,16
CENTRO SUR,AGTSA,,2025 Young 2 - AGTSA Young,36,01/01_al_16/01,1
CENTRO SUR,AGTSA,,2025 Young 2 - AGTSA Young,36,17/01_al_31/01,12
CENTRO SUR,AGTSA,,2026 Young 1 - AGTSA Young,36,01/01_al_16/01,13
NOA,CREA,Jujuy,EL Carmen,36,3,4
NOA,CREA,Jujuy,EL Carmen,36,01/01_al_16/01,0
NOA,CREA,Jujuy,EL Carmen,36,17/01_al_31/01,2
NOA,CREA,Jujuy,Fraile Pintado,36,3,2
NOA,CREA,Jujuy,Fraile Pintado,36,01/01_al_16/01,0
NOA,CREA,Jujuy,Fraile Pintado,36,17/01_al_31/01,0
NOA,CREA,Jujuy,Santa Clara,36,3,4
NOA,CREA,Jujuy,Santa Clara,36,01/01_al_16/01,0
NOA,CREA,Jujuy,Santa Clara,36,17/01_al_31/01,1
NOA,INTA,Jujuy,El Bananal,36,3,124
NOA,INTA,Jujuy,El Bananal,36,01/01_al_16/01,69
NOA,INTA,Jujuy,El Bananal,36,17/01_al_31/01,78
NOA,AAPPCE,Salta,Agua Sucia,36,3,16
NOA,AAPPCE,Salta,Agua Sucia,36,01/01_al_16/01,6
NOA,AAPPCE,Salta,Agua Sucia,36,17/01_al_31/01,6
NOA,AAPPCE,Salta,Rio Piedras,36,3,12
NOA,AAPPCE,Salta,Rio Piedras,36,01/01_al_16/01,Trampa perdida
NOA,AAPPCE,Salta,Rio Piedras,36,17/01_al_31/01,5
NOA,AAPRESID,Salta,Rivadavia,36,3,11
NOA,AAPRESID,Salta,Rivadavia,36,01/01_al_16/01,6
NOA,AAPRESID,Salta,Rivadavia,36,17/01_al_31/01,Sin datos
NOA,AAPRESID,Salta,Piquete Cabado 1,36,3,Sin datos
NOA,AAPRESID,Salta,Piquete Cabado 1,36,01/01_al_16/01,2
NOA,AAPRESID,Salta,Piquete Cabado 1,36,17/01_al_31/01,17
NOA,CREA,Salta,Antilla,36,3,3
NOA,CREA,Salta,Antilla,36,01/01_al_16/01,1
NOA,CREA,Salta,Antilla,36,17/01_al_31/01,1
NOA,CREA,Salta,Ballivián,36,3,0
NOA,CREA,Salta,Ballivián,36,01/01_al_16/01,Trampa perdida
NOA,CREA,Salta,Ballivián,36,17/01_al_31/01,0
NOA,CREA,Salta,Ceibalito,36,3,Sin datos
NOA,CREA,Salta,Ceibalito,36,01/01_al_16/01,0
NOA,CREA,Salta,Ceibalito,36,17/01_al_31/01,16
NOA,CREA,Salta,Copo Quiles,36,3,Sin datos
NOA,CREA,Salta,Copo Quiles,36,01/01_al_16/01,7
NOA,CREA,Salta,Copo Quiles,36,17/01_al_31/01,4
NOA,CREA,Salta,El Bordo,36,3,Sin datos
NOA,CREA,Salta,El Bordo,36,01/01_al_16/01,2
NOA,CREA,Salta,El Bordo,36,17/01_al_31/01,Sin datos
NOA,CREA,Salta,El Galpón,36,3,9
NOA,CREA,Salta,El Galpón,36,01/01_al_16/01,0
NOA,CREA,Salta,El Galpón,36,17/01_al_31/01,3
NOA,CREA,Salta,El Tunal,36,3,Sin datos
NOA,CREA,Salta,El Tunal,36,01/01_al_16/01,3
NOA,CREA,Salta,El Tunal,36,17/01_al_31/01,Trampa perdida
NOA,CREA,Salta,Embarcación,36,3,Sin datos
NOA,CREA,Salta,Embarcación,36,01/01_al_16/01,Trampa perdida
NOA,CREA,Salta,Embarcación,36,17/01_al_31/01,2
NOA,CREA,Salta,Gral Pizarro,36,3,11
NOA,CREA,Salta,Gral Pizarro,36,01/01_al_16/01,0
NOA,CREA,Salta,Gral Pizarro,36,17/01_al_31/01,0
NOA,CREA,Salta,Horcones,36,3,Sin datos
NOA,CREA,Salta,Horcones,36,01/01_al_16/01,0
NOA,CREA,Salta,Horcones,36,17/01_al_31/01,0
NOA,CREA,Salta,J V Gonzales,36,3,31
NOA,CREA,Salta,J V Gonzales,36,01/01_al_16/01,5
NOA,CREA,Salta,J V Gonzales,36,17/01_al_31/01,5
NOA,CREA,Salta,Las Lajitas T3,36,3,Sin datos
NOA,CREA,Salta,Las Lajitas T3,36,01/01_al_16/01,Sin datos
NOA,CREA,Salta,Las Lajitas T3,36,17/01_al_31/01,5
NOA,CREA,Salta,Metan 1,36,3,1
NOA,CREA,Salta,Metan 1,36,01/01_al_16/01,Sin datos
NOA,CREA,Salta,Metan 1,36,17/01_al_31/01,4
NOA,CREA,Salta,Metan 2,36,3,0
NOA,CREA,Salta,Metan 2,36,01/01_al_16/01,Sin datos
NOA,CREA,Salta,Metan 2,36,17/01_al_31/01,7
NEA,CREA,Santiago Del Estero,Pampa Pozo,36,3,Sin datos
NEA,CREA,Santiago Del Estero,Pampa Pozo,36,01/01_al_16/01,1
NEA,CREA,Santiago Del Estero,Pampa Pozo,36,17/01_al_31/01,1
NEA,CREA,Santiago Del Estero,Pozo Hondo,36,3,Sin datos
NEA,CREA,Santiago Del Estero,Pozo Hondo,36,01/01_al_16/01,0
NEA,CREA,Santiago Del Estero,Pozo Hondo,36,17/01_al_31/01,1
NEA,CREA,Santiago Del Estero,"San Pedro de
Guasayán",36,3,Sin datos
NEA,CREA,Santiago Del Estero,"San Pedro de
Guasayán",36,01/01_al_16/01,1
NEA,CREA,Santiago Del Estero,"San Pedro de
Guasayán",36,17/01_al_31/01,4
NEA,CREA,Santiago Del Estero,Termas R. Hondo,36,3,59
NEA,CREA,Santiago Del Estero,Termas R. Hondo,36,01/01_al_16/01,1
NEA,CREA,Santiago Del Estero,Termas R. Hondo,36,17/01_al_31/01,9
NEA,CREA,Santiago Del Estero,Vinará,36,3,6
NEA,CREA,Santiago Del Estero,Vinará,36,01/01_al_16/01,3
NEA,CREA,Santiago Del Estero,Vinará,36,17/01_al_31/01,1
NEA,CREA,Santiago Del Estero,Termas de Río Hondo,36,3,7
NEA,CREA,Santiago Del Estero,Termas de Río Hondo,36,01/01_al_16/01,1
NEA,CREA,Santiago Del Estero,Termas de Río Hondo,36,17/01_al_31/01,Trampa perdida
NEA,CREA,Catamarca,El Abra,36,3,399
NEA,CREA,Catamarca,El Abra,36,01/01_al_16/01,9
NEA,CREA,Catamarca,El Abra,36,17/01_al_31/01,Trampa perdida
NEA,CREA,Catamarca,Los Altos,36,3,1043
NEA,CREA,Catamarca,Los Altos,36,01/01_al_16/01,65
NEA,CREA,Catamarca,Los Altos,36,17/01_al_31/01,322
NEA,CREA,Catamarca,Frias,36,3,6
NEA,CREA,Catamarca,Frias,36,01/01_al_16/01,10
NEA,CREA,Catamarca,Frias,36,17/01_al_31/01,4
NEA,AAPRESID,Chaco,Tres Isletas,36,3,10
NEA,AAPRESID,Chaco,Tres Isletas,36,01/01_al_16/01,35
NEA,AAPRESID,Chaco,Tres Isletas,36,17/01_al_31/01,Sin datos
NEA,AAPRESID,Chaco,Pampa del Infierno,36,3,4
NEA,AAPRESID,Chaco,Pampa del Infierno,36,01/01_al_16/01,8
NEA,AAPRESID,Chaco,Pampa del Infierno,36,17/01_al_31/01,26
NEA,AAPRESID,Chaco,Concepcion del Bermejo,36,3,Sin datos
NEA,AAPRESID,Chaco,Concepcion del Bermejo,36,01/01_al_16/01,7
NEA,AAPRESID,Chaco,Concepcion del Bermejo,36,17/01_al_31/01,12
NEA,AAPRESID,Chaco,Villa Angela,36,3,0
NEA,AAPRESID,Chaco,Villa Angela,36,01/01_al_16/01,25
NEA,AAPRESID,Chaco,Villa Angela,36,17/01_al_31/01,Trampa perdida
NEA,AAPRESID,Chaco,Las Piedritas,36,3,13
NEA,AAPRESID,Chaco,Las Piedritas,36,01/01_al_16/01,0
NEA,AAPRESID,Chaco,Las Piedritas,36,17/01_al_31/01,13
NEA,INTA,Chaco,Gral. Pinedo,36,3,0
NEA,INTA,Chaco,Gral. Pinedo,36,01/01_al_16/01,4
NEA,INTA,Chaco,Gral. Pinedo,36,17/01_al_31/01,0
NEA,INTA,Chaco,Tres Isletas,36,3,21
NEA,INTA,Chaco,Tres Isletas,36,01/01_al_16/01,12
NEA,INTA,Chaco,Tres Isletas,36,17/01_al_31/01,26
NEA,INTA,Chaco,Pampa del Infierno,36,3,10
NEA,INTA,Chaco,Pampa del Infierno,36,01/01_al_16/01,7
NEA,INTA,Chaco,Pampa del Infierno,36,17/01_al_31/01,2
NEA,INTA,Chaco,Las Breñas,36,3,19
NEA,INTA,Chaco,Las Breñas,36,01/01_al_16/01,28
NEA,INTA,Chaco,Las Breñas,36,17/01_al_31/01,12
NEA,INTA,Chaco,Juan José Castelli,36,3,65
NEA,INTA,Chaco,Juan José Castelli,36,01/01_al_16/01,35
NEA,INTA,Chaco,Juan José Castelli,36,17/01_al_31/01,3
NEA,INTA,Chaco,Sylvina,36,3,1
NEA,INTA,Chaco,Sylvina,36,01/01_al_16/01,0
NEA,INTA,Chaco,Sylvina,36,17/01_al_31/01,0
NEA,INTA,Chaco,Basail,36,3,8
NEA,INTA,Chaco,Basail,36,01/01_al_16/01,5
NEA,INTA,Chaco,Basail,36,17/01_al_31/01,2
NEA,CREA,Chaco,Bajo Hondo,36,3,Sin datos
NEA,CREA,Chaco,Bajo Hondo,36,01/01_al_16/01,14
NEA,CREA,Chaco,Bajo Hondo,36,17/01_al_31/01,Sin datos
NEA,CREA,Chaco,Las Piedras,36,3,Sin datos
NEA,CREA,Chaco,Las Piedras,36,01/01_al_16/01,0
NEA,CREA,Chaco,Las Piedras,36,17/01_al_31/01,4
NEA,CREA,Chaco,San Bernardo,36,3,1
NEA,CREA,Chaco,San Bernardo,36,01/01_al_16/01,1
NEA,CREA,Chaco,San Bernardo,36,17/01_al_31/01,1
NEA,CREA,Chaco,La Montenegrina,36,3,0
NEA,CREA,Chaco,La Montenegrina,36,01/01_al_16/01,2
NEA,CREA,Chaco,La Montenegrina,36,17/01_al_31/01,1
NEA,CREA,Chaco,Santa Teresa Capdevilla,36,3,Sin datos
NEA,CREA,Chaco,Santa Teresa Capdevilla,36,01/01_al_16/01,17
NEA,CREA,Chaco,Santa Teresa Capdevilla,36,17/01_al_31/01,49
NEA,CREA,Chaco,Palo blanco,36,3,Sin datos
NEA,CREA,Chaco,Palo blanco,36,01/01_al_16/01,9
NEA,CREA,Chaco,Palo blanco,36,17/01_al_31/01,30
LITORAL,CREA,Santiago Del Estero,Tierras del Oeste,36,3,10
LITORAL,CREA,Santiago Del Estero,Tierras del Oeste,36,01/01_al_16/01,2
LITORAL,CREA,Santiago Del Estero,Tierras del Oeste,36,17/01_al_31/01,2
LITORAL,CREA,Santiago Del Estero,Weisburd,36,3,Sin datos
LITORAL,CREA,Santiago Del Estero,Weisburd,36,01/01_al_16/01,Sin datos
LITORAL,CREA,Santiago Del Estero,Weisburd,36,17/01_al_31/01,0
LITORAL,CREA,Santiago Del Estero,Isla Baja,36,3,22
LITORAL,CREA,Santiago Del Estero,Isla Baja,36,01/01_al_16/01,0
LITORAL,CREA,Santiago Del Estero,Isla Baja,36,17/01_al_31/01,Trampa perdida
LITORAL,CREA,Santiago Del Estero,Tomás Young,36,3,3
LITORAL,CREA,Santiago Del Estero,Tomás Young,36,01/01_al_16/01,3
LITORAL,CREA,Santiago Del Estero,Tomás Young,36,17/01_al_31/01,3
LITORAL,CREA,Santiago Del Estero,Sachayoj,36,3,13
LITORAL,CREA,Santiago Del Estero,Sachayoj,36,01/01_al_16/01,3
LITORAL,CREA,Santiago Del Estero,Sachayoj,36,17/01_al_31/01,5
LITORAL,CREA,Santiago Del Estero,Coronel Rico,36,3,4
LITORAL,CREA,Santiago Del Estero,Coronel Rico,36,01/01_al_16/01,1
LITORAL,CREA,Santiago Del Estero,Coronel Rico,36,17/01_al_31/01,3
LITORAL,INTA,Santiago Del Estero,Quimilí,36,3,107
LITORAL,INTA,Santiago Del Estero,Quimilí,36,01/01_al_16/01,10
LITORAL,INTA,Santiago Del Estero,Quimilí,36,17/01_al_31/01,1
LITORAL,INTA,Santiago Del Estero,Añatuya,36,3,140
LITORAL,INTA,Santiago Del Estero,Añatuya,36,01/01_al_16/01,50
LITORAL,INTA,Santiago Del Estero,Añatuya,36,17/01_al_31/01,30
LITORAL,INTA,Santiago Del Estero,Malbran,36,3,4
LITORAL,INTA,Santiago Del Estero,Malbran,36,01/01_al_16/01,0
LITORAL,INTA,Santiago Del Estero,Malbran,36,17/01_al_31/01,1
LITORAL,INTA,Santiago Del Estero,Pampa de los Guanacos,36,3,48
LITORAL,INTA,Santiago Del Estero,Pampa de los Guanacos,36,01/01_al_16/01,10
LITORAL,INTA,Santiago Del Estero,Pampa de los Guanacos,36,17/01_al_31/01,42
LITORAL,CREA,Santiago Del Estero,Colonia Alpina,36,3,36
LITORAL,CREA,Santiago Del Estero,Colonia Alpina,36,01/01_al_16/01,24
LITORAL,CREA,Santiago Del Estero,Colonia Alpina,36,17/01_al_31/01,133
LITORAL,CREA,Santiago Del Estero,Puna,36,3,37
LITORAL,CREA,Santiago Del Estero,Puna,36,01/01_al_16/01,Sin datos
LITORAL,CREA,Santiago Del Estero,Puna,36,17/01_al_31/01,12
LITORAL,CREA,Santiago Del Estero,Campo del Cielo,36,3,75
LITORAL,CREA,Santiago Del Estero,Campo del Cielo,36,01/01_al_16/01,61
LITORAL,CREA,Santiago Del Estero,Campo del Cielo,36,17/01_al_31/01,68
LITORAL,CREA,Santiago Del Estero,Lilo Viejo,36,3,105
LITORAL,CREA,Santiago Del Estero,Lilo Viejo,36,01/01_al_16/01,25
LITORAL,CREA,Santiago Del Estero,Lilo Viejo,36,17/01_al_31/01,0
LITORAL,CREA,Santiago Del Estero,La Rosita,36,3,2
LITORAL,CREA,Santiago Del Estero,La Rosita,36,01/01_al_16/01,Sin datos
LITORAL,CREA,Santiago Del Estero,La Rosita,36,17/01_al_31/01,2
LITORAL,CREA,Santiago Del Estero,Girardet,36,3,4
LITORAL,CREA,Santiago Del Estero,Girardet,36,01/01_al_16/01,Sin datos
LITORAL,CREA,Santiago Del Estero,Girardet,36,17/01_al_31/01,2
LITORAL,CREA,Santiago Del Estero,Cejolao,36,3,5
LITORAL,CREA,Santiago Del Estero,Cejolao,36,01/01_al_16/01,Sin datos
LITORAL,CREA,Santiago Del Estero,Cejolao,36,17/01_al_31/01,1
LITORAL,CREA,Santiago Del Estero,Desvío La Paloma,36,3,57
LITORAL,CREA,Santiago Del Estero,Desvío La Paloma,36,01/01_al_16/01,4
LITORAL,CREA,Santiago Del Estero,Desvío La Paloma,36,17/01_al_31/01,11
LITORAL,CREA,Santiago Del Estero,Pozo de toba,36,3,Sin datos
LITORAL,CREA,Santiago Del Estero,Pozo de toba,36,01/01_al_16/01,Sin datos
LITORAL,CREA,Santiago Del Estero,Pozo de toba,36,17/01_al_31/01,4
LITORAL,AAPRESID,Santiago Del Estero,Otumpa,36,3,Sin datos
LITORAL,AAPRESID,Santiago Del Estero,Otumpa,36,01/01_al_16/01,4
LITORAL,AAPRESID,Santiago Del Estero,Otumpa,36,17/01_al_31/01,Sin datos
LITORAL,AAPRESID,Santiago Del Estero,Avia Terai,36,3,Sin datos
LITORAL,AAPRESID,Santiago Del Estero,Avia Terai,36,01/01_al_16/01,1
LITORAL,AAPRESID,Santiago Del Estero,Avia Terai,36,17/01_al_31/01,11
LITORAL,AAPRESID,Santiago Del Estero,Ahí Veremos,36,3,44
LITORAL,AAPRESID,Santiago Del Estero,Ahí Veremos,36,01/01_al_16/01,0
LITORAL,AAPRESID,Santiago Del Estero,Ahí Veremos,36,17/01_al_31/01,8
LITORAL,AAPRESID,Corrientes,Mercedes,36,3,15
LITORAL,AAPRESID,Corrientes,Mercedes,36,01/01_al_16/01,131
LITORAL,AAPRESID,Corrientes,Mercedes,36,17/01_al_31/01,266
LITORAL,AAPRESID,Corrientes,Ambrosio,36,3,17
LITORAL,AAPRESID,Corrientes,Ambrosio,36,01/01_al_16/01,0
LITORAL,AAPRESID,Corrientes,Ambrosio,36,17/01_al_31/01,Trampa perdida
LITORAL,AAPRESID,Corrientes,Corrientes,36,3,55
LITORAL,AAPRESID,Corrientes,Corrientes,36,01/01_al_16/01,0
LITORAL,AAPRESID,Corrientes,Corrientes,36,17/01_al_31/01,36
LITORAL,AAPRESID,Corrientes,Bella Vista,36,3,2
LITORAL,AAPRESID,Corrientes,Bella Vista,36,01/01_al_16/01,0
LITORAL,AAPRESID,Corrientes,Bella Vista,36,17/01_al_31/01,2
LITORAL,INTA,Corrientes,Sauce,36,3,27
LITORAL,INTA,Corrientes,Sauce,36,01/01_al_16/01,19
LITORAL,INTA,Corrientes,Sauce,36,17/01_al_31/01,Sin datos
LITORAL,INTA,Corrientes,Estancia el Rocio Copra,36,3,28
LITORAL,INTA,Corrientes,Estancia el Rocio Copra,36,01/01_al_16/01,Trampa perdida
LITORAL,INTA,Corrientes,Estancia el Rocio Copra,36,17/01_al_31/01,Trampa perdida
LITORAL,INTA,Corrientes,Mercedes,36,3,16
LITORAL,INTA,Corrientes,Mercedes,36,01/01_al_16/01,27
LITORAL,INTA,Corrientes,Mercedes,36,17/01_al_31/01,165
CENTRO NORTE,INTA,Corrientes,Goya,36,3,8
CENTRO NORTE,INTA,Corrientes,Goya,36,01/01_al_16/01,5
CENTRO NORTE,INTA,Corrientes,Goya,36,17/01_al_31/01,10
CENTRO NORTE,INTA,Corrientes,Curuzú,36,3,265
CENTRO NORTE,INTA,Corrientes,Curuzú,36,01/01_al_16/01,24
CENTRO NORTE,INTA,Corrientes,Curuzú,36,17/01_al_31/01,642
CENTRO NORTE,INTA,Corrientes,Esquina,36,3,12
CENTRO NORTE,INTA,Corrientes,Esquina,36,01/01_al_16/01,0
CENTRO NORTE,INTA,Corrientes,Esquina,36,17/01_al_31/01,0
CENTRO NORTE,INTA,Corrientes,Monte Caseros,36,3,4
CENTRO NORTE,INTA,Corrientes,Monte Caseros,36,01/01_al_16/01,0
CENTRO NORTE,INTA,Corrientes,Monte Caseros,36,17/01_al_31/01,3
CENTRO NORTE,AAPPCE,Entre Ríos,Don Cristobal,36,3,11
CENTRO NORTE,AAPPCE,Entre Ríos,Don Cristobal,36,01/01_al_16/01,1
CENTRO NORTE,AAPPCE,Entre Ríos,Don Cristobal,36,17/01_al_31/01,4
CENTRO NORTE,AAPPCE,Entre Ríos,Isletas,36,3,14
CENTRO NORTE,AAPPCE,Entre Ríos,Isletas,36,01/01_al_16/01,0
CENTRO NORTE,AAPPCE,Entre Ríos,Isletas,36,17/01_al_31/01,0
CENTRO NORTE,AAPPCE,Entre Ríos,San Salvador,36,3,208
CENTRO NORTE,AAPPCE,Entre Ríos,San Salvador,36,01/01_al_16/01,55
CENTRO NORTE,AAPPCE,Entre Ríos,San Salvador,36,17/01_al_31/01,173
CENTRO NORTE,AAPPCE,Entre Ríos,Hinojal,36,3,3
CENTRO NORTE,AAPPCE,Entre Ríos,Hinojal,36,01/01_al_16/01,1
CENTRO NORTE,AAPPCE,Entre Ríos,Hinojal,36,17/01_al_31/01,0
CENTRO NORTE,AAPRESID,Entre Ríos,Viale,36,3,2
CENTRO NORTE,AAPRESID,Entre Ríos,Viale,36,01/01_al_16/01,2
CENTRO NORTE,AAPRESID,Entre Ríos,Viale,36,17/01_al_31/01,1
CENTRO NORTE,AAPRESID,Entre Ríos,Colonia Celina,36,3,312
CENTRO NORTE,AAPRESID,Entre Ríos,Colonia Celina,36,01/01_al_16/01,2
CENTRO NORTE,AAPRESID,Entre Ríos,Colonia Celina,36,17/01_al_31/01,1
CENTRO NORTE,AAPRESID,Entre Ríos,Gualeguay,36,3,0
CENTRO NORTE,AAPRESID,Entre Ríos,Gualeguay,36,01/01_al_16/01,0
CENTRO NORTE,AAPRESID,Entre Ríos,Gualeguay,36,17/01_al_31/01,0
CENTRO NORTE,AAPRESID,Entre Ríos,Paso de las Piedras,36,3,15
CENTRO NORTE,AAPRESID,Entre Ríos,Paso de las Piedras,36,01/01_al_16/01,3
CENTRO NORTE,AAPRESID,Entre Ríos,Paso de las Piedras,36,17/01_al_31/01,4
CENTRO NORTE,AAPRESID,Entre Ríos,Villa Hernandarias,36,3,484
CENTRO NORTE,AAPRESID,Entre Ríos,Villa Hernandarias,36,01/01_al_16/01,1
CENTRO NORTE,AAPRESID,Entre Ríos,Villa Hernandarias,36,17/01_al_31/01,1
CENTRO NORTE,AAPRESID,Entre Ríos,Don Cristobal,36,3,6
CENTRO NORTE,AAPRESID,Entre Ríos,Don Cristobal,36,01/01_al_16/01,0
CENTRO NORTE,AAPRESID,Entre Ríos,Don Cristobal,36,17/01_al_31/01,2
CENTRO NORTE,AAPRESID,Entre Ríos,Crespo,36,3,0
CENTRO NORTE,AAPRESID,Entre Ríos,Crespo,36,01/01_al_16/01,0
CENTRO NORTE,AAPRESID,Entre Ríos,Crespo,36,17/01_al_31/01,0
CENTRO NORTE,CREA,Entre Ríos,Las Garzas,36,3,6
CENTRO NORTE,CREA,Entre Ríos,Las Garzas,36,01/01_al_16/01,8
CENTRO NORTE,CREA,Entre Ríos,Las Garzas,36,17/01_al_31/01,39
CENTRO NORTE,CREA,Entre Ríos,Santa Elena,36,3,Sin datos
CENTRO NORTE,CREA,Entre Ríos,Santa Elena,36,01/01_al_16/01,Trampa perdida
CENTRO NORTE,CREA,Entre Ríos,Santa Elena,36,17/01_al_31/01,18
CENTRO NORTE,CREA,Entre Ríos,La Paz,36,3,59
CENTRO NORTE,CREA,Entre Ríos,La Paz,36,01/01_al_16/01,39
CENTRO NORTE,CREA,Entre Ríos,La Paz,36,17/01_al_31/01,Sin datos
CENTRO NORTE,CREA,Entre Ríos,Feliciano,36,3,9
CENTRO NORTE,CREA,Entre Ríos,Feliciano,36,01/01_al_16/01,29
CENTRO NORTE,CREA,Entre Ríos,Feliciano,36,17/01_al_31/01,16
CENTRO NORTE,CREA,Entre Ríos,Molino Doll,36,3,1
CENTRO NORTE,CREA,Entre Ríos,Molino Doll,36,01/01_al_16/01,0
CENTRO NORTE,CREA,Entre Ríos,Molino Doll,36,17/01_al_31/01,0
CENTRO NORTE,CREA,Entre Ríos,Gualeguaychu,36,3,0
CENTRO NORTE,CREA,Entre Ríos,Gualeguaychu,36,01/01_al_16/01,0
CENTRO NORTE,CREA,Entre Ríos,Gualeguaychu,36,17/01_al_31/01,Sin datos
CENTRO NORTE,CREA,Entre Ríos,Gualeguay,36,3,Sin datos
CENTRO NORTE,CREA,Entre Ríos,Gualeguay,36,01/01_al_16/01,0
CENTRO NORTE,CREA,Entre Ríos,Gualeguay,36,17/01_al_31/01,Sin datos
CENTRO NORTE,CREA,Entre Ríos,Victoria,36,3,6
CENTRO NORTE,CREA,Entre Ríos,Victoria,36,01/01_al_16/01,4
CENTRO NORTE,CREA,Entre Ríos,Victoria,36,17/01_al_31/01,2
CENTRO NORTE,CREA,Entre Ríos,Arroyo Barú,36,3,22
CENTRO NORTE,CREA,Entre Ríos,Arroyo Barú,36,01/01_al_16/01,9
CENTRO NORTE,CREA,Entre Ríos,Arroyo Barú,36,17/01_al_31/01,29
CENTRO NORTE,INTA,Entre Ríos,La Paz,36,3,41
CENTRO NORTE,INTA,Entre Ríos,La Paz,36,01/01_al_16/01,3
CENTRO NORTE,INTA,Entre Ríos,La Paz,36,17/01_al_31/01,28
CENTRO NORTE,INTA,Entre Ríos,Nogoya,36,3,3
CENTRO NORTE,INTA,Entre Ríos,Nogoya,36,01/01_al_16/01,0
CENTRO NORTE,INTA,Entre Ríos,Nogoya,36,17/01_al_31/01,Sin datos
CENTRO NORTE,INTA,Entre Ríos,Urdinarrain,36,3,0
CENTRO NORTE,INTA,Entre Ríos,Urdinarrain,36,01/01_al_16/01,0
CENTRO NORTE,INTA,Entre Ríos,Urdinarrain,36,17/01_al_31/01,0
CENTRO NORTE,INTA,Entre Ríos,Concepción del,36,3,338
CENTRO NORTE,INTA,Entre Ríos,Concepción del,36,01/01_al_16/01,437
CENTRO NORTE,INTA,Entre Ríos,Concepción del,36,17/01_al_31/01,297
CENTRO NORTE,INTA,Entre Ríos,Diamante,36,3,10
CENTRO NORTE,INTA,Entre Ríos,Diamante,36,01/01_al_16/01,0
CENTRO NORTE,INTA,Entre Ríos,Diamante,36,17/01_al_31/01,2
CENTRO NORTE,INTA,Entre Ríos,Gualeguay,36,3,Sin datos
CENTRO NORTE,INTA,Entre Ríos,Gualeguay,36,01/01_al_16/01,0
CENTRO NORTE,INTA,Entre Ríos,Gualeguay,36,17/01_al_31/01,3
CENTRO NORTE,INTA,Entre Ríos,Parana,36,3,244
CENTRO NORTE,INTA,Entre Ríos,Parana,36,01/01_al_16/01,63
CENTRO NORTE,INTA,Entre Ríos,Parana,36,17/01_al_31/01,88
CENTRO NORTE,AAPPCE,Entre Ríos,Villa Mantero,36,3,140
CENTRO NORTE,AAPPCE,Entre Ríos,Villa Mantero,36,01/01_al_16/01,12
CENTRO NORTE,AAPPCE,Entre Ríos,Villa Mantero,36,17/01_al_31/01,120
DESCONOCIDA,AAPPCE,Córdoba,Corralito,36,34,0
DESCONOCIDA,AAPPCE,Córdoba,Corralito,36,35,1
DESCONOCIDA,AAPPCE,Córdoba,Corralito,36,36,0
DESCONOCIDA,AAPPCE,Córdoba,El Fortín,36,34,0
DESCONOCIDA,AAPPCE,Córdoba,El Fortín,36,35,0
DESCONOCIDA,AAPPCE,Córdoba,El Fortín,36,36,4
DESCONOCIDA,AAPPCE,Córdoba,Freyre,36,34,2
DESCONOCIDA,AAPPCE,Córdoba,Freyre,36,35,85
DESCONOCIDA,AAPPCE,Córdoba,Freyre,36,36,69
DESCONOCIDA,AAPPCE,Córdoba,Morteros,36,34,55
DESCONOCIDA,AAPPCE,Córdoba,Morteros,36,35,22
DESCONOCIDA,AAPPCE,Córdoba,Morteros,36,36,166
DESCONOCIDA,AAPPCE,Córdoba,Rayo Cortado,36,34,1
DESCONOCIDA,AAPPCE,Córdoba,Rayo Cortado,36,35,5
DESCONOCIDA,AAPPCE,Córdoba,Rayo Cortado,36,36,7
DESCONOCIDA,AAPPCE,Córdoba,Jesus María,36,34,0
DESCONOCIDA,AAPPCE,Córdoba,Jesus María,36,35,2
DESCONOCIDA,AAPPCE,Córdoba,Jesus María,36,36,5
DESCONOCIDA,AAPRESID,Córdoba,Cañada de Luque,36,34,0
DESCONOCIDA,AAPRESID,Córdoba,Cañada de Luque,36,35,2
DESCONOCIDA,AAPRESID,Córdoba,Cañada de Luque,36,36,3
DESCONOCIDA,AAPPCE,Córdoba,Río Ceballos,36,34,0
DESCONOCIDA,AAPPCE,Córdoba,Río Ceballos,36,35,0
DESCONOCIDA,AAPPCE,Córdoba,Río Ceballos,36,36,3
DESCONOCIDA,AAPRESID,Córdoba,Villa María,36,34,0
DESCONOCIDA,AAPRESID,Córdoba,Villa María,36,35,0
DESCONOCIDA,AAPRESID,Córdoba,Villa María,36,36,0
DESCONOCIDA,AAPRESID,Córdoba,Carrilobo,36,34,4
DESCONOCIDA,AAPRESID,Córdoba,Carrilobo,36,35,8
DESCONOCIDA,AAPRESID,Córdoba,Carrilobo,36,36,11
DESCONOCIDA,AAPRESID,Córdoba,Capilla de Sitón,36,34,0
DESCONOCIDA,AAPRESID,Córdoba,Capilla de Sitón,36,35,0
DESCONOCIDA,AAPRESID,Córdoba,Capilla de Sitón,36,36,2
DESCONOCIDA,AAPRESID,Córdoba,Devoto,36,34,0
DESCONOCIDA,AAPRESID,Córdoba,Devoto,36,35,0
DESCONOCIDA,AAPRESID,Córdoba,Devoto,36,36,6
DESCONOCIDA,AAPRESID,Córdoba,San Francisco,36,34,0
DESCONOCIDA,AAPRESID,Córdoba,San Francisco,36,35,0
DESCONOCIDA,AAPRESID,Córdoba,San Francisco,36,36,Sin datos
DESCONOCIDA,AAPRESID,Córdoba,Eufrasio Loza,36,34,0
DESCONOCIDA,AAPRESID,Córdoba,Eufrasio Loza,36,35,1
DESCONOCIDA,AAPRESID,Córdoba,Eufrasio Loza,36,36,65
DESCONOCIDA,AAPRESID,Córdoba,Laguna Larga,36,34,0
DESCONOCIDA,AAPRESID,Córdoba,Laguna Larga,36,35,0
DESCONOCIDA,AAPRESID,Córdoba,Laguna Larga,36,36,0
DESCONOCIDA,AAPRESID,Córdoba,Las Bajadas,36,34,0
DESCONOCIDA,AAPRESID,Córdoba,Las Bajadas,36,35,1
DESCONOCIDA,AAPRESID,Córdoba,Las Bajadas,36,36,2
DESCONOCIDA,AAPRESID,Córdoba,Monte del Rosario,36,34,2
DESCONOCIDA,AAPRESID,Córdoba,Monte del Rosario,36,35,19
DESCONOCIDA,AAPRESID,Córdoba,Monte del Rosario,36,36,26
DESCONOCIDA,AAPRESID,Córdoba,Montecristo,36,34,0
DESCONOCIDA,AAPRESID,Córdoba,Montecristo,36,35,4
DESCONOCIDA,AAPRESID,Córdoba,Montecristo,36,36,2
DESCONOCIDA,AAPRESID,Córdoba,Río Segundo- T1,36,34,0
DESCONOCIDA,AAPRESID,Córdoba,Río Segundo- T1,36,35,0
DESCONOCIDA,AAPRESID,Córdoba,Río Segundo- T1,36,36,Sin datos
DESCONOCIDA,AAPRESID,Córdoba,Arroyito,36,34,0
DESCONOCIDA,AAPRESID,Córdoba,Arroyito,36,35,25
DESCONOCIDA,AAPRESID,Córdoba,Arroyito,36,36,26
DESCONOCIDA,AAPRESID,Córdoba,Santa Catalina,36,34,0
DESCONOCIDA,AAPRESID,Córdoba,Santa Catalina,36,35,0
DESCONOCIDA,AAPRESID,Córdoba,Santa Catalina,36,36,0
DESCONOCIDA,AAPRESID,Córdoba,Tancacha,36,34,0
DESCONOCIDA,AAPRESID,Córdoba,Tancacha,36,35,0
DESCONOCIDA,AAPRESID,Córdoba,Tancacha,36,36,1
DESCONOCIDA,AAPRESID,Córdoba,Villa de Maria,36,34,0
DESCONOCIDA,AAPRESID,Córdoba,Villa de Maria,36,35,1
DESCONOCIDA,AAPRESID,Córdoba,Villa de Maria,36,36,Sin datos
DESCONOCIDA,AAPRESID,Córdoba,Villa Sta. Rosa,36,34,8
DESCONOCIDA,AAPRESID,Córdoba,Villa Sta. Rosa,36,35,28
DESCONOCIDA,AAPRESID,Córdoba,Villa Sta. Rosa,36,36,91
DESCONOCIDA,CREA,Córdoba,Colonia Tirolesa,36,34,2
DESCONOCIDA,CREA,Córdoba,Colonia Tirolesa,36,35,16
DESCONOCIDA,CREA,Córdoba,Colonia Tirolesa,36,36,11
DESCONOCIDA,AAPRESID,Córdoba,Hernando,36,34,2
DESCONOCIDA,AAPRESID,Córdoba,Hernando,36,35,2
DESCONOCIDA,AAPRESID,Córdoba,Hernando,36,36,Sin datos
DESCONOCIDA,CREA,Córdoba,Piquillín,36,34,13
DESCONOCIDA,CREA,Córdoba,Piquillín,36,35,8
DESCONOCIDA,CREA,Córdoba,Piquillín,36,36,14
DESCONOCIDA,CREA,Córdoba,Las Chilcas,36,34,Trampa perdida
DESCONOCIDA,CREA,Córdoba,Las Chilcas,36,35,5
DESCONOCIDA,CREA,Córdoba,Las Chilcas,36,36,10
DESCONOCIDA,CREA,Córdoba,Sebastián Elcano,36,34,63
DESCONOCIDA,CREA,Córdoba,Sebastián Elcano,36,35,43
DESCONOCIDA,CREA,Córdoba,Sebastián Elcano,36,36,950
DESCONOCIDA,CREA,Córdoba,El Tío,36,34,5
DESCONOCIDA,CREA,Córdoba,El Tío,36,35,15
DESCONOCIDA,CREA,Córdoba,El Tío,36,36,148
DESCONOCIDA,CREA,Córdoba,Las Astillas,36,34,1
DESCONOCIDA,CREA,Córdoba,Las Astillas,36,35,3
DESCONOCIDA,CREA,Córdoba,Las Astillas,36,36,21
DESCONOCIDA,CREA,Córdoba,Tala Norte,36,34,4
DESCONOCIDA,CREA,Córdoba,Tala Norte,36,35,38
DESCONOCIDA,CREA,Córdoba,Tala Norte,36,36,27
DESCONOCIDA,CREA,Córdoba,Mi Granja,36,34,0
DESCONOCIDA,CREA,Córdoba,Mi Granja,36,35,0
DESCONOCIDA,CREA,Córdoba,Mi Granja,36,36,Sin datos
DESCONOCIDA,CREA,Córdoba,Sacanta,36,34,3
DESCONOCIDA,CREA,Córdoba,Sacanta,36,35,3
DESCONOCIDA,CREA,Córdoba,Sacanta,36,36,7
DESCONOCIDA,CREA,Córdoba,Sinsacate,36,34,2
DESCONOCIDA,CREA,Córdoba,Sinsacate,36,35,8
DESCONOCIDA,CREA,Córdoba,Sinsacate,36,36,18
CENTRO SUR,INTA,Santa Fe,Rafaela,36,3,248
CENTRO SUR,INTA,Santa Fe,Rafaela,36,01/01_al_16/01,2
CENTRO SUR,INTA,Santa Fe,Rafaela,36,17/01_al_31/01,117
CENTRO SUR,INTA,Santa Fe,Ceres,36,3,442
CENTRO SUR,INTA,Santa Fe,Ceres,36,01/01_al_16/01,4
CENTRO SUR,INTA,Santa Fe,Ceres,36,17/01_al_31/01,86
CENTRO SUR,INTA,Santa Fe,San Justo,36,3,196
CENTRO SUR,INTA,Santa Fe,San Justo,36,01/01_al_16/01,2
CENTRO SUR,INTA,Santa Fe,San Justo,36,17/01_al_31/01,394
CENTRO SUR,,Santa Fe,voluntarias Angelica,36,3,2
CENTRO SUR,,Santa Fe,voluntarias Angelica,36,01/01_al_16/01,0
CENTRO SUR,,Santa Fe,voluntarias Angelica,36,17/01_al_31/01,0
CENTRO SUR,,Santa Fe,voluntarias Fraga,36,3,9
CENTRO SUR,,Santa Fe,voluntarias Fraga,36,01/01_al_16/01,0
CENTRO SUR,,Santa Fe,voluntarias Fraga,36,17/01_al_31/01,1
CENTRO SUR,AAPRESID,Santa Fe,San Bernardo,36,3,35
CENTRO SUR,AAPRESID,Santa Fe,San Bernardo,36,01/01_al_16/01,21
CENTRO SUR,AAPRESID,Santa Fe,San Bernardo,36,17/01_al_31/01,21
CENTRO SUR,AAPPCE,Buenos Aires,La Violeta,36,3,0
CENTRO SUR,AAPPCE,Buenos Aires,La Violeta,36,01/01_al_16/01,0
CENTRO SUR,AAPPCE,Buenos Aires,La Violeta,36,17/01_al_31/01,0
CENTRO SUR,AAPPCE,Buenos Aires,América,36,3,0
CENTRO SUR,AAPPCE,Buenos Aires,América,36,01/01_al_16/01,0
CENTRO SUR,AAPPCE,Buenos Aires,América,36,17/01_al_31/01,0
CENTRO SUR,AAPPCE,Buenos Aires,Chacabuco,36,3,0
CENTRO SUR,AAPPCE,Buenos Aires,Chacabuco,36,01/01_al_16/01,0
CENTRO SUR,AAPPCE,Buenos Aires,Chacabuco,36,17/01_al_31/01,0
CENTRO SUR,AAPPCE,Buenos Aires,Cnel. Dorrego,36,3,0
CENTRO SUR,AAPPCE,Buenos Aires,Cnel. Dorrego,36,01/01_al_16/01,0
CENTRO SUR,AAPPCE,Buenos Aires,Cnel. Dorrego,36,17/01_al_31/01,0
CENTRO SUR,AAPPCE,Buenos Aires,Coronel Suarez,36,3,0
CENTRO SUR,AAPPCE,Buenos Aires,Coronel Suarez,36,01/01_al_16/01,0
CENTRO SUR,AAPPCE,Buenos Aires,Coronel Suarez,36,17/01_al_31/01,0
CENTRO SUR,AAPPCE,Buenos Aires,Cura Malal,36,3,0
CENTRO SUR,AAPPCE,Buenos Aires,Cura Malal,36,01/01_al_16/01,0
CENTRO SUR,AAPPCE,Buenos Aires,Cura Malal,36,17/01_al_31/01,0
CENTRO SUR,AAPPCE,Buenos Aires,Germania,36,3,0
CENTRO SUR,AAPPCE,Buenos Aires,Germania,36,01/01_al_16/01,0
CENTRO SUR,AAPPCE,Buenos Aires,Germania,36,17/01_al_31/01,0
CENTRO SUR,AAPPCE,Buenos Aires,Gral. Arenales T1,36,3,1
CENTRO SUR,AAPPCE,Buenos Aires,Gral. Arenales T1,36,01/01_al_16/01,0
CENTRO SUR,AAPPCE,Buenos Aires,Gral. Arenales T1,36,17/01_al_31/01,1
CENTRO SUR,AAPPCE,Buenos Aires,Gobernador Castro,36,3,0
CENTRO SUR,AAPPCE,Buenos Aires,Gobernador Castro,36,01/01_al_16/01,2
CENTRO SUR,AAPPCE,Buenos Aires,Gobernador Castro,36,17/01_al_31/01,0
CENTRO SUR,AAPPCE,Buenos Aires,González Moreno,36,3,0
CENTRO SUR,AAPPCE,Buenos Aires,González Moreno,36,01/01_al_16/01,0
CENTRO SUR,AAPPCE,Buenos Aires,González Moreno,36,17/01_al_31/01,0
CENTRO SUR,AAPPCE,Buenos Aires,Guaminí,36,3,0
CENTRO SUR,AAPPCE,Buenos Aires,Guaminí,36,01/01_al_16/01,0
CENTRO SUR,AAPPCE,Buenos Aires,Guaminí,36,17/01_al_31/01,0
CENTRO SUR,AAPPCE,Buenos Aires,Leandro N. Alem,36,3,0
CENTRO SUR,AAPPCE,Buenos Aires,Leandro N. Alem,36,01/01_al_16/01,0
CENTRO SUR,AAPPCE,Buenos Aires,Leandro N. Alem,36,17/01_al_31/01,0
CENTRO SUR,AAPPCE,Buenos Aires,Los Toldos,36,3,0
CENTRO SUR,AAPPCE,Buenos Aires,Los Toldos,36,01/01_al_16/01,0
CENTRO SUR,AAPPCE,Buenos Aires,Los Toldos,36,17/01_al_31/01,0
CENTRO SUR,AAPPCE,Buenos Aires,Morse,36,3,0
CENTRO SUR,AAPPCE,Buenos Aires,Morse,36,01/01_al_16/01,0
CENTRO SUR,AAPPCE,Buenos Aires,Morse,36,17/01_al_31/01,0
CENTRO SUR,AAPPCE,Buenos Aires,Pasman,36,3,0
CENTRO SUR,AAPPCE,Buenos Aires,Pasman,36,01/01_al_16/01,0
CENTRO SUR,AAPPCE,Buenos Aires,Pasman,36,17/01_al_31/01,0
CENTRO SUR,AAPPCE,Buenos Aires,Rafael Obligado,36,3,0
CENTRO SUR,AAPPCE,Buenos Aires,Rafael Obligado,36,01/01_al_16/01,0
CENTRO SUR,AAPPCE,Buenos Aires,Rafael Obligado,36,17/01_al_31/01,0
CENTRO SUR,AAPPCE,Buenos Aires,Florentino Ameghino,36,3,0
CENTRO SUR,AAPPCE,Buenos Aires,Florentino Ameghino,36,01/01_al_16/01,0
CENTRO SUR,AAPPCE,Buenos Aires,Florentino Ameghino,36,17/01_al_31/01,0
CENTRO SUR,AAPPCE,Buenos Aires,Roberts,36,3,0
CENTRO SUR,AAPPCE,Buenos Aires,Roberts,36,01/01_al_16/01,0
CENTRO SUR,AAPPCE,Buenos Aires,Roberts,36,17/01_al_31/01,0
CENTRO SUR,AAPPCE,Buenos Aires,Tres Arroyos,36,3,0
CENTRO SUR,AAPPCE,Buenos Aires,Tres Arroyos,36,01/01_al_16/01,0
CENTRO SUR,AAPPCE,Buenos Aires,Tres Arroyos,36,17/01_al_31/01,0
CENTRO SUR,AAPPCE,Buenos Aires,Villa Gral. Savio,36,3,0
CENTRO SUR,AAPPCE,Buenos Aires,Villa Gral. Savio,36,01/01_al_16/01,0
CENTRO SUR,AAPPCE,Buenos Aires,Villa Gral. Savio,36,17/01_al_31/01,2
CENTRO SUR,AAPPCE,Buenos Aires,Inés Indart,36,3,0
CENTRO SUR,AAPPCE,Buenos Aires,Inés Indart,36,01/01_al_16/01,Sin datos
CENTRO SUR,AAPPCE,Buenos Aires,Inés Indart,36,17/01_al_31/01,0
CENTRO SUR,AAPPCE,Buenos Aires,Pirovano,36,3,0
CENTRO SUR,AAPPCE,Buenos Aires,Pirovano,36,01/01_al_16/01,0
CENTRO SUR,AAPPCE,Buenos Aires,Pirovano,36,17/01_al_31/01,0
CENTRO SUR,AGTSA,,2025 MERCEDES UY - AGTSA Mercedes,37,3,6
CENTRO SUR,AGTSA,,2025 MERCEDES UY - AGTSA Mercedes,37,17/01_al_31/01,0
CENTRO SUR,AGTSA,,2025 MERCEDES UY - AGTSA Mercedes,37,01/02_al_16/02,2
CENTRO SUR,AGTSA,,2025 ACEGUÁ UY - AGTSA Peñarol,37,17/01_al_31/01,0
CENTRO SUR,AGTSA,,2025 RINCON DEL PINO - AGTSA Los Arenales,37,17/01_al_31/01,3
CENTRO SUR,AGTSA,,2025 RINCON DEL PINO - AGTSA Los Arenales,37,01/02_al_16/02,6
CENTRO SUR,AGTSA,,2025 NUEVA HELVECIA - AGTSA (SAN PEDRO) Nueva Helvecia,37,3,18
CENTRO SUR,AGTSA,,2025 NUEVA HELVECIA - AGTSA (SAN PEDRO) Nueva Helvecia,37,17/01_al_31/01,0
CENTRO SUR,AGTSA,,2025 NUEVA HELVECIA - AGTSA (SAN PEDRO) Nueva Helvecia,37,01/02_al_16/02,0
CENTRO SUR,AGTSA,,2025 LAS ARMAS Colonia,37,3,3
CENTRO SUR,AGTSA,,2025 LAS ARMAS Colonia,37,17/01_al_31/01,0
CENTRO SUR,AGTSA,,2025 LAS ARMAS Colonia,37,01/02_al_16/02,0
CENTRO SUR,AGTSA,,2025 CORRALITO - AGTSA Palmitas,37,3,4
CENTRO SUR,AGTSA,,2025 CORRALITO - AGTSA Palmitas,37,17/01_al_31/01,0
CENTRO SUR,AGTSA,,2025 CORRALITO - AGTSA Palmitas,37,01/02_al_16/02,0
CENTRO SUR,AGTSA,,2025 Durazno - AGTSA Durazno,37,17/01_al_31/01,1
CENTRO SUR,AGTSA,,2025 Durazno - AGTSA Durazno,37,01/02_al_16/02,52
CENTRO SUR,AGTSA,,2025 Young 2 - AGTSA Young,37,17/01_al_31/01,1
CENTRO SUR,AGTSA,,2025 Young 2 - AGTSA Young,37,01/02_al_16/02,12
CENTRO SUR,AGTSA,,2026 Young 1 - AGTSA Young,37,17/01_al_31/01,13
CENTRO SUR,AGTSA,,2026 Young 1 - AGTSA Young,37,01/02_al_16/02,237
NOA,CREA,Jujuy,EL Carmen,37,3,8
NOA,CREA,Jujuy,EL Carmen,37,17/01_al_31/01,2
NOA,CREA,Jujuy,EL Carmen,37,01/02_al_16/02,4
NOA,CREA,Jujuy,Fraile Pintado,37,3,6
NOA,CREA,Jujuy,Fraile Pintado,37,17/01_al_31/01,0
NOA,CREA,Jujuy,Fraile Pintado,37,01/02_al_16/02,2
NOA,CREA,Jujuy,Santa Clara,37,3,9
NOA,CREA,Jujuy,Santa Clara,37,17/01_al_31/01,1
NOA,CREA,Jujuy,Santa Clara,37,01/02_al_16/02,4
NOA,INTA,Jujuy,El Bananal,37,3,60
NOA,INTA,Jujuy,El Bananal,37,17/01_al_31/01,78
NOA,INTA,Jujuy,El Bananal,37,01/02_al_16/02,124
NOA,AAPPCE,Salta,Agua Sucia,37,3,0
NOA,AAPPCE,Salta,Agua Sucia,37,17/01_al_31/01,6
NOA,AAPPCE,Salta,Agua Sucia,37,01/02_al_16/02,16
NOA,AAPPCE,Salta,Rio Piedras,37,3,4
NOA,AAPPCE,Salta,Rio Piedras,37,17/01_al_31/01,5
NOA,AAPPCE,Salta,Rio Piedras,37,01/02_al_16/02,12
NOA,AAPRESID,Salta,Rivadavia,37,3,0
NOA,AAPRESID,Salta,Rivadavia,37,17/01_al_31/01,Sin datos
NOA,AAPRESID,Salta,Rivadavia,37,01/02_al_16/02,11
NOA,AAPRESID,Salta,Piquete Cabado 1,37,3,43
NOA,AAPRESID,Salta,Piquete Cabado 1,37,17/01_al_31/01,17
NOA,AAPRESID,Salta,Piquete Cabado 1,37,01/02_al_16/02,Sin datos
NOA,CREA,Salta,Antilla,37,3,17
NOA,CREA,Salta,Antilla,37,17/01_al_31/01,1
NOA,CREA,Salta,Antilla,37,01/02_al_16/02,3
NOA,CREA,Salta,Ballivián,37,3,0
NOA,CREA,Salta,Ballivián,37,17/01_al_31/01,0
NOA,CREA,Salta,Ballivián,37,01/02_al_16/02,Sin datos
NOA,CREA,Salta,Ceibalito,37,3,Trampa perdida
NOA,CREA,Salta,Ceibalito,37,17/01_al_31/01,16
NOA,CREA,Salta,Ceibalito,37,01/02_al_16/02,Sin datos
NOA,CREA,Salta,Copo Quiles,37,3,Sin datos
NOA,CREA,Salta,Copo Quiles,37,17/01_al_31/01,4
NOA,CREA,Salta,Copo Quiles,37,01/02_al_16/02,Sin datos
NOA,CREA,Salta,El Galpón,37,3,146
NOA,CREA,Salta,El Galpón,37,17/01_al_31/01,3
NOA,CREA,Salta,El Galpón,37,01/02_al_16/02,9
NOA,CREA,Salta,El Tunal,37,3,Sin datos
NOA,CREA,Salta,El Tunal,37,17/01_al_31/01,Trampa perdida
NOA,CREA,Salta,El Tunal,37,01/02_al_16/02,Sin datos
NOA,CREA,Salta,Embarcación,37,3,0
NOA,CREA,Salta,Embarcación,37,17/01_al_31/01,2
NOA,CREA,Salta,Embarcación,37,01/02_al_16/02,Sin datos
NOA,CREA,Salta,Gral Pizarro,37,3,5
NOA,CREA,Salta,Gral Pizarro,37,17/01_al_31/01,0
NOA,CREA,Salta,Gral Pizarro,37,01/02_al_16/02,Sin datos
NOA,CREA,Salta,Horcones,37,3,0
NOA,CREA,Salta,Horcones,37,17/01_al_31/01,0
NOA,CREA,Salta,Horcones,37,01/02_al_16/02,0
NOA,CREA,Salta,J V Gonzales,37,3,83
NOA,CREA,Salta,J V Gonzales,37,17/01_al_31/01,5
NOA,CREA,Salta,J V Gonzales,37,01/02_al_16/02,31
NOA,CREA,Salta,Las Lajitas T3,37,3,3
NOA,CREA,Salta,Las Lajitas T3,37,17/01_al_31/01,5
NOA,CREA,Salta,Las Lajitas T3,37,01/02_al_16/02,Sin datos
NOA,CREA,Salta,Metan 1,37,3,1
NOA,CREA,Salta,Metan 1,37,17/01_al_31/01,4
NOA,CREA,Salta,Metan 1,37,01/02_al_16/02,1
NOA,CREA,Salta,Metan 2,37,3,2
NOA,CREA,Salta,Metan 2,37,17/01_al_31/01,7
NOA,CREA,Salta,Metan 2,37,01/02_al_16/02,0
NOA,CREA,Salta,Mollinedo,37,3,Trampa perdida
NOA,CREA,Salta,Mollinedo,37,17/01_al_31/01,0
NOA,CREA,Salta,Mollinedo,37,01/02_al_16/02,38
NOA,CREA,Salta,Mosconi,37,3,12
NOA,CREA,Salta,Mosconi,37,17/01_al_31/01,0
NOA,CREA,Salta,Mosconi,37,01/02_al_16/02,5
NOA,CREA,Salta,Nstra Sra de Talavera,37,3,Trampa perdida
NOA,CREA,Salta,Nstra Sra de Talavera,37,17/01_al_31/01,11
NOA,CREA,Salta,Nstra Sra de Talavera,37,01/02_al_16/02,121
NEA,CREA,Santiago Del Estero,Termas R. Hondo,37,3,1200
NEA,CREA,Santiago Del Estero,Termas R. Hondo,37,17/01_al_31/01,9
NEA,CREA,Santiago Del Estero,Termas R. Hondo,37,01/02_al_16/02,59
NEA,CREA,Santiago Del Estero,Vinará,37,3,Sin datos
NEA,CREA,Santiago Del Estero,Vinará,37,17/01_al_31/01,1
NEA,CREA,Santiago Del Estero,Vinará,37,01/02_al_16/02,6
NEA,CREA,Santiago Del Estero,Termas de Río Hondo,37,3,33
NEA,CREA,Santiago Del Estero,Termas de Río Hondo,37,17/01_al_31/01,Trampa perdida
NEA,CREA,Santiago Del Estero,Termas de Río Hondo,37,01/02_al_16/02,7
NEA,CREA,Catamarca,El Abra,37,3,377
NEA,CREA,Catamarca,El Abra,37,17/01_al_31/01,Trampa perdida
NEA,CREA,Catamarca,El Abra,37,01/02_al_16/02,399
NEA,CREA,Catamarca,Los Altos,37,3,890
NEA,CREA,Catamarca,Los Altos,37,17/01_al_31/01,322
NEA,CREA,Catamarca,Los Altos,37,01/02_al_16/02,1043
NEA,CREA,Catamarca,Frias,37,3,58
NEA,CREA,Catamarca,Frias,37,17/01_al_31/01,4
NEA,CREA,Catamarca,Frias,37,01/02_al_16/02,6
NEA,AAPRESID,Chaco,Tres Isletas,37,3,13
NEA,AAPRESID,Chaco,Tres Isletas,37,17/01_al_31/01,Sin datos
NEA,AAPRESID,Chaco,Tres Isletas,37,01/02_al_16/02,10
NEA,AAPRESID,Chaco,Pampa del Infierno,37,3,Sin datos
NEA,AAPRESID,Chaco,Pampa del Infierno,37,17/01_al_31/01,26
NEA,AAPRESID,Chaco,Pampa del Infierno,37,01/02_al_16/02,4
NEA,AAPRESID,Chaco,Concepcion del Bermejo,37,3,17
NEA,AAPRESID,Chaco,Concepcion del Bermejo,37,17/01_al_31/01,12
NEA,AAPRESID,Chaco,Concepcion del Bermejo,37,01/02_al_16/02,Sin datos
NEA,AAPRESID,Chaco,Villa Angela,37,3,1
NEA,AAPRESID,Chaco,Villa Angela,37,17/01_al_31/01,Trampa perdida
NEA,AAPRESID,Chaco,Villa Angela,37,01/02_al_16/02,0
NEA,AAPRESID,Chaco,Las Piedritas,37,3,32
NEA,AAPRESID,Chaco,Las Piedritas,37,17/01_al_31/01,13
NEA,AAPRESID,Chaco,Las Piedritas,37,01/02_al_16/02,13
NEA,INTA,Chaco,Gral. Pinedo,37,3,4
NEA,INTA,Chaco,Gral. Pinedo,37,17/01_al_31/01,0
NEA,INTA,Chaco,Gral. Pinedo,37,01/02_al_16/02,0
NEA,INTA,Chaco,Tres Isletas,37,3,10
NEA,INTA,Chaco,Tres Isletas,37,17/01_al_31/01,26
NEA,INTA,Chaco,Tres Isletas,37,01/02_al_16/02,21
NEA,INTA,Chaco,Pampa del Infierno,37,3,7
NEA,INTA,Chaco,Pampa del Infierno,37,17/01_al_31/01,2
NEA,INTA,Chaco,Pampa del Infierno,37,01/02_al_16/02,10
NEA,INTA,Chaco,Las Breñas,37,3,72
NEA,INTA,Chaco,Las Breñas,37,17/01_al_31/01,12
NEA,INTA,Chaco,Las Breñas,37,01/02_al_16/02,19
NEA,INTA,Chaco,Juan José Castelli,37,3,6
NEA,INTA,Chaco,Juan José Castelli,37,17/01_al_31/01,3
NEA,INTA,Chaco,Juan José Castelli,37,01/02_al_16/02,65
NEA,INTA,Chaco,Sylvina,37,3,3
NEA,INTA,Chaco,Sylvina,37,17/01_al_31/01,0
NEA,INTA,Chaco,Sylvina,37,01/02_al_16/02,1
NEA,INTA,Chaco,Basail,37,3,5
NEA,INTA,Chaco,Basail,37,17/01_al_31/01,2
NEA,INTA,Chaco,Basail,37,01/02_al_16/02,8
NEA,CREA,Santa Fe,La María,37,3,277
NEA,CREA,Santa Fe,La María,37,17/01_al_31/01,115
NEA,CREA,Santa Fe,La María,37,01/02_al_16/02,799
NEA,CREA,Santa Fe,Margarita,37,3,53
NEA,CREA,Santa Fe,Margarita,37,17/01_al_31/01,3
NEA,CREA,Santa Fe,Margarita,37,01/02_al_16/02,103
NEA,CREA,Santa Fe,Ramayón,37,3,26
NEA,CREA,Santa Fe,Ramayón,37,17/01_al_31/01,5
NEA,CREA,Santa Fe,Ramayón,37,01/02_al_16/02,49
NEA,CREA,Santa Fe,Soledad,37,3,Trampa perdida
NEA,CREA,Santa Fe,Soledad,37,17/01_al_31/01,0
NEA,CREA,Santa Fe,Soledad,37,01/02_al_16/02,12
NEA,CREA,Santa Fe,Hersilia,37,3,6
NEA,CREA,Santa Fe,Hersilia,37,17/01_al_31/01,3
NEA,CREA,Santa Fe,Hersilia,37,01/02_al_16/02,14
NEA,CREA,Santa Fe,La Penca y Caraguatá,37,3,31
NEA,CREA,Santa Fe,La Penca y Caraguatá,37,17/01_al_31/01,6
NEA,CREA,Santa Fe,La Penca y Caraguatá,37,01/02_al_16/02,2
NEA,CREA,Santiago Del Estero,Tomás Young,37,3,89
NEA,CREA,Santiago Del Estero,Tomás Young,37,17/01_al_31/01,3
NEA,CREA,Santiago Del Estero,Tomás Young,37,01/02_al_16/02,3
NEA,CREA,Santiago Del Estero,Isla Baja,37,3,15
NEA,CREA,Santiago Del Estero,Isla Baja,37,17/01_al_31/01,Trampa perdida
NEA,CREA,Santiago Del Estero,Isla Baja,37,01/02_al_16/02,22
LITORAL,CREA,Chaco,El Tocon Bermejo,37,3,Sin datos
LITORAL,CREA,Chaco,El Tocon Bermejo,37,17/01_al_31/01,3
LITORAL,CREA,Chaco,El Tocon Bermejo,37,01/02_al_16/02,Sin datos
LITORAL,CREA,Chaco,Charata,37,3,0
LITORAL,CREA,Chaco,Charata,37,17/01_al_31/01,0
LITORAL,CREA,Chaco,Charata,37,01/02_al_16/02,0
LITORAL,INTA,Santiago Del Estero,Quimilí,37,3,132
LITORAL,INTA,Santiago Del Estero,Quimilí,37,17/01_al_31/01,1
LITORAL,INTA,Santiago Del Estero,Quimilí,37,01/02_al_16/02,107
LITORAL,INTA,Santiago Del Estero,Añatuya,37,3,261
LITORAL,INTA,Santiago Del Estero,Añatuya,37,17/01_al_31/01,30
LITORAL,INTA,Santiago Del Estero,Añatuya,37,01/02_al_16/02,140
LITORAL,INTA,Santiago Del Estero,Malbran,37,3,62
LITORAL,INTA,Santiago Del Estero,Malbran,37,17/01_al_31/01,1
LITORAL,INTA,Santiago Del Estero,Malbran,37,01/02_al_16/02,Sin datos
LITORAL,INTA,Santiago Del Estero,Pampa de los Guanacos,37,3,302
LITORAL,INTA,Santiago Del Estero,Pampa de los Guanacos,37,17/01_al_31/01,42
LITORAL,INTA,Santiago Del Estero,Pampa de los Guanacos,37,01/02_al_16/02,48
LITORAL,CREA,Santiago Del Estero,La Rosita,37,3,Trampa perdida
LITORAL,CREA,Santiago Del Estero,La Rosita,37,17/01_al_31/01,2
LITORAL,CREA,Santiago Del Estero,La Rosita,37,01/02_al_16/02,2
LITORAL,CREA,Chaco,Gancedo,37,3,Trampa perdida
LITORAL,CREA,Chaco,Gancedo,37,17/01_al_31/01,3
LITORAL,CREA,Chaco,Gancedo,37,01/02_al_16/02,2
LITORAL,CREA,Chaco,Las Breñas,37,3,Trampa perdida
LITORAL,CREA,Chaco,Las Breñas,37,17/01_al_31/01,4
LITORAL,CREA,Chaco,Las Breñas,37,01/02_al_16/02,0
LITORAL,CREA,Santiago Del Estero,Girardet,37,3,7
LITORAL,CREA,Santiago Del Estero,Girardet,37,17/01_al_31/01,2
LITORAL,CREA,Santiago Del Estero,Girardet,37,01/02_al_16/02,4
LITORAL,CREA,Santiago Del Estero,Cejolao,37,3,Sin datos
LITORAL,CREA,Santiago Del Estero,Cejolao,37,17/01_al_31/01,1
LITORAL,CREA,Santiago Del Estero,Cejolao,37,01/02_al_16/02,5
LITORAL,CREA,Formosa,Las Lomitas,37,3,37
LITORAL,CREA,Formosa,Las Lomitas,37,17/01_al_31/01,41
LITORAL,CREA,Formosa,Las Lomitas,37,01/02_al_16/02,11
LITORAL,CREA,Santiago Del Estero,Desvío La Paloma,37,3,87
LITORAL,CREA,Santiago Del Estero,Desvío La Paloma,37,17/01_al_31/01,11
LITORAL,CREA,Santiago Del Estero,Desvío La Paloma,37,01/02_al_16/02,57
LITORAL,CREA,Santiago Del Estero,Coronel Rico,37,3,3
LITORAL,CREA,Santiago Del Estero,Coronel Rico,37,17/01_al_31/01,3
LITORAL,CREA,Santiago Del Estero,Coronel Rico,37,01/02_al_16/02,4
LITORAL,CREA,Santiago Del Estero,Sachayoj,37,3,Sin datos
LITORAL,CREA,Santiago Del Estero,Sachayoj,37,17/01_al_31/01,5
LITORAL,CREA,Santiago Del Estero,Sachayoj,37,01/02_al_16/02,13
LITORAL,CREA,Chaco,Las Piedras,37,3,Sin datos
LITORAL,CREA,Chaco,Las Piedras,37,17/01_al_31/01,4
LITORAL,CREA,Chaco,Las Piedras,37,01/02_al_16/02,Sin datos
LITORAL,AAPRESID,Santiago Del Estero,Avia Terai,37,3,Sin datos
LITORAL,AAPRESID,Santiago Del Estero,Avia Terai,37,17/01_al_31/01,11
LITORAL,AAPRESID,Santiago Del Estero,Avia Terai,37,01/02_al_16/02,Sin datos
LITORAL,AAPRESID,Santiago Del Estero,Ahí Veremos,37,3,20
LITORAL,AAPRESID,Santiago Del Estero,Ahí Veremos,37,17/01_al_31/01,8
LITORAL,AAPRESID,Santiago Del Estero,Ahí Veremos,37,01/02_al_16/02,44
LITORAL,AAPRESID,Corrientes,Mercedes,37,3,5
LITORAL,AAPRESID,Corrientes,Mercedes,37,17/01_al_31/01,266
LITORAL,AAPRESID,Corrientes,Mercedes,37,01/02_al_16/02,15
LITORAL,AAPRESID,Corrientes,Ambrosio,37,3,5
LITORAL,AAPRESID,Corrientes,Ambrosio,37,17/01_al_31/01,Trampa perdida
LITORAL,AAPRESID,Corrientes,Ambrosio,37,01/02_al_16/02,Sin datos
LITORAL,AAPRESID,Corrientes,Corrientes,37,3,18
LITORAL,AAPRESID,Corrientes,Corrientes,37,17/01_al_31/01,36
LITORAL,AAPRESID,Corrientes,Corrientes,37,01/02_al_16/02,55
LITORAL,AAPRESID,Corrientes,Bella Vista,37,3,0
LITORAL,AAPRESID,Corrientes,Bella Vista,37,17/01_al_31/01,2
LITORAL,AAPRESID,Corrientes,Bella Vista,37,01/02_al_16/02,2
LITORAL,INTA,Corrientes,Sauce,37,3,Sin datos
LITORAL,INTA,Corrientes,Sauce,37,17/01_al_31/01,Sin datos
LITORAL,INTA,Corrientes,Sauce,37,01/02_al_16/02,27
LITORAL,INTA,Corrientes,Estancia el Rocio Copra,37,3,3
LITORAL,INTA,Corrientes,Estancia el Rocio Copra,37,17/01_al_31/01,Trampa perdida
LITORAL,INTA,Corrientes,Estancia el Rocio Copra,37,01/02_al_16/02,28
LITORAL,INTA,Corrientes,Mercedes,37,3,7
LITORAL,INTA,Corrientes,Mercedes,37,17/01_al_31/01,165
LITORAL,INTA,Corrientes,Mercedes,37,01/02_al_16/02,16
LITORAL,INTA,Corrientes,Virasoro,37,3,2
LITORAL,INTA,Corrientes,Virasoro,37,17/01_al_31/01,12
LITORAL,INTA,Corrientes,Virasoro,37,01/02_al_16/02,5
LITORAL,INTA,Corrientes,Goya,37,3,2
LITORAL,INTA,Corrientes,Goya,37,17/01_al_31/01,10
LITORAL,INTA,Corrientes,Goya,37,01/02_al_16/02,8
LITORAL,INTA,Corrientes,Curuzú,37,3,88
LITORAL,INTA,Corrientes,Curuzú,37,17/01_al_31/01,642
LITORAL,INTA,Corrientes,Curuzú,37,01/02_al_16/02,265
LITORAL,INTA,Corrientes,Esquina,37,3,Sin datos
LITORAL,INTA,Corrientes,Esquina,37,17/01_al_31/01,0
LITORAL,INTA,Corrientes,Esquina,37,01/02_al_16/02,12
CENTRO NORTE,AAPPCE,Córdoba,Corralito,37,3,3
CENTRO NORTE,AAPPCE,Córdoba,Corralito,37,17/01_al_31/01,1
CENTRO NORTE,AAPPCE,Córdoba,Corralito,37,01/02_al_16/02,0
CENTRO NORTE,AAPPCE,Córdoba,El Fortín,37,3,21
CENTRO NORTE,AAPPCE,Córdoba,El Fortín,37,17/01_al_31/01,0
CENTRO NORTE,AAPPCE,Córdoba,El Fortín,37,01/02_al_16/02,4
CENTRO NORTE,AAPPCE,Córdoba,Freyre,37,3,191
CENTRO NORTE,AAPPCE,Córdoba,Freyre,37,17/01_al_31/01,85
CENTRO NORTE,AAPPCE,Córdoba,Freyre,37,01/02_al_16/02,69
CENTRO NORTE,AAPPCE,Córdoba,Morteros,37,3,252
CENTRO NORTE,AAPPCE,Córdoba,Morteros,37,17/01_al_31/01,22
CENTRO NORTE,AAPPCE,Córdoba,Morteros,37,01/02_al_16/02,166
CENTRO NORTE,AAPPCE,Córdoba,Rayo Cortado,37,3,170
CENTRO NORTE,AAPPCE,Córdoba,Rayo Cortado,37,17/01_al_31/01,5
CENTRO NORTE,AAPPCE,Córdoba,Rayo Cortado,37,01/02_al_16/02,7
CENTRO NORTE,AAPPCE,Córdoba,Jesus María,37,3,5
CENTRO NORTE,AAPPCE,Córdoba,Jesus María,37,17/01_al_31/01,2
CENTRO NORTE,AAPPCE,Córdoba,Jesus María,37,01/02_al_16/02,5
CENTRO NORTE,AAPRESID,Córdoba,Cañada de Luque,37,3,118
CENTRO NORTE,AAPRESID,Córdoba,Cañada de Luque,37,17/01_al_31/01,2
CENTRO NORTE,AAPRESID,Córdoba,Cañada de Luque,37,01/02_al_16/02,3
CENTRO NORTE,AAPPCE,Córdoba,Río Ceballos,37,3,1
CENTRO NORTE,AAPPCE,Córdoba,Río Ceballos,37,17/01_al_31/01,0
CENTRO NORTE,AAPPCE,Córdoba,Río Ceballos,37,01/02_al_16/02,3
CENTRO NORTE,AAPRESID,Córdoba,Villa María,37,3,0
CENTRO NORTE,AAPRESID,Córdoba,Villa María,37,17/01_al_31/01,0
CENTRO NORTE,AAPRESID,Córdoba,Villa María,37,01/02_al_16/02,0
CENTRO NORTE,AAPRESID,Córdoba,Carrilobo,37,3,34
CENTRO NORTE,AAPRESID,Córdoba,Carrilobo,37,17/01_al_31/01,8
CENTRO NORTE,AAPRESID,Córdoba,Carrilobo,37,01/02_al_16/02,11
CENTRO NORTE,AAPRESID,Córdoba,Capilla de Sitón,37,3,6
CENTRO NORTE,AAPRESID,Córdoba,Capilla de Sitón,37,17/01_al_31/01,0
CENTRO NORTE,AAPRESID,Córdoba,Capilla de Sitón,37,01/02_al_16/02,2
CENTRO NORTE,AAPRESID,Córdoba,Devoto,37,3,Sin datos
CENTRO NORTE,AAPRESID,Córdoba,Devoto,37,17/01_al_31/01,0
CENTRO NORTE,AAPRESID,Córdoba,Devoto,37,01/02_al_16/02,6
CENTRO NORTE,AAPRESID,Córdoba,San Francisco,37,3,0
CENTRO NORTE,AAPRESID,Córdoba,San Francisco,37,17/01_al_31/01,0
CENTRO NORTE,AAPRESID,Córdoba,San Francisco,37,01/02_al_16/02,Sin datos
CENTRO NORTE,AAPRESID,Córdoba,Eufrasio Loza,37,3,470
CENTRO NORTE,AAPRESID,Córdoba,Eufrasio Loza,37,17/01_al_31/01,1
CENTRO NORTE,AAPRESID,Córdoba,Eufrasio Loza,37,01/02_al_16/02,65
CENTRO NORTE,AAPRESID,Córdoba,Laguna Larga,37,3,Sin datos
CENTRO NORTE,AAPRESID,Córdoba,Laguna Larga,37,17/01_al_31/01,0
CENTRO NORTE,AAPRESID,Córdoba,Laguna Larga,37,01/02_al_16/02,0
CENTRO NORTE,AAPRESID,Córdoba,Las Bajadas,37,3,1
CENTRO NORTE,AAPRESID,Córdoba,Las Bajadas,37,17/01_al_31/01,1
CENTRO NORTE,AAPRESID,Córdoba,Las Bajadas,37,01/02_al_16/02,2
CENTRO NORTE,AAPRESID,Córdoba,Monte del Rosario,37,3,85
CENTRO NORTE,AAPRESID,Córdoba,Monte del Rosario,37,17/01_al_31/01,19
CENTRO NORTE,AAPRESID,Córdoba,Monte del Rosario,37,01/02_al_16/02,26
CENTRO NORTE,AAPRESID,Córdoba,Montecristo,37,3,6
CENTRO NORTE,AAPRESID,Córdoba,Montecristo,37,17/01_al_31/01,4
CENTRO NORTE,AAPRESID,Córdoba,Montecristo,37,01/02_al_16/02,2
CENTRO NORTE,AAPRESID,Córdoba,Río Segundo- T1,37,3,0
CENTRO NORTE,AAPRESID,Córdoba,Río Segundo- T1,37,17/01_al_31/01,0
CENTRO NORTE,AAPRESID,Córdoba,Río Segundo- T1,37,01/02_al_16/02,Sin datos
CENTRO NORTE,AAPRESID,Córdoba,Arroyito,37,3,75
CENTRO NORTE,AAPRESID,Córdoba,Arroyito,37,17/01_al_31/01,25
CENTRO NORTE,AAPRESID,Córdoba,Arroyito,37,01/02_al_16/02,26
CENTRO NORTE,AAPRESID,Córdoba,Santa Catalina,37,3,0
CENTRO NORTE,AAPRESID,Córdoba,Santa Catalina,37,17/01_al_31/01,0
CENTRO NORTE,AAPRESID,Córdoba,Santa Catalina,37,01/02_al_16/02,0
CENTRO NORTE,AAPRESID,Córdoba,Tancacha,37,3,1
CENTRO NORTE,AAPRESID,Córdoba,Tancacha,37,17/01_al_31/01,0
CENTRO NORTE,AAPRESID,Córdoba,Tancacha,37,01/02_al_16/02,1
CENTRO NORTE,AAPRESID,Córdoba,Villa de Maria,37,3,70
CENTRO NORTE,AAPRESID,Córdoba,Villa de Maria,37,17/01_al_31/01,1
CENTRO NORTE,AAPRESID,Córdoba,Villa de Maria,37,01/02_al_16/02,Sin datos
CENTRO NORTE,AAPRESID,Córdoba,Villa Sta. Rosa,37,3,194
CENTRO NORTE,AAPRESID,Córdoba,Villa Sta. Rosa,37,17/01_al_31/01,28
CENTRO NORTE,AAPRESID,Córdoba,Villa Sta. Rosa,37,01/02_al_16/02,91
CENTRO NORTE,CREA,Córdoba,Colonia Tirolesa,37,3,40
CENTRO NORTE,CREA,Córdoba,Colonia Tirolesa,37,17/01_al_31/01,16
CENTRO NORTE,CREA,Córdoba,Colonia Tirolesa,37,01/02_al_16/02,11
CENTRO NORTE,AAPRESID,Córdoba,Hernando,37,3,3
CENTRO NORTE,AAPRESID,Córdoba,Hernando,37,17/01_al_31/01,2
CENTRO NORTE,AAPRESID,Córdoba,Hernando,37,01/02_al_16/02,Sin datos
CENTRO NORTE,CREA,Córdoba,Piquillín,37,3,9
CENTRO NORTE,CREA,Córdoba,Piquillín,37,17/01_al_31/01,8
CENTRO NORTE,CREA,Córdoba,Piquillín,37,01/02_al_16/02,14
CENTRO NORTE,CREA,Córdoba,Las Chilcas,37,3,30
CENTRO NORTE,CREA,Córdoba,Las Chilcas,37,17/01_al_31/01,5
CENTRO NORTE,CREA,Córdoba,Las Chilcas,37,01/02_al_16/02,10
CENTRO NORTE,CREA,Córdoba,Sebastián Elcano,37,3,1387
CENTRO NORTE,CREA,Córdoba,Sebastián Elcano,37,17/01_al_31/01,43
CENTRO NORTE,CREA,Córdoba,Sebastián Elcano,37,01/02_al_16/02,950
CENTRO NORTE,CREA,Córdoba,El Tío,37,3,Sin datos
CENTRO NORTE,CREA,Córdoba,El Tío,37,17/01_al_31/01,15
CENTRO NORTE,CREA,Córdoba,El Tío,37,01/02_al_16/02,148
CENTRO NORTE,CREA,Córdoba,Las Astillas,37,3,34
CENTRO NORTE,CREA,Córdoba,Las Astillas,37,17/01_al_31/01,3
CENTRO NORTE,CREA,Córdoba,Las Astillas,37,01/02_al_16/02,21
CENTRO SUR,CREA,Santa Fe,San Martin de las,37,3,8
CENTRO SUR,CREA,Santa Fe,San Martin de las,37,17/01_al_31/01,0
CENTRO SUR,CREA,Santa Fe,San Martin de las,37,01/02_al_16/02,Sin datos
CENTRO SUR,,,Escobas,37,17/01_al_31/01,0
CENTRO SUR,INTA,Santa Fe,Centeno,37,3,16
CENTRO SUR,INTA,Santa Fe,Centeno,37,17/01_al_31/01,5
CENTRO SUR,INTA,Santa Fe,Centeno,37,01/02_al_16/02,0
CENTRO SUR,AAPRESID,Santa Fe,Cayasto,37,3,20
CENTRO SUR,AAPRESID,Santa Fe,Cayasto,37,17/01_al_31/01,4
CENTRO SUR,AAPRESID,Santa Fe,Cayasto,37,01/02_al_16/02,Sin datos
CENTRO SUR,INTA,Santa Fe,Rafaela,37,3,Trampa perdida
CENTRO SUR,INTA,Santa Fe,Rafaela,37,17/01_al_31/01,117
CENTRO SUR,INTA,Santa Fe,Rafaela,37,01/02_al_16/02,248
CENTRO SUR,INTA,Santa Fe,Ceres,37,3,739
CENTRO SUR,INTA,Santa Fe,Ceres,37,17/01_al_31/01,86
CENTRO SUR,INTA,Santa Fe,Ceres,37,01/02_al_16/02,442
CENTRO SUR,INTA,Santa Fe,San Justo,37,3,167
CENTRO SUR,INTA,Santa Fe,San Justo,37,17/01_al_31/01,394
CENTRO SUR,INTA,Santa Fe,San Justo,37,01/02_al_16/02,196
CENTRO SUR,,Santa Fe,voluntarias Angelica,37,3,10
CENTRO SUR,,Santa Fe,voluntarias Angelica,37,17/01_al_31/01,0
CENTRO SUR,,Santa Fe,voluntarias Angelica,37,01/02_al_16/02,2
CENTRO SUR,,Santa Fe,voluntarias Fraga,37,3,5
CENTRO SUR,,Santa Fe,voluntarias Fraga,37,17/01_al_31/01,1
CENTRO SUR,,Santa Fe,voluntarias Fraga,37,01/02_al_16/02,9
CENTRO SUR,AAPRESID,Santa Fe,San Bernardo,37,3,72
CENTRO SUR,AAPRESID,Santa Fe,San Bernardo,37,17/01_al_31/01,21
CENTRO SUR,AAPRESID,Santa Fe,San Bernardo,37,01/02_al_16/02,35
CENTRO SUR,AAPPCE,Buenos Aires,La Violeta,37,3,0
CENTRO SUR,AAPPCE,Buenos Aires,La Violeta,37,17/01_al_31/01,0
CENTRO SUR,AAPPCE,Buenos Aires,La Violeta,37,01/02_al_16/02,0
CENTRO SUR,AAPPCE,Buenos Aires,América,37,3,0
CENTRO SUR,AAPPCE,Buenos Aires,América,37,17/01_al_31/01,0
CENTRO SUR,AAPPCE,Buenos Aires,América,37,01/02_al_16/02,0
CENTRO SUR,AAPPCE,Buenos Aires,Chacabuco,37,3,0
CENTRO SUR,AAPPCE,Buenos Aires,Chacabuco,37,17/01_al_31/01,0
CENTRO SUR,AAPPCE,Buenos Aires,Chacabuco,37,01/02_al_16/02,0
CENTRO SUR,AAPPCE,Buenos Aires,Cnel. Dorrego,37,3,0
CENTRO SUR,AAPPCE,Buenos Aires,Cnel. Dorrego,37,17/01_al_31/01,0
CENTRO SUR,AAPPCE,Buenos Aires,Cnel. Dorrego,37,01/02_al_16/02,0
CENTRO SUR,AAPPCE,Buenos Aires,Coronel Suarez,37,3,0
CENTRO SUR,AAPPCE,Buenos Aires,Coronel Suarez,37,17/01_al_31/01,0
CENTRO SUR,AAPPCE,Buenos Aires,Coronel Suarez,37,01/02_al_16/02,0
CENTRO SUR,AAPPCE,Buenos Aires,Cura Malal,37,3,0
CENTRO SUR,AAPPCE,Buenos Aires,Cura Malal,37,17/01_al_31/01,0
CENTRO SUR,AAPPCE,Buenos Aires,Cura Malal,37,01/02_al_16/02,0
CENTRO SUR,AAPPCE,Buenos Aires,Germania,37,3,0
CENTRO SUR,AAPPCE,Buenos Aires,Germania,37,17/01_al_31/01,0
CENTRO SUR,AAPPCE,Buenos Aires,Germania,37,01/02_al_16/02,0
CENTRO SUR,AAPPCE,Buenos Aires,Gral. Arenales T1,37,3,0
CENTRO SUR,AAPPCE,Buenos Aires,Gral. Arenales T1,37,17/01_al_31/01,1
CENTRO SUR,AAPPCE,Buenos Aires,Gral. Arenales T1,37,01/02_al_16/02,1
CENTRO SUR,AAPPCE,Buenos Aires,Gobernador Castro,37,3,0
CENTRO SUR,AAPPCE,Buenos Aires,Gobernador Castro,37,17/01_al_31/01,0
CENTRO SUR,AAPPCE,Buenos Aires,Gobernador Castro,37,01/02_al_16/02,0
CENTRO SUR,AAPPCE,Buenos Aires,González Moreno,37,3,0
CENTRO SUR,AAPPCE,Buenos Aires,González Moreno,37,17/01_al_31/01,0
CENTRO SUR,AAPPCE,Buenos Aires,González Moreno,37,01/02_al_16/02,0
CENTRO SUR,AAPPCE,Buenos Aires,Guaminí,37,3,0
CENTRO SUR,AAPPCE,Buenos Aires,Guaminí,37,17/01_al_31/01,0
CENTRO SUR,AAPPCE,Buenos Aires,Guaminí,37,01/02_al_16/02,0
CENTRO SUR,AAPPCE,Buenos Aires,Leandro N. Alem,37,3,0
CENTRO SUR,AAPPCE,Buenos Aires,Leandro N. Alem,37,17/01_al_31/01,0
CENTRO SUR,AAPPCE,Buenos Aires,Leandro N. Alem,37,01/02_al_16/02,0
CENTRO SUR,AAPPCE,Buenos Aires,Los Toldos,37,3,0
CENTRO SUR,AAPPCE,Buenos Aires,Los Toldos,37,17/01_al_31/01,0
CENTRO SUR,AAPPCE,Buenos Aires,Los Toldos,37,01/02_al_16/02,0
CENTRO SUR,AAPPCE,Buenos Aires,Morse,37,3,0
CENTRO SUR,AAPPCE,Buenos Aires,Morse,37,17/01_al_31/01,0
CENTRO SUR,AAPPCE,Buenos Aires,Morse,37,01/02_al_16/02,0
CENTRO SUR,AAPPCE,Buenos Aires,Pasman,37,3,0
CENTRO SUR,AAPPCE,Buenos Aires,Pasman,37,17/01_al_31/01,0
CENTRO SUR,AAPPCE,Buenos Aires,Pasman,37,01/02_al_16/02,0
NOA,CREA,Jujuy,EL Carmen,38,3,6
NOA,CREA,Jujuy,EL Carmen,38,01/02_al_16/02,4
NOA,CREA,Jujuy,EL Carmen,38,17/02_al_01/03,8
NOA,CREA,Jujuy,Fraile Pintado,38,3,Trampa perdida
NOA,CREA,Jujuy,Fraile Pintado,38,01/02_al_16/02,2
NOA,CREA,Jujuy,Fraile Pintado,38,17/02_al_01/03,6
NOA,CREA,Jujuy,Santa Clara,38,3,4
NOA,CREA,Jujuy,Santa Clara,38,01/02_al_16/02,4
NOA,CREA,Jujuy,Santa Clara,38,17/02_al_01/03,9
NOA,INTA,Jujuy,El Bananal,38,3,41
NOA,INTA,Jujuy,El Bananal,38,01/02_al_16/02,124
NOA,INTA,Jujuy,El Bananal,38,17/02_al_01/03,60
NOA,AAPPCE,Salta,Agua Sucia,38,3,5
NOA,AAPPCE,Salta,Agua Sucia,38,01/02_al_16/02,16
NOA,AAPPCE,Salta,Agua Sucia,38,17/02_al_01/03,0
NOA,AAPPCE,Salta,Rio Piedras,38,3,8
NOA,AAPPCE,Salta,Rio Piedras,38,01/02_al_16/02,12
NOA,AAPPCE,Salta,Rio Piedras,38,17/02_al_01/03,4
NOA,AAPRESID,Salta,Rivadavia,38,3,6
NOA,AAPRESID,Salta,Rivadavia,38,01/02_al_16/02,11
NOA,AAPRESID,Salta,Rivadavia,38,17/02_al_01/03,0
NOA,AAPRESID,Salta,Piquete Cabado 1,38,3,6
NOA,AAPRESID,Salta,Piquete Cabado 1,38,01/02_al_16/02,Sin datos
NOA,AAPRESID,Salta,Piquete Cabado 1,38,17/02_al_01/03,43
NOA,CREA,Salta,Antilla,38,3,Trampa perdida
NOA,CREA,Salta,Antilla,38,01/02_al_16/02,3
NOA,CREA,Salta,Antilla,38,17/02_al_01/03,17
NOA,CREA,Salta,Ballivián,38,3,Trampa perdida
NOA,CREA,Salta,Ballivián,38,01/02_al_16/02,Sin datos
NOA,CREA,Salta,Ballivián,38,17/02_al_01/03,0
NOA,CREA,Salta,Ceibalito,38,3,Trampa perdida
NOA,CREA,Salta,Ceibalito,38,01/02_al_16/02,Sin datos
NOA,CREA,Salta,Ceibalito,38,17/02_al_01/03,Trampa perdida
NOA,CREA,Salta,Copo Quiles,38,3,104
NOA,CREA,Salta,Copo Quiles,38,01/02_al_16/02,Sin datos
NOA,CREA,Salta,Copo Quiles,38,17/02_al_01/03,Sin datos
NOA,CREA,Salta,El Bordo,38,3,284
NOA,CREA,Salta,El Bordo,38,01/02_al_16/02,Sin datos
NOA,CREA,Salta,El Bordo,38,17/02_al_01/03,Sin datos
NOA,CREA,Salta,El Galpón,38,3,133
NOA,CREA,Salta,El Galpón,38,01/02_al_16/02,9
NOA,CREA,Salta,El Galpón,38,17/02_al_01/03,146
NOA,CREA,Salta,El Tunal,38,3,Trampa perdida
NOA,CREA,Salta,El Tunal,38,01/02_al_16/02,Sin datos
NOA,CREA,Salta,El Tunal,38,17/02_al_01/03,Sin datos
NOA,CREA,Salta,Embarcación,38,3,Trampa perdida
NOA,CREA,Salta,Embarcación,38,01/02_al_16/02,Sin datos
NOA,CREA,Salta,Embarcación,38,17/02_al_01/03,0
NOA,CREA,Salta,Gral Pizarro,38,3,Trampa perdida
NOA,CREA,Salta,Gral Pizarro,38,01/02_al_16/02,Sin datos
NOA,CREA,Salta,Gral Pizarro,38,17/02_al_01/03,5
NOA,CREA,Salta,Horcones,38,3,3
NOA,CREA,Salta,Horcones,38,01/02_al_16/02,0
NOA,CREA,Salta,Horcones,38,17/02_al_01/03,0
NOA,CREA,Salta,J V Gonzales,38,3,Trampa perdida
NOA,CREA,Salta,J V Gonzales,38,01/02_al_16/02,31
NOA,CREA,Salta,J V Gonzales,38,17/02_al_01/03,83
NOA,CREA,Salta,Las Lajitas T3,38,3,0
NOA,CREA,Salta,Las Lajitas T3,38,01/02_al_16/02,Sin datos
NOA,CREA,Salta,Las Lajitas T3,38,17/02_al_01/03,3
NOA,CREA,Salta,Metan 1,38,3,0
NOA,CREA,Salta,Metan 1,38,01/02_al_16/02,1
NOA,CREA,Salta,Metan 1,38,17/02_al_01/03,1
NOA,CREA,Salta,Metan 2,38,3,6
NOA,CREA,Salta,Metan 2,38,01/02_al_16/02,0
NOA,CREA,Salta,Metan 2,38,17/02_al_01/03,2
NOA,CREA,Salta,Mollinedo,38,3,Trampa perdida
NOA,CREA,Salta,Mollinedo,38,01/02_al_16/02,38
NOA,CREA,Salta,Mollinedo,38,17/02_al_01/03,Trampa perdida
NOA,CREA,Salta,Mosconi,38,3,Trampa perdida
NOA,CREA,Salta,Mosconi,38,01/02_al_16/02,5
NOA,CREA,Salta,Mosconi,38,17/02_al_01/03,12
NOA,CREA,Salta,Nstra Sra de Talavera,38,3,Trampa perdida
NOA,CREA,Salta,Nstra Sra de Talavera,38,01/02_al_16/02,121
NOA,CREA,Salta,Nstra Sra de Talavera,38,17/02_al_01/03,Trampa perdida
NOA,CREA,Salta,Pichanal,38,3,Trampa perdida
NOA,CREA,Salta,Pichanal,38,01/02_al_16/02,Sin datos
NOA,CREA,Salta,Pichanal,38,17/02_al_01/03,0
NOA,CREA,Salta,Piquete Cabado 2,38,3,Trampa perdida
NOA,CREA,Salta,Piquete Cabado 2,38,01/02_al_16/02,Trampa perdida
NOA,CREA,Salta,Piquete Cabado 2,38,17/02_al_01/03,240
NOA,CREA,Salta,Santo Domingo,38,3,Trampa perdida
NOA,CREA,Salta,Santo Domingo,38,01/02_al_16/02,44
NOA,CREA,Salta,Santo Domingo,38,17/02_al_01/03,159
NOA,CREA,Salta,Saravia,38,3,0
NOA,CREA,Salta,Saravia,38,01/02_al_16/02,1
NOA,CREA,Salta,Saravia,38,17/02_al_01/03,16
NOA,CREA,Salta,Tolloche,38,3,Trampa perdida
NOA,CREA,Salta,Tolloche,38,01/02_al_16/02,10
NOA,CREA,Salta,Tolloche,38,17/02_al_01/03,0
NOA,CREA,Salta,Urundel,38,3,Trampa perdida
NOA,CREA,Salta,Urundel,38,01/02_al_16/02,4
NOA,CREA,Salta,Urundel,38,17/02_al_01/03,5
NOA,INTA,Salta,Metán,38,3,89
NOA,INTA,Salta,Metán,38,01/02_al_16/02,20
NOA,INTA,Salta,Metán,38,17/02_al_01/03,119
NEA,AAPRESID,Chaco,Tres Isletas,38,3,Sin datos
NEA,AAPRESID,Chaco,Tres Isletas,38,01/02_al_16/02,10
NEA,AAPRESID,Chaco,Tres Isletas,38,17/02_al_01/03,13
NEA,AAPRESID,Chaco,Pampa del Infierno,38,3,98
NEA,AAPRESID,Chaco,Pampa del Infierno,38,01/02_al_16/02,4
NEA,AAPRESID,Chaco,Pampa del Infierno,38,17/02_al_01/03,42
NEA,AAPRESID,Chaco,Concepcion del Bermejo,38,3,Sin datos
NEA,AAPRESID,Chaco,Concepcion del Bermejo,38,01/02_al_16/02,Sin datos
NEA,AAPRESID,Chaco,Concepcion del Bermejo,38,17/02_al_01/03,17
NEA,AAPRESID,Chaco,Villa Angela,38,3,8
NEA,AAPRESID,Chaco,Villa Angela,38,01/02_al_16/02,0
NEA,AAPRESID,Chaco,Villa Angela,38,17/02_al_01/03,1
NEA,AAPRESID,Chaco,Las Piedritas,38,3,Sin datos
NEA,AAPRESID,Chaco,Las Piedritas,38,01/02_al_16/02,13
NEA,AAPRESID,Chaco,Las Piedritas,38,17/02_al_01/03,32
NEA,INTA,Chaco,Gral. Pinedo,38,3,27
NEA,INTA,Chaco,Gral. Pinedo,38,01/02_al_16/02,0
NEA,INTA,Chaco,Gral. Pinedo,38,17/02_al_01/03,4
NEA,INTA,Chaco,Tres Isletas,38,3,6
NEA,INTA,Chaco,Tres Isletas,38,01/02_al_16/02,21
NEA,INTA,Chaco,Tres Isletas,38,17/02_al_01/03,10
NEA,INTA,Chaco,Pampa del Infierno,38,3,16
NEA,INTA,Chaco,Pampa del Infierno,38,01/02_al_16/02,10
NEA,INTA,Chaco,Pampa del Infierno,38,17/02_al_01/03,7
NEA,INTA,Chaco,Las Breñas,38,3,410
NEA,INTA,Chaco,Las Breñas,38,01/02_al_16/02,19
NEA,INTA,Chaco,Las Breñas,38,17/02_al_01/03,72
NEA,INTA,Chaco,Juan José Castelli,38,3,24
NEA,INTA,Chaco,Juan José Castelli,38,01/02_al_16/02,65
NEA,INTA,Chaco,Juan José Castelli,38,17/02_al_01/03,6
NEA,INTA,Chaco,Sylvina,38,3,33
NEA,INTA,Chaco,Sylvina,38,01/02_al_16/02,1
NEA,INTA,Chaco,Sylvina,38,17/02_al_01/03,3
NEA,INTA,Chaco,Basail,38,3,27
NEA,INTA,Chaco,Basail,38,01/02_al_16/02,8
NEA,INTA,Chaco,Basail,38,17/02_al_01/03,5
NEA,CREA,Santa Fe,La María,38,3,341
NEA,CREA,Santa Fe,La María,38,01/02_al_16/02,799
NEA,CREA,Santa Fe,La María,38,17/02_al_01/03,277
NEA,CREA,Santa Fe,Margarita,38,3,121
NEA,CREA,Santa Fe,Margarita,38,01/02_al_16/02,103
NEA,CREA,Santa Fe,Margarita,38,17/02_al_01/03,53
NEA,CREA,Santa Fe,Ramayón,38,3,35
NEA,CREA,Santa Fe,Ramayón,38,01/02_al_16/02,49
NEA,CREA,Santa Fe,Ramayón,38,17/02_al_01/03,26
NEA,CREA,Santa Fe,Soledad,38,3,37
NEA,CREA,Santa Fe,Soledad,38,01/02_al_16/02,12
NEA,CREA,Santa Fe,Soledad,38,17/02_al_01/03,Trampa perdida
NEA,CREA,Santa Fe,Hersilia,38,3,37
NEA,CREA,Santa Fe,Hersilia,38,01/02_al_16/02,14
NEA,CREA,Santa Fe,Hersilia,38,17/02_al_01/03,6
NEA,CREA,Santa Fe,La Penca y Caraguatá,38,3,108
NEA,CREA,Santa Fe,La Penca y Caraguatá,38,01/02_al_16/02,2
NEA,CREA,Santa Fe,La Penca y Caraguatá,38,17/02_al_01/03,31
NEA,CREA,Santiago Del Estero,Tomás Young,38,3,Sin datos
NEA,CREA,Santiago Del Estero,Tomás Young,38,01/02_al_16/02,3
NEA,CREA,Santiago Del Estero,Tomás Young,38,17/02_al_01/03,89
NEA,CREA,Santiago Del Estero,Isla Baja,38,3,Sin datos
NEA,CREA,Santiago Del Estero,Isla Baja,38,01/02_al_16/02,22
NEA,CREA,Santiago Del Estero,Isla Baja,38,17/02_al_01/03,15
NEA,CREA,Santiago Del Estero,Tierras del Oeste,38,3,Sin datos
NEA,CREA,Santiago Del Estero,Tierras del Oeste,38,01/02_al_16/02,10
NEA,CREA,Santiago Del Estero,Tierras del Oeste,38,17/02_al_01/03,124
NEA,CREA,Santa Fe,Vera y Pintado,38,3,154
NEA,CREA,Santa Fe,Vera y Pintado,38,01/02_al_16/02,17
NEA,CREA,Santa Fe,Vera y Pintado,38,17/02_al_01/03,35
NEA,CREA,Santa Fe,La Osca,38,3,85
NEA,CREA,Santa Fe,La Osca,38,01/02_al_16/02,5
NEA,CREA,Santa Fe,La Osca,38,17/02_al_01/03,25
NEA,CREA,Santa Fe,Malabrigo,38,3,105
NEA,CREA,Santa Fe,Malabrigo,38,01/02_al_16/02,23
NEA,CREA,Santa Fe,Malabrigo,38,17/02_al_01/03,52
NEA,INTA,Formosa,El colorado,38,3,1
NEA,INTA,Formosa,El colorado,38,01/02_al_16/02,3
NEA,INTA,Formosa,El colorado,38,17/02_al_01/03,0
NEA,INTA,Formosa,Comandante Fontana,38,3,70
NEA,INTA,Formosa,Comandante Fontana,38,01/02_al_16/02,134
NEA,INTA,Formosa,Comandante Fontana,38,17/02_al_01/03,55
NEA,CREA,Santiago Del Estero,Pozo de toba,38,3,24
NEA,CREA,Santiago Del Estero,Pozo de toba,38,01/02_al_16/02,Sin datos
NEA,CREA,Santiago Del Estero,Pozo de toba,38,17/02_al_01/03,87
NEA,CREA,Santa Fe,Arroyo Ceibal,38,3,307
NEA,CREA,Santa Fe,Arroyo Ceibal,38,01/02_al_16/02,6
NEA,CREA,Santa Fe,Arroyo Ceibal,38,17/02_al_01/03,87
NEA,AAPPCE,Santa Fe,Villa Minetti,38,3,51
NEA,AAPPCE,Santa Fe,Villa Minetti,38,01/02_al_16/02,3
NEA,AAPPCE,Santa Fe,Villa Minetti,38,17/02_al_01/03,118
LITORAL,CREA,Santiago Del Estero,Coronel Rico,38,3,5
LITORAL,CREA,Santiago Del Estero,Coronel Rico,38,01/02_al_16/02,4
LITORAL,CREA,Santiago Del Estero,Coronel Rico,38,17/02_al_01/03,3
LITORAL,CREA,Santiago Del Estero,Sachayoj,38,3,65
LITORAL,CREA,Santiago Del Estero,Sachayoj,38,01/02_al_16/02,13
LITORAL,CREA,Santiago Del Estero,Sachayoj,38,17/02_al_01/03,72
LITORAL,AAPRESID,Santiago Del Estero,Ahí Veremos,38,3,Trampa perdida
LITORAL,AAPRESID,Santiago Del Estero,Ahí Veremos,38,01/02_al_16/02,44
LITORAL,AAPRESID,Santiago Del Estero,Ahí Veremos,38,17/02_al_01/03,20
LITORAL,AAPRESID,Corrientes,Mercedes,38,3,3
LITORAL,AAPRESID,Corrientes,Mercedes,38,01/02_al_16/02,15
LITORAL,AAPRESID,Corrientes,Mercedes,38,17/02_al_01/03,5
LITORAL,AAPRESID,Corrientes,Ambrosio,38,3,13
LITORAL,AAPRESID,Corrientes,Ambrosio,38,01/02_al_16/02,Sin datos
LITORAL,AAPRESID,Corrientes,Ambrosio,38,17/02_al_01/03,5
LITORAL,AAPRESID,Corrientes,Corrientes,38,3,48
LITORAL,AAPRESID,Corrientes,Corrientes,38,01/02_al_16/02,55
LITORAL,AAPRESID,Corrientes,Corrientes,38,17/02_al_01/03,18
LITORAL,AAPRESID,Corrientes,Bella Vista,38,3,0
LITORAL,AAPRESID,Corrientes,Bella Vista,38,01/02_al_16/02,2
LITORAL,AAPRESID,Corrientes,Bella Vista,38,17/02_al_01/03,0
LITORAL,INTA,Corrientes,Sauce,38,3,4
LITORAL,INTA,Corrientes,Sauce,38,01/02_al_16/02,27
LITORAL,INTA,Corrientes,Sauce,38,17/02_al_01/03,0
LITORAL,INTA,Corrientes,"Estancia el Rocio
Copra",38,3,0
LITORAL,INTA,Corrientes,"Estancia el Rocio
Copra",38,01/02_al_16/02,28
LITORAL,INTA,Corrientes,"Estancia el Rocio
Copra",38,17/02_al_01/03,3
LITORAL,INTA,Corrientes,Mercedes,38,3,0
LITORAL,INTA,Corrientes,Mercedes,38,01/02_al_16/02,16
LITORAL,INTA,Corrientes,Mercedes,38,17/02_al_01/03,7
LITORAL,INTA,Corrientes,Virasoro,38,3,2
LITORAL,INTA,Corrientes,Virasoro,38,01/02_al_16/02,5
LITORAL,INTA,Corrientes,Virasoro,38,17/02_al_01/03,2
LITORAL,INTA,Corrientes,Goya,38,3,26
LITORAL,INTA,Corrientes,Goya,38,01/02_al_16/02,8
LITORAL,INTA,Corrientes,Goya,38,17/02_al_01/03,2
LITORAL,INTA,Corrientes,Curuzú,38,3,7
LITORAL,INTA,Corrientes,Curuzú,38,01/02_al_16/02,265
LITORAL,INTA,Corrientes,Curuzú,38,17/02_al_01/03,88
LITORAL,INTA,Corrientes,Esquina,38,3,0
LITORAL,INTA,Corrientes,Esquina,38,01/02_al_16/02,12
LITORAL,INTA,Corrientes,Esquina,38,17/02_al_01/03,0
LITORAL,INTA,Corrientes,Monte Caseros,38,3,10
LITORAL,INTA,Corrientes,Monte Caseros,38,01/02_al_16/02,4
LITORAL,INTA,Corrientes,Monte Caseros,38,17/02_al_01/03,1
LITORAL,AAPPCE,Entre Ríos,Don Cristobal,38,3,77
LITORAL,AAPPCE,Entre Ríos,Don Cristobal,38,01/02_al_16/02,11
LITORAL,AAPPCE,Entre Ríos,Don Cristobal,38,17/02_al_01/03,21
LITORAL,AAPPCE,Entre Ríos,Isletas,38,3,64
LITORAL,AAPPCE,Entre Ríos,Isletas,38,01/02_al_16/02,14
LITORAL,AAPPCE,Entre Ríos,Isletas,38,17/02_al_01/03,53
LITORAL,AAPPCE,Entre Ríos,San Salvador,38,3,263
LITORAL,AAPPCE,Entre Ríos,San Salvador,38,01/02_al_16/02,208
LITORAL,AAPPCE,Entre Ríos,San Salvador,38,17/02_al_01/03,211
LITORAL,AAPPCE,Entre Ríos,Hinojal,38,3,55
LITORAL,AAPPCE,Entre Ríos,Hinojal,38,01/02_al_16/02,3
LITORAL,AAPPCE,Entre Ríos,Hinojal,38,17/02_al_01/03,0
LITORAL,AAPRESID,Entre Ríos,Viale,38,3,2
LITORAL,AAPRESID,Entre Ríos,Viale,38,01/02_al_16/02,2
LITORAL,AAPRESID,Entre Ríos,Viale,38,17/02_al_01/03,1
LITORAL,AAPRESID,Entre Ríos,Colonia Celina,38,3,929
LITORAL,AAPRESID,Entre Ríos,Colonia Celina,38,01/02_al_16/02,312
LITORAL,AAPRESID,Entre Ríos,Colonia Celina,38,17/02_al_01/03,892
LITORAL,AAPRESID,Entre Ríos,Gualeguay,38,3,0
LITORAL,AAPRESID,Entre Ríos,Gualeguay,38,01/02_al_16/02,0
LITORAL,AAPRESID,Entre Ríos,Gualeguay,38,17/02_al_01/03,0
LITORAL,AAPRESID,Entre Ríos,Paso de las Piedras,38,3,434
LITORAL,AAPRESID,Entre Ríos,Paso de las Piedras,38,01/02_al_16/02,15
LITORAL,AAPRESID,Entre Ríos,Paso de las Piedras,38,17/02_al_01/03,204
LITORAL,AAPRESID,Entre Ríos,Villa Hernandarias,38,3,297
LITORAL,AAPRESID,Entre Ríos,Villa Hernandarias,38,01/02_al_16/02,484
LITORAL,AAPRESID,Entre Ríos,Villa Hernandarias,38,17/02_al_01/03,191
LITORAL,AAPRESID,Entre Ríos,Don Cristobal,38,3,6
LITORAL,AAPRESID,Entre Ríos,Don Cristobal,38,01/02_al_16/02,6
LITORAL,AAPRESID,Entre Ríos,Don Cristobal,38,17/02_al_01/03,5
LITORAL,AAPRESID,Entre Ríos,Crespo,38,3,4
LITORAL,AAPRESID,Entre Ríos,Crespo,38,01/02_al_16/02,0
LITORAL,AAPRESID,Entre Ríos,Crespo,38,17/02_al_01/03,3
LITORAL,CREA,Entre Ríos,Las Garzas,38,3,40
LITORAL,CREA,Entre Ríos,Las Garzas,38,01/02_al_16/02,6
LITORAL,CREA,Entre Ríos,Las Garzas,38,17/02_al_01/03,0
LITORAL,CREA,Entre Ríos,Santa Elena,38,3,307
LITORAL,CREA,Entre Ríos,Santa Elena,38,01/02_al_16/02,Sin datos
LITORAL,CREA,Entre Ríos,Santa Elena,38,17/02_al_01/03,313
LITORAL,CREA,Entre Ríos,La Paz,38,3,8
LITORAL,CREA,Entre Ríos,La Paz,38,01/02_al_16/02,59
LITORAL,CREA,Entre Ríos,La Paz,38,17/02_al_01/03,27
CENTRO NORTE,CREA,Entre Ríos,Molino Doll,38,3,1
CENTRO NORTE,CREA,Entre Ríos,Molino Doll,38,01/02_al_16/02,1
CENTRO NORTE,CREA,Entre Ríos,Molino Doll,38,17/02_al_01/03,0
CENTRO NORTE,CREA,Entre Ríos,Gualeguay,38,3,0
CENTRO NORTE,CREA,Entre Ríos,Gualeguay,38,01/02_al_16/02,0
CENTRO NORTE,CREA,Entre Ríos,Gualeguay,38,17/02_al_01/03,0
CENTRO NORTE,CREA,Entre Ríos,Gualeguaychu,38,3,0
CENTRO NORTE,CREA,Entre Ríos,Gualeguaychu,38,01/02_al_16/02,Sin datos
CENTRO NORTE,CREA,Entre Ríos,Gualeguaychu,38,17/02_al_01/03,0
CENTRO NORTE,CREA,Entre Ríos,Victoria,38,3,3
CENTRO NORTE,CREA,Entre Ríos,Victoria,38,01/02_al_16/02,6
CENTRO NORTE,CREA,Entre Ríos,Victoria,38,17/02_al_01/03,7
CENTRO NORTE,CREA,Entre Ríos,Arroyo Barú,38,3,3
CENTRO NORTE,CREA,Entre Ríos,Arroyo Barú,38,01/02_al_16/02,22
CENTRO NORTE,CREA,Entre Ríos,Arroyo Barú,38,17/02_al_01/03,2
CENTRO NORTE,INTA,Entre Ríos,La Paz,38,3,Sin datos
CENTRO NORTE,INTA,Entre Ríos,La Paz,38,01/02_al_16/02,41
CENTRO NORTE,INTA,Entre Ríos,La Paz,38,17/02_al_01/03,10
CENTRO NORTE,INTA,Entre Ríos,Nogoya,38,3,10
CENTRO NORTE,INTA,Entre Ríos,Nogoya,38,01/02_al_16/02,3
CENTRO NORTE,INTA,Entre Ríos,Nogoya,38,17/02_al_01/03,0
CENTRO NORTE,INTA,Entre Ríos,Urdinarrain,38,3,2
CENTRO NORTE,INTA,Entre Ríos,Urdinarrain,38,01/02_al_16/02,0
CENTRO NORTE,INTA,Entre Ríos,Urdinarrain,38,17/02_al_01/03,0
CENTRO NORTE,INTA,Entre Ríos,Concepción del,38,3,62
CENTRO NORTE,INTA,Entre Ríos,Concepción del,38,01/02_al_16/02,338
CENTRO NORTE,INTA,Entre Ríos,Concepción del,38,17/02_al_01/03,Trampa perdida
CENTRO NORTE,INTA,Entre Ríos,Diamante,38,3,29
CENTRO NORTE,INTA,Entre Ríos,Diamante,38,01/02_al_16/02,10
CENTRO NORTE,INTA,Entre Ríos,Diamante,38,17/02_al_01/03,56
CENTRO NORTE,INTA,Entre Ríos,Gualeguay,38,3,2
CENTRO NORTE,INTA,Entre Ríos,Gualeguay,38,01/02_al_16/02,Sin datos
CENTRO NORTE,INTA,Entre Ríos,Gualeguay,38,17/02_al_01/03,8
CENTRO NORTE,INTA,Entre Ríos,Parana,38,3,1023
CENTRO NORTE,INTA,Entre Ríos,Parana,38,01/02_al_16/02,244
CENTRO NORTE,INTA,Entre Ríos,Parana,38,17/02_al_01/03,597
CENTRO NORTE,AAPPCE,Entre Ríos,Villa Mantero,38,3,2530
CENTRO NORTE,AAPPCE,Entre Ríos,Villa Mantero,38,01/02_al_16/02,140
CENTRO NORTE,AAPPCE,Entre Ríos,Villa Mantero,38,17/02_al_01/03,1530
CENTRO NORTE,AAPPCE,Córdoba,Corralito,38,3,6
CENTRO NORTE,AAPPCE,Córdoba,Corralito,38,01/02_al_16/02,0
CENTRO NORTE,AAPPCE,Córdoba,Corralito,38,17/02_al_01/03,3
CENTRO NORTE,AAPPCE,Córdoba,El Fortín,38,3,Trampa perdida
CENTRO NORTE,AAPPCE,Córdoba,El Fortín,38,01/02_al_16/02,4
CENTRO NORTE,AAPPCE,Córdoba,El Fortín,38,17/02_al_01/03,21
CENTRO NORTE,AAPPCE,Córdoba,Freyre,38,3,260
CENTRO NORTE,AAPPCE,Córdoba,Freyre,38,01/02_al_16/02,69
CENTRO NORTE,AAPPCE,Córdoba,Freyre,38,17/02_al_01/03,191
CENTRO NORTE,AAPPCE,Córdoba,Morteros,38,3,210
CENTRO NORTE,AAPPCE,Córdoba,Morteros,38,01/02_al_16/02,166
CENTRO NORTE,AAPPCE,Córdoba,Morteros,38,17/02_al_01/03,252
CENTRO NORTE,AAPPCE,Córdoba,Rayo Cortado,38,3,112
CENTRO NORTE,AAPPCE,Córdoba,Rayo Cortado,38,01/02_al_16/02,7
CENTRO NORTE,AAPPCE,Córdoba,Rayo Cortado,38,17/02_al_01/03,170
CENTRO NORTE,AAPPCE,Córdoba,Jesus María,38,3,0
CENTRO NORTE,AAPPCE,Córdoba,Jesus María,38,01/02_al_16/02,5
CENTRO NORTE,AAPPCE,Córdoba,Jesus María,38,17/02_al_01/03,5
CENTRO NORTE,AAPRESID,Córdoba,Cañada de Luque,38,3,162
CENTRO NORTE,AAPRESID,Córdoba,Cañada de Luque,38,01/02_al_16/02,3
CENTRO NORTE,AAPRESID,Córdoba,Cañada de Luque,38,17/02_al_01/03,118
CENTRO NORTE,AAPPCE,Córdoba,Río Ceballos,38,3,1
CENTRO NORTE,AAPPCE,Córdoba,Río Ceballos,38,01/02_al_16/02,3
CENTRO NORTE,AAPPCE,Córdoba,Río Ceballos,38,17/02_al_01/03,1
CENTRO NORTE,AAPRESID,Córdoba,Villa María,38,3,Sin datos
CENTRO NORTE,AAPRESID,Córdoba,Villa María,38,01/02_al_16/02,0
CENTRO NORTE,AAPRESID,Córdoba,Villa María,38,17/02_al_01/03,0
CENTRO NORTE,AAPRESID,Córdoba,Carrilobo,38,3,108
CENTRO NORTE,AAPRESID,Córdoba,Carrilobo,38,01/02_al_16/02,11
CENTRO NORTE,AAPRESID,Córdoba,Carrilobo,38,17/02_al_01/03,34
CENTRO NORTE,AAPRESID,Córdoba,Capilla de Sitón,38,3,49
CENTRO NORTE,AAPRESID,Córdoba,Capilla de Sitón,38,01/02_al_16/02,2
CENTRO NORTE,AAPRESID,Córdoba,Capilla de Sitón,38,17/02_al_01/03,6
CENTRO NORTE,AAPRESID,Córdoba,Devoto,38,3,0
CENTRO NORTE,AAPRESID,Córdoba,Devoto,38,01/02_al_16/02,6
CENTRO NORTE,AAPRESID,Córdoba,Devoto,38,17/02_al_01/03,0
CENTRO NORTE,AAPRESID,Córdoba,San Francisco,38,3,Sin datos
CENTRO NORTE,AAPRESID,Córdoba,San Francisco,38,01/02_al_16/02,Sin datos
CENTRO NORTE,AAPRESID,Córdoba,San Francisco,38,17/02_al_01/03,0
CENTRO NORTE,AAPRESID,Córdoba,Eufrasio Loza,38,3,387
CENTRO NORTE,AAPRESID,Córdoba,Eufrasio Loza,38,01/02_al_16/02,65
CENTRO NORTE,AAPRESID,Córdoba,Eufrasio Loza,38,17/02_al_01/03,470
CENTRO NORTE,AAPRESID,Córdoba,Laguna Larga,38,3,1
CENTRO NORTE,AAPRESID,Córdoba,Laguna Larga,38,01/02_al_16/02,0
CENTRO NORTE,AAPRESID,Córdoba,Laguna Larga,38,17/02_al_01/03,0
CENTRO SUR,AAPRESID,Santa Fe,Emilia,38,3,572
CENTRO SUR,AAPRESID,Santa Fe,Emilia,38,01/02_al_16/02,324
CENTRO SUR,AAPRESID,Santa Fe,Emilia,38,17/02_al_01/03,153
CENTRO SUR,AAPRESID,Santa Fe,Gálvez,38,3,330
CENTRO SUR,AAPRESID,Santa Fe,Gálvez,38,01/02_al_16/02,70
CENTRO SUR,AAPRESID,Santa Fe,Gálvez,38,17/02_al_01/03,330
CENTRO SUR,AAPRESID,Santa Fe,Aldao,38,3,5
CENTRO SUR,AAPRESID,Santa Fe,Aldao,38,01/02_al_16/02,Sin datos
CENTRO SUR,AAPRESID,Santa Fe,Aldao,38,17/02_al_01/03,Sin datos
CENTRO SUR,AAPRESID,Santa Fe,Maria Juana,38,3,28
CENTRO SUR,AAPRESID,Santa Fe,Maria Juana,38,01/02_al_16/02,4
CENTRO SUR,AAPRESID,Santa Fe,Maria Juana,38,17/02_al_01/03,45
CENTRO SUR,AAPRESID,Santa Fe,Progreso,38,3,237
CENTRO SUR,AAPRESID,Santa Fe,Progreso,38,01/02_al_16/02,192
CENTRO SUR,AAPRESID,Santa Fe,Progreso,38,17/02_al_01/03,78
CENTRO SUR,AAPRESID,Santa Fe,Sastre,38,3,Sin datos
CENTRO SUR,AAPRESID,Santa Fe,Sastre,38,01/02_al_16/02,Sin datos
CENTRO SUR,AAPRESID,Santa Fe,Sastre,38,17/02_al_01/03,4
CENTRO SUR,CREA,Santa Fe,San Jerónimo Norte,38,3,1104
CENTRO SUR,CREA,Santa Fe,San Jerónimo Norte,38,01/02_al_16/02,2
CENTRO SUR,CREA,Santa Fe,San Jerónimo Norte,38,17/02_al_01/03,903
CENTRO SUR,CREA,Santa Fe,Ataliva,38,3,54
CENTRO SUR,CREA,Santa Fe,Ataliva,38,01/02_al_16/02,14
CENTRO SUR,CREA,Santa Fe,Ataliva,38,17/02_al_01/03,13
CENTRO SUR,CREA,Santa Fe,Bernardo de Irigoyen,38,3,48
CENTRO SUR,CREA,Santa Fe,Bernardo de Irigoyen,38,01/02_al_16/02,2
CENTRO SUR,CREA,Santa Fe,Bernardo de Irigoyen,38,17/02_al_01/03,63
CENTRO SUR,CREA,Santa Fe,Crispi,38,3,198
CENTRO SUR,CREA,Santa Fe,Crispi,38,01/02_al_16/02,25
CENTRO SUR,CREA,Santa Fe,Crispi,38,17/02_al_01/03,Sin datos
CENTRO SUR,CREA,Santa Fe,Esperanza,38,3,1032
CENTRO SUR,CREA,Santa Fe,Esperanza,38,01/02_al_16/02,9
CENTRO SUR,CREA,Santa Fe,Esperanza,38,17/02_al_01/03,502
CENTRO SUR,CREA,Santa Fe,Moisés Ville,38,3,0
CENTRO SUR,CREA,Santa Fe,Moisés Ville,38,01/02_al_16/02,14
CENTRO SUR,CREA,Santa Fe,Moisés Ville,38,17/02_al_01/03,28
CENTRO SUR,CREA,Santa Fe,Cañada Rosquín,38,3,51
CENTRO SUR,CREA,Santa Fe,Cañada Rosquín,38,01/02_al_16/02,33
CENTRO SUR,CREA,Santa Fe,Cañada Rosquín,38,17/02_al_01/03,24
CENTRO SUR,CREA,Santa Fe,El Trébol 4,38,3,Sin datos
CENTRO SUR,CREA,Santa Fe,El Trébol 4,38,01/02_al_16/02,Sin datos
CENTRO SUR,CREA,Santa Fe,El Trébol 4,38,17/02_al_01/03,Sin datos
CENTRO SUR,CREA,Santa Fe,Rincón de Ávila,38,3,Trampa perdida
CENTRO SUR,CREA,Santa Fe,Rincón de Ávila,38,01/02_al_16/02,7
CENTRO SUR,CREA,Santa Fe,Rincón de Ávila,38,17/02_al_01/03,19
CENTRO SUR,CREA,Santa Fe,San Fabián,38,3,51
CENTRO SUR,CREA,Santa Fe,San Fabián,38,01/02_al_16/02,6
CENTRO SUR,CREA,Santa Fe,San Fabián,38,17/02_al_01/03,17
CENTRO SUR,CREA,Santa Fe,San Martin de las,38,3,12
CENTRO SUR,CREA,Santa Fe,San Martin de las,38,01/02_al_16/02,Sin datos
CENTRO SUR,CREA,Santa Fe,San Martin de las,38,17/02_al_01/03,8
CENTRO SUR,INTA,Santa Fe,Centeno,38,3,31
CENTRO SUR,INTA,Santa Fe,Centeno,38,01/02_al_16/02,0
CENTRO SUR,INTA,Santa Fe,Centeno,38,17/02_al_01/03,16
CENTRO SUR,AAPRESID,Santa Fe,Cayasto,38,3,150
CENTRO SUR,AAPRESID,Santa Fe,Cayasto,38,01/02_al_16/02,Sin datos
CENTRO SUR,AAPRESID,Santa Fe,Cayasto,38,17/02_al_01/03,20
CENTRO SUR,INTA,Santa Fe,Rafaela,38,3,377
CENTRO SUR,INTA,Santa Fe,Rafaela,38,01/02_al_16/02,248
CENTRO SUR,INTA,Santa Fe,Rafaela,38,17/02_al_01/03,Trampa perdida
CENTRO SUR,INTA,Santa Fe,Ceres,38,3,408
CENTRO SUR,INTA,Santa Fe,Ceres,38,01/02_al_16/02,442
CENTRO SUR,INTA,Santa Fe,Ceres,38,17/02_al_01/03,739
CENTRO SUR,INTA,Santa Fe,San Justo,38,3,314
CENTRO SUR,INTA,Santa Fe,San Justo,38,01/02_al_16/02,196
CENTRO SUR,INTA,Santa Fe,San Justo,38,17/02_al_01/03,167
CENTRO SUR,,Santa Fe,voluntarias Angelica,38,3,16
CENTRO SUR,,Santa Fe,voluntarias Angelica,38,01/02_al_16/02,2
CENTRO SUR,,Santa Fe,voluntarias Angelica,38,17/02_al_01/03,10
CENTRO SUR,,Santa Fe,voluntarias Fraga,38,3,38
CENTRO SUR,,Santa Fe,voluntarias Fraga,38,01/02_al_16/02,9
CENTRO SUR,,Santa Fe,voluntarias Fraga,38,17/02_al_01/03,5
CENTRO SUR,AAPRESID,Santa Fe,San Bernardo,38,3,21
CENTRO SUR,AAPRESID,Santa Fe,San Bernardo,38,01/02_al_16/02,35
CENTRO SUR,AAPRESID,Santa Fe,San Bernardo,38,17/02_al_01/03,72
CENTRO SUR,AAPPCE,Buenos Aires,La Violeta,38,3,3
CENTRO SUR,AAPPCE,Buenos Aires,La Violeta,38,01/02_al_16/02,0
CENTRO SUR,AAPPCE,Buenos Aires,La Violeta,38,17/02_al_01/03,0
CENTRO SUR,AAPPCE,Buenos Aires,América,38,3,0
CENTRO SUR,AAPPCE,Buenos Aires,América,38,01/02_al_16/02,0
CENTRO SUR,AAPPCE,Buenos Aires,América,38,17/02_al_01/03,0
CENTRO SUR,AAPPCE,Buenos Aires,Chacabuco,38,3,0
CENTRO SUR,AAPPCE,Buenos Aires,Chacabuco,38,01/02_al_16/02,0
CENTRO SUR,AAPPCE,Buenos Aires,Chacabuco,38,17/02_al_01/03,0
